idx,code,pos,school,rom_n,rom_c,rom_f,mat_n,mat_c,mat_f,mat_lang,mat_lang_n,mat_lang_c,mat_lang_f,media
1,SB10316604,1,COLEGIUL NAȚIONAL GHEORGHE LAZĂR SIBIU,10,-,-,10,-,-,-,-,-,-,10
2,SB11014305,2,ŞCOALA GIMNAZIALĂ NR. 4 SIBIU,10,-,-,10,-,-,Limba germana,10,-,-,10
3,SB10534422,3,ŞCOALA GIMNAZIALĂ ION LUCA CARAGIALE SIBIU,9.95,-,-,10,-,-,-,-,-,-,9.97
4,SB8255044,4,ŞCOALA GIMNAZIALĂ SAMUIL MICU SADU,9.95,-,-,10,-,-,-,-,-,-,9.97
5,SB11059770,5,COLEGIUL NAȚIONAL GHEORGHE LAZĂR SIBIU,9.95,-,-,10,-,-,-,-,-,-,9.97
6,SB9597993,6,COLEGIUL NAȚIONAL GHEORGHE LAZĂR SIBIU,9.95,-,-,9.95,-,-,-,-,-,-,9.95
7,SB10264136,7,COLEGIUL NAȚIONAL GHEORGHE LAZĂR SIBIU,9.85,-,-,10,-,-,-,-,-,-,9.92
8,SB10465392,8,COLEGIUL NAȚIONAL GHEORGHE LAZĂR SIBIU,9.85,-,-,10,-,-,-,-,-,-,9.92
9,SB9625861,9,ŞCOALA GIMNAZIALĂ NR. 8 SIBIU,9.4,9.9,9.9,9.95,-,-,-,-,-,-,9.92
10,SB10091417,10,COLEGIUL NAȚIONAL GHEORGHE LAZĂR SIBIU,9.9,-,-,9.9,-,-,-,-,-,-,9.9
11,SB7890275,11,COLEGIUL NAȚIONAL OCTAVIAN GOGA SIBIU,9.85,-,-,9.95,-,-,-,-,-,-,9.9
12,SB9526177,12,COLEGIUL NAȚIONAL GHEORGHE LAZĂR SIBIU,9.85,-,-,9.95,-,-,-,-,-,-,9.9
13,SB10359317,13,ŞCOALA GIMNAZIALĂ REGINA MARIA SIBIU,10,-,-,9.75,-,-,-,-,-,-,9.87
14,SB10103387,14,ŞCOALA GIMNAZIALĂ RADU SELEJAN SIBIU,9.7,-,-,10,-,-,-,-,-,-,9.85
15,SB9979548,15,LICEUL TEHNOLOGIC IOAN LUPAŞ SĂLIŞTE,10,-,-,9.65,-,-,-,-,-,-,9.82
16,SB10424042,16,COLEGIUL NAȚIONAL OCTAVIAN GOGA SIBIU,9.9,-,-,9.75,-,-,-,-,-,-,9.82
17,SB8842329,17,ŞCOALA GIMNAZIALĂ RADU SELEJAN SIBIU,9.7,-,-,9.95,-,-,-,-,-,-,9.82
18,SB10567733,18,ŞCOALA GIMNAZIALĂ NICOLAE IORGA SIBIU,9.6,-,-,10,-,-,-,-,-,-,9.8
19,SB10426049,19,COLEGIUL NAȚIONAL OCTAVIAN GOGA SIBIU,9.2,9.7,9.7,9.9,-,-,-,-,-,-,9.8
20,SB11059772,20,ŞCOALA GIMNAZIALĂ NICOLAE IORGA SIBIU,10,-,-,9.55,-,-,Limba germana,9.8,-,-,9.78
21,SB9135419,21,COLEGIUL NAȚIONAL GHEORGHE LAZĂR SIBIU,9.45,9.55,9.55,10,-,-,-,-,-,-,9.77
22,SB10385532,22,COLEGIUL NAȚIONAL GHEORGHE LAZĂR SIBIU,9.4,9.9,9.9,9.65,-,-,-,-,-,-,9.77
23,SB9805505,23,ŞCOALA GIMNAZIALĂ TĂLMACIU,9.9,-,-,9.6,-,-,-,-,-,-,9.75
24,SB12316543,24,COLEGIUL NAȚIONAL GHEORGHE LAZĂR SIBIU,9.7,-,-,9.8,-,-,-,-,-,-,9.75
25,SB660551,25,COLEGIUL NAȚIONAL GHEORGHE LAZĂR SIBIU,9.65,-,-,9.85,-,-,-,-,-,-,9.75
26,SB12310185,26,ŞCOALA GIMNAZIALĂ ION LUCA CARAGIALE SIBIU,9.55,-,-,9.95,-,-,-,-,-,-,9.75
27,SB11078023,27,ŞCOALA GIMNAZIALĂ CIREŞARII MEDIAŞ,9.5,-,-,10,-,-,-,-,-,-,9.75
28,SB6269751,28,COLEGIUL NAȚIONAL GHEORGHE LAZĂR SIBIU,9.9,-,-,9.55,-,-,-,-,-,-,9.72
29,SB11080040,29,COLEGIUL NAȚIONAL GHEORGHE LAZĂR SIBIU,9.8,-,-,9.65,-,-,-,-,-,-,9.72
30,SB10013235,30,LICEUL TEHNOLOGIC IOAN LUPAŞ SĂLIŞTE,9.7,-,-,9.75,-,-,-,-,-,-,9.72
31,SB10346488,31,COLEGIUL NAȚIONAL GHEORGHE LAZĂR SIBIU,9.6,-,-,9.85,-,-,-,-,-,-,9.72
32,SB10924090,32,ŞCOALA GIMNAZIALĂ IOAN SLAVICI SIBIU,9.5,-,-,9.95,-,-,-,-,-,-,9.72
33,SB12311020,33,COLEGIUL NAȚIONAL SAMUEL VON BRUKENTHAL SIBIU,10,-,-,9.3,-,-,Limba germana,9.85,-,-,9.71
34,SB9808161,34,COLEGIUL NAȚIONAL SAMUEL VON BRUKENTHAL SIBIU,9.55,-,-,9.8,-,-,Limba germana,9.8,-,-,9.71
35,SB10482401,35,ŞCOALA GIMNAZIALĂ NICOLAE IORGA SIBIU,9.85,-,-,9.55,-,-,-,-,-,-,9.7
36,SB9976102,36,LICEUL TEHNOLOGIC IOAN LUPAŞ SĂLIŞTE,9.85,-,-,9.55,-,-,-,-,-,-,9.7
37,SB9626312,37,COLEGIUL NAȚIONAL GHEORGHE LAZĂR SIBIU,9.75,-,-,9.65,-,-,-,-,-,-,9.7
38,SB9623726,38,ŞCOALA GIMNAZIALĂ NR. 25 SIBIU,9.75,-,-,9.65,-,-,-,-,-,-,9.7
39,SB10498857,39,ŞCOALA GIMNAZIALĂ NR. 7 MEDIAŞ,9.7,-,-,9.7,-,-,-,-,-,-,9.7
40,SB10307123,40,ŞCOALA GIMNAZIALĂ NR. 1 SIBIU,9.15,9.65,9.65,9.75,-,-,-,-,-,-,9.7
41,SB10465409,41,COLEGIUL NAȚIONAL SAMUEL VON BRUKENTHAL SIBIU,9.65,-,-,9.65,-,-,Limba germana,9.75,-,-,9.68
42,SB10175214,42,COLEGIUL NAȚIONAL SAMUEL VON BRUKENTHAL SIBIU,9.5,-,-,9.8,-,-,Limba germana,9.75,-,-,9.68
43,SB8559081,43,COLEGIUL NAȚIONAL SAMUEL VON BRUKENTHAL SIBIU,9.5,-,-,9.8,-,-,Limba germana,9.75,-,-,9.68
44,SB8959072,44,ŞCOALA GIMNAZIALĂ MIHAI VITEAZU ŞELIMBĂR,9.95,-,-,9.4,-,-,-,-,-,-,9.67
45,SB10367143,45,COLEGIUL NAȚIONAL GHEORGHE LAZĂR SIBIU,9.75,-,-,9.6,-,-,-,-,-,-,9.67
46,SB667551,46,COLEGIUL NAȚIONAL GHEORGHE LAZĂR SIBIU,9.65,-,-,9.7,-,-,-,-,-,-,9.67
47,SB12048192,47,COLEGIUL NAȚIONAL GHEORGHE LAZĂR SIBIU,9.5,-,-,9.85,-,-,-,-,-,-,9.67
48,SB10465077,48,LICEUL TEORETIC CONSTANTIN NOICA SIBIU,9.35,-,-,10,-,-,-,-,-,-,9.67
49,SB1141201,49,ŞCOALA GIMNAZIALĂ NR. 4 SIBIU,9.65,-,-,9.75,-,-,Limba germana,9.6,-,-,9.66
50,SB687501,50,ŞCOALA GIMNAZIALĂ NICOLAE IORGA SIBIU,10,-,-,9.05,-,-,Limba germana,9.9,-,-,9.65
51,SB10434239,51,ŞCOALA GIMNAZIALĂ NR. 4 MEDIAŞ,9.8,-,-,9.5,-,-,-,-,-,-,9.65
52,SB12066417,52,ŞCOALA GIMNAZIALĂ IOAN SLAVICI SIBIU,9.75,-,-,9.55,-,-,-,-,-,-,9.65
53,SB12098437,53,COLEGIUL NAȚIONAL GHEORGHE LAZĂR SIBIU,9.7,-,-,9.6,-,-,-,-,-,-,9.65
54,SB10413170,54,ŞCOALA GIMNAZIALĂ NICOLAE IORGA SIBIU,9.65,-,-,9.6,-,-,Limba germana,9.7,-,-,9.65
55,SB10346813,55,ŞCOALA GIMNAZIALĂ NR. 4 SIBIU,9.6,-,-,9.7,-,-,-,-,-,-,9.65
56,SB10046851,56,ŞCOALA GIMNAZIALĂ SAMUIL MICU SADU,9.55,-,-,9.75,-,-,-,-,-,-,9.65
57,SB9527482,57,COLEGIUL NAȚIONAL GHEORGHE LAZĂR SIBIU,9.5,-,-,9.8,-,-,-,-,-,-,9.65
58,SB10084552,58,LICEUL TEHNOLOGIC JOHANNES LEBEL TĂLMACIU,9.5,-,-,9.8,-,-,-,-,-,-,9.65
59,SB11116662,59,ŞCOALA GIMNAZIALĂ ION LUCA CARAGIALE SIBIU,9.3,-,-,10,-,-,Limba germana,9.65,-,-,9.65
60,SB9184767,60,COLEGIUL NAȚIONAL GHEORGHE LAZĂR SIBIU,9.95,-,-,9.3,-,-,-,-,-,-,9.62
61,SB11045049,61,LICEUL ROMÂNO - FINLANDEZ ERI SIBIU,9.65,-,-,9.6,-,-,-,-,-,-,9.62
62,SB10662356,62,ŞCOALA GIMNAZIALĂ NICOLAE IORGA SIBIU,9.65,-,-,9.6,-,-,-,-,-,-,9.62
63,SB10974600,63,ŞCOALA GIMNAZIALĂ ION LUCA CARAGIALE SIBIU,9.6,-,-,9.65,-,-,-,-,-,-,9.62
64,SB10347367,64,ŞCOALA GIMNAZIALĂ NR. 4 SIBIU,9.6,-,-,9.65,-,-,-,-,-,-,9.62
65,SB10425500,65,COLEGIUL NAȚIONAL GHEORGHE LAZĂR SIBIU,9.5,-,-,9.75,-,-,-,-,-,-,9.62
66,SB10974355,66,ŞCOALA GIMNAZIALĂ NR. 21 SIBIU,9.45,-,-,9.8,-,-,-,-,-,-,9.62
67,SB10411557,67,COLEGIUL NAȚIONAL SAMUEL VON BRUKENTHAL SIBIU,9.85,-,-,9.1,-,-,Limba germana,9.9,-,-,9.61
68,SB8563771,68,COLEGIUL NAȚIONAL SAMUEL VON BRUKENTHAL SIBIU,9.5,-,-,9.7,-,-,Limba germana,9.65,-,-,9.61
69,SB6233751,69,ŞCOALA GIMNAZIALĂ NICOLAE IORGA SIBIU,9.35,-,-,9.6,-,-,Limba germana,9.9,-,-,9.61
70,SB10346742,70,ŞCOALA GIMNAZIALĂ MIHAI VITEAZU ŞELIMBĂR,9.85,-,-,9.35,-,-,-,-,-,-,9.6
71,SB10549339,71,COLEGIUL NAȚIONAL SAMUEL VON BRUKENTHAL SIBIU,9.75,-,-,9.15,-,-,Limba germana,9.9,-,-,9.6
72,SB12581521,72,LICEUL ROMÂNO - FINLANDEZ ERI SIBIU,9.7,-,-,9.5,-,-,-,-,-,-,9.6
73,SB10264195,73,ŞCOALA GIMNAZIALĂ NR. 18 SIBIU,9.7,-,-,9.5,-,-,-,-,-,-,9.6
74,SB666351,74,ŞCOALA GIMNAZIALĂ ION LUCA CARAGIALE SIBIU,9.65,-,-,9.55,-,-,-,-,-,-,9.6
75,SB9638986,75,COLEGIUL NAȚIONAL GHEORGHE LAZĂR SIBIU,9.55,-,-,9.65,-,-,-,-,-,-,9.6
76,SB11077854,76,COLEGIUL NAȚIONAL GHEORGHE LAZĂR SIBIU,9.5,-,-,9.4,9.7,9.7,-,-,-,-,9.6
77,SB11165440,77,ŞCOALA GIMNAZIALĂ GEORG DANIEL TEUTSCH AGNITA,9.45,-,-,9.75,-,-,-,-,-,-,9.6
78,SB12313400,78,COLEGIUL NAȚIONAL SAMUEL VON BRUKENTHAL SIBIU,8.75,9.25,9.25,9.6,-,-,Limba germana,9.9,-,-,9.58
79,SB10409796,79,ŞCOALA GIMNAZIALĂ NR. 25 SIBIU,9.75,-,-,9.4,-,-,-,-,-,-,9.57
80,SB10480780,80,ŞCOALA GIMNAZIALĂ NICOLAE IORGA SIBIU,9.65,-,-,9.5,-,-,-,-,-,-,9.57
81,SB10174324,81,ŞCOALA GIMNAZIALĂ NR. 4 SIBIU,9.65,-,-,9.5,-,-,-,-,-,-,9.57
82,SB10346614,82,ŞCOALA GIMNAZIALĂ RADU SELEJAN SIBIU,9.6,-,-,9.55,-,-,-,-,-,-,9.57
83,SB11077219,83,ŞCOALA GIMNAZIALĂ NR. 13 SIBIU,9.55,-,-,9.6,-,-,-,-,-,-,9.57
84,SB10521302,84,ŞCOALA GIMNAZIALĂ REGINA MARIA SIBIU,9.45,-,-,9.7,-,-,-,-,-,-,9.57
85,SB12317145,85,COLEGIUL NAȚIONAL OCTAVIAN GOGA SIBIU,9.4,-,-,9.75,-,-,-,-,-,-,9.57
86,SB9975926,86,LICEUL TEHNOLOGIC IOAN LUPAŞ SĂLIŞTE,9.3,-,-,9.85,-,-,-,-,-,-,9.57
87,SB661101,87,COLEGIUL NAȚIONAL GHEORGHE LAZĂR SIBIU,9.25,-,-,9.9,-,-,-,-,-,-,9.57
88,SB9805921,88,ŞCOALA GIMNAZIALĂ NICOLAE IORGA SIBIU,9.15,-,-,10,-,-,-,-,-,-,9.57
89,SB10550117,89,ŞCOALA GIMNAZIALĂ NICOLAE IORGA SIBIU,9.65,-,-,9.4,-,-,Limba germana,9.65,-,-,9.56
90,SB10521256,90,COLEGIUL NAȚIONAL GHEORGHE LAZĂR SIBIU,9.75,-,-,9.35,-,-,-,-,-,-,9.55
91,SB667201,91,ŞCOALA GIMNAZIALĂ NICOLAE IORGA SIBIU,9.65,-,-,9.45,-,-,-,-,-,-,9.55
92,SB6222601,92,ŞCOALA GIMNAZIALĂ NR. 4 SIBIU,9.55,-,-,9.55,-,-,-,-,-,-,9.55
93,SB11059792,93,ŞCOALA GIMNAZIALĂ NICOLAE IORGA SIBIU,9.5,-,-,9.7,-,-,Limba germana,9.45,-,-,9.55
94,SB668001,94,COLEGIUL NAȚIONAL GHEORGHE LAZĂR SIBIU,9.5,-,-,9.6,-,-,-,-,-,-,9.55
95,SB10523050,95,ŞCOALA GIMNAZIALĂ NICOLAE IORGA SIBIU,9.45,-,-,9.65,-,-,-,-,-,-,9.55
96,SB10465634,96,ŞCOALA GIMNAZIALĂ NICOLAE IORGA SIBIU,9.3,-,-,9.5,-,-,Limba germana,9.85,-,-,9.55
97,SB10174874,97,COLEGIUL NAȚIONAL SAMUEL VON BRUKENTHAL SIBIU,10,-,-,9,-,-,Limba germana,9.6,-,-,9.53
98,SB10088366,98,ŞCOALA GIMNAZIALĂ NICOLAE IORGA SIBIU,9.65,-,-,9.4,-,-,Limba germana,9.55,-,-,9.53
99,SB10464106,99,ŞCOALA GIMNAZIALĂ NR. 18 SIBIU,9.85,-,-,9.2,-,-,-,-,-,-,9.52
100,SB11149005,100,COLEGIUL NAȚIONAL GHEORGHE LAZĂR SIBIU,9.75,-,-,9.3,-,-,-,-,-,-,9.52
101,SB10569306,101,COLEGIUL NAȚIONAL OCTAVIAN GOGA SIBIU,9.75,-,-,9.3,-,-,-,-,-,-,9.52
102,SB11079857,102,COLEGIUL NAȚIONAL OCTAVIAN GOGA SIBIU,9.65,-,-,9.4,-,-,-,-,-,-,9.52
103,SB8187490,103,ŞCOALA GIMNAZIALĂ NR. 1 SIBIU,9.55,-,-,9.5,-,-,-,-,-,-,9.52
104,SB10465015,104,COLEGIUL NAȚIONAL GHEORGHE LAZĂR SIBIU,9.4,-,-,9.65,-,-,-,-,-,-,9.52
105,SB9625934,105,ŞCOALA GIMNAZIALĂ IOAN SLAVICI SIBIU,9.4,-,-,9.65,-,-,-,-,-,-,9.52
106,SB9840661,106,ŞCOALA GIMNAZIALĂ LOAMNEŞ,9.35,-,-,9.7,-,-,-,-,-,-,9.52
107,SB10406445,107,COLEGIUL NAȚIONAL OCTAVIAN GOGA SIBIU,9.3,-,-,9.75,-,-,-,-,-,-,9.52
108,SB9887590,108,ŞCOALA GIMNAZIALĂ NR. 18 SIBIU,8.9,9.45,9.45,9.6,-,-,-,-,-,-,9.52
109,SB11078709,109,COLEGIUL NAȚIONAL OCTAVIAN GOGA SIBIU,9.65,-,-,9.65,-,-,Limba germana,9.25,-,-,9.51
110,SB10411744,110,COLEGIUL NAȚIONAL SAMUEL VON BRUKENTHAL SIBIU,9.55,-,-,9.45,-,-,Limba germana,9.55,-,-,9.51
111,SB10465429,111,ŞCOALA GIMNAZIALĂ NICOLAE IORGA SIBIU,9.4,-,-,9.35,-,-,Limba germana,9.8,-,-,9.51
112,SB12312026,112,ŞCOALA GIMNAZIALĂ NR. 4 SIBIU,9.3,-,-,9.75,-,-,Limba germana,8.9,9.5,9.5,9.51
113,SB10564778,113,ŞCOALA GIMNAZIALĂ NR. 4 SIBIU,9.3,-,-,9.25,-,-,Limba germana,10,-,-,9.51
114,SB11161336,114,ŞCOALA GIMNAZIALĂ REGINA MARIA SIBIU,9.8,-,-,9.2,-,-,-,-,-,-,9.5
115,SB687451,115,COLEGIUL NAȚIONAL GHEORGHE LAZĂR SIBIU,9.8,-,-,9.2,-,-,-,-,-,-,9.5
116,SB10275775,116,ŞCOALA GIMNAZIALĂ MIHAI EMINESCU MEDIAŞ,9.75,-,-,9.25,-,-,-,-,-,-,9.5
117,SB10173453,117,COLEGIUL NAȚIONAL SAMUEL VON BRUKENTHAL SIBIU,9.6,-,-,9,-,-,Limba germana,9.9,-,-,9.5
118,SB666501,118,COLEGIUL NAȚIONAL GHEORGHE LAZĂR SIBIU,9.55,-,-,9.45,-,-,-,-,-,-,9.5
119,SB10317056,119,ŞCOALA GIMNAZIALĂ MIHAI EMINESCU MEDIAŞ,9.45,-,-,9.55,-,-,-,-,-,-,9.5
120,SB10464979,120,ŞCOALA GIMNAZIALĂ NICOLAE IORGA SIBIU,9.4,-,-,9.6,-,-,-,-,-,-,9.5
121,SB866101,121,COLEGIUL NAȚIONAL GHEORGHE LAZĂR SIBIU,9.4,-,-,9.6,-,-,-,-,-,-,9.5
122,SB10385588,122,COLEGIUL NAȚIONAL OCTAVIAN GOGA SIBIU,9.25,-,-,9.75,-,-,-,-,-,-,9.5
123,SB10463881,123,COLEGIUL NAȚIONAL GHEORGHE LAZĂR SIBIU,9.2,9.15,9.15,9.85,-,-,-,-,-,-,9.5
124,SB10425596,124,COLEGIUL NAȚIONAL GHEORGHE LAZĂR SIBIU,9.15,-,-,9.85,-,-,-,-,-,-,9.5
125,SB10283497,125,ŞCOALA GIMNAZIALĂ NR. 18 SIBIU,9.15,-,-,9.85,-,-,-,-,-,-,9.5
126,SB10273439,126,LICEUL AUGUST TREBONIU LAURIAN AGNITA,9.15,-,-,9.85,-,-,-,-,-,-,9.5
127,SB4855401,127,ŞCOALA GIMNAZIALĂ NR. 18 SIBIU,9,-,-,10,-,-,-,-,-,-,9.5
128,SB10176606,128,ŞCOALA GIMNAZIALĂ NR. 18 SIBIU,8.5,9.1,9.1,9.9,-,-,-,-,-,-,9.5
129,SB10446339,129,ŞCOALA GIMNAZIALĂ NICOLAE IORGA SIBIU,9.95,-,-,9,-,-,-,-,-,-,9.47
130,SB9936699,130,ŞCOALA GIMNAZIALĂ TĂLMACIU,9.7,-,-,9.25,-,-,-,-,-,-,9.47
131,SB10083388,131,ŞCOALA GIMNAZIALĂ REGINA MARIA SIBIU,9.7,-,-,9.25,-,-,-,-,-,-,9.47
132,SB10506839,132,COLEGIUL NAȚIONAL OCTAVIAN GOGA SIBIU,9.65,-,-,9.3,-,-,-,-,-,-,9.47
133,SB11044691,133,COLEGIUL NAȚIONAL OCTAVIAN GOGA SIBIU,9.55,-,-,9.4,-,-,-,-,-,-,9.47
134,SB10455031,134,COLEGIUL NAȚIONAL OCTAVIAN GOGA SIBIU,9.55,-,-,9.4,-,-,-,-,-,-,9.47
135,SB10426528,135,COLEGIUL NAȚIONAL GHEORGHE LAZĂR SIBIU,9.35,-,-,9.6,-,-,-,-,-,-,9.47
136,SB10399437,136,ŞCOALA GIMNAZIALĂ NOCRICH,9.3,-,-,9.65,-,-,-,-,-,-,9.47
137,SB12783868,137,COLEGIUL NAȚIONAL GHEORGHE LAZĂR SIBIU,9.3,-,-,9.65,-,-,-,-,-,-,9.47
138,SB11077523,138,ŞCOALA GIMNAZIALĂ REGINA MARIA SIBIU,9.2,-,-,9.75,-,-,-,-,-,-,9.47
139,SB9813802,139,ŞCOALA GIMNAZIALĂ NR. 18 SIBIU,9.2,-,-,9.75,-,-,-,-,-,-,9.47
140,SB10423945,140,ŞCOALA GIMNAZIALĂ IOAN SLAVICI SIBIU,9.1,-,-,9.85,-,-,-,-,-,-,9.47
141,SB10521653,141,ŞCOALA GIMNAZIALĂ ION LUCA CARAGIALE SIBIU,9.05,-,-,9.9,-,-,-,-,-,-,9.47
142,SB9806805,142,COLEGIUL NAȚIONAL SAMUEL VON BRUKENTHAL SIBIU,9.45,-,-,9.45,-,-,Limba germana,9.5,-,-,9.46
143,SB8726599,143,COLEGIUL NAȚIONAL SAMUEL VON BRUKENTHAL SIBIU,9.4,-,-,9.15,-,-,Limba germana,9.85,-,-,9.46
144,SB10847292,144,ŞCOALA GIMNAZIALĂ NR. 25 SIBIU,9.65,-,-,9.25,-,-,-,-,-,-,9.45
145,SB9103988,145,COLEGIUL NAȚIONAL OCTAVIAN GOGA SIBIU,9.6,-,-,9.3,-,-,-,-,-,-,9.45
146,SB9641704,146,COLEGIUL NAȚIONAL OCTAVIAN GOGA SIBIU,9.55,-,-,9.45,-,-,Limba germana,9.35,-,-,9.45
147,SB7864714,147,ŞCOALA GIMNAZIALĂ NR. 1 SIBIU,9.55,-,-,9.35,-,-,-,-,-,-,9.45
148,SB10425327,148,COLEGIUL NAȚIONAL GHEORGHE LAZĂR SIBIU,9.55,-,-,9.35,-,-,-,-,-,-,9.45
149,SB10093951,149,ŞCOALA GIMNAZIALĂ MIHAI EMINESCU MEDIAŞ,9.5,-,-,9.4,-,-,-,-,-,-,9.45
150,SB10426828,150,ŞCOALA GIMNAZIALĂ NICOLAE IORGA SIBIU,9.45,-,-,9.45,-,-,-,-,-,-,9.45
151,SB10449538,151,COLEGIUL NAȚIONAL SAMUEL VON BRUKENTHAL SIBIU,9.4,-,-,9.45,-,-,Limba germana,9.5,-,-,9.45
152,SB10125403,152,ŞCOALA GIMNAZIALĂ NICOLAE IORGA SIBIU,9.35,-,-,9.55,-,-,-,-,-,-,9.45
153,SB12270292,153,ŞCOALA GIMNAZIALĂ ION LUCA CARAGIALE SIBIU,9.15,-,-,9.75,-,-,-,-,-,-,9.45
154,SB10455541,154,ŞCOALA GIMNAZIALĂ NR. 4 SIBIU,8.6,9.35,9.35,9.55,-,-,-,-,-,-,9.45
155,SB8728958,155,COLEGIUL NAȚIONAL SAMUEL VON BRUKENTHAL SIBIU,8.55,9.1,9.1,9.55,-,-,Limba germana,9.65,-,-,9.43
156,SB10333411,156,ŞCOALA GIMNAZIALĂ MIHAI EMINESCU MEDIAŞ,9.85,-,-,9,-,-,-,-,-,-,9.42
157,SB11112264,157,COLEGIUL NAȚIONAL PEDAGOGIC ANDREI ŞAGUNA SIBIU,9.75,-,-,9.1,-,-,-,-,-,-,9.42
158,SB9180739,158,ŞCOALA GIMNAZIALĂ NR. 21 SIBIU,9.6,-,-,9.25,-,-,-,-,-,-,9.42
159,SB12297589,159,ŞCOALA GIMNAZIALĂ IOAN SLAVICI SIBIU,9.55,-,-,9.3,-,-,-,-,-,-,9.42
160,SB11080218,160,ŞCOALA GIMNAZIALĂ NR. 21 SIBIU,9.55,-,-,9.3,-,-,-,-,-,-,9.42
161,SB9805662,161,ŞCOALA GIMNAZIALĂ TĂLMACIU,9.5,-,-,9.35,-,-,-,-,-,-,9.42
162,SB10270547,162,ŞCOALA GIMNAZIALĂ ANDREI ȘAGUNA ŞURA MARE,9.4,-,-,9.45,-,-,-,-,-,-,9.42
163,SB9473932,163,ŞCOALA GIMNAZIALĂ AUREL DECEI GURA RÂULUI,9.3,-,-,9.55,-,-,-,-,-,-,9.42
164,SB10121504,164,ŞCOALA GIMNAZIALĂ REGINA MARIA SIBIU,9.25,-,-,9.6,-,-,-,-,-,-,9.42
165,SB10847547,165,COLEGIUL NAȚIONAL GHEORGHE LAZĂR SIBIU,9.15,9.3,9.3,9.55,-,-,-,-,-,-,9.42
166,SB10417392,166,COLEGIUL NAȚIONAL GHEORGHE LAZĂR SIBIU,8.85,-,-,10,-,-,-,-,-,-,9.42
167,SB10978264,167,ŞCOALA GIMNAZIALĂ ION LUCA CARAGIALE SIBIU,8.6,8.95,8.95,9.9,-,-,-,-,-,-,9.42
168,SB11078801,168,COLEGIUL NAȚIONAL SAMUEL VON BRUKENTHAL SIBIU,9.6,-,-,9.2,-,-,Limba germana,9.45,-,-,9.41
169,SB10515450,169,LICEUL TEORETIC ROTH - OBERTH MEDIAŞ,9.6,-,-,8.85,-,-,Limba germana,9.8,-,-,9.41
170,SB10456882,170,COLEGIUL NAȚIONAL SAMUEL VON BRUKENTHAL SIBIU,9.45,-,-,9.4,-,-,Limba germana,9.4,9.4,9.4,9.41
171,SB12311807,171,ŞCOALA GIMNAZIALĂ NICOLAE IORGA SIBIU,9.4,-,-,9.45,-,-,Limba germana,9.4,-,-,9.41
172,SB8560626,172,COLEGIUL NAȚIONAL SAMUEL VON BRUKENTHAL SIBIU,9.4,-,-,9.1,-,-,Limba germana,9.75,-,-,9.41
173,SB10019382,173,COLEGIUL NAȚIONAL SAMUEL VON BRUKENTHAL SIBIU,9.05,-,-,9.45,-,-,Limba germana,9.75,-,-,9.41
174,SB7923029,174,ŞCOALA GIMNAZIALĂ IOAN BAN - DASCĂLU POIANA SIBIULUI,9.8,-,-,9,-,-,-,-,-,-,9.4
175,SB10297922,175,ŞCOALA GIMNAZIALĂ NR. 25 SIBIU,9.75,-,-,9.05,-,-,-,-,-,-,9.4
176,SB10446832,176,ŞCOALA GIMNAZIALĂ NICOLAE IORGA SIBIU,9.65,-,-,8.85,9.15,9.15,-,-,-,-,9.4
177,SB10114891,177,LICEUL TEORETIC ROTH - OBERTH MEDIAŞ,9.5,-,-,8.8,-,-,Limba germana,9.9,-,-,9.4
178,SB12313883,178,COLEGIUL NAȚIONAL GHEORGHE LAZĂR SIBIU,9.45,-,-,9.3,9.35,9.35,-,-,-,-,9.4
179,SB661601,179,ŞCOALA GIMNAZIALĂ REGINA MARIA SIBIU,9.35,-,-,9.45,-,-,-,-,-,-,9.4
180,SB9922833,180,ŞCOALA GIMNAZIALĂ REGINA MARIA SIBIU,9.25,-,-,9.55,-,-,-,-,-,-,9.4
181,SB10176913,181,ŞCOALA GIMNAZIALĂ NR. 13 SIBIU,9.2,-,-,9.6,-,-,-,-,-,-,9.4
182,SB664751,182,COLEGIUL NAȚIONAL OCTAVIAN GOGA SIBIU,9.2,-,-,9.6,-,-,-,-,-,-,9.4
183,SB9526749,183,COLEGIUL NAȚIONAL SAMUEL VON BRUKENTHAL SIBIU,9.2,-,-,9.25,-,-,Limba germana,9.75,-,-,9.4
184,SB10561211,184,ŞCOALA GIMNAZIALĂ REGINA MARIA SIBIU,9.1,-,-,9.7,-,-,-,-,-,-,9.4
185,SB10795991,185,ŞCOALA GIMNAZIALĂ NR. 18 SIBIU,9.05,-,-,9.75,-,-,-,-,-,-,9.4
186,SB10021944,186,COLEGIUL NAȚIONAL GHEORGHE LAZĂR SIBIU,9.05,9.1,9.1,9.7,-,-,-,-,-,-,9.4
187,SB9935527,187,COLEGIUL NAȚIONAL GHEORGHE LAZĂR SIBIU,8.85,9.05,9.05,9.75,-,-,-,-,-,-,9.4
188,SB9808074,188,COLEGIUL NAȚIONAL SAMUEL VON BRUKENTHAL SIBIU,8.85,-,-,9.4,-,-,Limba germana,9.95,-,-,9.4
189,SB8576550,189,COLEGIUL NAȚIONAL SAMUEL VON BRUKENTHAL SIBIU,8.7,9.25,9.25,9.2,-,-,Limba germana,9.75,-,-,9.4
190,SB8565315,190,ŞCOALA GIMNAZIALĂ NICOLAE IORGA SIBIU,8.65,8.95,8.95,9.6,-,-,Limba germana,9.65,-,-,9.4
191,SB10464304,191,ŞCOALA GIMNAZIALĂ NICOLAE IORGA SIBIU,9.8,-,-,8.95,-,-,-,-,-,-,9.37
192,SB10663853,192,ŞCOALA GIMNAZIALĂ NICOLAE IORGA SIBIU,9.65,-,-,9.1,-,-,-,-,-,-,9.37
193,SB10102245,193,ŞCOALA GIMNAZIALĂ NR. 25 SIBIU,9.6,-,-,9.15,-,-,-,-,-,-,9.37
194,SB10464264,194,ŞCOALA GIMNAZIALĂ NICOLAE IORGA SIBIU,9.3,-,-,9.45,-,-,-,-,-,-,9.37
195,SB7921850,195,ŞCOALA GIMNAZIALĂ IOAN BAN - DASCĂLU POIANA SIBIULUI,9.3,-,-,9.45,-,-,-,-,-,-,9.37
196,SB11078555,196,ŞCOALA GIMNAZIALĂ REGINA MARIA SIBIU,9.3,-,-,9.45,-,-,-,-,-,-,9.37
197,SB9103805,197,ŞCOALA GIMNAZIALĂ REGINA MARIA SIBIU,9.25,-,-,9.5,-,-,-,-,-,-,9.37
198,SB686701,198,ŞCOALA GIMNAZIALĂ NR. 1 SIBIU,9.2,-,-,9.55,-,-,-,-,-,-,9.37
199,SB10312671,199,ŞCOALA GIMNAZIALĂ GEORG DANIEL TEUTSCH AGNITA,9.2,-,-,9.55,-,-,-,-,-,-,9.37
200,SB10347349,200,ŞCOALA GIMNAZIALĂ RADU SELEJAN SIBIU,9.2,-,-,9.55,-,-,-,-,-,-,9.37
201,SB10264205,201,ŞCOALA GIMNAZIALĂ NR. 18 SIBIU,9.05,-,-,9.7,-,-,-,-,-,-,9.37
202,SB667901,202,ŞCOALA GIMNAZIALĂ ION LUCA CARAGIALE SIBIU,9,-,-,9.75,-,-,-,-,-,-,9.37
203,SB8564868,203,ŞCOALA GIMNAZIALĂ NR. 4 SIBIU,9.4,-,-,9.1,-,-,Limba germana,9.6,-,-,9.36
204,SB9879732,204,ŞCOALA GIMNAZIALĂ ION POP RETEGANUL ORLAT,9.9,-,-,8.8,-,-,-,-,-,-,9.35
205,SB12125095,205,ŞCOALA GIMNAZIALĂ NR. 25 SIBIU,9.85,-,-,8.85,-,-,-,-,-,-,9.35
206,SB9626286,206,ŞCOALA GIMNAZIALĂ NR. 8 SIBIU,9.8,-,-,8.9,-,-,-,-,-,-,9.35
207,SB10332224,207,ŞCOALA GIMNAZIALĂ MIHAI EMINESCU MEDIAŞ,9.5,-,-,9.2,-,-,-,-,-,-,9.35
208,SB9527169,208,COLEGIUL NAȚIONAL SAMUEL VON BRUKENTHAL SIBIU,9.5,-,-,9.2,-,-,Limba germana,9.35,-,-,9.35
209,SB8462842,209,ŞCOALA GIMNAZIALĂ NR. 21 SIBIU,9.5,-,-,9.2,-,-,-,-,-,-,9.35
210,SB8559028,210,ŞCOALA GIMNAZIALĂ REGINA MARIA SIBIU,9.45,-,-,9.25,-,-,-,-,-,-,9.35
211,SB11102967,211,COLEGIUL NAȚIONAL GHEORGHE LAZĂR SIBIU,9.3,-,-,9.4,-,-,-,-,-,-,9.35
212,SB10440185,212,COLEGIUL NAȚIONAL OCTAVIAN GOGA SIBIU,9.3,-,-,9.4,-,-,-,-,-,-,9.35
213,SB9173907,213,COLEGIUL NAȚIONAL GHEORGHE LAZĂR SIBIU,9.25,-,-,9.45,-,-,-,-,-,-,9.35
214,SB10456744,214,COLEGIUL NAȚIONAL OCTAVIAN GOGA SIBIU,9.2,-,-,9.5,-,-,-,-,-,-,9.35
215,SB9527315,215,ŞCOALA GIMNAZIALĂ REGINA MARIA SIBIU,8.9,-,-,9.8,-,-,-,-,-,-,9.35
216,SB9138026,216,ŞCOALA GIMNAZIALĂ NICOLAE IORGA SIBIU,9.6,-,-,9.25,-,-,Limba germana,9.15,-,-,9.33
217,SB10456497,217,COLEGIUL NAȚIONAL SAMUEL VON BRUKENTHAL SIBIU,9.45,-,-,9.15,-,-,Limba germana,9.4,-,-,9.33
218,SB10122168,218,LICEUL TEORETIC ROTH - OBERTH MEDIAŞ,8.85,9.15,9.15,9.05,-,-,Limba germana,9.8,-,-,9.33
219,SB10480200,219,ŞCOALA GIMNAZIALĂ NICOLAE IORGA SIBIU,9.75,-,-,8.9,-,-,-,-,-,-,9.32
220,SB10552851,220,ŞCOALA GIMNAZIALĂ REGINA MARIA SIBIU,9.7,-,-,8.95,-,-,-,-,-,-,9.32
221,SB9560337,221,ŞCOALA GIMNAZIALĂ NR. 8 SIBIU,9.6,-,-,9.05,-,-,-,-,-,-,9.32
222,SB10561258,222,ŞCOALA GIMNAZIALĂ REGINA MARIA SIBIU,9.45,-,-,9.2,-,-,-,-,-,-,9.32
223,SB10311507,223,ŞCOALA GIMNAZIALĂ NICOLAE IORGA SIBIU,9.25,-,-,9.4,-,-,-,-,-,-,9.32
224,SB8466165,224,ŞCOALA GIMNAZIALĂ NR. 21 SIBIU,9.25,-,-,9.4,-,-,-,-,-,-,9.32
225,SB10346336,225,ŞCOALA GIMNAZIALĂ RADU SELEJAN SIBIU,9.25,-,-,9.4,-,-,-,-,-,-,9.32
226,SB8255498,226,ŞCOALA GIMNAZIALĂ SAMUIL MICU SADU,9.2,-,-,9.45,-,-,-,-,-,-,9.32
227,SB12315820,227,COLEGIUL NAȚIONAL PEDAGOGIC ANDREI ŞAGUNA SIBIU,9.2,-,-,9.45,-,-,-,-,-,-,9.32
228,SB11072235,228,ŞCOALA GIMNAZIALĂ NR. 13 SIBIU,9.1,-,-,9.55,-,-,-,-,-,-,9.32
229,SB10008732,229,ŞCOALA GIMNAZIALĂ NR. 13 SIBIU,9.05,-,-,9.6,-,-,-,-,-,-,9.32
230,SB10530034,230,COLEGIUL NAȚIONAL GHEORGHE LAZĂR SIBIU,9,9.25,9.25,9.4,-,-,-,-,-,-,9.32
231,SB9103971,231,COLEGIUL NAȚIONAL OCTAVIAN GOGA SIBIU,8.95,9.05,9.05,9.6,-,-,-,-,-,-,9.32
232,SB10424178,232,ŞCOALA GIMNAZIALĂ NR. 1 SIBIU,8.4,9.15,9.15,9.5,-,-,-,-,-,-,9.32
233,SB11116439,233,ŞCOALA GIMNAZIALĂ ION LUCA CARAGIALE SIBIU,9.45,-,-,8.85,-,-,Limba germana,9.65,-,-,9.31
234,SB9806558,234,ŞCOALA GIMNAZIALĂ NICOLAE IORGA SIBIU,9,-,-,9.85,-,-,Limba germana,9.1,-,-,9.31
235,SB10005441,235,COLEGIUL NAȚIONAL OCTAVIAN GOGA SIBIU,9.7,-,-,8.9,-,-,-,-,-,-,9.3
236,SB10048722,236,ŞCOALA GIMNAZIALĂ NICOLAE IORGA SIBIU,9.7,-,-,8.9,-,-,-,-,-,-,9.3
237,SB10367721,237,COLEGIUL NAȚIONAL OCTAVIAN GOGA SIBIU,9.5,-,-,9.1,-,-,-,-,-,-,9.3
238,SB11116402,238,ŞCOALA GIMNAZIALĂ NICOLAE IORGA SIBIU,9.45,-,-,9.4,-,-,Limba germana,9.05,-,-,9.3
239,SB10099385,239,ŞCOALA GIMNAZIALĂ MIHAI EMINESCU MEDIAŞ,9.45,-,-,9.15,-,-,-,-,-,-,9.3
240,SB10530455,240,ŞCOALA GIMNAZIALĂ NR. 18 SIBIU,9.4,-,-,9.2,-,-,-,-,-,-,9.3
241,SB10527776,241,ŞCOALA GIMNAZIALĂ RADU SELEJAN SIBIU,9.3,-,-,9.3,-,-,-,-,-,-,9.3
242,SB11118080,242,COLEGIUL NAȚIONAL GHEORGHE LAZĂR SIBIU,9.3,-,-,9.3,-,-,-,-,-,-,9.3
243,SB9379679,243,ŞCOALA GIMNAZIALĂ NR. 3 CISNĂDIE,9.3,-,-,9.3,-,-,-,-,-,-,9.3
244,SB9808411,244,ŞCOALA GIMNAZIALĂ NR. 4 SIBIU,9.25,-,-,9.7,-,-,Limba germana,8.95,-,-,9.3
245,SB6729701,245,ŞCOALA GIMNAZIALĂ REGINA MARIA SIBIU,9.2,-,-,9.4,-,-,-,-,-,-,9.3
246,SB10284388,246,ŞCOALA GIMNAZIALĂ GEORG DANIEL TEUTSCH AGNITA,9.2,9.25,9.25,9.35,-,-,-,-,-,-,9.3
247,SB10263700,247,ŞCOALA GIMNAZIALĂ NR. 8 SIBIU,9.15,-,-,9.45,-,-,-,-,-,-,9.3
248,SB4855851,248,ŞCOALA GIMNAZIALĂ NR. 18 SIBIU,9.15,-,-,9.45,-,-,-,-,-,-,9.3
249,SB865901,249,COLEGIUL NAȚIONAL SAMUEL VON BRUKENTHAL SIBIU,9.1,-,-,9.3,-,-,Limba germana,9.5,-,-,9.3
250,SB658651,250,COLEGIUL NAȚIONAL OCTAVIAN GOGA SIBIU,9.05,-,-,9.55,-,-,-,-,-,-,9.3
251,SB10464978,251,ŞCOALA GIMNAZIALĂ NICOLAE IORGA SIBIU,9,-,-,9.6,-,-,-,-,-,-,9.3
252,SB9103683,252,COLEGIUL NAȚIONAL OCTAVIAN GOGA SIBIU,8.9,-,-,9.7,-,-,-,-,-,-,9.3
253,SB9937001,253,COLEGIUL NAȚIONAL GHEORGHE LAZĂR SIBIU,8.65,-,-,9.95,-,-,-,-,-,-,9.3
254,SB12317035,254,COLEGIUL NAȚIONAL SAMUEL VON BRUKENTHAL SIBIU,9.35,-,-,9.2,-,-,Limba germana,9.3,-,-,9.28
255,SB9527505,255,COLEGIUL NAȚIONAL SAMUEL VON BRUKENTHAL SIBIU,9.25,-,-,9.35,-,-,Limba germana,9.25,-,-,9.28
256,SB10440618,256,LICEUL TEORETIC ROTH - OBERTH MEDIAŞ,9.15,-,-,9.55,-,-,Limba germana,9.15,-,-,9.28
257,SB12312758,257,ŞCOALA GIMNAZIALĂ ION LUCA CARAGIALE SIBIU,8.85,-,-,9.35,-,-,Limba germana,9.65,-,-,9.28
258,SB10386346,258,ŞCOALA GIMNAZIALĂ NR. 4 SIBIU,9.55,-,-,9,-,-,-,-,-,-,9.27
259,SB7867043,259,ŞCOALA GIMNAZIALĂ OCNA SIBIULUI,9.45,-,-,9.1,-,-,-,-,-,-,9.27
260,SB10541365,260,ŞCOALA GIMNAZIALĂ RADU SELEJAN SIBIU,9.45,-,-,9.1,-,-,-,-,-,-,9.27
261,SB10079802,261,ŞCOALA GIMNAZIALĂ NR. 4 SIBIU,9.45,-,-,9.1,-,-,-,-,-,-,9.27
262,SB10273285,262,ŞCOALA GIMNAZIALĂ GEORG DANIEL TEUTSCH AGNITA,9.4,-,-,9.15,-,-,-,-,-,-,9.27
263,SB10464760,263,ŞCOALA GIMNAZIALĂ NR. 13 SIBIU,9.05,-,-,9.5,-,-,-,-,-,-,9.27
264,SB9208690,264,COLEGIUL NAȚIONAL GHEORGHE LAZĂR SIBIU,8.95,-,-,9.6,-,-,-,-,-,-,9.27
265,SB10423732,265,COLEGIUL NAȚIONAL OCTAVIAN GOGA SIBIU,8.9,9.05,9.05,9.5,-,-,-,-,-,-,9.27
266,SB9878648,266,ŞCOALA GIMNAZIALĂ ION POP RETEGANUL ORLAT,8.65,9.2,9.2,9.35,-,-,-,-,-,-,9.27
267,SB10126636,267,ŞCOALA GIMNAZIALĂ NR. 18 SIBIU,8.4,8.75,8.75,9.8,-,-,-,-,-,-,9.27
268,SB10411439,268,COLEGIUL NAȚIONAL SAMUEL VON BRUKENTHAL SIBIU,9.75,-,-,8.9,-,-,Limba germana,9.15,-,-,9.26
269,SB11078670,269,ŞCOALA GIMNAZIALĂ ION LUCA CARAGIALE SIBIU,9.75,-,-,8.65,-,-,Limba germana,9.4,-,-,9.26
270,SB9526609,270,COLEGIUL NAȚIONAL SAMUEL VON BRUKENTHAL SIBIU,9.55,-,-,8.5,-,-,Limba germana,9.75,-,-,9.26
271,SB11116453,271,ŞCOALA GIMNAZIALĂ ION LUCA CARAGIALE SIBIU,9.05,-,-,9.75,-,-,Limba germana,9,-,-,9.26
272,SB10381040,272,LICEUL TEORETIC ROTH - OBERTH MEDIAŞ,8.9,-,-,8.95,-,-,Limba germana,9.95,-,-,9.26
273,SB4071951,273,ŞCOALA GIMNAZIALĂ NR. 18 SIBIU,9.7,-,-,8.8,-,-,-,-,-,-,9.25
274,SB10492741,274,ŞCOALA GIMNAZIALĂ MIHAI EMINESCU MEDIAŞ,9.65,-,-,8.85,-,-,-,-,-,-,9.25
275,SB10825678,275,ŞCOALA GIMNAZIALĂ NICOLAE IORGA SIBIU,9.65,-,-,8.85,-,-,-,-,-,-,9.25
276,SB9694402,276,ŞCOALA GIMNAZIALĂ NR. 25 SIBIU,9.6,-,-,8.9,-,-,-,-,-,-,9.25
277,SB9139981,277,COLEGIUL NAȚIONAL SAMUEL VON BRUKENTHAL SIBIU,9.5,-,-,8.6,-,-,Limba germana,9.65,-,-,9.25
278,SB10387197,278,ŞCOALA GIMNAZIALĂ NICOLAE IORGA SIBIU,9.4,-,-,9.1,-,-,Limba germana,9.25,-,-,9.25
279,SB10264523,279,ŞCOALA GIMNAZIALĂ NR. 18 SIBIU,9.35,-,-,9.15,-,-,-,-,-,-,9.25
280,SB10346354,280,ŞCOALA GIMNAZIALĂ RADU SELEJAN SIBIU,9.35,-,-,9.15,-,-,-,-,-,-,9.25
281,SB11023531,281,ŞCOALA GIMNAZIALĂ RADU SELEJAN SIBIU,9.25,-,-,9.25,-,-,-,-,-,-,9.25
282,SB10173098,282,ŞCOALA GIMNAZIALĂ NR. 18 SIBIU,9.25,-,-,9.25,-,-,-,-,-,-,9.25
283,SB660351,283,ŞCOALA GIMNAZIALĂ OCTAVIAN GOGA RĂŞINARI,9.2,9.25,9.25,9.25,-,-,-,-,-,-,9.25
284,SB10057568,284,LICEUL TEORETIC GHEORGHE LAZĂR AVRIG,9.15,9.45,9.45,9.05,-,-,-,-,-,-,9.25
285,SB10479941,285,ŞCOALA GIMNAZIALĂ NICOLAE IORGA SIBIU,8.85,-,-,9.65,-,-,-,-,-,-,9.25
286,SB10413804,286,ŞCOALA GIMNAZIALĂ NR. 7 MEDIAŞ,8.85,-,-,9.5,9.65,9.65,-,-,-,-,9.25
287,SB10175111,287,COLEGIUL NAȚIONAL SAMUEL VON BRUKENTHAL SIBIU,9,-,-,9.3,-,-,Limba germana,9.4,-,-,9.23
288,SB11089193,288,COLEGIUL NAȚIONAL SAMUEL VON BRUKENTHAL SIBIU,8.95,-,-,9.3,-,-,Limba germana,9.45,-,-,9.23
289,SB10070353,289,LICEUL TEORETIC ROTH - OBERTH MEDIAŞ,8.95,9.05,9.05,8.95,-,-,Limba germana,9.7,-,-,9.23
290,SB9217462,290,ŞCOALA GIMNAZIALĂ NR. 21 SIBIU,9.9,-,-,8.55,-,-,-,-,-,-,9.22
291,SB11080321,291,COLEGIUL NAȚIONAL OCTAVIAN GOGA SIBIU,9.8,-,-,8.65,-,-,-,-,-,-,9.22
292,SB9176649,292,COLEGIUL NAȚIONAL OCTAVIAN GOGA SIBIU,9.65,-,-,8.8,-,-,-,-,-,-,9.22
293,SB10746194,293,ŞCOALA GIMNAZIALĂ VURPĂR,9.4,-,-,9.05,-,-,-,-,-,-,9.22
294,SB10313931,294,ŞCOALA GIMNAZIALĂ MIHAI EMINESCU MEDIAŞ,9.35,-,-,9.1,-,-,-,-,-,-,9.22
295,SB9174670,295,COLEGIUL NAȚIONAL OCTAVIAN GOGA SIBIU,9.25,-,-,9.2,-,-,-,-,-,-,9.22
296,SB13967138,296,ŞCOALA GIMNAZIALĂ REGINA MARIA SIBIU,9.25,-,-,9.2,-,-,-,-,-,-,9.22
297,SB12283283,297,ŞCOALA GIMNAZIALĂ REGINA MARIA SIBIU,9.15,-,-,9.3,-,-,-,-,-,-,9.22
298,SB10174690,298,ŞCOALA GIMNAZIALĂ NR. 4 SIBIU,9.05,-,-,9.4,-,-,-,-,-,-,9.22
299,SB10847905,299,ŞCOALA GIMNAZIALĂ NICOLAE IORGA SIBIU,8.7,9,9,9.45,-,-,-,-,-,-,9.22
300,SB12311274,300,ŞCOALA GIMNAZIALĂ NICOLAE IORGA SIBIU,8.65,9.25,9.25,9.2,-,-,-,-,-,-,9.22
301,SB11089233,301,COLEGIUL NAȚIONAL SAMUEL VON BRUKENTHAL SIBIU,9.8,-,-,7.85,-,-,Limba germana,10,-,-,9.21
302,SB12314936,302,ŞCOALA GIMNAZIALĂ ION LUCA CARAGIALE SIBIU,9.6,-,-,8.2,-,-,Limba germana,9.85,-,-,9.21
303,SB12317593,303,COLEGIUL NAȚIONAL SAMUEL VON BRUKENTHAL SIBIU,8.95,-,-,9.3,-,-,Limba germana,8.85,9.4,9.4,9.21
304,SB10271501,304,LICEUL TEORETIC ROTH - OBERTH MEDIAŞ,8.85,-,-,8.8,-,-,Limba germana,10,-,-,9.21
305,SB9389878,305,LICEUL TEORETIC GUSTAV GUNDISCH CISNĂDIE,9.75,-,-,8.25,-,-,Limba germana,9.6,-,-,9.2
306,SB10175083,306,COLEGIUL NAȚIONAL SAMUEL VON BRUKENTHAL SIBIU,9.7,-,-,8.8,-,-,Limba germana,9.1,-,-,9.2
307,SB10320087,307,COLEGIUL NAȚIONAL OCTAVIAN GOGA SIBIU,9.65,-,-,9.15,-,-,Limba germana,8.8,-,-,9.2
308,SB9625271,308,ŞCOALA GIMNAZIALĂ NR. 8 SIBIU,9.55,-,-,8.85,-,-,-,-,-,-,9.2
309,SB10506351,309,ŞCOALA GIMNAZIALĂ NICOLAE IORGA SIBIU,9.5,-,-,8.9,-,-,-,-,-,-,9.2
310,SB10324814,310,ŞCOALA GIMNAZIALĂ CONSTANTIN IOAN MOTAŞ MEDIAŞ,9.4,-,-,9,-,-,-,-,-,-,9.2
311,SB12585940,311,ŞCOALA GIMNAZIALĂ NR. 8 SIBIU,9.4,-,-,9,-,-,-,-,-,-,9.2
312,SB10099053,312,ŞCOALA GIMNAZIALĂ NR. 7 MEDIAŞ,9.4,-,-,9,-,-,-,-,-,-,9.2
313,SB10561443,313,ŞCOALA GIMNAZIALĂ ION LUCA CARAGIALE SIBIU,9.4,-,-,9,-,-,-,-,-,-,9.2
314,SB9920862,314,ŞCOALA GIMNAZIALĂ BADEA CÎRŢAN CÂRŢIŞOARA,9.4,-,-,9,-,-,-,-,-,-,9.2
315,SB10386797,315,COLEGIUL NAȚIONAL OCTAVIAN GOGA SIBIU,9.25,-,-,9.15,-,-,-,-,-,-,9.2
316,SB10264509,316,ŞCOALA GIMNAZIALĂ NR. 13 SIBIU,9.25,-,-,9.15,-,-,-,-,-,-,9.2
317,SB10455481,317,ŞCOALA GIMNAZIALĂ REGINA MARIA SIBIU,9.25,-,-,9.15,-,-,-,-,-,-,9.2
318,SB10345549,318,COLEGIUL NAȚIONAL GHEORGHE LAZĂR SIBIU,9.25,-,-,9.15,-,-,-,-,-,-,9.2
319,SB10270093,319,LICEUL TEORETIC GUSTAV GUNDISCH CISNĂDIE,9.2,-,-,9.2,-,-,-,-,-,-,9.2
320,SB10176890,320,ŞCOALA GIMNAZIALĂ NR. 18 SIBIU,9.15,-,-,9.25,-,-,-,-,-,-,9.2
321,SB10005220,321,ŞCOALA GIMNAZIALĂ NR. 21 SIBIU,9.1,-,-,9.3,-,-,-,-,-,-,9.2
322,SB10410039,322,ŞCOALA GIMNAZIALĂ NR. 25 SIBIU,9.1,-,-,9.3,-,-,-,-,-,-,9.2
323,SB10464273,323,ŞCOALA GIMNAZIALĂ NR. 8 SIBIU,9,-,-,9.4,-,-,-,-,-,-,9.2
324,SB10561981,324,COLEGIUL NAȚIONAL SAMUEL VON BRUKENTHAL SIBIU,9,-,-,9.2,-,-,Limba germana,9.4,-,-,9.2
325,SB10346056,325,ŞCOALA GIMNAZIALĂ RADU SELEJAN SIBIU,8.95,-,-,9.45,-,-,-,-,-,-,9.2
326,SB10457592,326,COLEGIUL NAȚIONAL SAMUEL VON BRUKENTHAL SIBIU,8.95,-,-,8.75,-,-,Limba germana,9.9,-,-,9.2
327,SB9813647,327,ŞCOALA GIMNAZIALĂ NICOLAE IORGA SIBIU,9.5,-,-,8.6,-,-,Limba germana,9.45,-,-,9.18
328,SB10976475,328,ŞCOALA GIMNAZIALĂ NICOLAE IORGA SIBIU,9.35,-,-,9,-,-,Limba germana,8.8,9.2,9.2,9.18
329,SB10120589,329,LICEUL TEORETIC ROTH - OBERTH MEDIAŞ,8.7,-,-,9.3,-,-,Limba germana,9.55,-,-,9.18
330,SB10452505,330,COLEGIUL NAȚIONAL OCTAVIAN GOGA SIBIU,9.8,-,-,8.55,-,-,-,-,-,-,9.17
331,SB7506151,331,ŞCOALA GIMNAZIALĂ RADU SELEJAN SIBIU,9.45,-,-,8.9,-,-,-,-,-,-,9.17
332,SB10267489,332,ŞCOALA GIMNAZIALĂ IOAN SLAVICI SIBIU,9.3,-,-,9.05,-,-,-,-,-,-,9.17
333,SB10714481,333,ŞCOALA GIMNAZIALĂ NR. 21 SIBIU,9.3,-,-,9.05,-,-,-,-,-,-,9.17
334,SB10264310,334,ŞCOALA GIMNAZIALĂ NR. 18 SIBIU,9.3,-,-,9.05,-,-,-,-,-,-,9.17
335,SB11155310,335,ŞCOALA GIMNAZIALĂ REGINA MARIA SIBIU,9.2,-,-,9,9.15,9.15,-,-,-,-,9.17
336,SB11078750,336,ŞCOALA GIMNAZIALĂ ION LUCA CARAGIALE SIBIU,9.1,-,-,9.25,-,-,-,-,-,-,9.17
337,SB8466848,337,ŞCOALA GIMNAZIALĂ NR. 21 SIBIU,9.1,-,-,9.25,-,-,-,-,-,-,9.17
338,SB10005785,338,LICEUL TEORETIC GHEORGHE LAZĂR AVRIG,9.05,-,-,9.3,-,-,-,-,-,-,9.17
339,SB659801,339,ŞCOALA GIMNAZIALĂ NR. 1 SIBIU,9,-,-,9.35,-,-,-,-,-,-,9.17
340,SB10426769,340,ŞCOALA GIMNAZIALĂ NR. 21 SIBIU,8.95,9.4,9.4,8.95,-,-,-,-,-,-,9.17
341,SB10434036,341,ŞCOALA GIMNAZIALĂ NR. 1 SIBIU,8.9,-,-,9.45,-,-,-,-,-,-,9.17
342,SB13179408,342,ŞCOALA GIMNAZIALĂ TĂLMACIU,8.9,-,-,9.45,-,-,-,-,-,-,9.17
343,SB10319136,343,ŞCOALA GIMNAZIALĂ NICOLAE IORGA SIBIU,8.85,9.2,9.2,9.15,-,-,-,-,-,-,9.17
344,SB9626259,344,ŞCOALA GIMNAZIALĂ NR. 8 SIBIU,8.75,-,-,9.6,-,-,-,-,-,-,9.17
345,SB7867661,345,ŞCOALA GIMNAZIALĂ OCNA SIBIULUI,8.7,9.35,9.35,9,-,-,-,-,-,-,9.17
346,SB10263745,346,ŞCOALA GIMNAZIALĂ NR. 18 SIBIU,8.6,8.75,8.75,9.6,-,-,-,-,-,-,9.17
347,SB10450222,347,LICEUL TEORETIC ONISIFOR GHIBU SIBIU,9.5,-,-,8.65,-,-,Limba germana,9.35,-,-,9.16
348,SB11077379,348,ŞCOALA GIMNAZIALĂ NICOLAE IORGA SIBIU,9.25,-,-,9.1,-,-,Limba germana,9.15,-,-,9.16
349,SB10103959,349,ŞCOALA GIMNAZIALĂ NICOLAE IORGA SIBIU,9,9.4,9.4,8.55,8.55,8.55,Limba germana,9.55,-,-,9.16
350,SB9807875,350,COLEGIUL NAȚIONAL SAMUEL VON BRUKENTHAL SIBIU,8.8,-,-,9.85,-,-,Limba germana,9.1,8.85,8.85,9.16
351,SB10346953,351,ŞCOALA GIMNAZIALĂ RADU SELEJAN SIBIU,9.75,-,-,8.55,-,-,-,-,-,-,9.15
352,SB12286593,352,LICEUL TEORETIC CONSTANTIN NOICA SIBIU,9.75,-,-,8.55,-,-,-,-,-,-,9.15
353,SB9993243,353,ŞCOALA GIMNAZIALĂ NR. 3 CISNĂDIE,9.5,-,-,8.8,-,-,-,-,-,-,9.15
354,SB9390806,354,LICEUL TEORETIC GUSTAV GUNDISCH CISNĂDIE,9.5,-,-,8.35,-,-,Limba germana,9.6,-,-,9.15
355,SB9813827,355,LICEUL TEORETIC GHEORGHE LAZĂR AVRIG,9.35,9,9,9.3,-,-,-,-,-,-,9.15
356,SB10331235,356,ŞCOALA GIMNAZIALĂ CONSTANTIN IOAN MOTAŞ MEDIAŞ,9.3,-,-,9,-,-,-,-,-,-,9.15
357,SB10464862,357,ŞCOALA GIMNAZIALĂ NR. 4 SIBIU,9.3,-,-,9,-,-,-,-,-,-,9.15
358,SB10824532,358,LICEUL TEORETIC GUSTAV GUNDISCH CISNĂDIE,9.3,-,-,9,-,-,-,-,-,-,9.15
359,SB4093101,359,ŞCOALA GIMNAZIALĂ NR. 18 SIBIU,9.25,-,-,9.05,-,-,-,-,-,-,9.15
360,SB10543837,360,ŞCOALA GIMNAZIALĂ NR. 21 SIBIU,9.25,-,-,9.05,-,-,-,-,-,-,9.15
361,SB10332274,361,ŞCOALA GIMNAZIALĂ CONSTANTIN IOAN MOTAŞ MEDIAŞ,9.15,-,-,9.15,-,-,-,-,-,-,9.15
362,SB10085424,362,LICEUL DE ARTĂ SIBIU,9.1,-,-,9.2,-,-,-,-,-,-,9.15
363,SB10503883,363,LICEUL TEORETIC GUSTAV GUNDISCH CISNĂDIE,9.1,-,-,9.2,-,-,-,-,-,-,9.15
364,SB12316494,364,ŞCOALA GIMNAZIALĂ NICOLAE IORGA SIBIU,9.1,9.45,9.45,8.45,-,-,Limba germana,9.55,-,-,9.15
365,SB9139710,365,ŞCOALA GIMNAZIALĂ NICOLAE IORGA SIBIU,9,-,-,9.55,-,-,Limba germana,8.65,8.9,8.9,9.15
366,SB10088659,366,ŞCOALA GIMNAZIALĂ NICOLAE IORGA SIBIU,9,-,-,9.3,-,-,-,-,-,-,9.15
367,SB10553367,367,LICEUL TEORETIC CONSTANTIN NOICA SIBIU,8.9,9.2,9.2,9.1,-,-,-,-,-,-,9.15
368,SB9733522,368,ŞCOALA GIMNAZIALĂ ION LUCA CARAGIALE SIBIU,8.65,8.8,8.8,9.5,-,-,-,-,-,-,9.15
369,SB10108320,369,COLEGIUL NAȚIONAL SAMUEL VON BRUKENTHAL SIBIU,9.25,-,-,8.4,-,-,Limba germana,9.75,-,-,9.13
370,SB10467608,370,LICEUL TEORETIC ROTH - OBERTH MEDIAŞ,8.8,-,-,9,-,-,Limba germana,9.6,-,-,9.13
371,SB12313354,371,COLEGIUL NAȚIONAL OCTAVIAN GOGA SIBIU,8.7,9.25,9.25,8.55,-,-,Limba germana,9.6,-,-,9.13
372,SB10333832,372,ŞCOALA GIMNAZIALĂ CONSTANTIN IOAN MOTAŞ MEDIAŞ,9.45,-,-,8.8,-,-,-,-,-,-,9.12
373,SB10391328,373,ŞCOALA GIMNAZIALĂ POPLACA,9.45,-,-,8.8,-,-,-,-,-,-,9.12
374,SB666201,374,ŞCOALA GIMNAZIALĂ REGINA MARIA SIBIU,9.3,-,-,8.95,-,-,-,-,-,-,9.12
375,SB10346106,375,ŞCOALA GIMNAZIALĂ NR. 4 SIBIU,9.3,-,-,8.95,-,-,-,-,-,-,9.12
376,SB14989190,376,ŞCOALA GIMNAZIALĂ NR. 12 SIBIU,9.25,-,-,9,-,-,-,-,-,-,9.12
377,SB11156768,377,ŞCOALA GIMNAZIALĂ NICOLAE IORGA SIBIU,9.15,-,-,9.1,-,-,-,-,-,-,9.12
378,SB10608554,378,LICEUL TIMOTEI CIPARIU DUMBRĂVENI,9.1,-,-,9.15,-,-,-,-,-,-,9.12
379,SB10006222,379,LICEUL TEORETIC GHEORGHE LAZĂR AVRIG,9.05,-,-,9.2,-,-,-,-,-,-,9.12
380,SB10353702,380,LICEUL TEORETIC CONSTANTIN NOICA SIBIU,9.05,9.5,9.5,8.75,-,-,-,-,-,-,9.12
381,SB10332445,381,ŞCOALA GIMNAZIALĂ CONSTANTIN IOAN MOTAŞ MEDIAŞ,9,-,-,9.25,-,-,-,-,-,-,9.12
382,SB10346769,382,ŞCOALA GIMNAZIALĂ NR. 8 SIBIU,8.95,-,-,9.3,-,-,-,-,-,-,9.12
383,SB10111832,383,ŞCOALA GIMNAZIALĂ IOAN SLAVICI SIBIU,8.95,-,-,9.3,-,-,-,-,-,-,9.12
384,SB10465624,384,COLEGIUL NAȚIONAL GHEORGHE LAZĂR SIBIU,8.85,-,-,9.4,-,-,-,-,-,-,9.12
385,SB11023585,385,ŞCOALA GIMNAZIALĂ NICOLAE IORGA SIBIU,8.65,-,-,9.6,-,-,-,-,-,-,9.12
386,SB866051,386,ŞCOALA GIMNAZIALĂ REGINA MARIA SIBIU,8.6,-,-,9.65,-,-,-,-,-,-,9.12
387,SB10090901,387,COLEGIUL NAȚIONAL SAMUEL VON BRUKENTHAL SIBIU,9.2,-,-,9.1,-,-,Limba germana,9.05,-,-,9.11
388,SB10663335,388,ŞCOALA GIMNAZIALĂ REGINA MARIA SIBIU,9.7,-,-,8.5,-,-,-,-,-,-,9.1
389,SB10347556,389,ŞCOALA GIMNAZIALĂ REGELE FERDINAND SIBIU,9.7,-,-,8.5,-,-,-,-,-,-,9.1
390,SB10460175,390,COLEGIUL NAȚIONAL OCTAVIAN GOGA SIBIU,9.5,-,-,8.7,-,-,-,-,-,-,9.1
391,SB13982919,391,LICEUL ROMÂNO - FINLANDEZ ERI SIBIU,9.35,-,-,8.85,-,-,-,-,-,-,9.1
392,SB10080937,392,COLEGIUL NAȚIONAL OCTAVIAN GOGA SIBIU,9.35,-,-,8.85,-,-,-,-,-,-,9.1
393,SB9379224,393,ŞCOALA GIMNAZIALĂ NR. 3 CISNĂDIE,9.3,-,-,8.9,-,-,-,-,-,-,9.1
394,SB10081795,394,ŞCOALA GIMNAZIALĂ MIHAI EMINESCU MEDIAŞ,9.25,-,-,8.95,-,-,-,-,-,-,9.1
395,SB9988804,395,LICEUL TEHNOLOGIC IOAN LUPAŞ SĂLIŞTE,9.15,-,-,9.05,-,-,-,-,-,-,9.1
396,SB4069451,396,ŞCOALA GIMNAZIALĂ NR. 18 SIBIU,9.1,-,-,9.1,-,-,-,-,-,-,9.1
397,SB8960136,397,ŞCOALA GIMNAZIALĂ MIHAI VITEAZU ŞELIMBĂR,8.95,9.2,9.2,8.8,9,9,-,-,-,-,9.1
398,SB10386729,398,COLEGIUL NAȚIONAL OCTAVIAN GOGA SIBIU,8.9,-,-,9.3,-,-,-,-,-,-,9.1
399,SB9822243,399,ŞCOALA GIMNAZIALĂ NICOLAE IORGA SIBIU,8.85,8.85,8.85,9.35,-,-,-,-,-,-,9.1
400,SB10380483,400,LICEUL TEORETIC ROTH - OBERTH MEDIAŞ,8.75,-,-,9,-,-,Limba germana,9.55,-,-,9.1
401,SB6227301,401,COLEGIUL NAȚIONAL SAMUEL VON BRUKENTHAL SIBIU,9.6,-,-,8.4,-,-,Limba germana,9.25,-,-,9.08
402,SB9808298,402,COLEGIUL NAȚIONAL SAMUEL VON BRUKENTHAL SIBIU,9.15,-,-,9.5,-,-,Limba germana,8.6,-,-,9.08
403,SB12317299,403,COLEGIUL NAȚIONAL SAMUEL VON BRUKENTHAL SIBIU,9.1,-,-,8.6,-,-,Limba germana,9.55,-,-,9.08
404,SB10488661,404,LICEUL TEORETIC ROTH - OBERTH MEDIAŞ,9.05,-,-,8.45,-,-,Limba germana,9.75,-,-,9.08
405,SB10016159,405,COLEGIUL NAȚIONAL OCTAVIAN GOGA SIBIU,8.6,-,-,9.05,-,-,Limba germana,9.6,-,-,9.08
406,SB10115900,406,ŞCOALA GIMNAZIALĂ NICOLAE IORGA SIBIU,9.55,-,-,8.6,-,-,-,-,-,-,9.07
407,SB10662589,407,ŞCOALA GIMNAZIALĂ NICOLAE IORGA SIBIU,9.45,-,-,8.7,-,-,-,-,-,-,9.07
408,SB12136945,408,ŞCOALA GIMNAZIALĂ MIHAI VITEAZU ŞELIMBĂR,9.45,-,-,8.7,-,-,-,-,-,-,9.07
409,SB10493080,409,ŞCOALA GIMNAZIALĂ NR. 4 MEDIAŞ,9.2,-,-,8.95,-,-,-,-,-,-,9.07
410,SB10091259,410,ŞCOALA GIMNAZIALĂ NR. 4 SIBIU,9.1,9.15,9.15,9,-,-,-,-,-,-,9.07
411,SB12297587,411,ŞCOALA GIMNAZIALĂ NR. 4 SIBIU,9.05,-,-,9.1,-,-,-,-,-,-,9.07
412,SB7922619,412,ŞCOALA GIMNAZIALĂ IOAN BAN - DASCĂLU POIANA SIBIULUI,9.05,-,-,9.1,-,-,-,-,-,-,9.07
413,SB10408243,413,ŞCOALA GIMNAZIALĂ RACOVIŢA,9.05,-,-,9.1,-,-,-,-,-,-,9.07
414,SB10297782,414,ŞCOALA GIMNAZIALĂ MIHAI EMINESCU MEDIAŞ,9,-,-,9.15,-,-,-,-,-,-,9.07
415,SB9404129,415,ŞCOALA GIMNAZIALĂ ION LUCA CARAGIALE SIBIU,8.05,9,9,9.15,-,-,-,-,-,-,9.07
416,SB10290101,416,LICEUL TEORETIC ONISIFOR GHIBU SIBIU,9.7,-,-,8,-,-,Limba germana,9.5,-,-,9.06
417,SB9527334,417,COLEGIUL NAȚIONAL OCTAVIAN GOGA SIBIU,9.35,-,-,8.75,-,-,Limba germana,8.3,9.1,9.1,9.06
418,SB11116455,418,ŞCOALA GIMNAZIALĂ ION LUCA CARAGIALE SIBIU,9.05,9.05,9.05,8.95,-,-,Limba germana,9.2,-,-,9.06
419,SB9793624,419,ŞCOALA GIMNAZIALĂ NR. 4 SIBIU,9.6,-,-,8.5,-,-,-,-,-,-,9.05
420,SB12310903,420,COLEGIUL NAȚIONAL OCTAVIAN GOGA SIBIU,9.55,-,-,8.55,-,-,-,-,-,-,9.05
421,SB10122533,421,LICEUL TEORETIC ROTH - OBERTH MEDIAŞ,9.55,-,-,8.2,-,-,Limba germana,9.4,-,-,9.05
422,SB10334219,422,ŞCOALA GIMNAZIALĂ CIREŞARII MEDIAŞ,9.4,-,-,8.7,-,-,-,-,-,-,9.05
423,SB10081009,423,ŞCOALA GIMNAZIALĂ MIHAI EMINESCU MEDIAŞ,9.3,-,-,8.8,-,-,-,-,-,-,9.05
424,SB10546327,424,ŞCOALA GIMNAZIALĂ NICOLAE IORGA SIBIU,9.25,-,-,9.25,-,-,Limba germana,8.65,-,-,9.05
425,SB9808025,425,COLEGIUL NAȚIONAL SAMUEL VON BRUKENTHAL SIBIU,9.25,-,-,8.5,-,-,Limba germana,9.4,-,-,9.05
426,SB10465761,426,COLEGIUL NAȚIONAL SAMUEL VON BRUKENTHAL SIBIU,9.2,-,-,9.1,-,-,Limba germana,8.85,-,-,9.05
427,SB10359584,427,ŞCOALA GIMNAZIALĂ TILIŞCA,9.15,-,-,8.95,-,-,-,-,-,-,9.05
428,SB9109660,428,ŞCOALA GIMNAZIALĂ NR. 21 SIBIU,9.15,-,-,8.95,-,-,-,-,-,-,9.05
429,SB10425548,429,ŞCOALA GIMNAZIALĂ NR. 8 SIBIU,9.1,-,-,9,-,-,-,-,-,-,9.05
430,SB10344694,430,ŞCOALA GIMNAZIALĂ RADU SELEJAN SIBIU,9.05,-,-,9.05,-,-,-,-,-,-,9.05
431,SB9641639,431,COLEGIUL NAȚIONAL SAMUEL VON BRUKENTHAL SIBIU,9,-,-,8.2,-,-,Limba germana,9.95,-,-,9.05
432,SB10346126,432,LICEUL TEORETIC ROTH - OBERTH MEDIAŞ,8.95,-,-,8.5,-,-,Limba germana,9.7,-,-,9.05
433,SB10059218,433,ŞCOALA GIMNAZIALĂ NR. 13 SIBIU,8.9,-,-,9.2,-,-,-,-,-,-,9.05
434,SB12318383,434,COLEGIUL NAȚIONAL GHEORGHE LAZĂR SIBIU,8.75,-,-,9.35,-,-,-,-,-,-,9.05
435,SB11072840,435,ŞCOALA GIMNAZIALĂ NR. 18 SIBIU,8.75,-,-,9.35,-,-,-,-,-,-,9.05
436,SB11116614,436,ŞCOALA GIMNAZIALĂ REGINA MARIA SIBIU,8.7,-,-,9.4,-,-,-,-,-,-,9.05
437,SB11007195,437,COLEGIUL NAȚIONAL OCTAVIAN GOGA SIBIU,9.4,-,-,9.05,-,-,Limba germana,8.65,-,-,9.03
438,SB10119870,438,COLEGIUL NAȚIONAL SAMUEL VON BRUKENTHAL SIBIU,9.2,9.3,9.3,8.55,-,-,Limba germana,9.1,9.25,9.25,9.03
439,SB12310133,439,ŞCOALA GIMNAZIALĂ ION LUCA CARAGIALE SIBIU,9.05,-,-,9.35,-,-,Limba germana,8.45,8.7,8.7,9.03
440,SB10298254,440,COLEGIUL NAȚIONAL SAMUEL VON BRUKENTHAL SIBIU,8.85,-,-,9.4,-,-,Limba germana,8.85,-,-,9.03
441,SB10510460,441,LICEUL TEORETIC ROTH - OBERTH MEDIAŞ,8.75,-,-,8.65,-,-,Limba germana,9.7,-,-,9.03
442,SB11145003,442,ŞCOALA GIMNAZIALĂ SAMUIL MICU SADU,9.65,-,-,8.4,-,-,-,-,-,-,9.02
443,SB12297584,443,ŞCOALA GIMNAZIALĂ NR. 4 SIBIU,9.55,-,-,8.5,-,-,-,-,-,-,9.02
444,SB10411002,444,COLEGIUL NAȚIONAL OCTAVIAN GOGA SIBIU,9.4,-,-,8.65,-,-,-,-,-,-,9.02
445,SB9937109,445,LICEUL TEHNOLOGIC JOHANNES LEBEL TĂLMACIU,9.4,-,-,8.65,-,-,-,-,-,-,9.02
446,SB10410722,446,ŞCOALA GIMNAZIALĂ NR. 18 SIBIU,9.35,-,-,8.7,-,-,-,-,-,-,9.02
447,SB3976901,447,ŞCOALA GIMNAZIALĂ NR. 18 SIBIU,9.2,-,-,8.85,-,-,-,-,-,-,9.02
448,SB10074363,448,ŞCOALA GIMNAZIALĂ MIHAI EMINESCU MEDIAŞ,9.1,-,-,8.95,-,-,-,-,-,-,9.02
449,SB10425648,449,ŞCOALA GIMNAZIALĂ NR. 13 SIBIU,9.05,-,-,9,-,-,-,-,-,-,9.02
450,SB10551703,450,ŞCOALA GIMNAZIALĂ NR. 21 SIBIU,8.95,-,-,9.1,-,-,-,-,-,-,9.02
451,SB9625248,451,ŞCOALA GIMNAZIALĂ NR. 8 SIBIU,8.95,-,-,9.1,-,-,-,-,-,-,9.02
452,SB10464823,452,ŞCOALA GIMNAZIALĂ NICOLAE IORGA SIBIU,8.85,-,-,9.2,-,-,-,-,-,-,9.02
453,SB9606587,453,ŞCOALA GIMNAZIALĂ NR. 3 CISNĂDIE,8.7,-,-,9.35,-,-,-,-,-,-,9.02
454,SB10662273,454,ŞCOALA GIMNAZIALĂ NICOLAE IORGA SIBIU,9.7,-,-,8.3,-,-,-,-,-,-,9
455,SB10330418,455,ŞCOALA GIMNAZIALĂ CONSTANTIN IOAN MOTAŞ MEDIAŞ,9.45,-,-,8.55,-,-,-,-,-,-,9
456,SB10264066,456,ŞCOALA GIMNAZIALĂ NR. 13 SIBIU,9.45,-,-,8.55,-,-,-,-,-,-,9
457,SB10345809,457,ŞCOALA GIMNAZIALĂ MIHAI EMINESCU MEDIAŞ,9.45,-,-,8.55,-,-,-,-,-,-,9
458,SB10292482,458,ŞCOALA GIMNAZIALĂ GEORG DANIEL TEUTSCH AGNITA,9.3,-,-,8.7,-,-,-,-,-,-,9
459,SB8570058,459,ŞCOALA GIMNAZIALĂ NR. 4 SIBIU,9.25,-,-,8.4,8.5,8.5,Limba germana,9.25,-,-,9
460,SB10464927,460,ŞCOALA GIMNAZIALĂ NR. 21 SIBIU,9.15,-,-,8.85,-,-,-,-,-,-,9
461,SB10386389,461,COLEGIUL NAȚIONAL OCTAVIAN GOGA SIBIU,9.15,-,-,8.85,-,-,-,-,-,-,9
462,SB11149561,462,ŞCOALA GIMNAZIALĂ NR. 4 SIBIU,9.15,9.4,9.4,8.6,-,-,-,-,-,-,9
463,SB10530815,463,ŞCOALA GIMNAZIALĂ REGINA MARIA SIBIU,9.1,-,-,8.9,-,-,-,-,-,-,9
464,SB11075823,464,COLEGIUL NAȚIONAL SAMUEL VON BRUKENTHAL SIBIU,9.1,-,-,8.5,-,-,Limba germana,9.4,-,-,9
465,SB9750914,465,COLEGIUL NAȚIONAL OCTAVIAN GOGA SIBIU,9,-,-,9,-,-,-,-,-,-,9
466,SB9727896,466,ŞCOALA GIMNAZIALĂ ION POP RETEGANUL ORLAT,9,-,-,9,-,-,-,-,-,-,9
467,SB9414334,467,COLEGIUL NAȚIONAL OCTAVIAN GOGA SIBIU,8.95,-,-,9.05,-,-,-,-,-,-,9
468,SB4074251,468,ŞCOALA GIMNAZIALĂ NR. 18 SIBIU,8.95,-,-,9.05,-,-,-,-,-,-,9
469,SB12313688,469,ŞCOALA GIMNAZIALĂ ION LUCA CARAGIALE SIBIU,8.85,-,-,9.15,-,-,-,-,-,-,9
470,SB10116079,470,ŞCOALA GIMNAZIALĂ MIHAI EMINESCU MEDIAŞ,8.85,-,-,9.15,-,-,-,-,-,-,9
471,SB9626074,471,ŞCOALA GIMNAZIALĂ NR. 8 SIBIU,8.8,-,-,9.2,-,-,-,-,-,-,9
472,SB9517953,472,COLEGIUL NAȚIONAL GHEORGHE LAZĂR SIBIU,8.8,-,-,9.2,-,-,-,-,-,-,9
473,SB10321170,473,ŞCOALA GIMNAZIALĂ NR. 3 CISNĂDIE,8.8,9.05,9.05,8.95,-,-,-,-,-,-,9
474,SB9036624,474,ŞCOALA GIMNAZIALĂ NR. 10 SIBIU,8.75,-,-,9.25,-,-,-,-,-,-,9
475,SB657901,475,COLEGIUL NAȚIONAL GHEORGHE LAZĂR SIBIU,8.75,-,-,9.25,-,-,-,-,-,-,9
476,SB4856751,476,ŞCOALA GIMNAZIALĂ NR. 18 SIBIU,8.75,8.85,8.85,9.15,-,-,-,-,-,-,9
477,SB10097746,477,COLEGIUL NAȚIONAL SAMUEL VON BRUKENTHAL SIBIU,8.75,8.85,8.85,8.6,-,-,Limba germana,9.55,-,-,9
478,SB9808373,478,COLEGIUL NAȚIONAL SAMUEL VON BRUKENTHAL SIBIU,8.75,9.25,9.25,8.35,-,-,Limba germana,9.4,-,-,9
479,SB10548879,479,ŞCOALA GIMNAZIALĂ NICOLAE IORGA SIBIU,8.7,8.8,8.8,9.2,-,-,-,-,-,-,9
480,SB7867825,480,ŞCOALA GIMNAZIALĂ OCNA SIBIULUI,8.65,-,-,9.35,-,-,-,-,-,-,9
481,SB9209121,481,ŞCOALA GIMNAZIALĂ NR. 1 SIBIU,8.6,9.05,9.05,8.95,-,-,-,-,-,-,9
482,SB10324210,482,ŞCOALA GIMNAZIALĂ NR. 18 SIBIU,8.35,9.05,9.05,8.95,-,-,-,-,-,-,9
483,SB10310104,483,ŞCOALA GIMNAZIALĂ GEORG DANIEL TEUTSCH AGNITA,9.4,-,-,9.2,-,-,Limba germana,8.35,-,-,8.98
484,SB10514163,484,LICEUL TEORETIC ROTH - OBERTH MEDIAŞ,9.1,-,-,8.5,-,-,Limba germana,9.35,-,-,8.98
485,SB9593448,485,ŞCOALA GIMNAZIALĂ NR. 4 SIBIU,9.1,-,-,8.25,-,-,Limba germana,9.6,-,-,8.98
486,SB8558692,486,ŞCOALA GIMNAZIALĂ NR. 4 SIBIU,8.95,-,-,9.15,-,-,Limba germana,8.85,-,-,8.98
487,SB10412273,487,COLEGIUL NAȚIONAL OCTAVIAN GOGA SIBIU,8.95,-,-,8.9,-,-,Limba germana,9.1,-,-,8.98
488,SB10292251,488,LICEUL TEORETIC ROTH - OBERTH MEDIAŞ,8.9,-,-,9.15,-,-,Limba germana,8.9,-,-,8.98
489,SB10465359,489,LICEUL TEORETIC ONISIFOR GHIBU SIBIU,8.75,-,-,9.15,-,-,Limba germana,9.05,-,-,8.98
490,SB10326859,490,ŞCOALA GIMNAZIALĂ NR. 4 SIBIU,8.4,9.05,9.05,9.3,-,-,Limba germana,8.6,-,-,8.98
491,SB12309787,491,COLEGIUL NAȚIONAL OCTAVIAN GOGA SIBIU,9.65,-,-,8.3,-,-,-,-,-,-,8.97
492,SB658951,492,ŞCOALA GIMNAZIALĂ NR. 4 SIBIU,9.45,-,-,8.5,-,-,-,-,-,-,8.97
493,SB10550523,493,ŞCOALA GIMNAZIALĂ NICOLAE IORGA SIBIU,9.45,-,-,8.5,-,-,-,-,-,-,8.97
494,SB10475657,494,ŞCOALA GIMNAZIALĂ NICOLAE IORGA SIBIU,9.45,-,-,8.5,-,-,-,-,-,-,8.97
495,SB12225695,495,ŞCOALA GIMNAZIALĂ REGINA MARIA SIBIU,9.4,-,-,8.55,-,-,-,-,-,-,8.97
496,SB10465100,496,ŞCOALA GIMNAZIALĂ NICOLAE IORGA SIBIU,9.25,-,-,8.7,-,-,-,-,-,-,8.97
497,SB10264111,497,ŞCOALA GIMNAZIALĂ NR. 18 SIBIU,9.2,-,-,8.75,-,-,-,-,-,-,8.97
498,SB664501,498,COLEGIUL NAȚIONAL OCTAVIAN GOGA SIBIU,9.2,-,-,8.75,-,-,-,-,-,-,8.97
499,SB10621678,499,ŞCOALA GIMNAZIALĂ ION LUCA CARAGIALE SIBIU,9.05,-,-,8.9,-,-,-,-,-,-,8.97
500,SB10264213,500,ŞCOALA GIMNAZIALĂ NR. 13 SIBIU,9,-,-,8.95,-,-,-,-,-,-,8.97
501,SB11078833,501,ŞCOALA GIMNAZIALĂ NR. 4 SIBIU,8.9,-,-,9.05,-,-,-,-,-,-,8.97
502,SB657751,502,ŞCOALA GIMNAZIALĂ REGINA MARIA SIBIU,8.9,-,-,9.05,-,-,-,-,-,-,8.97
503,SB9180905,503,ŞCOALA GIMNAZIALĂ NICOLAE IORGA SIBIU,8.85,9.05,9.05,8.9,-,-,-,-,-,-,8.97
504,SB9806719,504,ŞCOALA GIMNAZIALĂ REGINA MARIA SIBIU,8.6,-,-,9.35,-,-,-,-,-,-,8.97
505,SB10826038,505,ŞCOALA GIMNAZIALĂ OCTAVIAN GOGA RĂŞINARI,8.6,-,-,9.35,-,-,-,-,-,-,8.97
506,SB10993923,506,LICEUL TEORETIC CONSTANTIN NOICA SIBIU,8.45,-,-,9.5,-,-,-,-,-,-,8.97
507,SB10005685,507,LICEUL TEORETIC GHEORGHE LAZĂR AVRIG,8.35,8.8,8.8,9.15,-,-,-,-,-,-,8.97
508,SB10432546,508,COLEGIUL NAȚIONAL OCTAVIAN GOGA SIBIU,8.45,9,9,9.05,-,-,Limba germana,9.1,8.85,8.85,8.96
509,SB10461556,509,ŞCOALA GIMNAZIALĂ NICOLAE IORGA SIBIU,9.65,-,-,8.25,-,-,-,-,-,-,8.95
510,SB9524940,510,COLEGIUL NAȚIONAL OCTAVIAN GOGA SIBIU,9.6,-,-,8.3,-,-,-,-,-,-,8.95
511,SB9067263,511,ŞCOALA GIMNAZIALĂ REGINA MARIA SIBIU,9.55,-,-,8.35,-,-,-,-,-,-,8.95
512,SB10407641,512,LICEUL TEHNOLOGIC MÂRŞA,9.3,-,-,8.6,-,-,-,-,-,-,8.95
513,SB8696253,513,ŞCOALA GIMNAZIALĂ MIHAI VITEAZU ŞELIMBĂR,9.3,-,-,8.6,-,-,-,-,-,-,8.95
514,SB9522227,514,LICEUL TIMOTEI CIPARIU DUMBRĂVENI,9.15,-,-,8.75,-,-,-,-,-,-,8.95
515,SB12317709,515,ŞCOALA GIMNAZIALĂ NR. 8 SIBIU,9,-,-,8.9,-,-,-,-,-,-,8.95
516,SB10464729,516,ŞCOALA GIMNAZIALĂ REGINA MARIA SIBIU,8.95,-,-,8.95,-,-,-,-,-,-,8.95
517,SB10550060,517,COLEGIUL NAȚIONAL SAMUEL VON BRUKENTHAL SIBIU,8.95,8.4,8.4,8.7,-,-,Limba germana,9.75,-,-,8.95
518,SB10264832,518,ŞCOALA GIMNAZIALĂ NR. 18 SIBIU,8.8,-,-,9.1,-,-,-,-,-,-,8.95
519,SB9675946,519,ŞCOALA GIMNAZIALĂ NR. 8 SIBIU,8.75,-,-,9.15,-,-,-,-,-,-,8.95
520,SB10091621,520,ŞCOALA GIMNAZIALĂ NR. 4 SIBIU,8.65,8.5,8.5,9.4,-,-,-,-,-,-,8.95
521,SB12315017,521,ŞCOALA GIMNAZIALĂ NR. 8 SIBIU,8.65,-,-,8.8,9.25,9.25,-,-,-,-,8.95
522,SB10425662,522,COLEGIUL NAȚIONAL SAMUEL VON BRUKENTHAL SIBIU,8.45,9.1,9.1,8.95,8.9,8.9,Limba germana,8.85,-,-,8.95
523,SB9103780,523,COLEGIUL NAȚIONAL OCTAVIAN GOGA SIBIU,8.15,9,9,8.9,-,-,-,-,-,-,8.95
524,SB10425281,524,COLEGIUL NAȚIONAL SAMUEL VON BRUKENTHAL SIBIU,9.15,8.95,8.95,9.05,-,-,Limba germana,8.8,-,-,8.93
525,SB10522114,525,ŞCOALA GIMNAZIALĂ NR. 3 CISNĂDIE,9.55,-,-,8.3,-,-,-,-,-,-,8.92
526,SB10503509,526,ŞCOALA GIMNAZIALĂ NICOLAE IORGA SIBIU,9.5,-,-,8.35,-,-,-,-,-,-,8.92
527,SB8543246,527,COLEGIUL NAȚIONAL OCTAVIAN GOGA SIBIU,9.4,-,-,8.45,-,-,-,-,-,-,8.92
528,SB10533572,528,ŞCOALA GIMNAZIALĂ NICOLAE IORGA SIBIU,9.3,-,-,8.55,-,-,-,-,-,-,8.92
529,SB10591040,529,ŞCOALA GIMNAZIALĂ NR. 3 CISNĂDIE,9.2,-,-,8.65,-,-,-,-,-,-,8.92
530,SB6906851,530,ŞCOALA GIMNAZIALĂ NR. 21 SIBIU,9.2,-,-,8.65,-,-,-,-,-,-,8.92
531,SB10119747,531,LICEUL DE ARTĂ SIBIU,9.1,-,-,8.75,-,-,-,-,-,-,8.92
532,SB10523916,532,ŞCOALA GIMNAZIALĂ NR. 21 SIBIU,9.1,-,-,8.75,-,-,-,-,-,-,8.92
533,SB666551,533,ŞCOALA GIMNAZIALĂ NR. 1 SIBIU,9.05,8.6,8.6,9.25,-,-,-,-,-,-,8.92
534,SB10430059,534,LICEUL TEORETIC CONSTANTIN NOICA SIBIU,8.95,-,-,8.55,8.9,8.9,-,-,-,-,8.92
535,SB10388559,535,ŞCOALA GIMNAZIALĂ ION LUCA CARAGIALE SIBIU,8.9,-,-,8.95,-,-,-,-,-,-,8.92
536,SB12234628,536,ŞCOALA GIMNAZIALĂ NR. 13 SIBIU,8.85,-,-,9,-,-,-,-,-,-,8.92
537,SB10475274,537,ŞCOALA GIMNAZIALĂ GEORG DANIEL TEUTSCH AGNITA,8.85,-,-,9,-,-,-,-,-,-,8.92
538,SB8128929,538,ŞCOALA GIMNAZIALĂ BOIAN,8.85,-,-,9,-,-,-,-,-,-,8.92
539,SB10431176,539,ŞCOALA GIMNAZIALĂ IOAN SLAVICI SIBIU,8.8,-,-,9.05,-,-,-,-,-,-,8.92
540,SB10936217,540,LICEUL TEHNOLOGIC JOHANNES LEBEL TĂLMACIU,8.7,-,-,9.15,-,-,-,-,-,-,8.92
541,SB10457683,541,COLEGIUL NAȚIONAL OCTAVIAN GOGA SIBIU,8.55,-,-,9.3,-,-,-,-,-,-,8.92
542,SB9814942,542,LICEUL TEORETIC GHEORGHE LAZĂR AVRIG,8.4,-,-,9.45,-,-,-,-,-,-,8.92
543,SB10022357,543,ŞCOALA GIMNAZIALĂ NR. 12 SIBIU,9.75,-,-,8.05,-,-,-,-,-,-,8.9
544,SB12310341,544,ŞCOALA GIMNAZIALĂ NR. 8 SIBIU,9.35,-,-,8.45,-,-,-,-,-,-,8.9
545,SB9594370,545,ŞCOALA GIMNAZIALĂ NICOLAE IORGA SIBIU,9.25,-,-,8.9,-,-,Limba germana,8.55,-,-,8.9
546,SB10469732,546,ŞCOALA GIMNAZIALĂ NR. 7 MEDIAŞ,9.25,-,-,8.55,-,-,-,-,-,-,8.9
547,SB9080040,547,ŞCOALA GIMNAZIALĂ OCTAVIAN GOGA RĂŞINARI,9.2,-,-,8.6,-,-,-,-,-,-,8.9
548,SB10392098,548,ŞCOALA GIMNAZIALĂ POPLACA,9.15,-,-,8.65,-,-,-,-,-,-,8.9
549,SB9657197,549,ŞCOALA GIMNAZIALĂ NICOLAE IORGA SIBIU,9.15,9.6,9.6,8.2,-,-,-,-,-,-,8.9
550,SB10536893,550,ŞCOALA GIMNAZIALĂ NICOLAE IORGA SIBIU,9.1,-,-,8.7,-,-,-,-,-,-,8.9
551,SB10553880,551,COLEGIUL NAȚIONAL PEDAGOGIC ANDREI ŞAGUNA SIBIU,9.05,-,-,8.75,-,-,-,-,-,-,8.9
552,SB10346187,552,ŞCOALA GIMNAZIALĂ CIREŞARII MEDIAŞ,8.9,-,-,8.9,-,-,-,-,-,-,8.9
553,SB10535009,553,ŞCOALA GIMNAZIALĂ REGINA MARIA SIBIU,8.85,8.8,8.8,9,-,-,-,-,-,-,8.9
554,SB10454294,554,ŞCOALA GIMNAZIALĂ NICOLAE IORGA SIBIU,8.85,8.7,8.7,8.5,8.55,8.55,Limba germana,9.45,-,-,8.9
555,SB10445588,555,ŞCOALA GIMNAZIALĂ NR. 4 SIBIU,8.75,8.75,8.75,9.05,-,-,-,-,-,-,8.9
556,SB8006923,556,ŞCOALA GIMNAZIALĂ AGÂRBICIU,8.6,8.55,8.55,9.25,-,-,-,-,-,-,8.9
557,SB10340303,557,LICEUL DE ARTĂ SIBIU,8.5,9,9,8.8,-,-,-,-,-,-,8.9
558,SB9076302,558,LICEUL TEORETIC GUSTAV GUNDISCH CISNĂDIE,8.4,-,-,9.4,-,-,-,-,-,-,8.9
559,SB10344002,559,ŞCOALA GIMNAZIALĂ IOAN SLAVICI SIBIU,8.2,-,-,9.6,-,-,-,-,-,-,8.9
560,SB10563380,560,COLEGIUL NAȚIONAL SAMUEL VON BRUKENTHAL SIBIU,9.5,-,-,7.9,-,-,Limba germana,9.25,-,-,8.88
561,SB2691351,561,LICEUL TEORETIC GUSTAV GUNDISCH CISNĂDIE,9.1,-,-,8.2,-,-,Limba germana,9.35,-,-,8.88
562,SB10295019,562,LICEUL TEORETIC ROTH - OBERTH MEDIAŞ,9,-,-,7.8,-,-,Limba germana,9.85,-,-,8.88
563,SB10099528,563,ŞCOALA GIMNAZIALĂ NR. 4 SIBIU,8.65,-,-,9.4,-,-,Limba germana,8.6,-,-,8.88
564,SB6234951,564,ŞCOALA GIMNAZIALĂ ION LUCA CARAGIALE SIBIU,8.6,-,-,9.4,-,-,Limba germana,8.65,-,-,8.88
565,SB10058211,565,ŞCOALA GIMNAZIALĂ BATHORY ISTVAN MEDIAŞ,8.4,8.3,8.3,8.55,-,-,Limba maghiara,9.8,-,-,8.88
566,SB10426608,566,COLEGIUL NAȚIONAL OCTAVIAN GOGA SIBIU,9.4,9,9,8.75,-,-,-,-,-,-,8.87
567,SB9118074,567,ŞCOALA GIMNAZIALĂ OCTAVIAN GOGA RĂŞINARI,9.3,-,-,8.45,-,-,-,-,-,-,8.87
568,SB8465685,568,ŞCOALA GIMNAZIALĂ NR. 21 SIBIU,9.3,-,-,8.45,-,-,-,-,-,-,8.87
569,SB9662625,569,ŞCOALA GIMNAZIALĂ NR. 25 SIBIU,9.25,-,-,8.5,-,-,-,-,-,-,8.87
570,SB10440552,570,ŞCOALA GIMNAZIALĂ NR. 7 MEDIAŞ,9.2,-,-,8.55,-,-,-,-,-,-,8.87
571,SB10124259,571,ŞCOALA GIMNAZIALĂ NICOLAE IORGA SIBIU,9.2,-,-,8.55,-,-,-,-,-,-,8.87
572,SB9976613,572,ŞCOALA GIMNAZIALĂ NR. 21 SIBIU,9.2,-,-,8.55,-,-,-,-,-,-,8.87
573,SB10346203,573,ŞCOALA GIMNAZIALĂ NR. 4 SIBIU,9.15,-,-,8.6,-,-,-,-,-,-,8.87
574,SB10532153,574,ŞCOALA GIMNAZIALĂ NR. 8 SIBIU,9.15,-,-,8.6,-,-,-,-,-,-,8.87
575,SB660001,575,ŞCOALA GIMNAZIALĂ NR. 1 SIBIU,9.1,-,-,8.65,-,-,-,-,-,-,8.87
576,SB11077252,576,ŞCOALA GIMNAZIALĂ NR. 1 SIBIU,9.05,8.5,8.5,9.25,-,-,-,-,-,-,8.87
577,SB9628526,577,ŞCOALA GIMNAZIALĂ REGINA MARIA SIBIU,9.05,-,-,8.7,-,-,-,-,-,-,8.87
578,SB10333362,578,ŞCOALA GIMNAZIALĂ CIREŞARII MEDIAŞ,9.05,-,-,8.7,-,-,-,-,-,-,8.87
579,SB10480487,579,ŞCOALA GIMNAZIALĂ RADU SELEJAN SIBIU,8.7,-,-,9.05,-,-,-,-,-,-,8.87
580,SB9134394,580,ŞCOALA GIMNAZIALĂ NR. 8 SIBIU,8.6,-,-,9,9.15,9.15,-,-,-,-,8.87
581,SB9838981,581,ŞCOALA GIMNAZIALĂ LOAMNEŞ,8.45,-,-,9.3,-,-,-,-,-,-,8.87
582,SB10664577,582,ŞCOALA GIMNAZIALĂ NICOLAE IORGA SIBIU,8.4,-,-,9.35,-,-,-,-,-,-,8.87
583,SB10496430,583,ŞCOALA GIMNAZIALĂ CIREŞARII MEDIAŞ,9.6,-,-,8.1,-,-,-,-,-,-,8.85
584,SB10553270,584,LICEUL TEORETIC CONSTANTIN NOICA SIBIU,9.4,-,-,8.3,-,-,-,-,-,-,8.85
585,SB10422039,585,COLEGIUL NAȚIONAL SAMUEL VON BRUKENTHAL SIBIU,9.35,-,-,9.2,-,-,Limba germana,8,-,-,8.85
586,SB10346412,586,ŞCOALA GIMNAZIALĂ NR. 1 SIBIU,9.35,-,-,8.35,-,-,-,-,-,-,8.85
587,SB10449866,587,ŞCOALA GIMNAZIALĂ NR. 1 SIBIU,9.3,9.1,9.1,8.6,-,-,-,-,-,-,8.85
588,SB12314692,588,COLEGIUL NAȚIONAL SAMUEL VON BRUKENTHAL SIBIU,9.2,-,-,7.7,-,-,Limba germana,9.65,-,-,8.85
589,SB10385481,589,ŞCOALA GIMNAZIALĂ NR. 4 SIBIU,9.15,-,-,8.55,-,-,-,-,-,-,8.85
590,SB8463219,590,ŞCOALA GIMNAZIALĂ NICOLAE IORGA SIBIU,8.95,-,-,8.75,-,-,-,-,-,-,8.85
591,SB6271801,591,ŞCOALA GIMNAZIALĂ NR. 21 SIBIU,8.9,-,-,8.8,-,-,-,-,-,-,8.85
592,SB10385902,592,ŞCOALA GIMNAZIALĂ NICOLAE IORGA SIBIU,8.85,-,-,8.7,-,-,Limba germana,9,-,-,8.85
593,SB10400014,593,ŞCOALA GIMNAZIALĂ NOCRICH,8.8,8.75,8.75,9,8.95,8.95,-,-,-,-,8.85
594,SB10847741,594,ŞCOALA GIMNAZIALĂ NICOLAE IORGA SIBIU,8.6,-,-,9.1,-,-,-,-,-,-,8.85
595,SB10071480,595,LICEUL TEORETIC ROTH - OBERTH MEDIAŞ,8.65,-,-,8.55,-,-,Limba germana,9.3,-,-,8.83
596,SB10070962,596,LICEUL TEORETIC ROTH - OBERTH MEDIAŞ,8.55,-,-,8.95,-,-,Limba germana,9,-,-,8.83
597,SB10627507,597,ŞCOALA GIMNAZIALĂ IOAN SLAVICI SIBIU,9.6,-,-,8.05,-,-,-,-,-,-,8.82
598,SB12317264,598,ŞCOALA GIMNAZIALĂ MIHAI VITEAZU ŞELIMBĂR,9.25,-,-,8.4,-,-,-,-,-,-,8.82
599,SB660501,599,ŞCOALA GIMNAZIALĂ REGINA MARIA SIBIU,9.25,-,-,8.4,-,-,-,-,-,-,8.82
600,SB9673511,600,ŞCOALA GIMNAZIALĂ NR. 8 SIBIU,9.2,-,-,8.45,-,-,-,-,-,-,8.82
601,SB11085685,601,ŞCOALA GIMNAZIALĂ CIREŞARII MEDIAŞ,9.2,-,-,8.45,-,-,-,-,-,-,8.82
602,SB8558221,602,COLEGIUL NAȚIONAL GHEORGHE LAZĂR SIBIU,8.85,-,-,8.8,-,-,-,-,-,-,8.82
603,SB10334395,603,ŞCOALA GIMNAZIALĂ CIREŞARII MEDIAŞ,8.8,-,-,8.85,-,-,-,-,-,-,8.82
604,SB9787178,604,ŞCOALA GIMNAZIALĂ PORUMBACU DE JOS,8.7,-,-,8.95,-,-,-,-,-,-,8.82
605,SB10847770,605,ŞCOALA GIMNAZIALĂ NR. 13 SIBIU,8.7,-,-,8.45,8.95,8.95,-,-,-,-,8.82
606,SB11075562,606,ŞCOALA GIMNAZIALĂ NR. 1 SIBIU,8.7,9.2,9.2,8.45,-,-,-,-,-,-,8.82
607,SB10345992,607,ŞCOALA GIMNAZIALĂ IOAN SLAVICI SIBIU,8.65,-,-,9,-,-,-,-,-,-,8.82
608,SB10408286,608,LICEUL TEHNOLOGIC MÂRŞA,8.6,8.55,8.55,9.1,-,-,-,-,-,-,8.82
609,SB9657309,609,ŞCOALA GIMNAZIALĂ ŞEICA MARE,8.35,8.6,8.6,9.05,-,-,-,-,-,-,8.82
610,SB10465427,610,ŞCOALA GIMNAZIALĂ NICOLAE IORGA SIBIU,9.5,-,-,8,-,-,Limba germana,9.15,8.95,8.95,8.81
611,SB10423281,611,COLEGIUL NAȚIONAL SAMUEL VON BRUKENTHAL SIBIU,8.55,-,-,9.5,-,-,Limba germana,7.45,8.4,8.4,8.81
612,SB10542258,612,ŞCOALA GIMNAZIALĂ REGINA MARIA SIBIU,9.65,-,-,7.95,-,-,-,-,-,-,8.8
613,SB10315724,613,ŞCOALA GIMNAZIALĂ GEORGE POPA MEDIAŞ,9.4,-,-,8.2,-,-,-,-,-,-,8.8
614,SB10546868,614,ŞCOALA GIMNAZIALĂ RADU SELEJAN SIBIU,9.4,-,-,8.2,-,-,-,-,-,-,8.8
615,SB10482810,615,ŞCOALA GIMNAZIALĂ NR. 21 SIBIU,9.3,-,-,8.05,8.3,8.3,-,-,-,-,8.8
616,SB8465882,616,ŞCOALA GIMNAZIALĂ MIHAI VITEAZU ŞELIMBĂR,9.15,-,-,8.45,-,-,-,-,-,-,8.8
617,SB11075027,617,ŞCOALA GIMNAZIALĂ NR. 8 SIBIU,9.05,-,-,8.55,-,-,-,-,-,-,8.8
618,SB10342064,618,ŞCOALA GIMNAZIALĂ RADU SELEJAN SIBIU,9.05,-,-,8.55,-,-,-,-,-,-,8.8
619,SB10549436,619,ŞCOALA GIMNAZIALĂ NR. 4 SIBIU,9,-,-,8.5,-,-,Limba germana,7.75,8.9,8.9,8.8
620,SB9815189,620,LICEUL TEORETIC GHEORGHE LAZĂR AVRIG,8.75,-,-,8.75,8.85,8.85,-,-,-,-,8.8
621,SB9255530,621,ŞCOALA GIMNAZIALĂ BADEA CÎRŢAN CÂRŢIŞOARA,8.7,-,-,8.9,-,-,-,-,-,-,8.8
622,SB8255310,622,LICEUL TEORETIC CONSTANTIN NOICA SIBIU,8.65,-,-,8.95,-,-,-,-,-,-,8.8
623,SB12317806,623,ŞCOALA GIMNAZIALĂ NR. 8 SIBIU,8.45,-,-,9.15,-,-,-,-,-,-,8.8
624,SB12316534,624,ŞCOALA GIMNAZIALĂ NR. 8 SIBIU,8.45,8.5,8.5,9.1,-,-,-,-,-,-,8.8
625,SB10425789,625,LICEUL TEORETIC ONISIFOR GHIBU SIBIU,8.4,-,-,9.2,-,-,Limba germana,8.6,8.8,8.8,8.8
626,SB11059786,626,ŞCOALA GIMNAZIALĂ NICOLAE IORGA SIBIU,8.15,-,-,9.05,-,-,Limba germana,8.4,9.2,9.2,8.8
627,SB10426273,627,LICEUL TEORETIC ONISIFOR GHIBU SIBIU,9.3,-,-,7.85,-,-,Limba germana,9.2,-,-,8.78
628,SB10455716,628,ŞCOALA GIMNAZIALĂ NR. 4 SIBIU,9.05,-,-,8.35,-,-,Limba germana,8.95,-,-,8.78
629,SB10294675,629,LICEUL TEORETIC ONISIFOR GHIBU SIBIU,8.75,8.9,8.9,9,-,-,Limba germana,8.6,8.45,8.45,8.78
630,SB9657492,630,ŞCOALA GIMNAZIALĂ ŞEICA MARE,9.45,-,-,8.1,-,-,-,-,-,-,8.77
631,SB10426097,631,ŞCOALA GIMNAZIALĂ ION LUCA CARAGIALE SIBIU,9.4,-,-,8.15,-,-,-,-,-,-,8.77
632,SB10088003,632,ŞCOALA GIMNAZIALĂ MIHAI EMINESCU MEDIAŞ,9.4,-,-,8.15,-,-,-,-,-,-,8.77
633,SB10974099,633,ŞCOALA GIMNAZIALĂ NR. 13 SIBIU,9.05,-,-,8.5,-,-,-,-,-,-,8.77
634,SB10345776,634,LICEUL ROMÂNO - FINLANDEZ ERI SIBIU,9.05,-,-,8.5,-,-,-,-,-,-,8.77
635,SB658701,635,ŞCOALA GIMNAZIALĂ NR. 1 SIBIU,9.05,-,-,8.5,-,-,-,-,-,-,8.77
636,SB9126956,636,ŞCOALA GIMNAZIALĂ OCTAVIAN GOGA RĂŞINARI,9.05,-,-,8.5,-,-,-,-,-,-,8.77
637,SB9676647,637,ŞCOALA GIMNAZIALĂ NR. 8 SIBIU,9,-,-,8.55,-,-,-,-,-,-,8.77
638,SB10121569,638,ŞCOALA GIMNAZIALĂ NR. 8 SIBIU,8.9,-,-,8.65,-,-,-,-,-,-,8.77
639,SB10123390,639,ŞCOALA GIMNAZIALĂ NICOLAE IORGA SIBIU,8.65,-,-,8.9,-,-,-,-,-,-,8.77
640,SB10399365,640,ŞCOALA GIMNAZIALĂ NR. 25 SIBIU,8.65,-,-,8.9,-,-,-,-,-,-,8.77
641,SB10160239,641,ŞCOALA GIMNAZIALĂ NR. 13 SIBIU,8.6,-,-,8.95,-,-,-,-,-,-,8.77
642,SB10399997,642,COLEGIUL NAȚIONAL OCTAVIAN GOGA SIBIU,8.55,8.45,8.45,9.1,-,-,-,-,-,-,8.77
643,SB10459174,643,ŞCOALA GIMNAZIALĂ NR. 18 SIBIU,8.4,-,-,9.15,-,-,-,-,-,-,8.77
644,SB10084003,644,ŞCOALA GIMNAZIALĂ NR. 13 SIBIU,8.1,9,9,8.55,-,-,-,-,-,-,8.77
645,SB11116458,645,ŞCOALA GIMNAZIALĂ ION LUCA CARAGIALE SIBIU,9.3,-,-,8,-,-,Limba germana,9,-,-,8.76
646,SB12317050,646,ŞCOALA GIMNAZIALĂ NICOLAE IORGA SIBIU,9.15,-,-,9.2,-,-,Limba germana,8.55,7.95,7.95,8.76
647,SB10315677,647,ŞCOALA GIMNAZIALĂ NICOLAE IORGA SIBIU,8.75,-,-,8.85,-,-,Limba germana,8.7,-,-,8.76
648,SB10072449,648,ŞCOALA GIMNAZIALĂ BATHORY ISTVAN MEDIAŞ,9.55,-,-,7.4,7.75,7.75,Limba maghiara,8.95,-,-,8.75
649,SB665751,649,LICEUL TEORETIC CONSTANTIN NOICA SIBIU,9.1,-,-,8.4,-,-,-,-,-,-,8.75
650,SB9174266,650,ŞCOALA GIMNAZIALĂ REGINA MARIA SIBIU,9.05,-,-,8.45,-,-,-,-,-,-,8.75
651,SB12127755,651,LICEUL TEORETIC CONSTANTIN NOICA SIBIU,9,-,-,8.5,-,-,-,-,-,-,8.75
652,SB10287482,652,ŞCOALA GIMNAZIALĂ REGELE FERDINAND SIBIU,9,-,-,8.5,-,-,-,-,-,-,8.75
653,SB10464797,653,ŞCOALA GIMNAZIALĂ ŞURA MICĂ,9,-,-,8.5,-,-,-,-,-,-,8.75
654,SB8535716,654,LICEUL TEORETIC GUSTAV GUNDISCH CISNĂDIE,9,-,-,8.25,-,-,Limba germana,9,-,-,8.75
655,SB9175309,655,COLEGIUL NAȚIONAL OCTAVIAN GOGA SIBIU,8.95,-,-,8.35,-,-,Limba germana,8.95,-,-,8.75
656,SB10283742,656,ŞCOALA GIMNAZIALĂ GEORG DANIEL TEUTSCH AGNITA,8.85,-,-,8.65,-,-,-,-,-,-,8.75
657,SB9082145,657,ŞCOALA GIMNAZIALĂ OCTAVIAN GOGA RĂŞINARI,8.75,-,-,8.75,-,-,-,-,-,-,8.75
658,SB10308664,658,ŞCOALA GIMNAZIALĂ BATHORY ISTVAN MEDIAŞ,8.75,9.25,9.25,8.1,-,-,Limba maghiara,9.1,8.9,8.9,8.75
659,SB10353527,659,ŞCOALA GIMNAZIALĂ RADU SELEJAN SIBIU,8.7,-,-,8.8,-,-,-,-,-,-,8.75
660,SB10434887,660,ŞCOALA GIMNAZIALĂ IOAN SLAVICI SIBIU,8.7,8.95,8.95,8.55,-,-,-,-,-,-,8.75
661,SB11078079,661,ŞCOALA GIMNAZIALĂ CIREŞARII MEDIAŞ,8.65,-,-,8.85,-,-,-,-,-,-,8.75
662,SB11044614,662,LICEUL ROMÂNO - FINLANDEZ ERI SIBIU,8.65,-,-,8.85,-,-,-,-,-,-,8.75
663,SB10545893,663,ŞCOALA GIMNAZIALĂ NICOLAE IORGA SIBIU,8.6,8,8,9.5,-,-,-,-,-,-,8.75
664,SB10332838,664,ŞCOALA GIMNAZIALĂ CONSTANTIN IOAN MOTAŞ MEDIAŞ,8.6,-,-,8.9,-,-,-,-,-,-,8.75
665,SB9526663,665,COLEGIUL NAȚIONAL OCTAVIAN GOGA SIBIU,8.5,-,-,8.6,-,-,Limba germana,9.15,-,-,8.75
666,SB8579699,666,COLEGIUL NAȚIONAL OCTAVIAN GOGA SIBIU,8.3,8.65,8.65,8.7,-,-,Limba germana,8.9,-,-,8.75
667,SB10464909,667,LICEUL TEORETIC CONSTANTIN NOICA SIBIU,8.25,-,-,9.25,-,-,-,-,-,-,8.75
668,SB10115800,668,LICEUL TEORETIC ROTH - OBERTH MEDIAŞ,9.45,-,-,8.3,-,-,Limba germana,8.45,-,-,8.73
669,SB10380359,669,LICEUL TEORETIC ROTH - OBERTH MEDIAŞ,9.15,-,-,7.45,-,-,Limba germana,9.6,-,-,8.73
670,SB10508300,670,LICEUL TEORETIC ROTH - OBERTH MEDIAŞ,8.9,-,-,7.7,-,-,Limba germana,9.6,-,-,8.73
671,SB12310236,671,ŞCOALA GIMNAZIALĂ NICOLAE IORGA SIBIU,8.6,-,-,8.15,-,-,Limba germana,9.45,-,-,8.73
672,SB12085834,672,ŞCOALA GIMNAZIALĂ CIREŞARII MEDIAŞ,9.55,-,-,7.9,-,-,-,-,-,-,8.72
673,SB9524408,673,ŞCOALA GIMNAZIALĂ AUREL DECEI GURA RÂULUI,9.1,-,-,8.35,-,-,-,-,-,-,8.72
674,SB9070495,674,ŞCOALA GIMNAZIALĂ REGINA MARIA SIBIU,9.05,-,-,8.4,-,-,-,-,-,-,8.72
675,SB9071871,675,ŞCOALA GIMNAZIALĂ REGINA MARIA SIBIU,8.9,-,-,8.55,-,-,-,-,-,-,8.72
676,SB10415523,676,ŞCOALA GIMNAZIALĂ NR. 25 SIBIU,8.9,-,-,8.45,8.55,8.55,-,-,-,-,8.72
677,SB12073380,677,LICEUL TEORETIC CONSTANTIN NOICA SIBIU,8.8,-,-,8.65,-,-,-,-,-,-,8.72
678,SB9937266,678,ŞCOALA GIMNAZIALĂ PĂUCA,8.8,-,-,8.65,-,-,-,-,-,-,8.72
679,SB9520338,679,ŞCOALA GIMNAZIALĂ AUREL DECEI GURA RÂULUI,8.7,8.9,8.9,8.55,-,-,-,-,-,-,8.72
680,SB10096834,680,ŞCOALA GIMNAZIALĂ CIREŞARII MEDIAŞ,8.55,-,-,8.9,-,-,-,-,-,-,8.72
681,SB12297598,681,ŞCOALA GIMNAZIALĂ IOAN SLAVICI SIBIU,8.45,-,-,9,-,-,-,-,-,-,8.72
682,SB10460680,682,COLEGIUL NAȚIONAL OCTAVIAN GOGA SIBIU,8.4,-,-,9.05,-,-,-,-,-,-,8.72
683,SB10427662,683,ŞCOALA GIMNAZIALĂ REGINA MARIA SIBIU,8.4,-,-,9.05,-,-,-,-,-,-,8.72
684,SB10345849,684,ŞCOALA GIMNAZIALĂ NR. 4 SIBIU,8.25,8.4,8.4,9.05,-,-,-,-,-,-,8.72
685,SB10284899,685,ŞCOALA GIMNAZIALĂ GEORG DANIEL TEUTSCH AGNITA,9.25,-,-,9.05,-,-,Limba germana,7.85,-,-,8.71
686,SB11059812,686,ŞCOALA GIMNAZIALĂ NICOLAE IORGA SIBIU,9.25,-,-,7.3,-,-,Limba germana,9.6,-,-,8.71
687,SB10969630,687,ŞCOALA GIMNAZIALĂ NR. 13 SIBIU,9.45,-,-,7.95,-,-,-,-,-,-,8.7
688,SB9950130,688,ŞCOALA GIMNAZIALĂ MIHAI VITEAZU ŞELIMBĂR,9.2,-,-,8.2,-,-,-,-,-,-,8.7
689,SB9527061,689,COLEGIUL NAȚIONAL SAMUEL VON BRUKENTHAL SIBIU,9.15,-,-,8.65,-,-,Limba germana,8.3,-,-,8.7
690,SB10296696,690,ŞCOALA GIMNAZIALĂ CONSTANTIN IOAN MOTAŞ MEDIAŞ,9.15,-,-,8.25,-,-,-,-,-,-,8.7
691,SB11086551,691,ŞCOALA GIMNAZIALĂ NR. 1 SIBIU,9.1,-,-,8.3,-,-,-,-,-,-,8.7
692,SB6271701,692,ŞCOALA GIMNAZIALĂ NR. 21 SIBIU,9.05,-,-,8.35,-,-,-,-,-,-,8.7
693,SB9072413,693,ŞCOALA GIMNAZIALĂ MIHAI VITEAZU ŞELIMBĂR,9.05,-,-,8.35,-,-,-,-,-,-,8.7
694,SB10116528,694,LICEUL TEORETIC ROTH - OBERTH MEDIAŞ,9,-,-,7.9,-,-,Limba germana,9.2,-,-,8.7
695,SB10485552,695,ŞCOALA GIMNAZIALĂ NICOLAE IORGA SIBIU,8.95,-,-,8.45,-,-,-,-,-,-,8.7
696,SB10064842,696,ŞCOALA GIMNAZIALĂ NR. 4 MEDIAŞ,8.9,-,-,8.5,-,-,-,-,-,-,8.7
697,SB2694951,697,LICEUL TEORETIC GUSTAV GUNDISCH CISNĂDIE,8.9,-,-,7.65,-,-,Limba germana,9.55,-,-,8.7
698,SB10569184,698,ŞCOALA GIMNAZIALĂ ION LUCA CARAGIALE SIBIU,8.85,-,-,9.4,-,-,Limba germana,7.85,-,-,8.7
699,SB10331312,699,ŞCOALA GIMNAZIALĂ CIREŞARII MEDIAŞ,8.85,-,-,8.55,-,-,-,-,-,-,8.7
700,SB2691551,700,ŞCOALA GIMNAZIALĂ NR. 3 CISNĂDIE,8.8,-,-,8.6,-,-,-,-,-,-,8.7
701,SB4855201,701,ŞCOALA GIMNAZIALĂ NR. 18 SIBIU,8.75,-,-,8.65,-,-,-,-,-,-,8.7
702,SB9988457,702,ŞCOALA GIMNAZIALĂ NR. 3 CISNĂDIE,8.7,-,-,8.7,-,-,-,-,-,-,8.7
703,SB10084804,703,LICEUL TEHNOLOGIC JOHANNES LEBEL TĂLMACIU,8.7,-,-,8.7,-,-,-,-,-,-,8.7
704,SB10576837,704,ŞCOALA GIMNAZIALĂ NICOLAE IORGA SIBIU,8.55,-,-,8.5,-,-,Limba germana,9.05,-,-,8.7
705,SB10264049,705,ŞCOALA GIMNAZIALĂ NR. 18 SIBIU,8.45,-,-,8.95,-,-,-,-,-,-,8.7
706,SB9813688,706,LICEUL TEORETIC GHEORGHE LAZĂR AVRIG,8.35,-,-,9.05,-,-,-,-,-,-,8.7
707,SB9388049,707,ŞCOALA GIMNAZIALĂ NR. 3 CISNĂDIE,8.2,-,-,9.2,-,-,-,-,-,-,8.7
708,SB10552479,708,ŞCOALA GIMNAZIALĂ NR. 21 SIBIU,8.9,-,-,8.45,-,-,-,-,-,-,8.67
709,SB13454475,709,LICEUL TEORETIC CONSTANTIN NOICA SIBIU,8.9,-,-,8.45,-,-,-,-,-,-,8.67
710,SB7098901,710,ŞCOALA GIMNAZIALĂ NR. 8 SIBIU,8.75,-,-,8.6,-,-,-,-,-,-,8.67
711,SB4092951,711,ŞCOALA GIMNAZIALĂ NR. 18 SIBIU,8.75,-,-,8.6,-,-,-,-,-,-,8.67
712,SB10459631,712,ŞCOALA GIMNAZIALĂ REGINA MARIA SIBIU,8.7,-,-,8.65,-,-,-,-,-,-,8.67
713,SB659001,713,ŞCOALA GIMNAZIALĂ NR. 1 SIBIU,8.65,-,-,8.7,-,-,-,-,-,-,8.67
714,SB7922197,714,ŞCOALA GIMNAZIALĂ IOAN BAN - DASCĂLU POIANA SIBIULUI,8.6,-,-,8.75,-,-,-,-,-,-,8.67
715,SB10127472,715,ŞCOALA GIMNAZIALĂ NR. 18 SIBIU,8.5,-,-,8.85,-,-,-,-,-,-,8.67
716,SB10468893,716,ŞCOALA GIMNAZIALĂ NR. 7 MEDIAŞ,8.35,-,-,9,-,-,-,-,-,-,8.67
717,SB10969921,717,COLEGIUL NAȚIONAL OCTAVIAN GOGA SIBIU,8.3,-,-,9.05,-,-,-,-,-,-,8.67
718,SB13675674,718,ŞCOALA GIMNAZIALĂ NR. 21 SIBIU,8.25,-,-,9.1,-,-,-,-,-,-,8.67
719,SB10293345,719,COLEGIUL NAȚIONAL OCTAVIAN GOGA SIBIU,8.25,-,-,9.1,-,-,-,-,-,-,8.67
720,SB10544410,720,ŞCOALA GIMNAZIALĂ NICOLAE IORGA SIBIU,8,-,-,9.35,-,-,-,-,-,-,8.67
721,SB12314715,721,COLEGIUL NAȚIONAL SAMUEL VON BRUKENTHAL SIBIU,9.35,8.75,8.75,8,7.6,7.6,Limba germana,9.65,-,-,8.66
722,SB10175449,722,COLEGIUL NAȚIONAL SAMUEL VON BRUKENTHAL SIBIU,9.35,-,-,7.35,-,-,Limba germana,9.3,-,-,8.66
723,SB10175018,723,COLEGIUL NAȚIONAL SAMUEL VON BRUKENTHAL SIBIU,9.05,-,-,7.5,-,-,Limba germana,9.45,-,-,8.66
724,SB10561237,724,COLEGIUL NAȚIONAL SAMUEL VON BRUKENTHAL SIBIU,8.95,-,-,7.7,-,-,Limba germana,9.35,-,-,8.66
725,SB10346060,725,LICEUL TEORETIC ROTH - OBERTH MEDIAŞ,8.55,8.65,8.65,8,-,-,Limba germana,9.35,-,-,8.66
726,SB10521467,726,ŞCOALA GIMNAZIALĂ NICOLAE IORGA SIBIU,9.5,-,-,7.8,-,-,-,-,-,-,8.65
727,SB13439042,727,ŞCOALA GIMNAZIALĂ CONSTANTIN IOAN MOTAŞ MEDIAŞ,9.4,-,-,7.9,-,-,-,-,-,-,8.65
728,SB10411975,728,ŞCOALA GIMNAZIALĂ NR. 4 SIBIU,9.35,-,-,9.5,-,-,Limba germana,7.1,-,-,8.65
729,SB11157400,729,ŞCOALA GIMNAZIALĂ REGINA MARIA SIBIU,9.35,-,-,7.95,-,-,-,-,-,-,8.65
730,SB12316195,730,ŞCOALA GIMNAZIALĂ NICOLAE IORGA SIBIU,9.2,-,-,8.1,-,-,-,-,-,-,8.65
731,SB10569121,731,ŞCOALA GIMNAZIALĂ NICOLAE IORGA SIBIU,9.1,8.35,8.35,8.95,-,-,-,-,-,-,8.65
732,SB10455165,732,ŞCOALA GIMNAZIALĂ NR. 4 SIBIU,9,-,-,8.3,-,-,-,-,-,-,8.65
733,SB10537207,733,LICEUL TEORETIC GUSTAV GUNDISCH CISNĂDIE,8.9,-,-,8.4,-,-,-,-,-,-,8.65
734,SB11086677,734,LICEUL TEORETIC ONISIFOR GHIBU SIBIU,8.9,-,-,8.35,-,-,Limba germana,8.7,-,-,8.65
735,SB9473889,735,ŞCOALA GIMNAZIALĂ AUREL DECEI GURA RÂULUI,8.85,-,-,8.45,-,-,-,-,-,-,8.65
736,SB663701,736,COLEGIUL NAȚIONAL OCTAVIAN GOGA SIBIU,8.6,8.6,8.6,8.7,-,-,-,-,-,-,8.65
737,SB10465782,737,ŞCOALA GIMNAZIALĂ NICOLAE IORGA SIBIU,8.6,-,-,8.7,-,-,-,-,-,-,8.65
738,SB8158483,738,ŞCOALA GIMNAZIALĂ ANDREI ȘAGUNA ŞURA MARE,8.55,8.3,8.3,9,-,-,-,-,-,-,8.65
739,SB10426651,739,ŞCOALA GIMNAZIALĂ NICOLAE IORGA SIBIU,8.55,-,-,8.75,-,-,-,-,-,-,8.65
740,SB10654235,740,ŞCOALA GIMNAZIALĂ NR. 3 COPȘA MICĂ,8.2,-,-,9.1,-,-,-,-,-,-,8.65
741,SB11059745,741,ŞCOALA GIMNAZIALĂ NICOLAE IORGA SIBIU,9.45,-,-,7.65,7.8,7.8,Limba germana,9.3,8.65,8.65,8.63
742,SB10070813,742,LICEUL TEORETIC ROTH - OBERTH MEDIAŞ,9.2,-,-,8.05,-,-,Limba germana,8.65,-,-,8.63
743,SB8577020,743,ŞCOALA GIMNAZIALĂ ION LUCA CARAGIALE SIBIU,9.15,-,-,7.55,-,-,Limba germana,9.2,-,-,8.63
744,SB9808545,744,COLEGIUL NAȚIONAL SAMUEL VON BRUKENTHAL SIBIU,8.45,-,-,8.5,-,-,Limba germana,8.95,-,-,8.63
745,SB10345912,745,LICEUL TEORETIC ROTH - OBERTH MEDIAŞ,8.15,-,-,8.7,-,-,Limba germana,9.05,-,-,8.63
746,SB9656132,746,ŞCOALA GIMNAZIALĂ NICOLAE IORGA SIBIU,9.05,-,-,8.2,-,-,-,-,-,-,8.62
747,SB9487878,747,COLEGIUL NAȚIONAL GHEORGHE LAZĂR SIBIU,9,-,-,8.25,-,-,-,-,-,-,8.62
748,SB10346127,748,ŞCOALA GIMNAZIALĂ RADU SELEJAN SIBIU,8.95,-,-,8.3,-,-,-,-,-,-,8.62
749,SB9527654,749,ŞCOALA GIMNAZIALĂ NICOLAE IORGA SIBIU,8.9,-,-,8.35,-,-,-,-,-,-,8.62
750,SB10127402,750,ŞCOALA GIMNAZIALĂ NR. 13 SIBIU,8.85,-,-,8.4,-,-,-,-,-,-,8.62
751,SB10459926,751,COLEGIUL NAȚIONAL OCTAVIAN GOGA SIBIU,8.85,-,-,8.4,-,-,-,-,-,-,8.62
752,SB10264864,752,ŞCOALA GIMNAZIALĂ NR. 18 SIBIU,8.8,-,-,8.45,-,-,-,-,-,-,8.62
753,SB10968953,753,LICEUL TEORETIC CONSTANTIN NOICA SIBIU,8.7,-,-,8.55,-,-,-,-,-,-,8.62
754,SB10963437,754,ŞCOALA GIMNAZIALĂ AVIATOR IOAN SAVA ALŢÎNA,8.65,-,-,8.6,-,-,-,-,-,-,8.62
755,SB9813823,755,LICEUL TEORETIC GHEORGHE LAZĂR AVRIG,8.55,-,-,8.7,-,-,-,-,-,-,8.62
756,SB10711875,756,ŞCOALA GIMNAZIALĂ NR. 2 SIBIU,8.4,-,-,8.85,-,-,-,-,-,-,8.62
757,SB10537531,757,ŞCOALA GIMNAZIALĂ ION LUCA CARAGIALE SIBIU,8.4,-,-,8.85,-,-,-,-,-,-,8.62
758,SB9813834,758,LICEUL TEORETIC GHEORGHE LAZĂR AVRIG,8.2,-,-,9.05,-,-,-,-,-,-,8.62
759,SB10442598,759,ŞCOALA GIMNAZIALĂ NR. 7 MEDIAŞ,8,-,-,9.25,-,-,-,-,-,-,8.62
760,SB12315104,760,COLEGIUL NAȚIONAL SAMUEL VON BRUKENTHAL SIBIU,9.5,-,-,7.25,6.95,6.95,Limba germana,9.4,-,-,8.61
761,SB9076095,761,ŞCOALA GIMNAZIALĂ NR. 4 SIBIU,9.2,-,-,8,-,-,-,-,-,-,8.6
762,SB9066865,762,LICEUL TEORETIC ONISIFOR GHIBU SIBIU,9,-,-,8.75,-,-,Limba germana,8.55,8.05,8.05,8.6
763,SB8216980,763,ŞCOALA GIMNAZIALĂ ANDREI ȘAGUNA ŞURA MARE,8.9,-,-,8,8.3,8.3,-,-,-,-,8.6
764,SB10078374,764,LICEUL TEORETIC ROTH - OBERTH MEDIAŞ,8.85,-,-,8,-,-,Limba germana,8.95,-,-,8.6
765,SB12316280,765,ŞCOALA GIMNAZIALĂ ION LUCA CARAGIALE SIBIU,8.8,-,-,8.4,-,-,-,-,-,-,8.6
766,SB10433772,766,ŞCOALA GIMNAZIALĂ NR. 7 MEDIAŞ,8.8,9.1,9.1,8.1,-,-,-,-,-,-,8.6
767,SB661801,767,ŞCOALA GIMNAZIALĂ REGINA MARIA SIBIU,8.75,-,-,8.45,-,-,-,-,-,-,8.6
768,SB10264306,768,ŞCOALA GIMNAZIALĂ NR. 13 SIBIU,8.7,-,-,8.5,-,-,-,-,-,-,8.6
769,SB12310907,769,COLEGIUL NAȚIONAL OCTAVIAN GOGA SIBIU,8.65,-,-,8.55,-,-,-,-,-,-,8.6
770,SB10343181,770,LICEUL TEORETIC CONSTANTIN NOICA SIBIU,8.45,-,-,8.75,-,-,-,-,-,-,8.6
771,SB11072437,771,ŞCOALA GIMNAZIALĂ NR. 13 SIBIU,8.45,-,-,8.75,-,-,-,-,-,-,8.6
772,SB9806622,772,ŞCOALA GIMNAZIALĂ NR. 8 SIBIU,8.4,-,-,8.8,-,-,-,-,-,-,8.6
773,SB7890284,773,ŞCOALA GIMNAZIALĂ NR. 21 SIBIU,8.3,8.85,8.85,8.35,-,-,-,-,-,-,8.6
774,SB12737343,774,ŞCOALA GIMNAZIALĂ CONSTANTIN IOAN MOTAŞ MEDIAŞ,8.2,-,-,9,-,-,-,-,-,-,8.6
775,SB9625281,775,ŞCOALA GIMNAZIALĂ NR. 8 SIBIU,8.05,-,-,9.15,-,-,-,-,-,-,8.6
776,SB10346017,776,ŞCOALA GIMNAZIALĂ RADU SELEJAN SIBIU,8.05,-,-,9.15,-,-,-,-,-,-,8.6
777,SB8563584,777,ŞCOALA GIMNAZIALĂ NR. 4 SIBIU,9.05,-,-,8.7,-,-,Limba germana,8,-,-,8.58
778,SB10072650,778,LICEUL TEORETIC ROTH - OBERTH MEDIAŞ,8.6,-,-,8.5,-,-,Limba germana,8.65,-,-,8.58
779,SB9172668,779,LICEUL TEORETIC GUSTAV GUNDISCH CISNĂDIE,8.45,-,-,9.05,-,-,Limba germana,8.25,-,-,8.58
780,SB10549187,780,COLEGIUL NAȚIONAL SAMUEL VON BRUKENTHAL SIBIU,8.15,8.5,8.5,8.7,-,-,Limba germana,8.05,8.55,8.55,8.58
781,SB1988651,781,LICEUL ROMÂNO - FINLANDEZ ERI SIBIU,9.3,-,-,7.8,7.85,7.85,-,-,-,-,8.57
782,SB10431938,782,ŞCOALA GIMNAZIALĂ REGELE FERDINAND SIBIU,9.2,-,-,7.95,-,-,-,-,-,-,8.57
783,SB9221768,783,ŞCOALA GIMNAZIALĂ BIERTAN,9.15,-,-,8,-,-,-,-,-,-,8.57
784,SB9854402,784,ŞCOALA GIMNAZIALĂ LOAMNEŞ,9,-,-,8.15,-,-,-,-,-,-,8.57
785,SB10176841,785,ŞCOALA GIMNAZIALĂ RADU SELEJAN SIBIU,8.95,-,-,8.2,-,-,-,-,-,-,8.57
786,SB10022409,786,ŞCOALA GIMNAZIALĂ NR. 13 SIBIU,8.75,-,-,8.4,-,-,-,-,-,-,8.57
787,SB10523891,787,ŞCOALA GIMNAZIALĂ NICOLAE IORGA SIBIU,8.5,-,-,8.65,-,-,-,-,-,-,8.57
788,SB10044465,788,ŞCOALA GIMNAZIALĂ NR. 18 SIBIU,8.5,-,-,8.65,-,-,-,-,-,-,8.57
789,SB10124060,789,COLEGIUL NAȚIONAL OCTAVIAN GOGA SIBIU,8.45,-,-,8.7,-,-,-,-,-,-,8.57
790,SB10359408,790,ŞCOALA GIMNAZIALĂ TILIŞCA,8.3,8.6,8.6,8.6,8.55,8.55,-,-,-,-,8.57
791,SB10001166,791,ŞCOALA GIMNAZIALĂ REGINA MARIA SIBIU,8.15,-,-,9,-,-,-,-,-,-,8.57
792,SB10387020,792,ŞCOALA GIMNAZIALĂ NICOLAE IORGA SIBIU,8.05,-,-,9.1,-,-,-,-,-,-,8.57
793,SB12315585,793,LICEUL TIMOTEI CIPARIU DUMBRĂVENI,8.05,-,-,9.1,-,-,-,-,-,-,8.57
794,SB9807360,794,COLEGIUL NAȚIONAL SAMUEL VON BRUKENTHAL SIBIU,9.4,-,-,6.65,-,-,Limba germana,9.65,-,-,8.56
795,SB10092075,795,COLEGIUL NAȚIONAL SAMUEL VON BRUKENTHAL SIBIU,9.15,-,-,7.45,-,-,Limba germana,9.1,-,-,8.56
796,SB11014441,796,ŞCOALA GIMNAZIALĂ NR. 4 SIBIU,8.95,-,-,8.4,-,-,Limba germana,8.35,-,-,8.56
797,SB9103892,797,COLEGIUL NAȚIONAL SAMUEL VON BRUKENTHAL SIBIU,8.2,-,-,8.1,-,-,Limba germana,9.4,-,-,8.56
798,SB10452695,798,ŞCOALA GIMNAZIALĂ NR. 1 SIBIU,9.4,-,-,7.6,7.7,7.7,-,-,-,-,8.55
799,SB10264161,799,ŞCOALA GIMNAZIALĂ NICOLAE IORGA SIBIU,9.3,-,-,7.8,-,-,-,-,-,-,8.55
800,SB10116977,800,ŞCOALA GIMNAZIALĂ RADU SELEJAN SIBIU,9.2,-,-,7.9,-,-,-,-,-,-,8.55
801,SB8843176,801,ŞCOALA GIMNAZIALĂ ION LUCA CARAGIALE SIBIU,9.15,-,-,7.95,-,-,-,-,-,-,8.55
802,SB10384740,802,ŞCOALA GIMNAZIALĂ NICOLAE IORGA SIBIU,9.15,-,-,7.95,-,-,-,-,-,-,8.55
803,SB12595952,803,ŞCOALA GIMNAZIALĂ ANDREI ȘAGUNA ŞURA MARE,9.1,-,-,8,-,-,-,-,-,-,8.55
804,SB10464738,804,ŞCOALA GIMNAZIALĂ NICOLAE IORGA SIBIU,8.95,-,-,8.15,-,-,-,-,-,-,8.55
805,SB9401193,805,ŞCOALA GIMNAZIALĂ RADU SELEJAN SIBIU,8.9,-,-,8.2,8.2,8.2,-,-,-,-,8.55
806,SB10521878,806,ŞCOALA GIMNAZIALĂ NICOLAE IORGA SIBIU,8.85,-,-,8.25,-,-,-,-,-,-,8.55
807,SB10384760,807,ŞCOALA GIMNAZIALĂ REGINA MARIA SIBIU,8.75,-,-,8.35,8.35,8.35,-,-,-,-,8.55
808,SB9840458,808,LICEUL TEORETIC GHEORGHE LAZĂR AVRIG,8.75,-,-,8.35,-,-,-,-,-,-,8.55
809,SB10442950,809,ŞCOALA GIMNAZIALĂ IOAN SLAVICI SIBIU,8.7,-,-,8.4,-,-,-,-,-,-,8.55
810,SB9172510,810,LICEUL TEORETIC GUSTAV GUNDISCH CISNĂDIE,8.7,-,-,7.8,-,-,Limba germana,9.15,-,-,8.55
811,SB10106016,811,ŞCOALA GIMNAZIALĂ ŞURA MICĂ,8.6,-,-,8.5,-,-,-,-,-,-,8.55
812,SB3978901,812,ŞCOALA GIMNAZIALĂ NR. 13 SIBIU,8.55,-,-,8.55,-,-,-,-,-,-,8.55
813,SB9601895,813,ŞCOALA GIMNAZIALĂ NICOLAE IORGA SIBIU,8.5,-,-,8.85,-,-,Limba germana,8.15,8.3,8.3,8.55
814,SB10971530,814,LICEUL TEORETIC CONSTANTIN NOICA SIBIU,8.5,-,-,8.6,-,-,-,-,-,-,8.55
815,SB9675931,815,ŞCOALA GIMNAZIALĂ NR. 8 SIBIU,8.4,-,-,8.7,-,-,-,-,-,-,8.55
816,SB9656784,816,ŞCOALA GIMNAZIALĂ ŞEICA MARE,8.35,-,-,8.75,-,-,-,-,-,-,8.55
817,SB10285617,817,ŞCOALA GIMNAZIALĂ NR. 8 SIBIU,8.2,-,-,8.9,-,-,-,-,-,-,8.55
818,SB10344644,818,ŞCOALA GIMNAZIALĂ NR. 18 SIBIU,8.1,-,-,9,-,-,-,-,-,-,8.55
819,SB10346668,819,ŞCOALA GIMNAZIALĂ REGINA MARIA SIBIU,8.1,-,-,9,-,-,-,-,-,-,8.55
820,SB9377550,820,ŞCOALA GIMNAZIALĂ NR. 3 CISNĂDIE,8.1,-,-,9,-,-,-,-,-,-,8.55
821,SB11045307,821,LICEUL TEORETIC ONISIFOR GHIBU SIBIU,9.2,-,-,7.8,-,-,Limba germana,8.6,-,-,8.53
822,SB9388399,822,LICEUL TEORETIC GUSTAV GUNDISCH CISNĂDIE,8.95,-,-,8.45,-,-,Limba germana,8,8.2,8.2,8.53
823,SB10277978,823,LICEUL TEORETIC ROTH - OBERTH MEDIAŞ,8.8,-,-,8,-,-,Limba germana,8.8,-,-,8.53
824,SB10546664,824,LICEUL TEORETIC GUSTAV GUNDISCH CISNĂDIE,8.15,-,-,8.25,-,-,Limba germana,9.2,-,-,8.53
825,SB10174336,825,ŞCOALA GIMNAZIALĂ NR. 4 SIBIU,9.15,-,-,7.9,-,-,-,-,-,-,8.52
826,SB10331740,826,ŞCOALA GIMNAZIALĂ CONSTANTIN IOAN MOTAŞ MEDIAŞ,8.95,-,-,8.1,-,-,-,-,-,-,8.52
827,SB9070797,827,COLEGIUL NAȚIONAL OCTAVIAN GOGA SIBIU,8.95,-,-,8.1,-,-,-,-,-,-,8.52
828,SB10461121,828,ŞCOALA GIMNAZIALĂ NR. 8 SIBIU,8.95,-,-,7.55,8.1,8.1,-,-,-,-,8.52
829,SB12111252,829,ŞCOALA GIMNAZIALĂ CONSTANTIN IOAN MOTAŞ MEDIAŞ,8.85,-,-,8.2,-,-,-,-,-,-,8.52
830,SB13122418,830,ŞCOALA GIMNAZIALĂ RADU SELEJAN SIBIU,8.8,8.9,8.9,8.15,-,-,-,-,-,-,8.52
831,SB10080059,831,ŞCOALA GIMNAZIALĂ MIHAI EMINESCU MEDIAŞ,8.6,-,-,8.45,-,-,-,-,-,-,8.52
832,SB9808467,832,ŞCOALA GIMNAZIALĂ IOAN SLAVICI SIBIU,8.5,-,-,8.55,-,-,-,-,-,-,8.52
833,SB10846888,833,ŞCOALA GIMNAZIALĂ NICOLAE IORGA SIBIU,8.5,-,-,8.55,-,-,-,-,-,-,8.52
834,SB9626010,834,ŞCOALA GIMNAZIALĂ NR. 8 SIBIU,8.35,-,-,8.7,-,-,-,-,-,-,8.52
835,SB10340776,835,COLEGIUL NAȚIONAL OCTAVIAN GOGA SIBIU,8.25,-,-,8.8,-,-,-,-,-,-,8.52
836,SB10780582,836,LICEUL ROMÂNO - FINLANDEZ ERI SIBIU,8.25,-,-,8.8,-,-,-,-,-,-,8.52
837,SB12313622,837,COLEGIUL NAȚIONAL OCTAVIAN GOGA SIBIU,7.85,8.2,8.2,8.85,-,-,-,-,-,-,8.52
838,SB12313334,838,LICEUL TEORETIC ONISIFOR GHIBU SIBIU,9.1,-,-,7.95,-,-,Limba germana,8.5,-,-,8.51
839,SB12316828,839,COLEGIUL NAȚIONAL SAMUEL VON BRUKENTHAL SIBIU,8.45,-,-,9.15,-,-,Limba germana,7.95,-,-,8.51
840,SB9520062,840,COLEGIUL NAȚIONAL OCTAVIAN GOGA SIBIU,8.45,-,-,7.6,-,-,Limba germana,9.5,-,-,8.51
841,SB9995385,841,ŞCOALA GIMNAZIALĂ NR. 4 SIBIU,9.45,-,-,7.55,-,-,-,-,-,-,8.5
842,SB11075439,842,ŞCOALA GIMNAZIALĂ NICOLAE IORGA SIBIU,9.25,-,-,8.05,-,-,Limba germana,7.6,8.2,8.2,8.5
843,SB6217751,843,ŞCOALA GIMNAZIALĂ RADU SELEJAN SIBIU,9.1,-,-,7.9,-,-,-,-,-,-,8.5
844,SB10525818,844,COLEGIUL NAȚIONAL OCTAVIAN GOGA SIBIU,9,-,-,8,-,-,-,-,-,-,8.5
845,SB10351839,845,COLEGIUL NAȚIONAL OCTAVIAN GOGA SIBIU,8.95,-,-,8.15,8.15,8.15,Limba germana,8.4,-,-,8.5
846,SB10104864,846,ŞCOALA GIMNAZIALĂ NR. 13 SIBIU,8.85,8.9,8.9,8.1,8.1,8.1,-,-,-,-,8.5
847,SB10173792,847,COLEGIUL NAȚIONAL SAMUEL VON BRUKENTHAL SIBIU,8.6,-,-,8.65,-,-,Limba germana,8.25,-,-,8.5
848,SB11059840,848,ŞCOALA GIMNAZIALĂ NR. 25 SIBIU,8.6,-,-,8.4,-,-,-,-,-,-,8.5
849,SB12271740,849,ŞCOALA GIMNAZIALĂ NR. 4 SIBIU,8.55,-,-,8.9,-,-,Limba germana,8.05,-,-,8.5
850,SB12297611,850,ŞCOALA GIMNAZIALĂ NR. 8 SIBIU,8.4,-,-,8.6,-,-,-,-,-,-,8.5
851,SB9518311,851,ŞCOALA GIMNAZIALĂ RADU SELEJAN SIBIU,8.35,-,-,8.65,-,-,-,-,-,-,8.5
852,SB10017189,852,ŞCOALA GIMNAZIALĂ NICOLAE IORGA SIBIU,8.35,-,-,8.2,-,-,Limba germana,8.95,-,-,8.5
853,SB10046581,853,LICEUL TEORETIC CONSTANTIN NOICA SIBIU,8.3,-,-,8.7,-,-,-,-,-,-,8.5
854,SB10651704,854,ŞCOALA GIMNAZIALĂ NR. 3 COPȘA MICĂ,8.3,-,-,8.7,-,-,-,-,-,-,8.5
855,SB10387995,855,COLEGIUL NAȚIONAL OCTAVIAN GOGA SIBIU,8.2,-,-,8.8,-,-,-,-,-,-,8.5
856,SB12317218,856,ŞCOALA GIMNAZIALĂ IOAN SLAVICI SIBIU,8.15,7.8,7.8,9.2,9.2,9.2,-,-,-,-,8.5
857,SB10970028,857,LICEUL TEORETIC CONSTANTIN NOICA SIBIU,7.75,8.35,8.35,8.65,-,-,-,-,-,-,8.5
858,SB10103055,858,COLEGIUL NAȚIONAL SAMUEL VON BRUKENTHAL SIBIU,8.9,-,-,7.8,-,-,Limba germana,8.75,-,-,8.48
859,SB10175051,859,COLEGIUL NAȚIONAL SAMUEL VON BRUKENTHAL SIBIU,8.35,-,-,7.95,-,-,Limba germana,9.15,-,-,8.48
860,SB2692151,860,ŞCOALA GIMNAZIALĂ NR. 3 CISNĂDIE,9.4,-,-,7.55,-,-,-,-,-,-,8.47
861,SB10606216,861,LICEUL TIMOTEI CIPARIU DUMBRĂVENI,9.3,-,-,7.65,-,-,-,-,-,-,8.47
862,SB10606631,862,LICEUL TIMOTEI CIPARIU DUMBRĂVENI,9.25,-,-,7.7,-,-,-,-,-,-,8.47
863,SB9806158,863,ŞCOALA GIMNAZIALĂ RADU SELEJAN SIBIU,9.25,-,-,7.7,-,-,-,-,-,-,8.47
864,SB10310268,864,LICEUL AUGUST TREBONIU LAURIAN AGNITA,9.2,-,-,7.75,-,-,-,-,-,-,8.47
865,SB10426946,865,ŞCOALA GIMNAZIALĂ REGINA MARIA SIBIU,9.05,-,-,7.9,-,-,-,-,-,-,8.47
866,SB10744752,866,ŞCOALA GIMNAZIALĂ MIHAI VITEAZU ŞELIMBĂR,9.05,-,-,7.9,-,-,-,-,-,-,8.47
867,SB10107471,867,ŞCOALA GIMNAZIALĂ MIHAI EMINESCU MEDIAŞ,8.85,-,-,8.1,-,-,-,-,-,-,8.47
868,SB9520100,868,ŞCOALA GIMNAZIALĂ AUREL DECEI GURA RÂULUI,8.75,-,-,8.2,-,-,-,-,-,-,8.47
869,SB10522321,869,ŞCOALA GIMNAZIALĂ ION LUCA CARAGIALE SIBIU,8.5,-,-,8.45,-,-,-,-,-,-,8.47
870,SB9815002,870,LICEUL TEORETIC GHEORGHE LAZĂR AVRIG,8.35,-,-,8.6,-,-,-,-,-,-,8.47
871,SB9081523,871,ŞCOALA GIMNAZIALĂ OCTAVIAN GOGA RĂŞINARI,8.25,-,-,8.7,-,-,-,-,-,-,8.47
872,SB11059610,872,ŞCOALA GIMNAZIALĂ MIHAI VITEAZU ŞELIMBĂR,8.1,8.5,8.5,8.35,8.45,8.45,-,-,-,-,8.47
873,SB15027977,873,COLEGIUL NAȚIONAL OCTAVIAN GOGA SIBIU,7.95,7.55,7.55,9.4,-,-,-,-,-,-,8.47
874,SB10007472,874,ŞCOALA GIMNAZIALĂ NR. 4 SIBIU,7.75,-,-,9.2,-,-,-,-,-,-,8.47
875,SB10269779,875,LICEUL TEORETIC ROTH - OBERTH MEDIAŞ,9,-,-,6.9,-,-,Limba germana,9.5,-,-,8.46
876,SB10315366,876,COLEGIUL NAȚIONAL SAMUEL VON BRUKENTHAL SIBIU,8.95,-,-,8.5,-,-,Limba germana,7.95,-,-,8.46
877,SB10515248,877,LICEUL TEORETIC ROTH - OBERTH MEDIAŞ,8.65,-,-,7.45,-,-,Limba germana,9.3,-,-,8.46
878,SB10337975,878,ŞCOALA GIMNAZIALĂ CONSTANTIN IOAN MOTAŞ MEDIAŞ,9.65,-,-,7.25,-,-,-,-,-,-,8.45
879,SB10176802,879,COLEGIUL NAȚIONAL SAMUEL VON BRUKENTHAL SIBIU,9.35,-,-,6.7,-,-,Limba germana,9.3,-,-,8.45
880,SB9414396,880,ŞCOALA GIMNAZIALĂ NR. 25 SIBIU,9.2,-,-,7.7,-,-,-,-,-,-,8.45
881,SB10176650,881,ŞCOALA GIMNAZIALĂ NR. 18 SIBIU,9.05,-,-,7.85,-,-,-,-,-,-,8.45
882,SB11078564,882,COLEGIUL NAȚIONAL OCTAVIAN GOGA SIBIU,8.95,-,-,7.95,-,-,-,-,-,-,8.45
883,SB10446884,883,COLEGIUL NAȚIONAL GHEORGHE LAZĂR SIBIU,8.85,-,-,8.05,-,-,-,-,-,-,8.45
884,SB10464671,884,ŞCOALA GIMNAZIALĂ REGINA MARIA SIBIU,8.85,-,-,8.05,-,-,-,-,-,-,8.45
885,SB10509212,885,LICEUL TEORETIC ROTH - OBERTH MEDIAŞ,8.85,-,-,7.45,-,-,Limba germana,9.05,-,-,8.45
886,SB8431613,886,LICEUL ROMÂNO - FINLANDEZ ERI SIBIU,8.8,9.2,9.2,7.55,7.7,7.7,-,-,-,-,8.45
887,SB10344254,887,ŞCOALA GIMNAZIALĂ NICOLAE IORGA SIBIU,8.75,-,-,8.15,-,-,-,-,-,-,8.45
888,SB10264024,888,ŞCOALA GIMNAZIALĂ NR. 18 SIBIU,8.75,-,-,8.15,-,-,-,-,-,-,8.45
889,SB11078902,889,COLEGIUL NAȚIONAL OCTAVIAN GOGA SIBIU,8.7,-,-,7.6,-,-,Limba germana,9.05,-,-,8.45
890,SB10294491,890,ŞCOALA GIMNAZIALĂ NR. 18 SIBIU,8.65,-,-,8.45,8.25,8.25,-,-,-,-,8.45
891,SB10690877,891,COLEGIUL NAȚIONAL OCTAVIAN GOGA SIBIU,8.6,9.05,9.05,7.85,-,-,-,-,-,-,8.45
892,SB9814913,892,LICEUL TEORETIC GHEORGHE LAZĂR AVRIG,8.55,-,-,8.35,-,-,-,-,-,-,8.45
893,SB9076744,893,LICEUL DE ARTĂ SIBIU,8.4,-,-,8.5,-,-,-,-,-,-,8.45
894,SB9118356,894,ŞCOALA GIMNAZIALĂ OCTAVIAN GOGA RĂŞINARI,8.3,-,-,8.6,-,-,-,-,-,-,8.45
895,SB6232251,895,COLEGIUL NAȚIONAL SAMUEL VON BRUKENTHAL SIBIU,8.3,-,-,7.75,-,-,Limba germana,9.3,-,-,8.45
896,SB8254683,896,ŞCOALA GIMNAZIALĂ SAMUIL MICU SADU,8.25,-,-,8.65,-,-,-,-,-,-,8.45
897,SB10591246,897,ŞCOALA GIMNAZIALĂ NR. 3 CISNĂDIE,8.15,-,-,8.75,-,-,-,-,-,-,8.45
898,SB10515050,898,LICEUL TEORETIC ROTH - OBERTH MEDIAŞ,8.7,-,-,7.4,-,-,Limba germana,9.2,-,-,8.43
899,SB10310928,899,ŞCOALA GIMNAZIALĂ GEORG DANIEL TEUTSCH AGNITA,8.25,-,-,8.35,-,-,Limba germana,8.7,-,-,8.43
900,SB12317869,900,COLEGIUL NAȚIONAL SAMUEL VON BRUKENTHAL SIBIU,7.8,-,-,8.65,-,-,Limba germana,8.25,8.85,8.85,8.43
901,SB6270251,901,ŞCOALA GIMNAZIALĂ RADU SELEJAN SIBIU,9.4,-,-,7.45,-,-,-,-,-,-,8.42
902,SB10459272,902,COLEGIUL NAȚIONAL OCTAVIAN GOGA SIBIU,9.1,-,-,7.75,-,-,-,-,-,-,8.42
903,SB9940590,903,LICEUL TEHNOLOGIC JOHANNES LEBEL TĂLMACIU,8.95,-,-,7.9,-,-,-,-,-,-,8.42
904,SB13390139,904,ŞCOALA GIMNAZIALĂ CONSTANTIN IOAN MOTAŞ MEDIAŞ,8.85,-,-,8,-,-,-,-,-,-,8.42
905,SB7867692,905,LICEUL TEHNOLOGIC IOAN LUPAŞ SĂLIŞTE,8.8,-,-,8.05,-,-,-,-,-,-,8.42
906,SB10288128,906,ŞCOALA GIMNAZIALĂ NR. 4 SIBIU,8.75,-,-,8.1,-,-,-,-,-,-,8.42
907,SB9840280,907,ŞCOALA GIMNAZIALĂ JINA,8.75,-,-,8.1,-,-,-,-,-,-,8.42
908,SB8007860,908,ŞCOALA GIMNAZIALĂ ŞEICA MARE,8.55,-,-,8.3,-,-,-,-,-,-,8.42
909,SB10538583,909,COLEGIUL NAȚIONAL PEDAGOGIC ANDREI ŞAGUNA SIBIU,8.5,-,-,8.35,-,-,-,-,-,-,8.42
910,SB9118203,910,ŞCOALA GIMNAZIALĂ OCTAVIAN GOGA RĂŞINARI,8.45,-,-,8.4,-,-,-,-,-,-,8.42
911,SB10461808,911,ŞCOALA GIMNAZIALĂ NICOLAE IORGA SIBIU,8.4,-,-,8.45,-,-,-,-,-,-,8.42
912,SB10663101,912,LICEUL TEORETIC CONSTANTIN NOICA SIBIU,8.35,-,-,8.5,-,-,-,-,-,-,8.42
913,SB9845568,913,ŞCOALA GIMNAZIALĂ JINA,8.3,-,-,8.55,-,-,-,-,-,-,8.42
914,SB665151,914,ŞCOALA GIMNAZIALĂ REGINA MARIA SIBIU,8.3,-,-,8.55,-,-,-,-,-,-,8.42
915,SB9847346,915,ŞCOALA GIMNAZIALĂ JINA,8.3,-,-,8.55,-,-,-,-,-,-,8.42
916,SB10549592,916,LICEUL DE ARTĂ SIBIU,8.2,8.55,8.55,8.05,8.3,8.3,-,-,-,-,8.42
917,SB10387377,917,ŞCOALA GIMNAZIALĂ REGINA MARIA SIBIU,8.15,-,-,8.5,8.7,8.7,-,-,-,-,8.42
918,SB10464270,918,ŞCOALA GIMNAZIALĂ NICOLAE IORGA SIBIU,8.1,7.95,7.95,8.9,-,-,-,-,-,-,8.42
919,SB12310709,919,ŞCOALA GIMNAZIALĂ MIHAI VITEAZU ŞELIMBĂR,7.95,-,-,8.9,-,-,-,-,-,-,8.42
920,SB10277996,920,ŞCOALA GIMNAZIALĂ NR. 4 SIBIU,7.9,-,-,8.95,-,-,-,-,-,-,8.42
921,SB10292746,921,ŞCOALA GIMNAZIALĂ REGELE FERDINAND SIBIU,7.75,8.65,8.65,8.2,-,-,-,-,-,-,8.42
922,SB10553114,922,ŞCOALA GIMNAZIALĂ ION LUCA CARAGIALE SIBIU,8.5,-,-,7.8,-,-,Limba germana,7.75,8.95,8.95,8.41
923,SB661551,923,ŞCOALA GIMNAZIALĂ NR. 1 SIBIU,9.45,9.35,9.35,7.45,-,-,-,-,-,-,8.4
924,SB11007071,924,ŞCOALA GIMNAZIALĂ NR. 4 SIBIU,9.3,-,-,7.5,-,-,-,-,-,-,8.4
925,SB8007752,925,ŞCOALA GIMNAZIALĂ AGÂRBICIU,9.15,-,-,7.65,-,-,-,-,-,-,8.4
926,SB11075275,926,ŞCOALA GIMNAZIALĂ NR. 4 SIBIU,9.05,-,-,9.4,-,-,Limba germana,6.75,-,-,8.4
927,SB10345256,927,ŞCOALA GIMNAZIALĂ CIREŞARII MEDIAŞ,9,-,-,7.8,-,-,-,-,-,-,8.4
928,SB10529175,928,LICEUL TEORETIC CONSTANTIN NOICA SIBIU,8.95,-,-,7.85,-,-,-,-,-,-,8.4
929,SB10535369,929,LICEUL TEORETIC CONSTANTIN NOICA SIBIU,8.8,-,-,8,-,-,-,-,-,-,8.4
930,SB12311967,930,ŞCOALA GIMNAZIALĂ NR. 4 SIBIU,8.75,8.7,8.7,8.9,-,-,Limba germana,7.6,-,-,8.4
931,SB9879101,931,ŞCOALA GIMNAZIALĂ ION POP RETEGANUL ORLAT,8.75,-,-,8.05,-,-,-,-,-,-,8.4
932,SB10264802,932,ŞCOALA GIMNAZIALĂ NR. 18 SIBIU,8.55,-,-,8.25,-,-,-,-,-,-,8.4
933,SB10826272,933,ŞCOALA GIMNAZIALĂ NICOLAE IORGA SIBIU,8.5,-,-,8.3,-,-,-,-,-,-,8.4
934,SB10049167,934,ŞCOALA GIMNAZIALĂ REGINA MARIA SIBIU,8.4,-,-,8.4,-,-,-,-,-,-,8.4
935,SB4109051,935,ŞCOALA GIMNAZIALĂ NR. 18 SIBIU,8.4,-,-,8.4,-,-,-,-,-,-,8.4
936,SB11075303,936,COLEGIUL NAȚIONAL SAMUEL VON BRUKENTHAL SIBIU,8.4,8.85,8.85,7.15,7.15,7.15,Limba germana,9.2,-,-,8.4
937,SB4855551,937,ŞCOALA GIMNAZIALĂ NR. 8 SIBIU,8.35,-,-,8.45,-,-,-,-,-,-,8.4
938,SB8466627,938,ŞCOALA GIMNAZIALĂ NR. 21 SIBIU,8.3,-,-,8.5,-,-,-,-,-,-,8.4
939,SB10333750,939,ŞCOALA GIMNAZIALĂ CIREŞARII MEDIAŞ,8.25,-,-,8.55,-,-,-,-,-,-,8.4
940,SB10332687,940,ŞCOALA GIMNAZIALĂ CONSTANTIN IOAN MOTAŞ MEDIAŞ,8.25,8.3,8.3,8.5,-,-,-,-,-,-,8.4
941,SB10464446,941,ŞCOALA GIMNAZIALĂ NICOLAE IORGA SIBIU,7.75,8.15,8.15,8.65,-,-,-,-,-,-,8.4
942,SB10428911,942,COLEGIUL NAȚIONAL SAMUEL VON BRUKENTHAL SIBIU,9.15,-,-,7.3,-,-,Limba germana,8.7,-,-,8.38
943,SB11041190,943,ŞCOALA GIMNAZIALĂ NICOLAE IORGA SIBIU,8.8,-,-,7.95,8.05,8.05,Limba germana,7.7,8.3,8.3,8.38
944,SB10105562,944,COLEGIUL NAȚIONAL SAMUEL VON BRUKENTHAL SIBIU,8.65,-,-,8.05,-,-,Limba germana,8.45,-,-,8.38
945,SB10514382,945,LICEUL TEORETIC ROTH - OBERTH MEDIAŞ,8.05,-,-,8.05,-,-,Limba germana,9.05,-,-,8.38
946,SB10535269,946,ŞCOALA GIMNAZIALĂ NR. 25 SIBIU,9.25,-,-,7.5,-,-,-,-,-,-,8.37
947,SB10415423,947,ŞCOALA GIMNAZIALĂ NR. 25 SIBIU,9,-,-,7.75,-,-,-,-,-,-,8.37
948,SB10458842,948,COLEGIUL NAȚIONAL OCTAVIAN GOGA SIBIU,8.8,-,-,7.95,-,-,-,-,-,-,8.37
949,SB10697532,949,ŞCOALA GIMNAZIALĂ NOU,8.75,-,-,8,-,-,-,-,-,-,8.37
950,SB9526151,950,ŞCOALA GIMNAZIALĂ NR. 8 SIBIU,8.65,-,-,8.1,-,-,-,-,-,-,8.37
951,SB10015924,951,ŞCOALA GIMNAZIALĂ NR. 18 SIBIU,8.65,-,-,8.1,-,-,-,-,-,-,8.37
952,SB11191728,952,ŞCOALA GIMNAZIALĂ NR. 8 SIBIU,8.6,-,-,8.15,-,-,-,-,-,-,8.37
953,SB7867588,953,ŞCOALA GIMNAZIALĂ OCNA SIBIULUI,8.6,-,-,8.15,-,-,-,-,-,-,8.37
954,SB10095572,954,ŞCOALA GIMNAZIALĂ MIHAI EMINESCU MEDIAŞ,8.55,-,-,8.2,-,-,-,-,-,-,8.37
955,SB12085443,955,ŞCOALA GIMNAZIALĂ NR. 21 SIBIU,8.5,-,-,8.25,-,-,-,-,-,-,8.37
956,SB9991246,956,ŞCOALA GIMNAZIALĂ NR. 2 CISNĂDIE,8.4,-,-,8.35,-,-,-,-,-,-,8.37
957,SB8959460,957,ŞCOALA GIMNAZIALĂ MIHAI VITEAZU ŞELIMBĂR,8.1,-,-,8.65,-,-,-,-,-,-,8.37
958,SB9054581,958,ŞCOALA GIMNAZIALĂ REGINA MARIA SIBIU,8,8.25,8.25,8.5,8.5,8.5,-,-,-,-,8.37
959,SB11023538,959,ŞCOALA GIMNAZIALĂ NR. 21 SIBIU,7.9,8.45,8.45,8.3,-,-,-,-,-,-,8.37
960,SB10827251,960,ŞCOALA GIMNAZIALĂ NICOLAE IORGA SIBIU,7.8,-,-,8.95,-,-,-,-,-,-,8.37
961,SB9814995,961,LICEUL TEORETIC GHEORGHE LAZĂR AVRIG,7.5,7.85,7.85,8.9,-,-,-,-,-,-,8.37
962,SB12313697,962,ŞCOALA GIMNAZIALĂ NR. 4 SIBIU,9.2,-,-,7.15,-,-,Limba germana,8.75,-,-,8.36
963,SB10425897,963,ŞCOALA GIMNAZIALĂ NICOLAE IORGA SIBIU,8.4,-,-,8.7,-,-,Limba germana,8,-,-,8.36
964,SB10465162,964,COLEGIUL NAȚIONAL SAMUEL VON BRUKENTHAL SIBIU,9.5,-,-,6.65,-,-,Limba germana,8.9,-,-,8.35
965,SB11073771,965,ŞCOALA GIMNAZIALĂ NR. 1 SIBIU,9.3,-,-,7.6,7.4,7.4,-,-,-,-,8.35
966,SB9755344,966,ŞCOALA GIMNAZIALĂ AVRIG,9,-,-,7.7,-,-,-,-,-,-,8.35
967,SB9675687,967,ŞCOALA GIMNAZIALĂ CONSTANTIN IOAN MOTAŞ MEDIAŞ,8.85,-,-,7.85,-,-,-,-,-,-,8.35
968,SB10089435,968,ŞCOALA GIMNAZIALĂ NR. 18 SIBIU,8.6,-,-,8.1,-,-,-,-,-,-,8.35
969,SB12315635,969,ŞCOALA GIMNAZIALĂ ION LUCA CARAGIALE SIBIU,8.55,-,-,8.6,-,-,Limba germana,8.2,7.9,7.9,8.35
970,SB11116607,970,ŞCOALA GIMNAZIALĂ NR. 13 SIBIU,8.55,-,-,8.15,-,-,-,-,-,-,8.35
971,SB10530329,971,ŞCOALA GIMNAZIALĂ NR. 21 SIBIU,8.55,-,-,8.15,-,-,-,-,-,-,8.35
972,SB10512229,972,LICEUL TEORETIC ROTH - OBERTH MEDIAŞ,8.5,-,-,8.15,-,-,Limba germana,8.4,-,-,8.35
973,SB8559401,973,ŞCOALA GIMNAZIALĂ AXENTE SEVER,8.45,-,-,8.25,-,-,-,-,-,-,8.35
974,SB9975380,974,LICEUL TEHNOLOGIC IOAN LUPAŞ SĂLIŞTE,8.25,8.25,8.25,8.45,-,-,-,-,-,-,8.35
975,SB11116247,975,ŞCOALA GIMNAZIALĂ ION LUCA CARAGIALE SIBIU,8.2,-,-,8.5,-,-,-,-,-,-,8.35
976,SB9377762,976,ŞCOALA GIMNAZIALĂ REGINA MARIA SIBIU,8.2,-,-,8.5,-,-,-,-,-,-,8.35
977,SB10440697,977,COLEGIUL NAȚIONAL SAMUEL VON BRUKENTHAL SIBIU,8.1,-,-,8.25,-,-,Limba germana,8.7,-,-,8.35
978,SB9139847,978,COLEGIUL NAȚIONAL SAMUEL VON BRUKENTHAL SIBIU,8.1,-,-,8.2,-,-,Limba germana,8.75,-,-,8.35
979,SB13175665,979,ŞCOALA GIMNAZIALĂ NR. 3 CISNĂDIE,8,8.75,8.75,7.95,7.95,7.95,-,-,-,-,8.35
980,SB9807744,980,COLEGIUL NAȚIONAL OCTAVIAN GOGA SIBIU,8.7,9,9,7.4,-,-,Limba germana,8.6,-,-,8.33
981,SB13886641,981,LICEUL TEORETIC ROTH - OBERTH MEDIAŞ,8.5,-,-,7.8,-,-,Limba germana,8.7,-,-,8.33
982,SB9598917,982,COLEGIUL NAȚIONAL SAMUEL VON BRUKENTHAL SIBIU,8.05,-,-,7.75,-,-,Limba germana,9.2,-,-,8.33
983,SB10523494,983,ŞCOALA GIMNAZIALĂ NICOLAE IORGA SIBIU,9.15,-,-,7.5,-,-,-,-,-,-,8.32
984,SB7991091,984,ŞCOALA GIMNAZIALĂ IOAN BAN - DASCĂLU POIANA SIBIULUI,8.75,-,-,7.9,-,-,-,-,-,-,8.32
985,SB10461422,985,ŞCOALA GIMNAZIALĂ NR. 13 SIBIU,8.7,-,-,7.95,-,-,-,-,-,-,8.32
986,SB10406381,986,ŞCOALA GIMNAZIALĂ RADU SELEJAN SIBIU,8.6,-,-,8.05,-,-,-,-,-,-,8.32
987,SB9110644,987,ŞCOALA GIMNAZIALĂ MATEI BASARAB TURNU ROŞU,8.5,-,-,8.15,-,-,-,-,-,-,8.32
988,SB10464615,988,ŞCOALA GIMNAZIALĂ REGINA MARIA SIBIU,8.3,-,-,8.35,-,-,-,-,-,-,8.32
989,SB12297585,989,ŞCOALA GIMNAZIALĂ IOAN SLAVICI SIBIU,8.3,-,-,8.35,-,-,-,-,-,-,8.32
990,SB10270890,990,COLEGIUL NAȚIONAL GHEORGHE LAZĂR SIBIU,8.25,-,-,8.4,-,-,-,-,-,-,8.32
991,SB4109601,991,ŞCOALA GIMNAZIALĂ NR. 18 SIBIU,8.15,7.9,7.9,8.75,-,-,-,-,-,-,8.32
992,SB10048019,992,ŞCOALA GIMNAZIALĂ NR. 1 SIBIU,8.15,-,-,8.5,-,-,-,-,-,-,8.32
993,SB10083056,993,LICEUL TEHNOLOGIC JOHANNES LEBEL TĂLMACIU,8.15,-,-,8.5,-,-,-,-,-,-,8.32
994,SB10524160,994,ŞCOALA GIMNAZIALĂ NICOLAE IORGA SIBIU,8,8.4,8.4,7.95,8.25,8.25,-,-,-,-,8.32
995,SB9180405,995,ŞCOALA GIMNAZIALĂ NR. 21 SIBIU,7.85,-,-,8.8,-,-,-,-,-,-,8.32
996,SB10006698,996,ŞCOALA GIMNAZIALĂ REGINA MARIA SIBIU,7.6,8.3,8.3,8.35,-,-,-,-,-,-,8.32
997,SB11086896,997,COLEGIUL NAȚIONAL OCTAVIAN GOGA SIBIU,8.9,-,-,7.6,-,-,Limba germana,8.45,-,-,8.31
998,SB10464832,998,COLEGIUL NAȚIONAL OCTAVIAN GOGA SIBIU,9.1,-,-,7.5,-,-,-,-,-,-,8.3
999,SB8788315,999,ŞCOALA GIMNAZIALĂ ŞEICA MARE,9.05,-,-,7.55,-,-,-,-,-,-,8.3
1000,SB10707078,1000,ŞCOALA GIMNAZIALĂ IOAN BAN - DASCĂLU POIANA SIBIULUI,9,-,-,7.6,-,-,-,-,-,-,8.3
1001,SB8563369,1001,COLEGIUL NAȚIONAL OCTAVIAN GOGA SIBIU,8.95,-,-,7.35,-,-,Limba germana,8.6,-,-,8.3
1002,SB10502928,1002,ŞCOALA GIMNAZIALĂ CORNELIU PĂCURARIU MICĂSASA,8.9,-,-,7.7,-,-,-,-,-,-,8.3
1003,SB9870226,1003,ŞCOALA GIMNAZIALĂ REGELE FERDINAND SIBIU,8.85,-,-,7.75,-,-,-,-,-,-,8.3
1004,SB9860291,1004,ŞCOALA GIMNAZIALĂ STEPHAN LUDWIG ROTH MOŞNA,8.8,-,-,7.8,-,-,-,-,-,-,8.3
1005,SB12070133,1005,LICEUL TEORETIC CONSTANTIN NOICA SIBIU,8.65,8.65,8.65,7.9,7.95,7.95,-,-,-,-,8.3
1006,SB10124526,1006,ŞCOALA GIMNAZIALĂ NICOLAE IORGA SIBIU,8.5,-,-,8.1,-,-,-,-,-,-,8.3
1007,SB9094082,1007,ŞCOALA GIMNAZIALĂ SAVA POPOVICI BARCIANU RĂŞINARI,8.35,-,-,8.25,-,-,-,-,-,-,8.3
1008,SB10487974,1008,ŞCOALA GIMNAZIALĂ NICOLAE IORGA SIBIU,8.3,-,-,8.3,-,-,-,-,-,-,8.3
1009,SB637751,1009,ŞCOALA GIMNAZIALĂ ION LUCA CARAGIALE SIBIU,8.3,-,-,8.3,-,-,-,-,-,-,8.3
1010,SB10459204,1010,ŞCOALA GIMNAZIALĂ REGINA MARIA SIBIU,8.25,-,-,8.35,-,-,-,-,-,-,8.3
1011,SB10330362,1011,ŞCOALA GIMNAZIALĂ CIREŞARII MEDIAŞ,8.2,-,-,8.4,-,-,-,-,-,-,8.3
1012,SB9726388,1012,ŞCOALA GIMNAZIALĂ TĂLMĂCEL,8.2,-,-,8.4,-,-,-,-,-,-,8.3
1013,SB11116472,1013,ŞCOALA GIMNAZIALĂ ION LUCA CARAGIALE SIBIU,8.2,-,-,7.85,-,-,Limba germana,8.85,-,-,8.3
1014,SB10743869,1014,ŞCOALA GIMNAZIALĂ NR. 21 SIBIU,7.95,-,-,8.65,-,-,-,-,-,-,8.3
1015,SB10096396,1015,ŞCOALA GIMNAZIALĂ NR. 4 MEDIAŞ,7.8,7.8,7.8,8.8,-,-,-,-,-,-,8.3
1016,SB9103851,1016,ŞCOALA GIMNAZIALĂ NR. 18 SIBIU,7.7,-,-,8.9,-,-,-,-,-,-,8.3
1017,SB10457845,1017,COLEGIUL NAȚIONAL OCTAVIAN GOGA SIBIU,7.95,8.45,8.45,8.2,8.3,8.3,Limba germana,8.1,-,-,8.28
1018,SB4854951,1018,ŞCOALA GIMNAZIALĂ NICOLAE IORGA SIBIU,7.9,-,-,7.45,-,-,Limba germana,9.5,-,-,8.28
1019,SB10124935,1019,ŞCOALA GIMNAZIALĂ NICOLAE IORGA SIBIU,9.3,-,-,7.25,-,-,-,-,-,-,8.27
1020,SB657601,1020,COLEGIUL NAȚIONAL PEDAGOGIC ANDREI ŞAGUNA SIBIU,9.2,-,-,7.35,-,-,-,-,-,-,8.27
1021,SB12126931,1021,COLEGIUL NAȚIONAL OCTAVIAN GOGA SIBIU,9,-,-,7.55,-,-,-,-,-,-,8.27
1022,SB10362512,1022,LICEUL TEORETIC CONSTANTIN NOICA SIBIU,9,-,-,7.55,-,-,-,-,-,-,8.27
1023,SB10330224,1023,ŞCOALA GIMNAZIALĂ CIREŞARII MEDIAŞ,8.85,-,-,7.7,-,-,-,-,-,-,8.27
1024,SB9626634,1024,ŞCOALA GIMNAZIALĂ NR. 18 SIBIU,8.85,-,-,7.7,-,-,-,-,-,-,8.27
1025,SB9804991,1025,ŞCOALA GIMNAZIALĂ NR. 13 SIBIU,8.65,-,-,7.9,-,-,-,-,-,-,8.27
1026,SB12313920,1026,ŞCOALA GIMNAZIALĂ REGINA MARIA SIBIU,8.65,-,-,7.9,-,-,-,-,-,-,8.27
1027,SB10125281,1027,ŞCOALA GIMNAZIALĂ NICOLAE IORGA SIBIU,8.5,-,-,8.05,-,-,-,-,-,-,8.27
1028,SB12310093,1028,ŞCOALA GIMNAZIALĂ ION POP RETEGANUL ORLAT,8.45,-,-,8.1,-,-,-,-,-,-,8.27
1029,SB2691501,1029,LICEUL TEORETIC GUSTAV GUNDISCH CISNĂDIE,8.4,-,-,8.15,-,-,-,-,-,-,8.27
1030,SB8214991,1030,ŞCOALA GIMNAZIALĂ NR. 13 SIBIU,8.3,-,-,8.25,-,-,-,-,-,-,8.27
1031,SB10522039,1031,ŞCOALA GIMNAZIALĂ ION LUCA CARAGIALE SIBIU,8.15,-,-,8.4,-,-,-,-,-,-,8.27
1032,SB12309854,1032,ŞCOALA GIMNAZIALĂ NR. 3 COPȘA MICĂ,7.9,-,-,8.65,-,-,-,-,-,-,8.27
1033,SB12315785,1033,ŞCOALA GIMNAZIALĂ NR. 18 SIBIU,7.8,-,-,8.75,-,-,-,-,-,-,8.27
1034,SB10630063,1034,ŞCOALA GIMNAZIALĂ CAŞOLŢ,9.3,-,-,7.2,-,-,-,-,-,-,8.25
1035,SB11116441,1035,COLEGIUL NAȚIONAL SAMUEL VON BRUKENTHAL SIBIU,9.1,-,-,6.7,-,-,Limba germana,8.95,-,-,8.25
1036,SB10311028,1036,ŞCOALA GIMNAZIALĂ NR. 25 SIBIU,9.05,-,-,7.45,-,-,-,-,-,-,8.25
1037,SB10344852,1037,ŞCOALA GIMNAZIALĂ REGINA MARIA SIBIU,8.95,8.65,8.65,7.85,-,-,-,-,-,-,8.25
1038,SB10347665,1038,COLEGIUL NAȚIONAL OCTAVIAN GOGA SIBIU,8.95,-,-,7.55,-,-,-,-,-,-,8.25
1039,SB659101,1039,ŞCOALA GIMNAZIALĂ NR. 1 SIBIU,8.55,-,-,7.95,-,-,-,-,-,-,8.25
1040,SB7922081,1040,ŞCOALA GIMNAZIALĂ IOAN BAN - DASCĂLU POIANA SIBIULUI,8.5,-,-,8,-,-,-,-,-,-,8.25
1041,SB10306716,1041,ŞCOALA GIMNAZIALĂ CIREŞARII MEDIAŞ,8.35,-,-,8.15,-,-,-,-,-,-,8.25
1042,SB10121198,1042,LICEUL TEORETIC ROTH - OBERTH MEDIAŞ,8.35,-,-,7.5,-,-,Limba germana,8.9,-,-,8.25
1043,SB9943049,1043,LICEUL TEHNOLOGIC IOAN LUPAŞ SĂLIŞTE,8.3,-,-,8.2,-,-,-,-,-,-,8.25
1044,SB10274961,1044,ŞCOALA GIMNAZIALĂ GEORG DANIEL TEUTSCH AGNITA,8.3,-,-,8.2,-,-,-,-,-,-,8.25
1045,SB9076021,1045,ŞCOALA GIMNAZIALĂ REGINA MARIA SIBIU,8.3,-,-,8.2,-,-,-,-,-,-,8.25
1046,SB8958792,1046,ŞCOALA GIMNAZIALĂ MIHAI VITEAZU ŞELIMBĂR,8.15,8.1,8.1,8.4,-,-,-,-,-,-,8.25
1047,SB11072241,1047,ŞCOALA GIMNAZIALĂ NR. 18 SIBIU,8.05,-,-,8.45,-,-,-,-,-,-,8.25
1048,SB10687106,1048,ŞCOALA GIMNAZIALĂ IOAN SLAVICI SIBIU,7.9,7.9,7.9,8.6,-,-,-,-,-,-,8.25
1049,SB10847507,1049,LICEUL TEORETIC CONSTANTIN NOICA SIBIU,7.8,8.05,8.05,8.45,-,-,-,-,-,-,8.25
1050,SB9626179,1050,ŞCOALA GIMNAZIALĂ IOAN SLAVICI SIBIU,7.65,-,-,8.85,-,-,-,-,-,-,8.25
1051,SB12311952,1051,ŞCOALA GIMNAZIALĂ ION LUCA CARAGIALE SIBIU,8.9,-,-,8.2,-,-,Limba germana,7.6,-,-,8.23
1052,SB10444478,1052,ŞCOALA GIMNAZIALĂ NR. 4 SIBIU,8.05,7.85,7.85,8.3,-,-,Limba germana,8.85,8.55,8.55,8.23
1053,SB9641108,1053,ŞCOALA GIMNAZIALĂ NR. 4 SIBIU,7.9,-,-,8.8,-,-,Limba germana,8,-,-,8.23
1054,SB10343930,1054,ŞCOALA GIMNAZIALĂ REGINA MARIA SIBIU,9.35,-,-,7.1,-,-,-,-,-,-,8.22
1055,SB646701,1055,ŞCOALA GIMNAZIALĂ NR. 13 SIBIU,9.35,-,-,7.1,-,-,-,-,-,-,8.22
1056,SB9710387,1056,ŞCOALA GIMNAZIALĂ CRISTIAN,8.9,-,-,7.55,-,-,-,-,-,-,8.22
1057,SB10848014,1057,ŞCOALA GIMNAZIALĂ NICOLAE IORGA SIBIU,8.9,-,-,7.55,-,-,-,-,-,-,8.22
1058,SB7921973,1058,ŞCOALA GIMNAZIALĂ IOAN BAN - DASCĂLU POIANA SIBIULUI,8.75,8.55,8.55,7.9,-,-,-,-,-,-,8.22
1059,SB10331848,1059,ŞCOALA GIMNAZIALĂ CIREŞARII MEDIAŞ,8.7,-,-,7.75,-,-,-,-,-,-,8.22
1060,SB10848280,1060,ŞCOALA GIMNAZIALĂ NICOLAE IORGA SIBIU,8.65,8.6,8.6,7.85,-,-,-,-,-,-,8.22
1061,SB12311211,1061,LICEUL TEHNOLOGIC IOAN LUPAŞ SĂLIŞTE,8.65,-,-,7.8,-,-,-,-,-,-,8.22
1062,SB9526970,1062,ŞCOALA GIMNAZIALĂ NR. 4 SIBIU,8.65,-,-,7.8,-,-,-,-,-,-,8.22
1063,SB9937543,1063,ŞCOALA GIMNAZIALĂ PĂUCA,8.55,-,-,7.9,-,-,-,-,-,-,8.22
1064,SB10132398,1064,ŞCOALA GIMNAZIALĂ NR. 13 SIBIU,8.5,-,-,7.95,-,-,-,-,-,-,8.22
1065,SB10314910,1065,ŞCOALA GIMNAZIALĂ REGELE FERDINAND SIBIU,8.45,-,-,8.15,8,8,-,-,-,-,8.22
1066,SB7923159,1066,ŞCOALA GIMNAZIALĂ IOAN BAN - DASCĂLU POIANA SIBIULUI,8.45,-,-,8,-,-,-,-,-,-,8.22
1067,SB10332552,1067,ŞCOALA GIMNAZIALĂ CONSTANTIN IOAN MOTAŞ MEDIAŞ,8.35,-,-,8.1,-,-,-,-,-,-,8.22
1068,SB11155516,1068,ŞCOALA GIMNAZIALĂ REGINA MARIA SIBIU,8.25,-,-,8.2,-,-,-,-,-,-,8.22
1069,SB10392713,1069,ŞCOALA GIMNAZIALĂ POPLACA,7.9,-,-,8.55,-,-,-,-,-,-,8.22
1070,SB10526043,1070,COLEGIUL NAȚIONAL PEDAGOGIC ANDREI ŞAGUNA SIBIU,7.65,-,-,8.8,-,-,-,-,-,-,8.22
1071,SB10263653,1071,ŞCOALA GIMNAZIALĂ MIHAI VITEAZU ŞELIMBĂR,7.65,-,-,8.8,-,-,-,-,-,-,8.22
1072,SB12315895,1072,LICEUL ROMÂNO - FINLANDEZ ERI SIBIU,7.65,-,-,8.8,-,-,-,-,-,-,8.22
1073,SB10440494,1073,LICEUL TEORETIC ROTH - OBERTH MEDIAŞ,8.45,-,-,7.3,-,-,Limba germana,8.9,-,-,8.21
1074,SB11014505,1074,ŞCOALA GIMNAZIALĂ AUREL DECEI GURA RÂULUI,9.4,-,-,7,-,-,-,-,-,-,8.2
1075,SB12101472,1075,LICEUL TEORETIC ONISIFOR GHIBU SIBIU,9,-,-,7.2,-,-,Limba germana,8.4,-,-,8.2
1076,SB7963940,1076,ŞCOALA GIMNAZIALĂ ȘEICA MICĂ,8.9,-,-,7.5,-,-,-,-,-,-,8.2
1077,SB9076707,1077,LICEUL DE ARTĂ SIBIU,8.65,-,-,7.75,-,-,-,-,-,-,8.2
1078,SB10971275,1078,ŞCOALA GIMNAZIALĂ AVIATOR IOAN SAVA ALŢÎNA,8.65,-,-,7.75,-,-,-,-,-,-,8.2
1079,SB4856051,1079,ŞCOALA GIMNAZIALĂ NR. 18 SIBIU,8.6,8.3,8.3,8.1,-,-,-,-,-,-,8.2
1080,SB9698832,1080,ŞCOALA GIMNAZIALĂ NR. 2 CISNĂDIE,8.6,-,-,7.8,-,-,-,-,-,-,8.2
1081,SB10296559,1081,LICEUL TEORETIC ROTH - OBERTH MEDIAŞ,8.45,-,-,7.15,-,-,Limba germana,9,-,-,8.2
1082,SB10274568,1082,ŞCOALA GIMNAZIALĂ NR. 21 SIBIU,8.4,-,-,8,-,-,-,-,-,-,8.2
1083,SB10126726,1083,ŞCOALA GIMNAZIALĂ NR. 13 SIBIU,8.2,-,-,8.2,-,-,-,-,-,-,8.2
1084,SB10126810,1084,ŞCOALA GIMNAZIALĂ NR. 18 SIBIU,7.75,-,-,8.65,-,-,-,-,-,-,8.2
1085,SB4075851,1085,ŞCOALA GIMNAZIALĂ NR. 18 SIBIU,7.75,-,-,8.65,-,-,-,-,-,-,8.2
1086,SB10620964,1086,ŞCOALA GIMNAZIALĂ RADU SELEJAN SIBIU,9.3,-,-,7.05,-,-,-,-,-,-,8.17
1087,SB12098440,1087,ŞCOALA GIMNAZIALĂ REGINA MARIA SIBIU,9.1,-,-,7.25,-,-,-,-,-,-,8.17
1088,SB10049425,1088,ŞCOALA GIMNAZIALĂ NR. 12 SIBIU,9,-,-,7.35,-,-,-,-,-,-,8.17
1089,SB10359548,1089,ŞCOALA GIMNAZIALĂ TILIŞCA,8.75,-,-,7.6,-,-,-,-,-,-,8.17
1090,SB10090384,1090,ŞCOALA GIMNAZIALĂ REGINA MARIA SIBIU,8.75,-,-,7.6,-,-,-,-,-,-,8.17
1091,SB10276934,1091,ŞCOALA GIMNAZIALĂ NR. 13 SIBIU,8.65,-,-,7.7,-,-,-,-,-,-,8.17
1092,SB10406679,1092,ŞCOALA GIMNAZIALĂ RADU SELEJAN SIBIU,8.55,8.75,8.75,7.6,-,-,-,-,-,-,8.17
1093,SB663851,1093,COLEGIUL NAȚIONAL OCTAVIAN GOGA SIBIU,8.45,-,-,7.9,-,-,-,-,-,-,8.17
1094,SB10399639,1094,ŞCOALA GIMNAZIALĂ NOCRICH,8.3,-,-,8.05,-,-,-,-,-,-,8.17
1095,SB9624556,1095,ŞCOALA GIMNAZIALĂ IOAN SLAVICI SIBIU,8.25,-,-,8.1,-,-,-,-,-,-,8.17
1096,SB10399872,1096,ŞCOALA GIMNAZIALĂ NOCRICH,8.2,-,-,8.15,-,-,-,-,-,-,8.17
1097,SB10296111,1097,ŞCOALA GIMNAZIALĂ NR. 7 MEDIAŞ,8.15,-,-,8.2,-,-,-,-,-,-,8.17
1098,SB10847591,1098,LICEUL TEORETIC CONSTANTIN NOICA SIBIU,7.85,-,-,8.5,-,-,-,-,-,-,8.17
1099,SB9510593,1099,ŞCOALA GIMNAZIALĂ NR. 25 SIBIU,7.55,-,-,8.8,-,-,-,-,-,-,8.17
1100,SB6231301,1100,COLEGIUL NAȚIONAL SAMUEL VON BRUKENTHAL SIBIU,8.65,-,-,7.1,-,-,Limba germana,8.75,-,-,8.16
1101,SB10318036,1101,LICEUL TEORETIC ROTH - OBERTH MEDIAŞ,8.5,-,-,6.6,-,-,Limba germana,9.4,-,-,8.16
1102,SB9587364,1102,LICEUL TEORETIC GUSTAV GUNDISCH CISNĂDIE,8.4,-,-,7.8,-,-,Limba germana,8.3,-,-,8.16
1103,SB10268145,1103,LICEUL TEORETIC ROTH - OBERTH MEDIAŞ,8.3,-,-,7.6,-,-,Limba germana,8.6,-,-,8.16
1104,SB10318264,1104,LICEUL TEORETIC ONISIFOR GHIBU SIBIU,8.1,-,-,8.3,-,-,Limba germana,8.1,-,-,8.16
1105,SB8580367,1105,ŞCOALA GIMNAZIALĂ NR. 18 SIBIU,9.15,-,-,7.15,-,-,-,-,-,-,8.15
1106,SB8975125,1106,COLEGIUL NAȚIONAL PEDAGOGIC ANDREI ŞAGUNA SIBIU,8.85,-,-,7.3,7.45,7.45,-,-,-,-,8.15
1107,SB12315493,1107,COLEGIUL NAȚIONAL OCTAVIAN GOGA SIBIU,8.7,-,-,7.75,7.6,7.6,-,-,-,-,8.15
1108,SB9805765,1108,ŞCOALA GIMNAZIALĂ TĂLMACIU,8.6,-,-,7.7,-,-,-,-,-,-,8.15
1109,SB10127980,1109,ŞCOALA GIMNAZIALĂ NR. 18 SIBIU,8.5,-,-,7.8,-,-,-,-,-,-,8.15
1110,SB9525535,1110,ŞCOALA GIMNAZIALĂ AUREL DECEI GURA RÂULUI,8.45,-,-,7.85,-,-,-,-,-,-,8.15
1111,SB4074751,1111,ŞCOALA GIMNAZIALĂ NR. 18 SIBIU,8.3,-,-,8,-,-,-,-,-,-,8.15
1112,SB10292523,1112,ŞCOALA GIMNAZIALĂ RADU SELEJAN SIBIU,8.3,-,-,8,-,-,-,-,-,-,8.15
1113,SB9474264,1113,ŞCOALA GIMNAZIALĂ AUREL DECEI GURA RÂULUI,8.3,-,-,8,-,-,-,-,-,-,8.15
1114,SB9803090,1114,COLEGIUL NAȚIONAL PEDAGOGIC ANDREI ŞAGUNA SIBIU,8.25,-,-,8.05,-,-,-,-,-,-,8.15
1115,SB9562424,1115,ŞCOALA GIMNAZIALĂ RADU SELEJAN SIBIU,8.25,-,-,8.05,-,-,-,-,-,-,8.15
1116,SB10334260,1116,ŞCOALA GIMNAZIALĂ CONSTANTIN IOAN MOTAŞ MEDIAŞ,8.2,-,-,8.1,-,-,-,-,-,-,8.15
1117,SB9675872,1117,ŞCOALA GIMNAZIALĂ NR. 3 CISNĂDIE,8.05,-,-,8.25,-,-,-,-,-,-,8.15
1118,SB10524778,1118,COLEGIUL NAȚIONAL PEDAGOGIC ANDREI ŞAGUNA SIBIU,8.05,-,-,8.25,-,-,-,-,-,-,8.15
1119,SB10333189,1119,ŞCOALA GIMNAZIALĂ CIREŞARII MEDIAŞ,7.95,-,-,8.35,-,-,-,-,-,-,8.15
1120,SB10541556,1120,ŞCOALA GIMNAZIALĂ NR. 21 SIBIU,9.25,8.6,8.6,7.65,-,-,-,-,-,-,8.12
1121,SB10552525,1121,ŞCOALA GIMNAZIALĂ NR. 18 SIBIU,9.15,-,-,7.1,-,-,-,-,-,-,8.12
1122,SB10427357,1122,COLEGIUL NAȚIONAL OCTAVIAN GOGA SIBIU,9,-,-,7.25,-,-,-,-,-,-,8.12
1123,SB9078764,1123,ŞCOALA GIMNAZIALĂ NR. 13 SIBIU,8.7,-,-,7.55,-,-,-,-,-,-,8.12
1124,SB9813717,1124,LICEUL TEORETIC GHEORGHE LAZĂR AVRIG,8.6,-,-,7.65,-,-,-,-,-,-,8.12
1125,SB9103772,1125,ŞCOALA GIMNAZIALĂ NR. 13 SIBIU,8.45,-,-,7.8,-,-,-,-,-,-,8.12
1126,SB10945009,1126,ŞCOALA GIMNAZIALĂ NR. 8 SIBIU,8.45,-,-,7.8,-,-,-,-,-,-,8.12
1127,SB10462001,1127,ŞCOALA GIMNAZIALĂ NICOLAE IORGA SIBIU,8.4,-,-,7.85,-,-,-,-,-,-,8.12
1128,SB10333380,1128,ŞCOALA GIMNAZIALĂ CONSTANTIN IOAN MOTAŞ MEDIAŞ,8.3,-,-,7.95,-,-,-,-,-,-,8.12
1129,SB9991874,1129,ŞCOALA GIMNAZIALĂ NR. 3 CISNĂDIE,8.1,-,-,8.15,-,-,-,-,-,-,8.12
1130,SB10367334,1130,ŞCOALA GIMNAZIALĂ NICOLAE IORGA SIBIU,7.75,-,-,8.5,-,-,-,-,-,-,8.12
1131,SB10264060,1131,ŞCOALA GIMNAZIALĂ NR. 13 SIBIU,7.55,-,-,8.7,-,-,-,-,-,-,8.12
1132,SB9747164,1132,ŞCOALA GIMNAZIALĂ ŞMIG,7.4,-,-,8.85,-,-,-,-,-,-,8.12
1133,SB12313152,1133,COLEGIUL NAȚIONAL SAMUEL VON BRUKENTHAL SIBIU,7.75,-,-,7.6,-,-,Limba germana,9,-,-,8.11
1134,SB11116281,1134,ŞCOALA GIMNAZIALĂ ION LUCA CARAGIALE SIBIU,9,-,-,6.1,-,-,Limba germana,9.2,-,-,8.1
1135,SB10537407,1135,COLEGIUL NAȚIONAL OCTAVIAN GOGA SIBIU,8.9,-,-,7.3,-,-,-,-,-,-,8.1
1136,SB10391266,1136,ŞCOALA GIMNAZIALĂ POPLACA,8.85,-,-,7.35,-,-,-,-,-,-,8.1
1137,SB10174194,1137,ŞCOALA GIMNAZIALĂ NR. 4 SIBIU,8.75,-,-,7.45,-,-,-,-,-,-,8.1
1138,SB10458917,1138,LICEUL DE ARTĂ SIBIU,8.75,-,-,7.45,-,-,-,-,-,-,8.1
1139,SB6270201,1139,ŞCOALA GIMNAZIALĂ NR. 21 SIBIU,8.7,8.6,8.6,7.6,-,-,-,-,-,-,8.1
1140,SB10605872,1140,LICEUL TIMOTEI CIPARIU DUMBRĂVENI,8.7,-,-,7.5,-,-,-,-,-,-,8.1
1141,SB4109351,1141,ŞCOALA GIMNAZIALĂ NR. 18 SIBIU,8.55,-,-,7.65,-,-,-,-,-,-,8.1
1142,SB10388993,1142,COLEGIUL NAȚIONAL OCTAVIAN GOGA SIBIU,8.55,-,-,7.65,-,-,-,-,-,-,8.1
1143,SB10396199,1143,ŞCOALA GIMNAZIALĂ NR. 13 SIBIU,8.5,-,-,7.7,-,-,-,-,-,-,8.1
1144,SB12313770,1144,COLEGIUL NAȚIONAL OCTAVIAN GOGA SIBIU,8.35,-,-,7.85,-,-,-,-,-,-,8.1
1145,SB9656603,1145,ŞCOALA GIMNAZIALĂ CIREŞARII MEDIAŞ,8.35,-,-,7.85,-,-,-,-,-,-,8.1
1146,SB9807169,1146,ŞCOALA GIMNAZIALĂ NR. 4 SIBIU,8.3,-,-,7.1,-,-,Limba germana,8.9,-,-,8.1
1147,SB665301,1147,ŞCOALA GIMNAZIALĂ NR. 4 SIBIU,8.25,-,-,7.95,-,-,-,-,-,-,8.1
1148,SB9879487,1148,ŞCOALA GIMNAZIALĂ ION POP RETEGANUL ORLAT,8.25,8.7,8.7,7.5,-,-,-,-,-,-,8.1
1149,SB10548358,1149,ŞCOALA GIMNAZIALĂ REGINA MARIA SIBIU,8.25,8.65,8.65,7.35,7.55,7.55,-,-,-,-,8.1
1150,SB10528680,1150,ŞCOALA GIMNAZIALĂ NR. 8 SIBIU,8.2,-,-,8,-,-,-,-,-,-,8.1
1151,SB9387349,1151,LICEUL TEORETIC GUSTAV GUNDISCH CISNĂDIE,8,7.85,7.85,8.3,-,-,Limba germana,8.15,-,-,8.1
1152,SB11007010,1152,ŞCOALA GIMNAZIALĂ NR. 18 SIBIU,7.85,-,-,8.35,-,-,-,-,-,-,8.1
1153,SB10346582,1153,ŞCOALA GIMNAZIALĂ NICOLAE IORGA SIBIU,7.4,8.45,8.45,7.75,-,-,-,-,-,-,8.1
1154,SB10297446,1154,LICEUL TEORETIC ROTH - OBERTH MEDIAŞ,9.1,-,-,5.75,-,-,Limba germana,9.4,-,-,8.08
1155,SB10478783,1155,ŞCOALA GIMNAZIALĂ NICOLAE IORGA SIBIU,9.4,-,-,6.65,6.75,6.75,-,-,-,-,8.07
1156,SB10492668,1156,ŞCOALA GIMNAZIALĂ CORNELIU PĂCURARIU MICĂSASA,9,-,-,7.15,-,-,-,-,-,-,8.07
1157,SB13114973,1157,LICEUL TEORETIC CONSTANTIN NOICA SIBIU,8.8,-,-,7.35,-,-,-,-,-,-,8.07
1158,SB10333252,1158,ŞCOALA GIMNAZIALĂ CIREŞARII MEDIAŞ,8.75,-,-,7.4,-,-,-,-,-,-,8.07
1159,SB9805522,1159,ŞCOALA GIMNAZIALĂ TĂLMACIU,8.75,-,-,7.4,-,-,-,-,-,-,8.07
1160,SB10477606,1160,LICEUL AUGUST TREBONIU LAURIAN AGNITA,8.6,-,-,7.55,-,-,-,-,-,-,8.07
1161,SB12093281,1161,ŞCOALA GIMNAZIALĂ CONSTANTIN IOAN MOTAŞ MEDIAŞ,8.45,-,-,7.7,-,-,-,-,-,-,8.07
1162,SB12297607,1162,ŞCOALA GIMNAZIALĂ IOAN SLAVICI SIBIU,8.35,-,-,7.8,-,-,-,-,-,-,8.07
1163,SB7992688,1163,ŞCOALA GIMNAZIALĂ IOAN BAN - DASCĂLU POIANA SIBIULUI,8.3,-,-,7.85,-,-,-,-,-,-,8.07
1164,SB4854901,1164,ŞCOALA GIMNAZIALĂ ION LUCA CARAGIALE SIBIU,8.3,-,-,7.85,-,-,-,-,-,-,8.07
1165,SB10463376,1165,ŞCOALA GIMNAZIALĂ NICOLAE IORGA SIBIU,8.2,-,-,7.95,-,-,-,-,-,-,8.07
1166,SB9675812,1166,ŞCOALA GIMNAZIALĂ NR. 8 SIBIU,8.15,-,-,8,-,-,-,-,-,-,8.07
1167,SB10386574,1167,ŞCOALA GIMNAZIALĂ ION LUCA CARAGIALE SIBIU,8.1,-,-,8.05,-,-,-,-,-,-,8.07
1168,SB4855901,1168,ŞCOALA GIMNAZIALĂ NR. 18 SIBIU,8.05,-,-,8.1,-,-,-,-,-,-,8.07
1169,SB10084935,1169,LICEUL TEHNOLOGIC JOHANNES LEBEL TĂLMACIU,7.9,7.8,7.8,8.35,-,-,-,-,-,-,8.07
1170,SB10099726,1170,ŞCOALA GIMNAZIALĂ MIHAI EMINESCU MEDIAŞ,7.9,-,-,8.25,-,-,-,-,-,-,8.07
1171,SB10335601,1171,ŞCOALA GIMNAZIALĂ CONSTANTIN IOAN MOTAŞ MEDIAŞ,7.8,-,-,8.35,-,-,-,-,-,-,8.07
1172,SB7985556,1172,ŞCOALA GIMNAZIALĂ NR. 1 SIBIU,7.55,-,-,8.6,-,-,-,-,-,-,8.07
1173,SB9171534,1173,LICEUL TEORETIC GUSTAV GUNDISCH CISNĂDIE,7.2,8,8,8.45,-,-,Limba germana,6.9,7.75,7.75,8.06
1174,SB9626220,1174,ŞCOALA GIMNAZIALĂ NR. 8 SIBIU,9.3,-,-,6.8,-,-,-,-,-,-,8.05
1175,SB9181405,1175,ŞCOALA GIMNAZIALĂ NR. 21 SIBIU,8.95,-,-,7.15,-,-,-,-,-,-,8.05
1176,SB10501675,1176,ŞCOALA GIMNAZIALĂ CORNELIU PĂCURARIU MICĂSASA,8.75,-,-,7.35,-,-,-,-,-,-,8.05
1177,SB11026009,1177,COLEGIUL NAȚIONAL OCTAVIAN GOGA SIBIU,8.65,9,9,7.75,8,8,Limba germana,7.15,-,-,8.05
1178,SB8788283,1178,ŞCOALA GIMNAZIALĂ ŞEICA MARE,8.65,8.8,8.8,7.3,-,-,-,-,-,-,8.05
1179,SB10408135,1179,ŞCOALA GIMNAZIALĂ NICOLAE IORGA SIBIU,8.55,8.5,8.5,9,-,-,Limba germana,6.65,-,-,8.05
1180,SB10121142,1180,COLEGIUL NAȚIONAL SAMUEL VON BRUKENTHAL SIBIU,8.5,-,-,7.1,-,-,Limba germana,8.55,-,-,8.05
1181,SB8788224,1181,ŞCOALA GIMNAZIALĂ ŞEICA MARE,8.1,-,-,8,-,-,-,-,-,-,8.05
1182,SB9510566,1182,ŞCOALA GIMNAZIALĂ NR. 25 SIBIU,8.1,-,-,8,-,-,-,-,-,-,8.05
1183,SB10744864,1183,ŞCOALA GIMNAZIALĂ NR. 13 SIBIU,7.95,-,-,8.15,-,-,-,-,-,-,8.05
1184,SB10264627,1184,ŞCOALA GIMNAZIALĂ NR. 13 SIBIU,7.9,7.6,7.6,8.5,-,-,-,-,-,-,8.05
1185,SB9378818,1185,ŞCOALA GIMNAZIALĂ NR. 10 SIBIU,7.9,-,-,8.2,-,-,-,-,-,-,8.05
1186,SB10295777,1186,LICEUL TEORETIC ROTH - OBERTH MEDIAŞ,7.8,-,-,7.4,-,-,Limba germana,8.95,-,-,8.05
1187,SB9887445,1187,ŞCOALA GIMNAZIALĂ SLIMNIC,7.5,-,-,8.6,-,-,-,-,-,-,8.05
1188,SB9935438,1188,LICEUL TEHNOLOGIC JOHANNES LEBEL TĂLMACIU,7.45,8.35,8.35,7.75,-,-,-,-,-,-,8.05
1189,SB10492169,1189,ŞCOALA GIMNAZIALĂ CORNELIU PĂCURARIU MICĂSASA,9.1,-,-,6.95,-,-,-,-,-,-,8.02
1190,SB9839018,1190,ŞCOALA GIMNAZIALĂ RADU SELEJAN SIBIU,9.05,-,-,7,-,-,-,-,-,-,8.02
1191,SB10537251,1191,LICEUL DE ARTĂ SIBIU,9.05,-,-,7,-,-,-,-,-,-,8.02
1192,SB9384483,1192,LICEUL AUGUST TREBONIU LAURIAN AGNITA,9,-,-,7.05,-,-,-,-,-,-,8.02
1193,SB8346776,1193,ŞCOALA GIMNAZIALĂ RADU SELEJAN SIBIU,8.95,-,-,7.1,-,-,-,-,-,-,8.02
1194,SB10367277,1194,LICEUL ROMÂNO - FINLANDEZ ERI SIBIU,8.9,-,-,7.15,-,-,-,-,-,-,8.02
1195,SB10493928,1195,ŞCOALA GIMNAZIALĂ CORNELIU PĂCURARIU MICĂSASA,8.85,-,-,7.2,-,-,-,-,-,-,8.02
1196,SB10468609,1196,ŞCOALA GIMNAZIALĂ NR. 7 MEDIAŞ,8.6,-,-,7.45,-,-,-,-,-,-,8.02
1197,SB11046004,1197,LICEUL DE ARTĂ SIBIU,8.6,-,-,7.45,-,-,-,-,-,-,8.02
1198,SB12312909,1198,ŞCOALA GIMNAZIALĂ NICOLAE IORGA SIBIU,8.55,-,-,7.5,-,-,-,-,-,-,8.02
1199,SB8531002,1199,LICEUL TEORETIC CONSTANTIN NOICA SIBIU,8.45,-,-,7.6,-,-,-,-,-,-,8.02
1200,SB11157463,1200,ŞCOALA GIMNAZIALĂ REGINA MARIA SIBIU,8.45,-,-,7.6,-,-,-,-,-,-,8.02
1201,SB10447572,1201,ŞCOALA GIMNAZIALĂ RADU SELEJAN SIBIU,8.3,-,-,7.75,-,-,-,-,-,-,8.02
1202,SB14253941,1202,ŞCOALA GIMNAZIALĂ REGINA MARIA SIBIU,8.05,-,-,8,-,-,-,-,-,-,8.02
1203,SB10992746,1203,LICEUL TEORETIC CONSTANTIN NOICA SIBIU,8.05,-,-,8,-,-,-,-,-,-,8.02
1204,SB12837527,1204,ŞCOALA GIMNAZIALĂ REGINA MARIA SIBIU,8.05,8.15,8.15,7.9,-,-,-,-,-,-,8.02
1205,SB10119684,1205,ŞCOALA GIMNAZIALĂ NR. 18 SIBIU,8,-,-,8.05,-,-,-,-,-,-,8.02
1206,SB9817746,1206,ŞCOALA GIMNAZIALĂ RADU SELEJAN SIBIU,8,-,-,8.05,-,-,-,-,-,-,8.02
1207,SB10410150,1207,ŞCOALA GIMNAZIALĂ ION LUCA CARAGIALE SIBIU,7.85,-,-,8.2,-,-,-,-,-,-,8.02
1208,SB10564250,1208,ŞCOALA GIMNAZIALĂ RADU SELEJAN SIBIU,7.8,-,-,8.25,-,-,-,-,-,-,8.02
1209,SB12067593,1209,COLEGIUL NAȚIONAL OCTAVIAN GOGA SIBIU,7.6,-,-,8.45,-,-,-,-,-,-,8.02
1210,SB9527607,1210,ŞCOALA GIMNAZIALĂ NR. 25 SIBIU,9.25,-,-,6.75,-,-,-,-,-,-,8
1211,SB9871898,1211,ŞCOALA GIMNAZIALĂ NR. 25 SIBIU,8.95,-,-,7.05,-,-,-,-,-,-,8
1212,SB10971884,1212,ŞCOALA GIMNAZIALĂ LUCIAN BOLOGA MARPOD,8.95,-,-,6.95,7.05,7.05,-,-,-,-,8
1213,SB10292891,1213,ŞCOALA GIMNAZIALĂ REGELE FERDINAND SIBIU,8.7,-,-,7.3,-,-,-,-,-,-,8
1214,SB10405133,1214,LICEUL TEHNOLOGIC MÂRŞA,8.65,-,-,7.35,-,-,-,-,-,-,8
1215,SB9676371,1215,ŞCOALA GIMNAZIALĂ IOAN SLAVICI SIBIU,8.55,-,-,7.45,-,-,-,-,-,-,8
1216,SB12314879,1216,ŞCOALA GIMNAZIALĂ NR. 7 MEDIAŞ,8.4,-,-,7.6,-,-,-,-,-,-,8
1217,SB10083783,1217,ŞCOALA GIMNAZIALĂ MIHAI EMINESCU MEDIAŞ,8.4,-,-,7.6,-,-,-,-,-,-,8
1218,SB10663288,1218,ŞCOALA GIMNAZIALĂ NR. 1 COPŞA MICĂ,8.05,-,-,7.95,-,-,-,-,-,-,8
1219,SB9006938,1219,LICEUL TEORETIC GUSTAV GUNDISCH CISNĂDIE,8.05,-,-,7.95,-,-,-,-,-,-,8
1220,SB9138613,1220,ŞCOALA GIMNAZIALĂ ION LUCA CARAGIALE SIBIU,8,-,-,8.4,-,-,Limba germana,7.6,-,-,8
1221,SB10605325,1221,ŞCOALA GIMNAZIALĂ MIHAI EMINESCU MEDIAŞ,8,-,-,8,-,-,-,-,-,-,8
1222,SB8254875,1222,ŞCOALA GIMNAZIALĂ SAMUIL MICU SADU,7.95,-,-,8.05,-,-,-,-,-,-,8
1223,SB12314407,1223,COLEGIUL NAȚIONAL OCTAVIAN GOGA SIBIU,7.65,7.5,7.5,8.45,8.5,8.5,-,-,-,-,8
1224,SB10095311,1224,ŞCOALA GIMNAZIALĂ MIHAI VITEAZU ŞELIMBĂR,7.65,-,-,8.35,-,-,-,-,-,-,8
1225,SB9717969,1225,ŞCOALA GIMNAZIALĂ NR. 13 SIBIU,6.95,-,-,9.05,-,-,-,-,-,-,8
1226,SB10513665,1226,LICEUL TEORETIC ROTH - OBERTH MEDIAŞ,8.15,-,-,6.75,-,-,Limba germana,9.05,-,-,7.98
1227,SB10121325,1227,LICEUL TEORETIC ROTH - OBERTH MEDIAŞ,7.5,-,-,7.95,-,-,Limba germana,8.5,-,-,7.98
1228,SB10605810,1228,LICEUL TIMOTEI CIPARIU DUMBRĂVENI,9.6,-,-,6.35,-,-,-,-,-,-,7.97
1229,SB10647821,1229,ŞCOALA GIMNAZIALĂ NR. 3 COPȘA MICĂ,9,-,-,6.95,-,-,-,-,-,-,7.97
1230,SB8788352,1230,ŞCOALA GIMNAZIALĂ ŞEICA MARE,8.7,-,-,7.25,-,-,-,-,-,-,7.97
1231,SB9511229,1231,ŞCOALA GIMNAZIALĂ NR. 18 SIBIU,8.5,-,-,7.45,-,-,-,-,-,-,7.97
1232,SB9624585,1232,COLEGIUL NAȚIONAL OCTAVIAN GOGA SIBIU,8.5,-,-,7.45,-,-,-,-,-,-,7.97
1233,SB10477465,1233,LICEUL AUGUST TREBONIU LAURIAN AGNITA,8.35,-,-,7.6,-,-,-,-,-,-,7.97
1234,SB9657141,1234,ŞCOALA GIMNAZIALĂ NR. 18 SIBIU,8.35,-,-,7.6,-,-,-,-,-,-,7.97
1235,SB12285089,1235,ŞCOALA GIMNAZIALĂ CIREŞARII MEDIAŞ,8.2,-,-,7.75,-,-,-,-,-,-,7.97
1236,SB12316998,1236,COLEGIUL NAȚIONAL OCTAVIAN GOGA SIBIU,8.15,-,-,7.8,-,-,-,-,-,-,7.97
1237,SB10284003,1237,ŞCOALA GIMNAZIALĂ NR. 4 SIBIU,8.1,-,-,7.85,-,-,-,-,-,-,7.97
1238,SB9079427,1238,COLEGIUL NAȚIONAL OCTAVIAN GOGA SIBIU,8.05,8.05,8.05,7.8,7.9,7.9,-,-,-,-,7.97
1239,SB10410091,1239,ŞCOALA GIMNAZIALĂ NR. 25 SIBIU,8,-,-,7.95,-,-,-,-,-,-,7.97
1240,SB10102416,1240,ŞCOALA GIMNAZIALĂ CONSTANTIN IOAN MOTAŞ MEDIAŞ,8,-,-,7.95,-,-,-,-,-,-,7.97
1241,SB10332385,1241,ŞCOALA GIMNAZIALĂ CONSTANTIN IOAN MOTAŞ MEDIAŞ,7.85,-,-,8.1,-,-,-,-,-,-,7.97
1242,SB10458891,1242,ŞCOALA GIMNAZIALĂ NR. 8 SIBIU,7.8,-,-,8.15,-,-,-,-,-,-,7.97
1243,SB10094109,1243,ŞCOALA GIMNAZIALĂ REGINA MARIA SIBIU,7.5,-,-,8.5,8.45,8.45,-,-,-,-,7.97
1244,SB11116293,1244,ŞCOALA GIMNAZIALĂ NICOLAE IORGA SIBIU,8.8,-,-,7.2,-,-,Limba germana,7.9,-,-,7.96
1245,SB10545804,1245,ŞCOALA GIMNAZIALĂ NICOLAE IORGA SIBIU,7.05,7.4,7.4,8.1,-,-,Limba germana,8.4,-,-,7.96
1246,SB10121900,1246,ŞCOALA GIMNAZIALĂ NR. 1 SIBIU,9.1,-,-,6.8,-,-,-,-,-,-,7.95
1247,SB9729429,1247,ŞCOALA GIMNAZIALĂ CRISTIAN,8.6,-,-,7.3,-,-,-,-,-,-,7.95
1248,SB10970562,1248,ŞCOALA GIMNAZIALĂ LUCIAN BOLOGA MARPOD,8.45,-,-,7.45,-,-,-,-,-,-,7.95
1249,SB10687167,1249,ŞCOALA GIMNAZIALĂ SAMUIL MICU SADU,8.45,-,-,7.45,-,-,-,-,-,-,7.95
1250,SB10561291,1250,ŞCOALA GIMNAZIALĂ NR. 4 SIBIU,8.4,-,-,7.5,-,-,-,-,-,-,7.95
1251,SB9786598,1251,ŞCOALA GIMNAZIALĂ PORUMBACU DE JOS,8.2,-,-,7.7,-,-,-,-,-,-,7.95
1252,SB4855301,1252,ŞCOALA GIMNAZIALĂ NR. 13 SIBIU,8.1,8.05,8.05,7.85,-,-,-,-,-,-,7.95
1253,SB10548768,1253,LICEUL TEORETIC CONSTANTIN NOICA SIBIU,8.05,-,-,7.85,-,-,-,-,-,-,7.95
1254,SB11116124,1254,ŞCOALA GIMNAZIALĂ ION LUCA CARAGIALE SIBIU,7.9,-,-,8,-,-,-,-,-,-,7.95
1255,SB9625985,1255,ŞCOALA GIMNAZIALĂ MIHAI VITEAZU ŞELIMBĂR,7.8,-,-,8.1,-,-,-,-,-,-,7.95
1256,SB8157517,1256,ŞCOALA GIMNAZIALĂ RACOVIŢA,7.8,-,-,8.1,-,-,-,-,-,-,7.95
1257,SB9990079,1257,ŞCOALA GIMNAZIALĂ NR. 3 CISNĂDIE,7.7,-,-,8.2,-,-,-,-,-,-,7.95
1258,SB9494612,1258,ŞCOALA GIMNAZIALĂ LOAMNEŞ,7.4,-,-,8.5,-,-,-,-,-,-,7.95
1259,SB10289284,1259,ŞCOALA GIMNAZIALĂ ION LUCA CARAGIALE SIBIU,7.2,-,-,8.75,-,-,Limba germana,7.9,-,-,7.95
1260,SB10974448,1260,ŞCOALA GIMNAZIALĂ NR. 25 SIBIU,7.1,7.7,7.7,8.2,-,-,-,-,-,-,7.95
1261,SB12312053,1261,COLEGIUL NAȚIONAL SAMUEL VON BRUKENTHAL SIBIU,8.85,-,-,6.4,-,-,Limba germana,8.55,-,-,7.93
1262,SB10343148,1262,COLEGIUL NAȚIONAL PEDAGOGIC ANDREI ŞAGUNA SIBIU,8.85,8.7,8.7,6.95,7.15,7.15,-,-,-,-,7.92
1263,SB10960452,1263,LICEUL DE ARTĂ SIBIU,8.7,-,-,7.15,-,-,-,-,-,-,7.92
1264,SB10117663,1264,LICEUL TEHNOLOGIC JOHANNES LEBEL TĂLMACIU,8.5,8.05,8.05,8.25,7.8,7.8,-,-,-,-,7.92
1265,SB9560301,1265,ŞCOALA GIMNAZIALĂ IOAN SLAVICI SIBIU,8.5,-,-,7.35,-,-,-,-,-,-,7.92
1266,SB9067379,1266,ŞCOALA GIMNAZIALĂ NR. 1 SIBIU,8.45,-,-,7.4,-,-,-,-,-,-,7.92
1267,SB10665822,1267,ŞCOALA GIMNAZIALĂ NR. 1 COPŞA MICĂ,8.45,-,-,7.4,-,-,-,-,-,-,7.92
1268,SB8131502,1268,ŞCOALA GIMNAZIALĂ IOAN SLAVICI SIBIU,7.95,-,-,7.9,-,-,-,-,-,-,7.92
1269,SB10405092,1269,LICEUL TEHNOLOGIC MÂRŞA,7.6,-,-,8.25,-,-,-,-,-,-,7.92
1270,SB10022212,1270,ŞCOALA GIMNAZIALĂ NR. 21 SIBIU,7.55,-,-,8.3,-,-,-,-,-,-,7.92
1271,SB9676033,1271,ŞCOALA GIMNAZIALĂ IOAN SLAVICI SIBIU,7.5,-,-,8.35,-,-,-,-,-,-,7.92
1272,SB10549696,1272,ŞCOALA GIMNAZIALĂ NICOLAE IORGA SIBIU,7.45,-,-,8.4,-,-,-,-,-,-,7.92
1273,SB10424362,1273,ŞCOALA GIMNAZIALĂ NR. 21 SIBIU,9.15,-,-,6.65,-,-,-,-,-,-,7.9
1274,SB10527126,1274,ŞCOALA GIMNAZIALĂ NR. 21 SIBIU,9.05,-,-,6.75,-,-,-,-,-,-,7.9
1275,SB10276957,1275,ŞCOALA GIMNAZIALĂ NR. 4 SIBIU,8.85,-,-,6.95,-,-,-,-,-,-,7.9
1276,SB12263338,1276,ŞCOALA GIMNAZIALĂ REGINA MARIA SIBIU,8.8,-,-,7,-,-,-,-,-,-,7.9
1277,SB9935786,1277,LICEUL TEHNOLOGIC JOHANNES LEBEL TĂLMACIU,8.7,-,-,7.1,-,-,-,-,-,-,7.9
1278,SB10332523,1278,ŞCOALA GIMNAZIALĂ MIHAI EMINESCU MEDIAŞ,8.55,-,-,7.25,-,-,-,-,-,-,7.9
1279,SB12317231,1279,LICEUL TEORETIC GUSTAV GUNDISCH CISNĂDIE,8.45,-,-,8.35,-,-,Limba germana,6.9,-,-,7.9
1280,SB10454087,1280,COLEGIUL NAȚIONAL SAMUEL VON BRUKENTHAL SIBIU,8.45,-,-,7.85,-,-,Limba germana,7.4,-,-,7.9
1281,SB8310818,1281,ŞCOALA GIMNAZIALĂ BOIAN,8.45,-,-,7.35,-,-,-,-,-,-,7.9
1282,SB7921383,1282,ŞCOALA GIMNAZIALĂ IOAN BAN - DASCĂLU POIANA SIBIULUI,8.4,-,-,7.4,-,-,-,-,-,-,7.9
1283,SB10321168,1283,ŞCOALA GIMNAZIALĂ NR. 4 SIBIU,8.3,-,-,6.05,-,-,Limba germana,9.35,-,-,7.9
1284,SB10432459,1284,COLEGIUL NAȚIONAL SAMUEL VON BRUKENTHAL SIBIU,8.25,-,-,5.9,6.05,6.05,Limba germana,9.4,-,-,7.9
1285,SB9990535,1285,ŞCOALA GIMNAZIALĂ MIHAI VITEAZU ŞELIMBĂR,7.95,-,-,7.85,-,-,-,-,-,-,7.9
1286,SB9699742,1286,ŞCOALA GIMNAZIALĂ CRISTIAN,7.9,-,-,7.9,-,-,-,-,-,-,7.9
1287,SB12466289,1287,ŞCOALA GIMNAZIALĂ MIHAI VITEAZU ŞELIMBĂR,7.8,-,-,8.1,8,8,-,-,-,-,7.9
1288,SB12581122,1288,ŞCOALA GIMNAZIALĂ NR. 13 SIBIU,7.8,7.8,7.8,8,-,-,-,-,-,-,7.9
1289,SB9076609,1289,ŞCOALA GIMNAZIALĂ REGINA MARIA SIBIU,7.65,7.95,7.95,7.85,-,-,-,-,-,-,7.9
1290,SB9986209,1290,LICEUL TEORETIC GUSTAV GUNDISCH CISNĂDIE,7.55,8,8,7.8,-,-,-,-,-,-,7.9
1291,SB9839950,1291,ŞCOALA GIMNAZIALĂ NR. 13 SIBIU,7.25,-,-,8.55,-,-,-,-,-,-,7.9
1292,SB8562309,1292,ŞCOALA GIMNAZIALĂ NR. 4 SIBIU,8.45,-,-,7.5,-,-,Limba germana,7.7,-,-,7.88
1293,SB10049106,1293,LICEUL TEORETIC ONISIFOR GHIBU SIBIU,8.45,-,-,6.35,-,-,Limba germana,8.85,-,-,7.88
1294,SB12312846,1294,ŞCOALA GIMNAZIALĂ NR. 21 SIBIU,8.75,-,-,7,-,-,-,-,-,-,7.87
1295,SB10084609,1295,LICEUL TEHNOLOGIC JOHANNES LEBEL TĂLMACIU,8.45,-,-,7.3,-,-,-,-,-,-,7.87
1296,SB10447011,1296,ŞCOALA GIMNAZIALĂ NR. 13 SIBIU,8.35,-,-,7.4,-,-,-,-,-,-,7.87
1297,SB7921288,1297,ŞCOALA GIMNAZIALĂ IOAN BAN - DASCĂLU POIANA SIBIULUI,8.1,8.6,8.6,7.15,-,-,-,-,-,-,7.87
1298,SB10167506,1298,ŞCOALA GIMNAZIALĂ SLIMNIC,7.7,-,-,8.05,-,-,-,-,-,-,7.87
1299,SB10385660,1299,ŞCOALA GIMNAZIALĂ REGINA MARIA SIBIU,7.6,-,-,8.15,-,-,-,-,-,-,7.87
1300,SB10452857,1300,ŞCOALA GIMNAZIALĂ REGELE FERDINAND SIBIU,8.55,-,-,7.15,-,-,-,-,-,-,7.85
1301,SB10460662,1301,LICEUL DE ARTĂ SIBIU,8.5,-,-,7.2,-,-,-,-,-,-,7.85
1302,SB10347265,1302,ŞCOALA GIMNAZIALĂ NOIŞTAT,8.45,-,-,7.25,-,-,-,-,-,-,7.85
1303,SB10294895,1303,ŞCOALA GIMNAZIALĂ ION LUCA CARAGIALE SIBIU,8.35,8.1,8.1,7.15,-,-,Limba germana,8.3,-,-,7.85
1304,SB10600708,1304,ŞCOALA GIMNAZIALĂ NR. 2 CISNĂDIE,8.3,-,-,7.4,-,-,-,-,-,-,7.85
1305,SB10274426,1305,ŞCOALA GIMNAZIALĂ GEORG DANIEL TEUTSCH AGNITA,8.25,-,-,7.45,-,-,-,-,-,-,7.85
1306,SB9081573,1306,ŞCOALA GIMNAZIALĂ ION LUCA CARAGIALE SIBIU,8.25,-,-,7.45,-,-,-,-,-,-,7.85
1307,SB9094167,1307,ŞCOALA GIMNAZIALĂ SAVA POPOVICI BARCIANU RĂŞINARI,8.2,-,-,7.5,-,-,-,-,-,-,7.85
1308,SB10044024,1308,ŞCOALA GIMNAZIALĂ ION LUCA CARAGIALE SIBIU,8.1,-,-,7.6,-,-,-,-,-,-,7.85
1309,SB10522604,1309,ŞCOALA GIMNAZIALĂ NICOLAE IORGA SIBIU,7.85,-,-,8.05,-,-,Limba germana,7.65,-,-,7.85
1310,SB11077760,1310,ŞCOALA GIMNAZIALĂ CIREŞARII MEDIAŞ,7.85,-,-,7.85,-,-,-,-,-,-,7.85
1311,SB10082932,1311,LICEUL TEORETIC GHEORGHE LAZĂR AVRIG,7.75,-,-,7.95,-,-,-,-,-,-,7.85
1312,SB10551769,1312,ŞCOALA GIMNAZIALĂ NICOLAE IORGA SIBIU,7.7,-,-,8,-,-,-,-,-,-,7.85
1313,SB9675908,1313,ŞCOALA GIMNAZIALĂ NR. 8 SIBIU,7.5,8.3,8.3,7.4,-,-,-,-,-,-,7.85
1314,SB12271176,1314,ŞCOALA GIMNAZIALĂ NICOLAE IORGA SIBIU,7.3,-,-,8.35,-,-,Limba germana,7.9,-,-,7.85
1315,SB9808356,1315,COLEGIUL NAȚIONAL OCTAVIAN GOGA SIBIU,9,-,-,8.45,-,-,Limba germana,6.05,-,-,7.83
1316,SB9603108,1316,COLEGIUL NAȚIONAL OCTAVIAN GOGA SIBIU,8.2,8.05,8.05,7.85,-,-,Limba germana,7.6,-,-,7.83
1317,SB9676156,1317,ŞCOALA GIMNAZIALĂ IOAN SLAVICI SIBIU,8.95,-,-,6.7,-,-,-,-,-,-,7.82
1318,SB10504193,1318,ŞCOALA GIMNAZIALĂ ION LUCA CARAGIALE SIBIU,8.65,-,-,7,-,-,-,-,-,-,7.82
1319,SB12872686,1319,ŞCOALA GIMNAZIALĂ NR. 4 MEDIAŞ,8.4,-,-,7.25,-,-,-,-,-,-,7.82
1320,SB11077959,1320,ŞCOALA GIMNAZIALĂ CIREŞARII MEDIAŞ,8.35,-,-,7.3,-,-,-,-,-,-,7.82
1321,SB11074834,1321,ŞCOALA GIMNAZIALĂ RADU SELEJAN SIBIU,8.3,-,-,7.35,-,-,-,-,-,-,7.82
1322,SB9526724,1322,ŞCOALA GIMNAZIALĂ NR. 18 SIBIU,8.2,-,-,7.45,-,-,-,-,-,-,7.82
1323,SB6270951,1323,ŞCOALA GIMNAZIALĂ NR. 4 SIBIU,8.2,-,-,7.45,-,-,-,-,-,-,7.82
1324,SB10424469,1324,LICEUL ROMÂNO - FINLANDEZ ERI SIBIU,8.15,8.4,8.4,7.25,-,-,-,-,-,-,7.82
1325,SB10367210,1325,ŞCOALA GIMNAZIALĂ REGINA MARIA SIBIU,8,8.4,8.4,7.25,-,-,-,-,-,-,7.82
1326,SB6270351,1326,ŞCOALA GIMNAZIALĂ MIHAI VITEAZU ŞELIMBĂR,7.9,-,-,7.75,-,-,-,-,-,-,7.82
1327,SB10159883,1327,LICEUL DE ARTĂ SIBIU,7.7,-,-,7.95,-,-,-,-,-,-,7.82
1328,SB10432046,1328,COLEGIUL NAȚIONAL OCTAVIAN GOGA SIBIU,6.8,7.55,7.55,8.15,8.1,8.1,-,-,-,-,7.82
1329,SB9815361,1329,ŞCOALA GIMNAZIALĂ NR. 4 SIBIU,7.3,8.1,8.1,7.75,-,-,Limba germana,7.35,7.6,7.6,7.81
1330,SB8028484,1330,ŞCOALA GIMNAZIALĂ VALCHID,9.5,-,-,6.1,-,-,-,-,-,-,7.8
1331,SB9976011,1331,LICEUL TEHNOLOGIC IOAN LUPAŞ SĂLIŞTE,8.7,-,-,6.9,-,-,-,-,-,-,7.8
1332,SB657701,1332,ŞCOALA GIMNAZIALĂ NR. 25 SIBIU,8.7,-,-,6.9,-,-,-,-,-,-,7.8
1333,SB9103828,1333,ŞCOALA GIMNAZIALĂ REGINA MARIA SIBIU,8.65,-,-,6.95,-,-,-,-,-,-,7.8
1334,SB10633567,1334,ŞCOALA GIMNAZIALĂ SAMUIL MICU SADU,8.45,-,-,7.15,-,-,-,-,-,-,7.8
1335,SB10343791,1335,ŞCOALA GIMNAZIALĂ RADU SELEJAN SIBIU,8.3,-,-,7.3,-,-,-,-,-,-,7.8
1336,SB9937890,1336,ŞCOALA GIMNAZIALĂ PĂUCA,8.3,-,-,7.3,-,-,-,-,-,-,7.8
1337,SB10382002,1337,ŞCOALA GIMNAZIALĂ NR. 4 MEDIAŞ,8.2,-,-,7.4,-,-,-,-,-,-,7.8
1338,SB10425390,1338,ŞCOALA GIMNAZIALĂ SLIMNIC,8.1,-,-,7.5,-,-,-,-,-,-,7.8
1339,SB9813814,1339,LICEUL TEORETIC GHEORGHE LAZĂR AVRIG,7.85,-,-,7.75,-,-,-,-,-,-,7.8
1340,SB10410472,1340,ŞCOALA GIMNAZIALĂ NR. 25 SIBIU,7.8,-,-,7.8,-,-,-,-,-,-,7.8
1341,SB12058457,1341,ŞCOALA GIMNAZIALĂ VIOREL CUCU PALTIN ARPAȘU DE JOS,7.75,-,-,7.85,-,-,-,-,-,-,7.8
1342,SB10329538,1342,ŞCOALA GIMNAZIALĂ CIREŞARII MEDIAŞ,7.7,-,-,7.9,-,-,-,-,-,-,7.8
1343,SB10605954,1343,LICEUL TIMOTEI CIPARIU DUMBRĂVENI,7.55,-,-,8.05,-,-,-,-,-,-,7.8
1344,SB9876744,1344,ŞCOALA GIMNAZIALĂ ION POP RETEGANUL ORLAT,7.35,-,-,8.25,-,-,-,-,-,-,7.8
1345,SB10313513,1345,ŞCOALA GIMNAZIALĂ CIREŞARII MEDIAŞ,7.3,-,-,8.3,-,-,-,-,-,-,7.8
1346,SB14989540,1346,ŞCOALA GIMNAZIALĂ NR. 4 SIBIU,7.95,-,-,8.05,-,-,Limba germana,7.35,-,-,7.78
1347,SB9070590,1347,ŞCOALA GIMNAZIALĂ NICOLAE IORGA SIBIU,9,-,-,6.55,-,-,-,-,-,-,7.77
1348,SB10942462,1348,ŞCOALA GIMNAZIALĂ OCTAVIAN GOGA RĂŞINARI,8.75,-,-,6.8,-,-,-,-,-,-,7.77
1349,SB11077271,1349,ŞCOALA GIMNAZIALĂ NR. 23 SIBIU,8.7,-,-,6.85,-,-,-,-,-,-,7.77
1350,SB10530158,1350,ŞCOALA GIMNAZIALĂ NR. 1 SIBIU,8.55,-,-,7,-,-,-,-,-,-,7.77
1351,SB9473962,1351,ŞCOALA GIMNAZIALĂ AUREL DECEI GURA RÂULUI,8.4,-,-,7.15,-,-,-,-,-,-,7.77
1352,SB12316704,1352,LICEUL ROMÂNO - FINLANDEZ ERI SIBIU,8.15,-,-,7.4,-,-,-,-,-,-,7.77
1353,SB10410849,1353,ŞCOALA GIMNAZIALĂ ION LUCA CARAGIALE SIBIU,8,-,-,7.55,-,-,-,-,-,-,7.77
1354,SB11112278,1354,ŞCOALA GIMNAZIALĂ NR. 13 SIBIU,8,-,-,7.55,-,-,-,-,-,-,7.77
1355,SB6271251,1355,ŞCOALA GIMNAZIALĂ NR. 21 SIBIU,7.9,-,-,7.65,-,-,-,-,-,-,7.77
1356,SB661051,1356,ŞCOALA GIMNAZIALĂ NR. 1 SIBIU,7.7,-,-,7.85,-,-,-,-,-,-,7.77
1357,SB12297573,1357,ŞCOALA GIMNAZIALĂ NICOLAE IORGA SIBIU,7.55,7.8,7.8,7.75,-,-,-,-,-,-,7.77
1358,SB9936467,1358,LICEUL TEHNOLOGIC JOHANNES LEBEL TĂLMACIU,7.05,-,-,8.5,-,-,-,-,-,-,7.77
1359,SB7867708,1359,ŞCOALA GIMNAZIALĂ OCNA SIBIULUI,6.75,-,-,8.8,-,-,-,-,-,-,7.77
1360,SB9387046,1360,LICEUL TEORETIC GUSTAV GUNDISCH CISNĂDIE,8.75,8.7,8.7,7.05,7.3,7.3,Limba germana,8.05,7.3,7.3,7.76
1361,SB12311024,1361,LICEUL TEORETIC ONISIFOR GHIBU SIBIU,8.25,-,-,7.75,-,-,Limba germana,7.3,-,-,7.76
1362,SB10423841,1362,ŞCOALA GIMNAZIALĂ ION LUCA CARAGIALE SIBIU,7.55,7.95,7.95,8.2,-,-,Limba germana,7.15,-,-,7.76
1363,SB8007992,1363,ŞCOALA GIMNAZIALĂ AGÂRBICIU,9,-,-,6.5,-,-,-,-,-,-,7.75
1364,SB9697581,1364,COLEGIUL NAȚIONAL OCTAVIAN GOGA SIBIU,8.8,-,-,6.85,6.7,6.7,-,-,-,-,7.75
1365,SB9815381,1365,LICEUL TEORETIC GHEORGHE LAZĂR AVRIG,8.8,-,-,6.7,-,-,-,-,-,-,7.75
1366,SB10347867,1366,COLEGIUL NAȚIONAL OCTAVIAN GOGA SIBIU,8.75,-,-,6.75,-,-,-,-,-,-,7.75
1367,SB10453163,1367,LICEUL TEORETIC ONISIFOR GHIBU SIBIU,8.6,-,-,7.35,-,-,Limba germana,7.6,7.3,7.3,7.75
1368,SB10286183,1368,ŞCOALA GIMNAZIALĂ NR. 4 SIBIU,8.55,-,-,6.95,-,-,-,-,-,-,7.75
1369,SB10426673,1369,ŞCOALA GIMNAZIALĂ NR. 25 SIBIU,8.5,-,-,7,-,-,-,-,-,-,7.75
1370,SB10453068,1370,LICEUL TEORETIC ONISIFOR GHIBU SIBIU,8.45,-,-,7.95,-,-,Limba germana,6.85,-,-,7.75
1371,SB8788333,1371,ŞCOALA GIMNAZIALĂ ŞEICA MARE,8.2,-,-,7.3,-,-,-,-,-,-,7.75
1372,SB10267920,1372,ŞCOALA GIMNAZIALĂ NR. 7 MEDIAŞ,8.05,-,-,7.45,-,-,-,-,-,-,7.75
1373,SB8728163,1373,COLEGIUL NAȚIONAL SAMUEL VON BRUKENTHAL SIBIU,7.9,7.75,7.75,6.5,6.5,6.5,Limba germana,9,-,-,7.75
1374,SB9104002,1374,ŞCOALA GIMNAZIALĂ REGINA MARIA SIBIU,7.35,7.35,7.35,8.15,-,-,-,-,-,-,7.75
1375,SB10005587,1375,LICEUL TEORETIC GHEORGHE LAZĂR AVRIG,6.9,-,-,8.6,-,-,-,-,-,-,7.75
1376,SB10425984,1376,COLEGIUL NAȚIONAL OCTAVIAN GOGA SIBIU,8.6,-,-,6.9,-,-,Limba germana,7.15,7.7,7.7,7.73
1377,SB8559744,1377,COLEGIUL NAȚIONAL SAMUEL VON BRUKENTHAL SIBIU,7.15,-,-,7.1,-,-,Limba germana,8.95,-,-,7.73
1378,SB10797029,1378,ŞCOALA GIMNAZIALĂ ION LUCA CARAGIALE SIBIU,8.95,-,-,6.5,-,-,-,-,-,-,7.72
1379,SB10569547,1379,ŞCOALA GIMNAZIALĂ NICOLAE IORGA SIBIU,8.95,-,-,6.5,-,-,-,-,-,-,7.72
1380,SB10464431,1380,ŞCOALA GIMNAZIALĂ REGINA MARIA SIBIU,8.85,-,-,6.4,6.6,6.6,-,-,-,-,7.72
1381,SB9526825,1381,ŞCOALA GIMNAZIALĂ RADU SELEJAN SIBIU,8.55,-,-,6.9,-,-,-,-,-,-,7.72
1382,SB9094133,1382,ŞCOALA GIMNAZIALĂ OCTAVIAN GOGA RĂŞINARI,8.4,8.4,8.4,7.2,7.05,7.05,-,-,-,-,7.72
1383,SB10282962,1383,LICEUL AUGUST TREBONIU LAURIAN AGNITA,8.2,-,-,7.25,-,-,-,-,-,-,7.72
1384,SB9527750,1384,COLEGIUL NAȚIONAL OCTAVIAN GOGA SIBIU,8.1,-,-,7.35,-,-,-,-,-,-,7.72
1385,SB4093451,1385,ŞCOALA GIMNAZIALĂ NR. 18 SIBIU,7.8,-,-,7.65,-,-,-,-,-,-,7.72
1386,SB10092957,1386,ŞCOALA GIMNAZIALĂ NR. 4 SIBIU,7.8,-,-,7.65,-,-,-,-,-,-,7.72
1387,SB10386705,1387,COLEGIUL NAȚIONAL OCTAVIAN GOGA SIBIU,7.8,-,-,7.65,-,-,-,-,-,-,7.72
1388,SB9929111,1388,LICEUL TEHNOLOGIC JOHANNES LEBEL TĂLMACIU,7.8,-,-,7.65,-,-,-,-,-,-,7.72
1389,SB9093919,1389,ŞCOALA GIMNAZIALĂ SAVA POPOVICI BARCIANU RĂŞINARI,7.8,-,-,7.65,-,-,-,-,-,-,7.72
1390,SB12311432,1390,ŞCOALA GIMNAZIALĂ REGINA MARIA SIBIU,7.6,-,-,7.85,-,-,-,-,-,-,7.72
1391,SB10072292,1391,ŞCOALA GIMNAZIALĂ NR. 4 MEDIAŞ,8.7,-,-,6.7,-,-,-,-,-,-,7.7
1392,SB9140129,1392,ŞCOALA GIMNAZIALĂ NR. 4 SIBIU,8.65,-,-,7,-,-,Limba germana,7.45,-,-,7.7
1393,SB9569061,1393,ŞCOALA GIMNAZIALĂ ŞEICA MARE,8.45,-,-,6.95,-,-,-,-,-,-,7.7
1394,SB12001842,1394,ŞCOALA GIMNAZIALĂ NR. 25 SIBIU,8.3,-,-,7.1,-,-,-,-,-,-,7.7
1395,SB9814962,1395,ŞCOALA GIMNAZIALĂ AVRIG,8.3,8.35,8.35,7.05,-,-,-,-,-,-,7.7
1396,SB7990964,1396,ŞCOALA GIMNAZIALĂ IOAN BAN - DASCĂLU POIANA SIBIULUI,8.1,8.3,8.3,7,7.1,7.1,-,-,-,-,7.7
1397,SB9815284,1397,LICEUL TEORETIC GHEORGHE LAZĂR AVRIG,7.75,7.85,7.85,7.55,-,-,-,-,-,-,7.7
1398,SB6225201,1398,ŞCOALA GIMNAZIALĂ NICOLAE IORGA SIBIU,7.7,-,-,7.7,7.7,7.7,-,-,-,-,7.7
1399,SB10173769,1399,ŞCOALA GIMNAZIALĂ RUŞI,7.65,-,-,7.75,-,-,-,-,-,-,7.7
1400,SB10307796,1400,ŞCOALA GIMNAZIALĂ REGINA MARIA SIBIU,7.65,-,-,7.75,-,-,-,-,-,-,7.7
1401,SB9890305,1401,LICEUL TEORETIC CONSTANTIN NOICA SIBIU,7.4,-,-,8,-,-,-,-,-,-,7.7
1402,SB10410336,1402,ŞCOALA GIMNAZIALĂ NICOLAE IORGA SIBIU,8.2,-,-,6.75,-,-,Limba germana,7.5,8.1,8.1,7.68
1403,SB9587513,1403,LICEUL TEORETIC GUSTAV GUNDISCH CISNĂDIE,8.05,-,-,6.45,-,-,Limba germana,8.55,-,-,7.68
1404,SB10407752,1404,ŞCOALA GIMNAZIALĂ ION LUCA CARAGIALE SIBIU,7.35,8,8,8.35,-,-,Limba germana,6.7,-,-,7.68
1405,SB10176682,1405,ŞCOALA GIMNAZIALĂ NR. 18 SIBIU,9.2,-,-,6.15,-,-,-,-,-,-,7.67
1406,SB10691271,1406,ŞCOALA GIMNAZIALĂ ION ALBESCU BOIŢA,8.85,-,-,6.5,-,-,-,-,-,-,7.67
1407,SB7867727,1407,ŞCOALA GIMNAZIALĂ OCNA SIBIULUI,8.65,-,-,6.7,-,-,-,-,-,-,7.67
1408,SB10432517,1408,ŞCOALA GIMNAZIALĂ NR. 8 SIBIU,8.55,-,-,6.8,-,-,-,-,-,-,7.67
1409,SB10475448,1409,LICEUL AUGUST TREBONIU LAURIAN AGNITA,8.5,-,-,6.85,-,-,-,-,-,-,7.67
1410,SB7926729,1410,ŞCOALA GIMNAZIALĂ NR. 4 SIBIU,8.45,8.5,8.5,6.75,6.85,6.85,-,-,-,-,7.67
1411,SB9378628,1411,ŞCOALA GIMNAZIALĂ NR. 10 SIBIU,8.4,-,-,6.95,-,-,-,-,-,-,7.67
1412,SB9937822,1412,ŞCOALA GIMNAZIALĂ PĂUCA,8.3,-,-,7.05,-,-,-,-,-,-,7.67
1413,SB10081466,1413,ŞCOALA GIMNAZIALĂ MIHAI EMINESCU MEDIAŞ,8.25,-,-,7.1,-,-,-,-,-,-,7.67
1414,SB9364232,1414,ŞCOALA GIMNAZIALĂ NR. 2 SIBIU,8.15,8.1,8.1,7.25,-,-,-,-,-,-,7.67
1415,SB10464376,1415,ŞCOALA GIMNAZIALĂ REGINA MARIA SIBIU,8.15,-,-,7.2,-,-,-,-,-,-,7.67
1416,SB10408349,1416,LICEUL TEHNOLOGIC MÂRŞA,8,-,-,7.35,-,-,-,-,-,-,7.67
1417,SB10046742,1417,ŞCOALA GIMNAZIALĂ REGINA MARIA SIBIU,7.95,-,-,7.3,7.4,7.4,-,-,-,-,7.67
1418,SB8541971,1418,ŞCOALA GIMNAZIALĂ NICOLAE IORGA SIBIU,7.9,-,-,7.45,-,-,-,-,-,-,7.67
1419,SB12863322,1419,ŞCOALA GIMNAZIALĂ NR. 3 COPȘA MICĂ,7.75,-,-,7.6,-,-,-,-,-,-,7.67
1420,SB10386651,1420,ŞCOALA GIMNAZIALĂ NR. 8 SIBIU,7.65,-,-,7.7,-,-,-,-,-,-,7.67
1421,SB10467000,1421,ŞCOALA GIMNAZIALĂ NICOLAE IORGA SIBIU,7.15,-,-,8.2,-,-,-,-,-,-,7.67
1422,SB10514473,1422,ŞCOALA GIMNAZIALĂ ION LUCA CARAGIALE SIBIU,8.75,-,-,7.45,-,-,Limba germana,5.8,6.8,6.8,7.66
1423,SB10456819,1423,COLEGIUL NAȚIONAL SAMUEL VON BRUKENTHAL SIBIU,7.95,-,-,7.15,7.5,7.5,Limba germana,7.55,-,-,7.66
1424,SB10427117,1424,LICEUL TEORETIC ONISIFOR GHIBU SIBIU,7.3,7.5,7.5,7.3,-,-,Limba germana,8.2,-,-,7.66
1425,SB10121114,1425,LICEUL TEORETIC ROTH - OBERTH MEDIAŞ,7.1,-,-,6.35,-,-,Limba germana,9.55,-,-,7.66
1426,SB10318434,1426,LICEUL AUGUST TREBONIU LAURIAN AGNITA,9,-,-,6.3,-,-,-,-,-,-,7.65
1427,SB10478464,1427,ŞCOALA GIMNAZIALĂ RADU SELEJAN SIBIU,8.8,-,-,6.5,-,-,-,-,-,-,7.65
1428,SB10359452,1428,ŞCOALA GIMNAZIALĂ TILIŞCA,8.8,-,-,6.5,-,-,-,-,-,-,7.65
1429,SB12297592,1429,ŞCOALA GIMNAZIALĂ RADU SELEJAN SIBIU,8.75,-,-,6.55,-,-,-,-,-,-,7.65
1430,SB9093227,1430,ŞCOALA GIMNAZIALĂ SAVA POPOVICI BARCIANU RĂŞINARI,8.5,-,-,6.8,-,-,-,-,-,-,7.65
1431,SB12619792,1431,ŞCOALA GIMNAZIALĂ NR. 23 SIBIU,8.25,-,-,7.05,-,-,-,-,-,-,7.65
1432,SB9728413,1432,COLEGIUL NAȚIONAL SAMUEL VON BRUKENTHAL SIBIU,8.15,7.15,7.15,7.2,7.15,7.15,Limba germana,8.65,-,-,7.65
1433,SB9081797,1433,ŞCOALA GIMNAZIALĂ OCTAVIAN GOGA RĂŞINARI,8.15,8.65,8.65,6.5,6.65,6.65,-,-,-,-,7.65
1434,SB10174183,1434,ŞCOALA GIMNAZIALĂ NR. 4 SIBIU,7.7,-,-,7.6,-,-,-,-,-,-,7.65
1435,SB8348854,1435,ŞCOALA GIMNAZIALĂ NR. 10 SIBIU,7.65,-,-,7.65,-,-,-,-,-,-,7.65
1436,SB10442259,1436,ŞCOALA GIMNAZIALĂ NR. 7 MEDIAŞ,7.55,-,-,7.75,-,-,-,-,-,-,7.65
1437,SB10477516,1437,ŞCOALA GIMNAZIALĂ NR. 8 SIBIU,7.55,-,-,7.75,-,-,-,-,-,-,7.65
1438,SB11116412,1438,ŞCOALA GIMNAZIALĂ NICOLAE IORGA SIBIU,7.2,-,-,8.1,-,-,-,-,-,-,7.65
1439,SB10111821,1439,ŞCOALA GIMNAZIALĂ NR. 7 MEDIAŞ,7.2,7.2,7.2,8.1,-,-,-,-,-,-,7.65
1440,SB10424556,1440,ŞCOALA GIMNAZIALĂ REGINA MARIA SIBIU,7.15,-,-,8.15,-,-,-,-,-,-,7.65
1441,SB11077022,1441,ŞCOALA GIMNAZIALĂ NR. 13 SIBIU,7.1,-,-,8.2,-,-,-,-,-,-,7.65
1442,SB11116619,1442,ŞCOALA GIMNAZIALĂ ION LUCA CARAGIALE SIBIU,8.2,-,-,7.1,-,-,Limba germana,7.6,-,-,7.63
1443,SB10386568,1443,ŞCOALA GIMNAZIALĂ NR. 2 SIBIU,8.85,-,-,6.75,6.4,6.4,-,-,-,-,7.62
1444,SB8217075,1444,ŞCOALA GIMNAZIALĂ ANDREI ȘAGUNA ŞURA MARE,8.4,-,-,6.85,-,-,-,-,-,-,7.62
1445,SB10285364,1445,ŞCOALA GIMNAZIALĂ RADU SELEJAN SIBIU,8.4,-,-,6.85,-,-,-,-,-,-,7.62
1446,SB9096129,1446,ŞCOALA GIMNAZIALĂ RADU SELEJAN SIBIU,8.25,-,-,7,-,-,-,-,-,-,7.62
1447,SB9155545,1447,COLEGIUL NAȚIONAL OCTAVIAN GOGA SIBIU,8.15,8.15,8.15,7.1,-,-,-,-,-,-,7.62
1448,SB10447825,1448,COLEGIUL NAȚIONAL OCTAVIAN GOGA SIBIU,8.05,7.85,7.85,7.4,-,-,-,-,-,-,7.62
1449,SB10276345,1449,ŞCOALA GIMNAZIALĂ NR. 13 SIBIU,8,-,-,7.25,-,-,-,-,-,-,7.62
1450,SB10465203,1450,ŞCOALA GIMNAZIALĂ REGINA MARIA SIBIU,8,-,-,7.25,-,-,-,-,-,-,7.62
1451,SB10347501,1451,ŞCOALA GIMNAZIALĂ NR. 21 SIBIU,7.85,-,-,7.4,-,-,-,-,-,-,7.62
1452,SB10524592,1452,ŞCOALA GIMNAZIALĂ NICOLAE IORGA SIBIU,7.8,-,-,7.45,-,-,-,-,-,-,7.62
1453,SB10101471,1453,ŞCOALA GIMNAZIALĂ MIHAI EMINESCU MEDIAŞ,7.75,-,-,7.5,-,-,-,-,-,-,7.62
1454,SB14988533,1454,LICEUL TEORETIC CONSTANTIN NOICA SIBIU,7.7,-,-,7.55,-,-,-,-,-,-,7.62
1455,SB10120815,1455,LICEUL DE ARTĂ SIBIU,7.65,-,-,7.6,-,-,-,-,-,-,7.62
1456,SB9530954,1456,ŞCOALA GIMNAZIALĂ NICOLAE IORGA SIBIU,7.65,-,-,7.6,-,-,-,-,-,-,7.62
1457,SB9667327,1457,ŞCOALA GIMNAZIALĂ CÂRŢA,7.2,-,-,8.05,-,-,-,-,-,-,7.62
1458,SB10410616,1458,ŞCOALA GIMNAZIALĂ ION LUCA CARAGIALE SIBIU,6.95,-,-,8.3,-,-,-,-,-,-,7.62
1459,SB10317312,1459,LICEUL TEORETIC ONISIFOR GHIBU SIBIU,8.15,-,-,6.6,-,-,Limba germana,8.1,-,-,7.61
1460,SB8564394,1460,LICEUL TEORETIC ONISIFOR GHIBU SIBIU,8.05,-,-,6.65,6.6,6.6,Limba germana,8.2,-,-,7.61
1461,SB10457315,1461,ŞCOALA GIMNAZIALĂ NR. 4 SIBIU,7.8,8.3,8.3,6.35,-,-,Limba germana,7.6,8.2,8.2,7.61
1462,SB10329860,1462,ŞCOALA GIMNAZIALĂ GEORGE POPA MEDIAŞ,9.6,-,-,5.6,-,-,-,-,-,-,7.6
1463,SB10446001,1463,ŞCOALA GIMNAZIALĂ NICOLAE IORGA SIBIU,9.15,-,-,6.05,-,-,-,-,-,-,7.6
1464,SB10979331,1464,ŞCOALA GIMNAZIALĂ NR. 21 SIBIU,9,-,-,6.2,-,-,-,-,-,-,7.6
1465,SB8650600,1465,ŞCOALA GIMNAZIALĂ BRĂDENI,8.45,-,-,6.75,-,-,-,-,-,-,7.6
1466,SB658601,1466,ŞCOALA GIMNAZIALĂ NR. 1 SIBIU,8.35,-,-,6.85,-,-,-,-,-,-,7.6
1467,SB10460254,1467,ŞCOALA GIMNAZIALĂ REGINA MARIA SIBIU,8.3,-,-,6.9,-,-,-,-,-,-,7.6
1468,SB10507459,1468,ŞCOALA GIMNAZIALĂ NR. 4 SIBIU,8.3,-,-,6.45,-,-,Limba germana,8.05,-,-,7.6
1469,SB9132583,1469,ŞCOALA GIMNAZIALĂ MATEI BASARAB TURNU ROŞU,8.15,-,-,7.05,-,-,-,-,-,-,7.6
1470,SB11073689,1470,ŞCOALA GIMNAZIALĂ RADU SELEJAN SIBIU,8.05,-,-,7.15,-,-,-,-,-,-,7.6
1471,SB9995054,1471,LICEUL TEORETIC GHEORGHE LAZĂR AVRIG,8,-,-,7.2,-,-,-,-,-,-,7.6
1472,SB10323009,1472,ŞCOALA GIMNAZIALĂ NR. 4 SIBIU,8,-,-,7.2,-,-,-,-,-,-,7.6
1473,SB10174662,1473,ŞCOALA GIMNAZIALĂ NR. 4 SIBIU,7.95,-,-,7.25,-,-,-,-,-,-,7.6
1474,SB9183877,1474,ŞCOALA GIMNAZIALĂ NR. 2 SIBIU,7.55,-,-,7.65,-,-,-,-,-,-,7.6
1475,SB10311843,1475,ŞCOALA GIMNAZIALĂ GEORGE POPA MEDIAŞ,7.3,-,-,7.9,-,-,-,-,-,-,7.6
1476,SB11116621,1476,ŞCOALA GIMNAZIALĂ ION LUCA CARAGIALE SIBIU,7.15,-,-,7.85,-,-,Limba germana,7.8,-,-,7.6
1477,SB10385937,1477,ŞCOALA GIMNAZIALĂ NICOLAE IORGA SIBIU,8.45,-,-,6.9,-,-,Limba germana,7.4,-,-,7.58
1478,SB9517779,1478,COLEGIUL NAȚIONAL SAMUEL VON BRUKENTHAL SIBIU,7.45,6.95,6.95,7.2,7.15,7.15,Limba germana,8.65,-,-,7.58
1479,SB14751925,1479,ŞCOALA GIMNAZIALĂ NICOLAE IORGA SIBIU,6.8,-,-,6.9,-,-,Limba germana,9.05,-,-,7.58
1480,SB10344037,1480,ŞCOALA GIMNAZIALĂ REGELE FERDINAND SIBIU,9.1,-,-,6.05,-,-,-,-,-,-,7.57
1481,SB12317323,1481,ŞCOALA GIMNAZIALĂ RADU SELEJAN SIBIU,8.8,-,-,6.35,-,-,-,-,-,-,7.57
1482,SB10539391,1482,COLEGIUL NAȚIONAL PEDAGOGIC ANDREI ŞAGUNA SIBIU,8.5,-,-,6.65,-,-,-,-,-,-,7.57
1483,SB9526370,1483,ŞCOALA GIMNAZIALĂ AUREL DECEI GURA RÂULUI,8.3,-,-,6.85,-,-,-,-,-,-,7.57
1484,SB10363027,1484,COLEGIUL NAȚIONAL OCTAVIAN GOGA SIBIU,8.25,-,-,6.9,-,-,-,-,-,-,7.57
1485,SB12312533,1485,ŞCOALA GIMNAZIALĂ NR. 18 SIBIU,8.15,-,-,7.55,7,7,-,-,-,-,7.57
1486,SB659401,1486,ŞCOALA GIMNAZIALĂ NR. 18 SIBIU,8.15,-,-,7,-,-,-,-,-,-,7.57
1487,SB9592810,1487,ŞCOALA GIMNAZIALĂ MIHAI VITEAZU ŞELIMBĂR,8.15,-,-,7,-,-,-,-,-,-,7.57
1488,SB10384567,1488,LICEUL TEHNOLOGIC IACOBENI,8.1,-,-,7.05,-,-,-,-,-,-,7.57
1489,SB10944696,1489,LICEUL DE ARTĂ SIBIU,8.1,-,-,7.05,-,-,-,-,-,-,7.57
1490,SB10796958,1490,LICEUL TEORETIC CONSTANTIN NOICA SIBIU,8.05,-,-,7.1,-,-,-,-,-,-,7.57
1491,SB9937610,1491,ŞCOALA GIMNAZIALĂ PĂUCA,7.7,7.6,7.6,7.15,7.55,7.55,-,-,-,-,7.57
1492,SB12057382,1492,COLEGIUL NAȚIONAL OCTAVIAN GOGA SIBIU,7.55,8.15,8.15,7,-,-,-,-,-,-,7.57
1493,SB9526287,1493,ŞCOALA GIMNAZIALĂ AUREL DECEI GURA RÂULUI,7.3,-,-,7.85,-,-,-,-,-,-,7.57
1494,SB10299365,1494,ŞCOALA GIMNAZIALĂ REGELE FERDINAND SIBIU,6.95,-,-,8.2,-,-,-,-,-,-,7.57
1495,SB10022628,1495,ŞCOALA GIMNAZIALĂ NR. 12 SIBIU,6.8,7.25,7.25,7.9,-,-,-,-,-,-,7.57
1496,SB8571688,1496,COLEGIUL NAȚIONAL SAMUEL VON BRUKENTHAL SIBIU,8.2,-,-,6.55,-,-,Limba germana,7.45,7.95,7.95,7.56
1497,SB10332628,1497,ŞCOALA GIMNAZIALĂ NR. 4 MEDIAŞ,9.1,-,-,6,-,-,-,-,-,-,7.55
1498,SB10563048,1498,LICEUL TEORETIC CONSTANTIN NOICA SIBIU,8.3,-,-,6.8,-,-,-,-,-,-,7.55
1499,SB8877997,1499,ŞCOALA GIMNAZIALĂ MIHAI VITEAZU ŞELIMBĂR,8.1,-,-,7,-,-,-,-,-,-,7.55
1500,SB9072711,1500,COLEGIUL NAȚIONAL OCTAVIAN GOGA SIBIU,8.05,-,-,7.05,-,-,-,-,-,-,7.55
1501,SB8355505,1501,ŞCOALA GIMNAZIALĂ ANDREI ȘAGUNA ŞURA MARE,8,-,-,7.1,-,-,-,-,-,-,7.55
1502,SB9103666,1502,ŞCOALA GIMNAZIALĂ NICOLAE IORGA SIBIU,8,8.2,8.2,6.9,-,-,-,-,-,-,7.55
1503,SB14729157,1503,ŞCOALA GIMNAZIALĂ ION LUCA CARAGIALE SIBIU,7.95,-,-,7.15,-,-,-,-,-,-,7.55
1504,SB10406524,1504,ŞCOALA GIMNAZIALĂ NR. 4 SIBIU,7.9,-,-,7.2,-,-,-,-,-,-,7.55
1505,SB10411125,1505,ŞCOALA GIMNAZIALĂ NR. 25 SIBIU,7.75,-,-,7.35,-,-,-,-,-,-,7.55
1506,SB10425997,1506,LICEUL TEORETIC CONSTANTIN NOICA SIBIU,7.5,7.8,7.8,7.55,7.3,7.3,-,-,-,-,7.55
1507,SB8976449,1507,ŞCOALA GIMNAZIALĂ NICOLAE IORGA SIBIU,7.45,-,-,7.65,-,-,-,-,-,-,7.55
1508,SB12313018,1508,ŞCOALA GIMNAZIALĂ NR. 18 SIBIU,7.45,-,-,7.65,-,-,-,-,-,-,7.55
1509,SB9920704,1509,ŞCOALA GIMNAZIALĂ BADEA CÎRŢAN CÂRŢIŞOARA,9.35,-,-,5.7,-,-,-,-,-,-,7.52
1510,SB661701,1510,ŞCOALA GIMNAZIALĂ NR. 1 SIBIU,9.2,-,-,5.85,-,-,-,-,-,-,7.52
1511,SB10409491,1511,ŞCOALA GIMNAZIALĂ ION LUCA CARAGIALE SIBIU,9.05,-,-,6,-,-,-,-,-,-,7.52
1512,SB10359373,1512,ŞCOALA GIMNAZIALĂ TILIŞCA,9,-,-,6.05,-,-,-,-,-,-,7.52
1513,SB9729676,1513,ŞCOALA GIMNAZIALĂ CRISTIAN,8.35,-,-,6.7,-,-,-,-,-,-,7.52
1514,SB11116275,1514,LICEUL ROMÂNO - FINLANDEZ ERI SIBIU,8.3,-,-,6.75,-,-,-,-,-,-,7.52
1515,SB10287024,1515,ŞCOALA GIMNAZIALĂ GEORG DANIEL TEUTSCH AGNITA,7.9,-,-,7.15,-,-,-,-,-,-,7.52
1516,SB9076111,1516,ŞCOALA GIMNAZIALĂ OCNA SIBIULUI,7.6,-,-,7.45,-,-,-,-,-,-,7.52
1517,SB10284768,1517,ŞCOALA GIMNAZIALĂ GEORG DANIEL TEUTSCH AGNITA,7.5,-,-,7.55,-,-,-,-,-,-,7.52
1518,SB11072300,1518,LICEUL DE ARTĂ SIBIU,7.5,7.9,7.9,7.15,-,-,-,-,-,-,7.52
1519,SB12867408,1519,LICEUL TEORETIC CONSTANTIN NOICA SIBIU,7.45,7.6,7.6,7.3,7.45,7.45,-,-,-,-,7.52
1520,SB851051,1520,ŞCOALA GIMNAZIALĂ REGINA MARIA SIBIU,7.35,-,-,7.7,-,-,-,-,-,-,7.52
1521,SB10282218,1521,COLEGIUL NAȚIONAL SAMUEL VON BRUKENTHAL SIBIU,8.3,-,-,5.5,5.65,5.65,Limba germana,7.95,8.6,8.6,7.51
1522,SB10294826,1522,LICEUL TEORETIC ROTH - OBERTH MEDIAŞ,7.7,-,-,6.55,-,-,Limba germana,8.3,-,-,7.51
1523,SB10501125,1523,ŞCOALA GIMNAZIALĂ CORNELIU PĂCURARIU MICĂSASA,8.7,-,-,6.3,-,-,-,-,-,-,7.5
1524,SB10503502,1524,ŞCOALA GIMNAZIALĂ MIHAI EMINESCU MEDIAŞ,8.6,-,-,6.4,-,-,-,-,-,-,7.5
1525,SB8214804,1525,ŞCOALA GIMNAZIALĂ ANDREI ȘAGUNA ŞURA MARE,8.45,-,-,6.55,-,-,-,-,-,-,7.5
1526,SB10492946,1526,ŞCOALA GIMNAZIALĂ CORNELIU PĂCURARIU MICĂSASA,8.4,-,-,6.6,-,-,-,-,-,-,7.5
1527,SB10277213,1527,LICEUL TEORETIC ROTH - OBERTH MEDIAŞ,8.4,-,-,5.3,-,-,Limba germana,8.8,-,-,7.5
1528,SB13988423,1528,ŞCOALA GIMNAZIALĂ NR. 8 SIBIU,8.25,-,-,6.75,-,-,-,-,-,-,7.5
1529,SB10548143,1529,ŞCOALA GIMNAZIALĂ NICOLAE IORGA SIBIU,8.15,-,-,5.85,-,-,Limba germana,8.5,-,-,7.5
1530,SB9209179,1530,COLEGIUL NAȚIONAL OCTAVIAN GOGA SIBIU,8.05,-,-,6.95,-,-,-,-,-,-,7.5
1531,SB9849315,1531,ŞCOALA GIMNAZIALĂ NR. 8 SIBIU,7.7,-,-,7.3,-,-,-,-,-,-,7.5
1532,SB10400003,1532,ŞCOALA GIMNAZIALĂ NOCRICH,7.7,-,-,7.3,-,-,-,-,-,-,7.5
1533,SB9174508,1533,ŞCOALA GIMNAZIALĂ REGINA MARIA SIBIU,7.7,7.85,7.85,7.15,-,-,-,-,-,-,7.5
1534,SB10662743,1534,ŞCOALA GIMNAZIALĂ NICOLAE IORGA SIBIU,7.6,-,-,7.4,-,-,-,-,-,-,7.5
1535,SB8310985,1535,ŞCOALA GIMNAZIALĂ BOIAN,7.6,-,-,7.4,-,-,-,-,-,-,7.5
1536,SB10425719,1536,ŞCOALA GIMNAZIALĂ IOAN SLAVICI SIBIU,7.6,-,-,7.4,-,-,-,-,-,-,7.5
1537,SB8544053,1537,ŞCOALA GIMNAZIALĂ MIHĂILENI,7.55,-,-,7.45,-,-,-,-,-,-,7.5
1538,SB10088281,1538,ŞCOALA GIMNAZIALĂ NR. 7 MEDIAŞ,7.35,-,-,7.65,-,-,-,-,-,-,7.5
1539,SB7994096,1539,ŞCOALA GIMNAZIALĂ IOAN BAN - DASCĂLU POIANA SIBIULUI,7.3,7.6,7.6,7.4,-,-,-,-,-,-,7.5
1540,SB10508811,1540,ŞCOALA GIMNAZIALĂ ION LUCA CARAGIALE SIBIU,8.6,-,-,6.2,-,-,Limba germana,7.65,-,-,7.48
1541,SB10264273,1541,LICEUL TEORETIC ONISIFOR GHIBU SIBIU,7.7,-,-,7.4,-,-,Limba germana,7.35,-,-,7.48
1542,SB10330637,1542,ŞCOALA GIMNAZIALĂ CIREŞARII MEDIAŞ,8.55,-,-,6.4,-,-,-,-,-,-,7.47
1543,SB9935946,1543,LICEUL TEHNOLOGIC JOHANNES LEBEL TĂLMACIU,8.4,-,-,6.55,-,-,-,-,-,-,7.47
1544,SB9080114,1544,ŞCOALA GIMNAZIALĂ OCTAVIAN GOGA RĂŞINARI,8.4,-,-,6.55,-,-,-,-,-,-,7.47
1545,SB12092409,1545,ŞCOALA GIMNAZIALĂ CHIRPĂR,8.25,-,-,6.7,-,-,-,-,-,-,7.47
1546,SB10264146,1546,ŞCOALA GIMNAZIALĂ NR. 13 SIBIU,8.15,-,-,6.8,-,-,-,-,-,-,7.47
1547,SB10500116,1547,ŞCOALA GIMNAZIALĂ NR. 7 MEDIAŞ,8.05,-,-,6.9,-,-,-,-,-,-,7.47
1548,SB12270295,1548,ŞCOALA GIMNAZIALĂ NR. 1 SIBIU,8,-,-,6.95,-,-,-,-,-,-,7.47
1549,SB9180258,1549,ŞCOALA GIMNAZIALĂ NR. 21 SIBIU,7.85,-,-,7.1,-,-,-,-,-,-,7.47
1550,SB13100197,1550,ŞCOALA GIMNAZIALĂ NR. 18 SIBIU,7.7,7.45,7.45,7.6,7.5,7.5,-,-,-,-,7.47
1551,SB10338756,1551,ŞCOALA GIMNAZIALĂ CONSTANTIN IOAN MOTAŞ MEDIAŞ,7.65,-,-,7.3,-,-,-,-,-,-,7.47
1552,SB11079849,1552,ŞCOALA GIMNAZIALĂ NICOLAE IORGA SIBIU,7.6,8.1,8.1,6.85,-,-,-,-,-,-,7.47
1553,SB12581136,1553,LICEUL TEORETIC CONSTANTIN NOICA SIBIU,7.55,-,-,7.4,-,-,-,-,-,-,7.47
1554,SB9815306,1554,LICEUL TEORETIC GHEORGHE LAZĂR AVRIG,7.5,-,-,7.45,-,-,-,-,-,-,7.47
1555,SB13139703,1555,COLEGIUL NAȚIONAL OCTAVIAN GOGA SIBIU,7.25,-,-,7.7,-,-,-,-,-,-,7.47
1556,SB9592736,1556,COLEGIUL NAȚIONAL SAMUEL VON BRUKENTHAL SIBIU,8.25,8.2,8.2,4.8,4.75,4.75,Limba germana,8.95,9.45,9.45,7.46
1557,SB10079100,1557,LICEUL TEORETIC ROTH - OBERTH MEDIAŞ,7.5,-,-,6.65,-,-,Limba germana,8.25,-,-,7.46
1558,SB11158405,1558,LICEUL DE ARTĂ SIBIU,8.7,8.7,8.7,6.25,6.2,6.2,-,-,-,-,7.45
1559,SB10329735,1559,LICEUL TEHNOLOGIC ILIE MĂCELARIU MIERCUREA SIBIULUI,8.3,-,-,6.6,-,-,-,-,-,-,7.45
1560,SB10344353,1560,ŞCOALA GIMNAZIALĂ REGELE FERDINAND SIBIU,8.3,-,-,6.6,-,-,-,-,-,-,7.45
1561,SB10463944,1561,ŞCOALA GIMNAZIALĂ NICOLAE IORGA SIBIU,8.2,-,-,6.7,-,-,-,-,-,-,7.45
1562,SB9936253,1562,LICEUL TEHNOLOGIC JOHANNES LEBEL TĂLMACIU,7.85,-,-,7.05,-,-,-,-,-,-,7.45
1563,SB10342538,1563,ŞCOALA GIMNAZIALĂ NR. 1 COPŞA MICĂ,7.75,-,-,7.15,-,-,-,-,-,-,7.45
1564,SB10439209,1564,ŞCOALA GIMNAZIALĂ IOAN SLAVICI SIBIU,7.35,-,-,7.55,-,-,-,-,-,-,7.45
1565,SB10332026,1565,ŞCOALA GIMNAZIALĂ CIREŞARII MEDIAŞ,7.3,-,-,7.6,-,-,-,-,-,-,7.45
1566,SB10264223,1566,ŞCOALA GIMNAZIALĂ NR. 13 SIBIU,7.25,-,-,7.65,-,-,-,-,-,-,7.45
1567,SB10273936,1567,ŞCOALA GIMNAZIALĂ GEORG DANIEL TEUTSCH AGNITA,7.05,-,-,7.85,-,-,-,-,-,-,7.45
1568,SB10423369,1568,ŞCOALA GIMNAZIALĂ NR. 25 SIBIU,6.95,-,-,7.95,-,-,-,-,-,-,7.45
1569,SB10268786,1569,LICEUL TEORETIC ROTH - OBERTH MEDIAŞ,8.45,-,-,5.5,-,-,Limba germana,8.35,-,-,7.43
1570,SB11075344,1570,ŞCOALA GIMNAZIALĂ NR. 4 SIBIU,8.35,-,-,8.1,-,-,Limba germana,5.85,-,-,7.43
1571,SB12313695,1571,ŞCOALA GIMNAZIALĂ NR. 4 SIBIU,8.15,-,-,7.6,-,-,Limba germana,6.8,6.55,6.55,7.43
1572,SB10425832,1572,LICEUL TEORETIC ONISIFOR GHIBU SIBIU,7.75,-,-,8.05,-,-,Limba germana,6.5,-,-,7.43
1573,SB10092255,1573,ŞCOALA GIMNAZIALĂ NR. 4 SIBIU,8.45,-,-,6.4,-,-,-,-,-,-,7.42
1574,SB11118906,1574,ŞCOALA GIMNAZIALĂ RADU SELEJAN SIBIU,8.35,-,-,6.5,-,-,-,-,-,-,7.42
1575,SB13457572,1575,LICEUL TIMOTEI CIPARIU DUMBRĂVENI,8.25,-,-,6.6,-,-,-,-,-,-,7.42
1576,SB10096239,1576,ŞCOALA GIMNAZIALĂ MIHAI EMINESCU MEDIAŞ,8.1,-,-,6.75,-,-,-,-,-,-,7.42
1577,SB10344986,1577,ŞCOALA GIMNAZIALĂ CRISTIAN,8,-,-,6.85,-,-,-,-,-,-,7.42
1578,SB10465632,1578,ŞCOALA GIMNAZIALĂ NICOLAE IORGA SIBIU,7.9,-,-,6.95,-,-,-,-,-,-,7.42
1579,SB8207825,1579,ŞCOALA GIMNAZIALĂ ANDREI ȘAGUNA ŞURA MARE,7.85,-,-,7,-,-,-,-,-,-,7.42
1580,SB7922378,1580,ŞCOALA GIMNAZIALĂ IOAN BAN - DASCĂLU POIANA SIBIULUI,7.7,7.75,7.75,7,7.1,7.1,-,-,-,-,7.42
1581,SB10386897,1581,ŞCOALA GIMNAZIALĂ NR. 1 SIBIU,7.6,-,-,7.25,-,-,-,-,-,-,7.42
1582,SB10329505,1582,ŞCOALA GIMNAZIALĂ CONSTANTIN IOAN MOTAŞ MEDIAŞ,7.35,-,-,7.5,-,-,-,-,-,-,7.42
1583,SB9379889,1583,ŞCOALA GIMNAZIALĂ NR. 3 CISNĂDIE,7.05,7.3,7.3,7.55,-,-,-,-,-,-,7.42
1584,SB10174269,1584,ŞCOALA GIMNAZIALĂ NR. 4 SIBIU,6.75,7.35,7.35,7.5,-,-,-,-,-,-,7.42
1585,SB9872189,1585,ŞCOALA GIMNAZIALĂ REGINA MARIA SIBIU,8.5,-,-,6.3,-,-,-,-,-,-,7.4
1586,SB10447999,1586,ŞCOALA GIMNAZIALĂ REGELE FERDINAND SIBIU,8.5,-,-,6.3,-,-,-,-,-,-,7.4
1587,SB9877434,1587,ŞCOALA GIMNAZIALĂ ION POP RETEGANUL ORLAT,8.45,-,-,6.35,-,-,-,-,-,-,7.4
1588,SB13992141,1588,ŞCOALA GIMNAZIALĂ LOAMNEŞ,8.35,7.45,7.45,7.3,7.35,7.35,-,-,-,-,7.4
1589,SB8874469,1589,ŞCOALA GIMNAZIALĂ MIHAI VITEAZU ŞELIMBĂR,7.95,-,-,6.85,-,-,-,-,-,-,7.4
1590,SB12297597,1590,ŞCOALA GIMNAZIALĂ IOAN SLAVICI SIBIU,7.55,7.55,7.55,7.25,-,-,-,-,-,-,7.4
1591,SB10343711,1591,ŞCOALA GIMNAZIALĂ MIHAI VITEAZU ŞELIMBĂR,7.55,8.3,8.3,6.35,6.5,6.5,-,-,-,-,7.4
1592,SB10108251,1592,ŞCOALA GIMNAZIALĂ MIHAI EMINESCU MEDIAŞ,7.45,-,-,7.35,-,-,-,-,-,-,7.4
1593,SB10083165,1593,ŞCOALA GIMNAZIALĂ REGINA MARIA SIBIU,7.3,7.65,7.65,7,7.15,7.15,-,-,-,-,7.4
1594,SB9675808,1594,ŞCOALA GIMNAZIALĂ NR. 8 SIBIU,7.05,-,-,7.75,-,-,-,-,-,-,7.4
1595,SB7860760,1595,ŞCOALA GIMNAZIALĂ OCNA SIBIULUI,6.95,-,-,7.85,-,-,-,-,-,-,7.4
1596,SB10119834,1596,LICEUL TEORETIC ROTH - OBERTH MEDIAŞ,8.75,-,-,5.1,-,-,Limba germana,8.3,-,-,7.38
1597,SB9815357,1597,ŞCOALA GIMNAZIALĂ NR. 4 SIBIU,8.6,-,-,6.9,-,-,Limba germana,6.65,-,-,7.38
1598,SB10280513,1598,LICEUL TEORETIC ROTH - OBERTH MEDIAŞ,7.8,-,-,6.05,-,-,Limba germana,8.3,-,-,7.38
1599,SB7925932,1599,LICEUL AUGUST TREBONIU LAURIAN AGNITA,8.3,-,-,6.45,-,-,-,-,-,-,7.37
1600,SB10284550,1600,ŞCOALA GIMNAZIALĂ NR. 4 SIBIU,7.8,-,-,6.95,-,-,-,-,-,-,7.37
1601,SB10606268,1601,LICEUL TIMOTEI CIPARIU DUMBRĂVENI,7.6,7.2,7.2,7.55,-,-,-,-,-,-,7.37
1602,SB10345970,1602,ŞCOALA GIMNAZIALĂ RADU SELEJAN SIBIU,7.55,-,-,7.2,-,-,-,-,-,-,7.37
1603,SB10275320,1603,ŞCOALA GIMNAZIALĂ CONSTANTIN IOAN MOTAŞ MEDIAŞ,7.45,-,-,7.3,-,-,-,-,-,-,7.37
1604,SB10744195,1604,ŞCOALA GIMNAZIALĂ VURPĂR,7.45,-,-,7.3,-,-,-,-,-,-,7.37
1605,SB14314622,1605,ŞCOALA GIMNAZIALĂ ION LUCA CARAGIALE SIBIU,7.4,-,-,7.35,-,-,-,-,-,-,7.37
1606,SB8504539,1606,ŞCOALA GIMNAZIALĂ RACOVIŢA,7.2,-,-,7.55,-,-,-,-,-,-,7.37
1607,SB10176624,1607,ŞCOALA GIMNAZIALĂ NICOLAE IORGA SIBIU,7.2,7.5,7.5,7.25,-,-,-,-,-,-,7.37
1608,SB10825544,1608,LICEUL TEORETIC CONSTANTIN NOICA SIBIU,6.9,-,-,7.85,-,-,-,-,-,-,7.37
1609,SB10332298,1609,ŞCOALA GIMNAZIALĂ CONSTANTIN IOAN MOTAŞ MEDIAŞ,8.8,-,-,5.9,-,-,-,-,-,-,7.35
1610,SB8961523,1610,COLEGIUL NAȚIONAL OCTAVIAN GOGA SIBIU,8.3,8.4,8.4,6.2,6.3,6.3,-,-,-,-,7.35
1611,SB10510210,1611,LICEUL TEORETIC ROTH - OBERTH MEDIAŞ,8.05,-,-,6.2,-,-,Limba germana,7.8,-,-,7.35
1612,SB13702772,1612,ŞCOALA GIMNAZIALĂ MIHAI VITEAZU ŞELIMBĂR,7.95,7.35,7.35,7.45,7.35,7.35,-,-,-,-,7.35
1613,SB10057881,1613,LICEUL TEORETIC GHEORGHE LAZĂR AVRIG,7.85,-,-,6.85,-,-,-,-,-,-,7.35
1614,SB12317481,1614,ŞCOALA GIMNAZIALĂ NR. 4 SIBIU,7.85,-,-,5.85,-,-,Limba germana,8.35,-,-,7.35
1615,SB9601839,1615,ŞCOALA GIMNAZIALĂ NICOLAE IORGA SIBIU,7.8,-,-,6.5,-,-,Limba germana,7.75,-,-,7.35
1616,SB10528367,1616,COLEGIUL NAȚIONAL PEDAGOGIC ANDREI ŞAGUNA SIBIU,7.75,-,-,6.95,-,-,-,-,-,-,7.35
1617,SB10514610,1617,LICEUL TEORETIC ROTH - OBERTH MEDIAŞ,7.75,-,-,6.3,-,-,Limba germana,8,-,-,7.35
1618,SB6226501,1618,ŞCOALA GIMNAZIALĂ NR. 21 SIBIU,7.5,-,-,7.2,-,-,-,-,-,-,7.35
1619,SB3980251,1619,ŞCOALA GIMNAZIALĂ NR. 8 SIBIU,7.45,-,-,7.25,-,-,-,-,-,-,7.35
1620,SB8942175,1620,ŞCOALA GIMNAZIALĂ ALMA,7.4,-,-,7.3,-,-,-,-,-,-,7.35
1621,SB10296602,1621,LICEUL TEORETIC ROTH - OBERTH MEDIAŞ,7.3,-,-,6.7,-,-,Limba germana,8.05,-,-,7.35
1622,SB10264757,1622,ŞCOALA GIMNAZIALĂ NR. 13 SIBIU,6.45,7,7,7.7,7.7,7.7,-,-,-,-,7.35
1623,SB10575978,1623,ŞCOALA GIMNAZIALĂ NR. 3 CISNĂDIE,8.2,-,-,6.45,-,-,-,-,-,-,7.32
1624,SB9524384,1624,ŞCOALA GIMNAZIALĂ AUREL DECEI GURA RÂULUI,8,-,-,6.65,-,-,-,-,-,-,7.32
1625,SB9835278,1625,ŞCOALA GIMNAZIALĂ NR. 1 SIBIU,7.75,-,-,6.9,-,-,-,-,-,-,7.32
1626,SB10410931,1626,ŞCOALA GIMNAZIALĂ NICOLAE IORGA SIBIU,7.65,-,-,7,-,-,-,-,-,-,7.32
1627,SB10971442,1627,ŞCOALA GIMNAZIALĂ AVIATOR IOAN SAVA ALŢÎNA,7.55,-,-,7.1,-,-,-,-,-,-,7.32
1628,SB9606711,1628,ŞCOALA GIMNAZIALĂ NR. 3 CISNĂDIE,7.45,-,-,7.2,-,-,-,-,-,-,7.32
1629,SB10074010,1629,ŞCOALA GIMNAZIALĂ CIREŞARII MEDIAŞ,7.25,-,-,7.4,-,-,-,-,-,-,7.32
1630,SB10936859,1630,ŞCOALA GIMNAZIALĂ NOCRICH,5.95,6.35,6.35,8.3,-,-,-,-,-,-,7.32
1631,SB10108679,1631,COLEGIUL NAȚIONAL SAMUEL VON BRUKENTHAL SIBIU,7.15,-,-,6.25,-,-,Limba germana,8.55,-,-,7.31
1632,SB9701131,1632,ŞCOALA GIMNAZIALĂ CRISTIAN,8.75,-,-,5.85,-,-,-,-,-,-,7.3
1633,SB10427067,1633,ŞCOALA GIMNAZIALĂ NICOLAE IORGA SIBIU,8.55,-,-,5.45,5.65,5.65,Limba germana,7.7,-,-,7.3
1634,SB10847344,1634,LICEUL TEORETIC CONSTANTIN NOICA SIBIU,8.5,-,-,6.1,-,-,-,-,-,-,7.3
1635,SB10264157,1635,ŞCOALA GIMNAZIALĂ NR. 8 SIBIU,8.5,-,-,6.1,-,-,-,-,-,-,7.3
1636,SB4093151,1636,LICEUL DE ARTĂ SIBIU,8.35,-,-,6.25,-,-,-,-,-,-,7.3
1637,SB9076586,1637,COLEGIUL NAȚIONAL OCTAVIAN GOGA SIBIU,8.2,-,-,6.4,-,-,-,-,-,-,7.3
1638,SB12064990,1638,ŞCOALA GIMNAZIALĂ MIHAI EMINESCU MEDIAŞ,8.15,-,-,6.45,-,-,-,-,-,-,7.3
1639,SB10848668,1639,ŞCOALA GIMNAZIALĂ NICOLAE IORGA SIBIU,8,-,-,6.6,-,-,-,-,-,-,7.3
1640,SB10605267,1640,LICEUL TIMOTEI CIPARIU DUMBRĂVENI,8,-,-,6.6,-,-,-,-,-,-,7.3
1641,SB10391497,1641,ŞCOALA GIMNAZIALĂ NR. 25 SIBIU,7.9,-,-,6.7,-,-,-,-,-,-,7.3
1642,SB8648812,1642,LICEUL AUGUST TREBONIU LAURIAN AGNITA,7.9,-,-,6.7,-,-,-,-,-,-,7.3
1643,SB10333806,1643,ŞCOALA GIMNAZIALĂ CIREŞARII MEDIAŞ,7.8,-,-,6.8,-,-,-,-,-,-,7.3
1644,SB9936614,1644,LICEUL TEHNOLOGIC JOHANNES LEBEL TĂLMACIU,7.75,7.7,7.7,6.95,6.9,6.9,-,-,-,-,7.3
1645,SB7992592,1645,ŞCOALA GIMNAZIALĂ IOAN BAN - DASCĂLU POIANA SIBIULUI,7.65,-,-,6.95,-,-,-,-,-,-,7.3
1646,SB8788219,1646,ŞCOALA GIMNAZIALĂ ŞEICA MARE,7.5,-,-,7.1,-,-,-,-,-,-,7.3
1647,SB10264798,1647,ŞCOALA GIMNAZIALĂ NR. 13 SIBIU,7.5,-,-,7.1,-,-,-,-,-,-,7.3
1648,SB10825106,1648,LICEUL TEORETIC CONSTANTIN NOICA SIBIU,7.4,-,-,7.2,-,-,-,-,-,-,7.3
1649,SB10016883,1649,ŞCOALA GIMNAZIALĂ IOAN SLAVICI SIBIU,7.4,-,-,7.2,-,-,-,-,-,-,7.3
1650,SB10410112,1650,ŞCOALA GIMNAZIALĂ NR. 7 MEDIAŞ,7.35,-,-,7.25,-,-,-,-,-,-,7.3
1651,SB9759561,1651,ŞCOALA GIMNAZIALĂ ŞMIG,7.35,-,-,7.25,-,-,-,-,-,-,7.3
1652,SB12311140,1652,ŞCOALA GIMNAZIALĂ NR. 23 SIBIU,7.25,-,-,7.35,-,-,-,-,-,-,7.3
1653,SB9675847,1653,ŞCOALA GIMNAZIALĂ IOAN SLAVICI SIBIU,7,-,-,7.6,-,-,-,-,-,-,7.3
1654,SB9527554,1654,COLEGIUL NAȚIONAL OCTAVIAN GOGA SIBIU,7,-,-,7.6,-,-,-,-,-,-,7.3
1655,SB10340113,1655,ŞCOALA GIMNAZIALĂ CONSTANTIN IOAN MOTAŞ MEDIAŞ,6.95,-,-,7.65,-,-,-,-,-,-,7.3
1656,SB10264041,1656,ŞCOALA GIMNAZIALĂ NR. 13 SIBIU,6.75,-,-,7.85,-,-,-,-,-,-,7.3
1657,SB10173129,1657,COLEGIUL NAȚIONAL SAMUEL VON BRUKENTHAL SIBIU,8.85,-,-,7.35,-,-,Limba germana,5.65,-,-,7.28
1658,SB9606332,1658,LICEUL TEORETIC GUSTAV GUNDISCH CISNĂDIE,8.5,-,-,6.9,-,-,Limba germana,6.45,-,-,7.28
1659,SB12315649,1659,ŞCOALA GIMNAZIALĂ NR. 4 SIBIU,7.6,-,-,6.4,-,-,Limba germana,7.95,7.85,7.85,7.28
1660,SB9526869,1660,ŞCOALA GIMNAZIALĂ NICOLAE IORGA SIBIU,7.1,-,-,6.6,-,-,Limba germana,8.15,-,-,7.28
1661,SB8619181,1661,COLEGIUL NAȚIONAL PEDAGOGIC ANDREI ŞAGUNA SIBIU,8.7,-,-,5.85,-,-,-,-,-,-,7.27
1662,SB9729554,1662,ŞCOALA GIMNAZIALĂ CRISTIAN,8.4,8.15,8.15,6.4,-,-,-,-,-,-,7.27
1663,SB10523768,1663,ŞCOALA GIMNAZIALĂ NR. 3 CISNĂDIE,8,-,-,6.55,-,-,-,-,-,-,7.27
1664,SB10107539,1664,ŞCOALA GIMNAZIALĂ MIHAI EMINESCU MEDIAŞ,7.5,-,-,7.05,-,-,-,-,-,-,7.27
1665,SB10441376,1665,ŞCOALA GIMNAZIALĂ NR. 7 MEDIAŞ,7.45,-,-,7.1,-,-,-,-,-,-,7.27
1666,SB10825037,1666,ŞCOALA GIMNAZIALĂ NICOLAE IORGA SIBIU,6.85,-,-,7.7,-,-,-,-,-,-,7.27
1667,SB9135235,1667,ŞCOALA GIMNAZIALĂ MATEI BASARAB TURNU ROŞU,6.85,-,-,7.7,-,-,-,-,-,-,7.27
1668,SB9076245,1668,COLEGIUL NAȚIONAL OCTAVIAN GOGA SIBIU,6.75,6.95,6.95,7.6,-,-,-,-,-,-,7.27
1669,SB11077154,1669,ŞCOALA GIMNAZIALĂ NR. 23 SIBIU,6.55,7.05,7.05,7.5,-,-,-,-,-,-,7.27
1670,SB10449938,1670,ŞCOALA GIMNAZIALĂ NICOLAE IORGA SIBIU,7.4,-,-,7.25,-,-,Limba germana,7.15,-,-,7.26
1671,SB10448016,1671,ŞCOALA GIMNAZIALĂ DAIA,8.7,-,-,5.8,-,-,-,-,-,-,7.25
1672,SB9976812,1672,COLEGIUL NAȚIONAL PEDAGOGIC ANDREI ŞAGUNA SIBIU,7.9,-,-,6.6,-,-,-,-,-,-,7.25
1673,SB10266739,1673,ŞCOALA GIMNAZIALĂ NR. 13 SIBIU,7.75,-,-,6.75,-,-,-,-,-,-,7.25
1674,SB9144798,1674,ŞCOALA GIMNAZIALĂ NR. 25 SIBIU,7.45,-,-,7.05,-,-,-,-,-,-,7.25
1675,SB9670423,1675,ŞCOALA GIMNAZIALĂ CÂRŢA,7.2,-,-,7.3,-,-,-,-,-,-,7.25
1676,SB9520237,1676,ŞCOALA GIMNAZIALĂ AUREL DECEI GURA RÂULUI,6.95,-,-,7.55,-,-,-,-,-,-,7.25
1677,SB10306364,1677,LICEUL TEORETIC ONISIFOR GHIBU SIBIU,7.9,-,-,7.15,-,-,Limba germana,7.25,6.65,6.65,7.23
1678,SB6906301,1678,ŞCOALA GIMNAZIALĂ RADU SELEJAN SIBIU,8.55,-,-,5.9,-,-,-,-,-,-,7.22
1679,SB9627895,1679,ŞCOALA GIMNAZIALĂ VIOREL CUCU PALTIN ARPAȘU DE JOS,8.35,-,-,6.1,-,-,-,-,-,-,7.22
1680,SB9072533,1680,ŞCOALA GIMNAZIALĂ NR. 18 SIBIU,8.3,7.9,7.9,6.55,-,-,-,-,-,-,7.22
1681,SB10974722,1681,ŞCOALA GIMNAZIALĂ NR. 4 SIBIU,8.25,-,-,6.2,-,-,-,-,-,-,7.22
1682,SB10110340,1682,ŞCOALA GIMNAZIALĂ MIHAI EMINESCU MEDIAŞ,8.15,-,-,6.3,-,-,-,-,-,-,7.22
1683,SB2690751,1683,LICEUL TEORETIC GUSTAV GUNDISCH CISNĂDIE,8,-,-,6.45,-,-,-,-,-,-,7.22
1684,SB10344399,1684,ŞCOALA GIMNAZIALĂ REGELE FERDINAND SIBIU,7.9,-,-,6.55,-,-,-,-,-,-,7.22
1685,SB9625303,1685,ŞCOALA GIMNAZIALĂ IOAN SLAVICI SIBIU,7.85,-,-,6.6,-,-,-,-,-,-,7.22
1686,SB10824614,1686,LICEUL TEORETIC CONSTANTIN NOICA SIBIU,7.65,-,-,6.8,-,-,-,-,-,-,7.22
1687,SB10734719,1687,ŞCOALA GIMNAZIALĂ IOAN SLAVICI SIBIU,7.55,-,-,6.9,-,-,-,-,-,-,7.22
1688,SB12313800,1688,LICEUL AUGUST TREBONIU LAURIAN AGNITA,7.4,-,-,7.05,-,-,-,-,-,-,7.22
1689,SB3989401,1689,ŞCOALA GIMNAZIALĂ NR. 12 SIBIU,7,-,-,7.45,-,-,-,-,-,-,7.22
1690,SB12316669,1690,ŞCOALA GIMNAZIALĂ NR. 4 SIBIU,7,7.1,7.1,7.35,-,-,-,-,-,-,7.22
1691,SB10066243,1691,ŞCOALA GIMNAZIALĂ NR. 4 MEDIAŞ,6.75,-,-,7.7,-,-,-,-,-,-,7.22
1692,SB10175371,1692,LICEUL TEORETIC ROTH - OBERTH MEDIAŞ,7.6,-,-,7.3,-,-,Limba germana,6.75,-,-,7.21
1693,SB8021468,1693,ŞCOALA GIMNAZIALĂ VALCHID,8.55,-,-,5.85,-,-,-,-,-,-,7.2
1694,SB9523394,1694,ŞCOALA GIMNAZIALĂ CONSTANTIN IOAN MOTAŞ MEDIAŞ,8.4,8.55,8.55,5.95,5.85,5.85,-,-,-,-,7.2
1695,SB11165410,1695,LICEUL AUGUST TREBONIU LAURIAN AGNITA,8.3,-,-,6.1,-,-,-,-,-,-,7.2
1696,SB12297606,1696,ŞCOALA GIMNAZIALĂ NR. 8 SIBIU,8.25,-,-,6.15,-,-,-,-,-,-,7.2
1697,SB11156084,1697,ŞCOALA GIMNAZIALĂ NR. 21 SIBIU,8.15,-,-,6.25,-,-,-,-,-,-,7.2
1698,SB10942537,1698,ŞCOALA GIMNAZIALĂ OCTAVIAN GOGA RĂŞINARI,8.05,-,-,6.35,-,-,-,-,-,-,7.2
1699,SB9215709,1699,ŞCOALA GIMNAZIALĂ VEŞTEM,8,-,-,6.4,-,-,-,-,-,-,7.2
1700,SB9216942,1700,ŞCOALA GIMNAZIALĂ VEŞTEM,7.75,-,-,6.65,-,-,-,-,-,-,7.2
1701,SB10936417,1701,ŞCOALA GIMNAZIALĂ NOCRICH,7.7,-,-,6.7,-,-,-,-,-,-,7.2
1702,SB12309901,1702,LICEUL ROMÂNO - FINLANDEZ ERI SIBIU,7.65,-,-,6.75,-,-,-,-,-,-,7.2
1703,SB10007342,1703,COLEGIUL NAȚIONAL OCTAVIAN GOGA SIBIU,7.45,-,-,6.95,-,-,-,-,-,-,7.2
1704,SB9421009,1704,LICEUL TEORETIC GHEORGHE LAZĂR AVRIG,7.4,-,-,7,-,-,-,-,-,-,7.2
1705,SB4093651,1705,ŞCOALA GIMNAZIALĂ NR. 13 SIBIU,7.35,-,-,7.05,-,-,-,-,-,-,7.2
1706,SB8156886,1706,ŞCOALA GIMNAZIALĂ RACOVIŢA,7.3,-,-,7.1,-,-,-,-,-,-,7.2
1707,SB8351147,1707,ŞCOALA GIMNAZIALĂ ŞAROŞ PE TÂRNAVE,7.15,-,-,7.25,-,-,-,-,-,-,7.2
1708,SB10586761,1708,ŞCOALA GIMNAZIALĂ ION ALBESCU BOIŢA,7.1,-,-,7.3,-,-,-,-,-,-,7.2
1709,SB10307637,1709,ŞCOALA GIMNAZIALĂ NR. 1 SIBIU,6.95,-,-,7.45,-,-,-,-,-,-,7.2
1710,SB10311233,1710,ŞCOALA GIMNAZIALĂ REGINA MARIA SIBIU,6.75,-,-,7.65,-,-,-,-,-,-,7.2
1711,SB8255422,1711,ŞCOALA GIMNAZIALĂ SAMUIL MICU SADU,8.65,-,-,5.7,-,-,-,-,-,-,7.17
1712,SB12311795,1712,ŞCOALA GIMNAZIALĂ NR. 2 SIBIU,8.45,-,-,5.9,-,-,-,-,-,-,7.17
1713,SB12314070,1713,ŞCOALA GIMNAZIALĂ ION LUCA CARAGIALE SIBIU,8,-,-,6.35,-,-,-,-,-,-,7.17
1714,SB10323434,1714,ŞCOALA GIMNAZIALĂ MIHAI EMINESCU MEDIAŞ,7.85,7.85,7.85,6.5,-,-,-,-,-,-,7.17
1715,SB10620451,1715,LICEUL TEHNOLOGIC MÂRŞA,7.6,-,-,6.75,-,-,-,-,-,-,7.17
1716,SB9520135,1716,ŞCOALA GIMNAZIALĂ AUREL DECEI GURA RÂULUI,7.25,-,-,7.1,-,-,-,-,-,-,7.17
1717,SB10110835,1717,LICEUL TEORETIC ROTH - OBERTH MEDIAŞ,7.75,-,-,5.3,-,-,Limba germana,8.45,-,-,7.16
1718,SB10314542,1718,ŞCOALA GIMNAZIALĂ BRĂDENI,8.05,-,-,6.25,-,-,-,-,-,-,7.15
1719,SB12856305,1719,ŞCOALA GIMNAZIALĂ NR. 1 SIBIU,8.05,-,-,6.25,-,-,-,-,-,-,7.15
1720,SB9815299,1720,LICEUL TEORETIC GHEORGHE LAZĂR AVRIG,8,-,-,6.3,-,-,-,-,-,-,7.15
1721,SB6231801,1721,ŞCOALA GIMNAZIALĂ TĂLMACIU,7.9,-,-,6.4,-,-,-,-,-,-,7.15
1722,SB10167094,1722,ŞCOALA GIMNAZIALĂ SLIMNIC,7.85,-,-,6.45,-,-,-,-,-,-,7.15
1723,SB11074903,1723,ŞCOALA GIMNAZIALĂ NICOLAE IORGA SIBIU,7.85,-,-,6.35,-,-,Limba germana,7.25,-,-,7.15
1724,SB10082127,1724,ŞCOALA GIMNAZIALĂ MIHAI EMINESCU MEDIAŞ,7.7,-,-,6.6,-,-,-,-,-,-,7.15
1725,SB10277345,1725,ŞCOALA GIMNAZIALĂ MIHAI VITEAZU ŞELIMBĂR,7.65,-,-,6.65,-,-,-,-,-,-,7.15
1726,SB10264013,1726,ŞCOALA GIMNAZIALĂ NR. 18 SIBIU,7.4,7.1,7.1,7.4,7.2,7.2,-,-,-,-,7.15
1727,SB10444430,1727,ŞCOALA GIMNAZIALĂ NR. 18 SIBIU,7.2,6.9,6.9,7.4,-,-,-,-,-,-,7.15
1728,SB8959790,1728,ŞCOALA GIMNAZIALĂ NR. 25 SIBIU,7.15,-,-,7.15,-,-,-,-,-,-,7.15
1729,SB10483091,1729,ŞCOALA GIMNAZIALĂ NICOLAE IORGA SIBIU,7.15,-,-,7.15,-,-,-,-,-,-,7.15
1730,SB10458482,1730,ŞCOALA GIMNAZIALĂ NR. 4 SIBIU,7.1,7.5,7.5,6.65,6.8,6.8,-,-,-,-,7.15
1731,SB9667672,1731,ŞCOALA GIMNAZIALĂ CÂRŢA,6.9,-,-,7.4,-,-,-,-,-,-,7.15
1732,SB9587827,1732,LICEUL TEORETIC GUSTAV GUNDISCH CISNĂDIE,6.8,-,-,6.9,-,-,Limba germana,7.75,-,-,7.15
1733,SB14740449,1733,LICEUL TEORETIC GUSTAV GUNDISCH CISNĂDIE,7.75,-,-,4.6,-,-,Limba germana,8.45,9.05,9.05,7.13
1734,SB9568972,1734,ŞCOALA GIMNAZIALĂ ŞEICA MARE,8.45,-,-,5.8,-,-,-,-,-,-,7.12
1735,SB9874597,1735,ŞCOALA GIMNAZIALĂ ION POP RETEGANUL ORLAT,8.4,-,-,5.85,-,-,-,-,-,-,7.12
1736,SB8661547,1736,LICEUL AUGUST TREBONIU LAURIAN AGNITA,8.25,-,-,6,-,-,-,-,-,-,7.12
1737,SB10346386,1737,ŞCOALA GIMNAZIALĂ CONSTANTIN IOAN MOTAŞ MEDIAŞ,8.25,-,-,6,-,-,-,-,-,-,7.12
1738,SB10435177,1738,ŞCOALA GIMNAZIALĂ ROŞIA,8.2,-,-,6.05,-,-,-,-,-,-,7.12
1739,SB8874871,1739,ŞCOALA GIMNAZIALĂ MIHAI VITEAZU ŞELIMBĂR,8.1,-,-,6.15,-,-,-,-,-,-,7.12
1740,SB10107716,1740,ŞCOALA GIMNAZIALĂ MIHAI EMINESCU MEDIAŞ,7.95,-,-,6.3,-,-,-,-,-,-,7.12
1741,SB9378653,1741,LICEUL DE ARTĂ SIBIU,7.85,-,-,6.4,-,-,-,-,-,-,7.12
1742,SB10006111,1742,LICEUL TEORETIC GHEORGHE LAZĂR AVRIG,7.75,-,-,6.5,-,-,-,-,-,-,7.12
1743,SB10359697,1743,LICEUL TEHNOLOGIC IOAN LUPAŞ SĂLIŞTE,7.7,-,-,6.55,-,-,-,-,-,-,7.12
1744,SB9985730,1744,ŞCOALA GIMNAZIALĂ NR. 3 CISNĂDIE,7.7,-,-,6.55,-,-,-,-,-,-,7.12
1745,SB10287061,1745,ŞCOALA GIMNAZIALĂ NICOLAE IORGA SIBIU,7.35,-,-,6.9,-,-,-,-,-,-,7.12
1746,SB12297602,1746,ŞCOALA GIMNAZIALĂ NR. 8 SIBIU,7,-,-,7.25,-,-,-,-,-,-,7.12
1747,SB10264871,1747,LICEUL TEORETIC CONSTANTIN NOICA SIBIU,8.35,-,-,5.85,-,-,-,-,-,-,7.1
1748,SB10308681,1748,ŞCOALA GIMNAZIALĂ NR. 7 MEDIAŞ,8.25,-,-,5.95,-,-,-,-,-,-,7.1
1749,SB11174125,1749,COLEGIUL NAȚIONAL OCTAVIAN GOGA SIBIU,8.1,-,-,5.6,5.9,5.9,Limba germana,7.05,7.3,7.3,7.1
1750,SB8651059,1750,ŞCOALA GIMNAZIALĂ BRĂDENI,8.05,-,-,6.15,-,-,-,-,-,-,7.1
1751,SB12297595,1751,ŞCOALA GIMNAZIALĂ NR. 4 SIBIU,8,-,-,6.2,-,-,-,-,-,-,7.1
1752,SB10083482,1752,LICEUL TEHNOLOGIC JOHANNES LEBEL TĂLMACIU,7.75,-,-,6.45,-,-,-,-,-,-,7.1
1753,SB10173199,1753,LICEUL DE ARTĂ SIBIU,7.25,7.5,7.5,6.8,6.7,6.7,-,-,-,-,7.1
1754,SB7964783,1754,ŞCOALA GIMNAZIALĂ CONSTANTIN IOAN MOTAŞ MEDIAŞ,7.05,-,-,7.15,-,-,-,-,-,-,7.1
1755,SB8874676,1755,ŞCOALA GIMNAZIALĂ MIHAI VITEAZU ŞELIMBĂR,6.95,-,-,7.25,-,-,-,-,-,-,7.1
1756,SB14740892,1756,ŞCOALA GIMNAZIALĂ CONSTANTIN IOAN MOTAŞ MEDIAŞ,6.65,-,-,7.55,-,-,-,-,-,-,7.1
1757,SB10444737,1757,ŞCOALA GIMNAZIALĂ NR. 8 SIBIU,6.55,-,-,7.65,-,-,-,-,-,-,7.1
1758,SB10521715,1758,ŞCOALA GIMNAZIALĂ NICOLAE IORGA SIBIU,8.55,-,-,5.6,-,-,-,-,-,-,7.07
1759,SB10389645,1759,LICEUL TEORETIC CONSTANTIN NOICA SIBIU,8.3,-,-,5.85,-,-,-,-,-,-,7.07
1760,SB10696887,1760,ŞCOALA GIMNAZIALĂ NOU,8,-,-,5.9,6.15,6.15,-,-,-,-,7.07
1761,SB12467165,1761,ŞCOALA GIMNAZIALĂ NR. 21 SIBIU,7.7,-,-,6.45,-,-,-,-,-,-,7.07
1762,SB7862478,1762,ŞCOALA GIMNAZIALĂ AGÂRBICIU,7.65,-,-,6.5,-,-,-,-,-,-,7.07
1763,SB10410439,1763,LICEUL TEORETIC CONSTANTIN NOICA SIBIU,7.6,-,-,6.55,-,-,-,-,-,-,7.07
1764,SB2691751,1764,LICEUL TEORETIC GUSTAV GUNDISCH CISNĂDIE,7.5,-,-,6.65,-,-,-,-,-,-,7.07
1765,SB12032964,1765,ŞCOALA GIMNAZIALĂ TĂLMACIU,7.2,-,-,6.95,-,-,-,-,-,-,7.07
1766,SB4074851,1766,ŞCOALA GIMNAZIALĂ NR. 18 SIBIU,7.1,-,-,7.05,-,-,-,-,-,-,7.07
1767,SB10176858,1767,ŞCOALA GIMNAZIALĂ NR. 18 SIBIU,6.8,-,-,7.35,-,-,-,-,-,-,7.07
1768,SB9378334,1768,ŞCOALA GIMNAZIALĂ NR. 10 SIBIU,6.65,-,-,7.5,-,-,-,-,-,-,7.07
1769,SB10477237,1769,COLEGIUL NAȚIONAL GHEORGHE LAZĂR SIBIU,5.95,-,-,8.2,-,-,-,-,-,-,7.07
1770,SB9110445,1770,ŞCOALA GIMNAZIALĂ MATEI BASARAB TURNU ROŞU,8.55,-,-,5.55,-,-,-,-,-,-,7.05
1771,SB13984636,1771,ŞCOALA GIMNAZIALĂ NR. 2 SIBIU,8.35,-,-,5.75,-,-,-,-,-,-,7.05
1772,SB10465597,1772,COLEGIUL NAȚIONAL PEDAGOGIC ANDREI ŞAGUNA SIBIU,8.2,-,-,5.9,-,-,-,-,-,-,7.05
1773,SB9221295,1773,ŞCOALA GIMNAZIALĂ BIERTAN,8.15,-,-,5.95,-,-,-,-,-,-,7.05
1774,SB8973799,1774,ŞCOALA GIMNAZIALĂ MIHAI EMINESCU MEDIAŞ,8.1,-,-,6,-,-,-,-,-,-,7.05
1775,SB8788228,1775,ŞCOALA GIMNAZIALĂ ŞEICA MARE,8,-,-,6.1,-,-,-,-,-,-,7.05
1776,SB10115144,1776,LICEUL TEORETIC GHEORGHE LAZĂR AVRIG,7.9,-,-,6.2,-,-,-,-,-,-,7.05
1777,SB10344912,1777,ŞCOALA GIMNAZIALĂ REGELE FERDINAND SIBIU,7.8,8.4,8.4,5.7,-,-,-,-,-,-,7.05
1778,SB10446054,1778,ŞCOALA GIMNAZIALĂ RADU SELEJAN SIBIU,7.35,-,-,6.75,-,-,-,-,-,-,7.05
1779,SB10176749,1779,ŞCOALA GIMNAZIALĂ NR. 13 SIBIU,7.25,-,-,6.85,-,-,-,-,-,-,7.05
1780,SB10970792,1780,ŞCOALA GIMNAZIALĂ REGELE FERDINAND SIBIU,6.9,-,-,7.2,-,-,-,-,-,-,7.05
1781,SB9813798,1781,LICEUL TEORETIC GHEORGHE LAZĂR AVRIG,6.45,6.8,6.8,7.3,-,-,-,-,-,-,7.05
1782,SB10290433,1782,ŞCOALA GIMNAZIALĂ GEORG DANIEL TEUTSCH AGNITA,6.3,-,-,7.8,-,-,-,-,-,-,7.05
1783,SB9081754,1783,ŞCOALA GIMNAZIALĂ OCTAVIAN GOGA RĂŞINARI,6.2,6.95,6.95,7.15,-,-,-,-,-,-,7.05
1784,SB10507281,1784,ŞCOALA GIMNAZIALĂ NR. 4 SIBIU,6.15,-,-,8.1,-,-,Limba germana,6.9,-,-,7.05
1785,SB9935855,1785,LICEUL TEHNOLOGIC JOHANNES LEBEL TĂLMACIU,6.1,-,-,8,-,-,-,-,-,-,7.05
1786,SB9818677,1786,LICEUL TEORETIC GHEORGHE LAZĂR AVRIG,8.4,-,-,5.65,-,-,-,-,-,-,7.02
1787,SB9374893,1787,ŞCOALA GIMNAZIALĂ NR. 1 SIBIU,8.25,-,-,5.8,-,-,-,-,-,-,7.02
1788,SB12312148,1788,LICEUL TEORETIC CONSTANTIN NOICA SIBIU,8.2,-,-,5.85,-,-,-,-,-,-,7.02
1789,SB10547124,1789,COLEGIUL NAȚIONAL PEDAGOGIC ANDREI ŞAGUNA SIBIU,8.2,-,-,5.85,-,-,-,-,-,-,7.02
1790,SB10697620,1790,ŞCOALA GIMNAZIALĂ NOU,8,-,-,6.05,-,-,-,-,-,-,7.02
1791,SB13760,1791,LICEUL TEORETIC CONSTANTIN NOICA SIBIU,7.85,-,-,6.2,-,-,-,-,-,-,7.02
1792,SB10544156,1792,ŞCOALA GIMNAZIALĂ NR. 21 SIBIU,7.8,-,-,6.25,-,-,-,-,-,-,7.02
1793,SB7921633,1793,ŞCOALA GIMNAZIALĂ IOAN BAN - DASCĂLU POIANA SIBIULUI,7.8,-,-,6.25,-,-,-,-,-,-,7.02
1794,SB9862779,1794,ŞCOALA GIMNAZIALĂ ION POP RETEGANUL ORLAT,7.75,-,-,6.3,-,-,-,-,-,-,7.02
1795,SB9173049,1795,LICEUL TEORETIC GUSTAV GUNDISCH CISNĂDIE,7.55,-,-,6.5,-,-,-,-,-,-,7.02
1796,SB10745890,1796,ŞCOALA GIMNAZIALĂ RADU SELEJAN SIBIU,7.35,-,-,6.7,-,-,-,-,-,-,7.02
1797,SB2678901,1797,LICEUL TEORETIC GUSTAV GUNDISCH CISNĂDIE,7.25,-,-,6.8,-,-,-,-,-,-,7.02
1798,SB10316064,1798,ŞCOALA GIMNAZIALĂ NR. 4 MEDIAŞ,6.8,-,-,7.25,-,-,-,-,-,-,7.02
1799,SB10161024,1799,ŞCOALA GIMNAZIALĂ NR. 8 SIBIU,6.3,-,-,7.75,-,-,-,-,-,-,7.02
1800,SB664551,1800,ŞCOALA GIMNAZIALĂ NICOLAE IORGA SIBIU,8.45,-,-,5.5,5.45,5.45,Limba germana,7.15,-,-,7.01
1801,SB11073259,1801,ŞCOALA GIMNAZIALĂ REGINA MARIA SIBIU,8.6,-,-,5.4,5.4,5.4,-,-,-,-,7
1802,SB8990146,1802,ŞCOALA GIMNAZIALĂ RACOVIŢA,8.3,-,-,5.7,-,-,-,-,-,-,7
1803,SB10290298,1803,ŞCOALA GIMNAZIALĂ REGELE FERDINAND SIBIU,8.3,-,-,5.7,-,-,-,-,-,-,7
1804,SB10579119,1804,LICEUL TIMOTEI CIPARIU DUMBRĂVENI,8.15,-,-,5.85,-,-,-,-,-,-,7
1805,SB12211486,1805,ŞCOALA GIMNAZIALĂ CONSTANTIN IOAN MOTAŞ MEDIAŞ,7.9,-,-,6.1,-,-,-,-,-,-,7
1806,SB9140701,1806,COLEGIUL NAȚIONAL SAMUEL VON BRUKENTHAL SIBIU,7.75,-,-,6,-,-,Limba germana,7.25,-,-,7
1807,SB10087788,1807,ŞCOALA GIMNAZIALĂ NR. 4 MEDIAŞ,7.6,7.05,7.05,6.75,6.95,6.95,-,-,-,-,7
1808,SB12258904,1808,ŞCOALA GIMNAZIALĂ CRISTIAN,7.6,-,-,6.4,-,-,-,-,-,-,7
1809,SB10827526,1809,LICEUL TEHNOLOGIC JOHANNES LEBEL TĂLMACIU,7.55,-,-,6.45,-,-,-,-,-,-,7
1810,SB8788221,1810,ŞCOALA GIMNAZIALĂ REGINA MARIA SIBIU,7.1,-,-,6.9,-,-,-,-,-,-,7
1811,SB8254626,1811,ŞCOALA GIMNAZIALĂ SAMUIL MICU SADU,7.05,-,-,6.95,-,-,-,-,-,-,7
1812,SB8255550,1812,ŞCOALA GIMNAZIALĂ VEŞTEM,6.9,-,-,7.1,-,-,-,-,-,-,7
1813,SB10590699,1813,LICEUL TIMOTEI CIPARIU DUMBRĂVENI,6.45,-,-,7.55,-,-,-,-,-,-,7
1814,SB11075119,1814,COLEGIUL NAȚIONAL SAMUEL VON BRUKENTHAL SIBIU,8.25,-,-,4.7,4.6,4.6,Limba germana,7.85,8.1,8.1,6.98
1815,SB10119553,1815,LICEUL TEORETIC ROTH - OBERTH MEDIAŞ,7.1,-,-,6.6,-,-,Limba germana,7.25,-,-,6.98
1816,SB10333641,1816,ŞCOALA GIMNAZIALĂ CIREŞARII MEDIAŞ,9.15,-,-,4.8,4.8,4.8,-,-,-,-,6.97
1817,SB9624537,1817,ŞCOALA GIMNAZIALĂ ANDREI ȘAGUNA ŞURA MARE,8.4,-,-,5.55,-,-,-,-,-,-,6.97
1818,SB686401,1818,LICEUL TEORETIC CONSTANTIN NOICA SIBIU,8.3,-,-,5.65,-,-,-,-,-,-,6.97
1819,SB10561196,1819,ŞCOALA GIMNAZIALĂ ION LUCA CARAGIALE SIBIU,8.15,-,-,5.8,-,-,-,-,-,-,6.97
1820,SB10524296,1820,COLEGIUL NAȚIONAL PEDAGOGIC ANDREI ŞAGUNA SIBIU,7.8,-,-,6.15,-,-,-,-,-,-,6.97
1821,SB9459370,1821,ŞCOALA GIMNAZIALĂ ION LUCA CARAGIALE SIBIU,7.45,7.6,7.6,6.45,6.35,6.35,-,-,-,-,6.97
1822,SB9986616,1822,LICEUL TEHNOLOGIC IOAN LUPAŞ SĂLIŞTE,7.4,-,-,6.55,-,-,-,-,-,-,6.97
1823,SB10447550,1823,ŞCOALA GIMNAZIALĂ DAIA,7.35,-,-,6.6,-,-,-,-,-,-,6.97
1824,SB10384500,1824,LICEUL AUGUST TREBONIU LAURIAN AGNITA,6.95,-,-,7,-,-,-,-,-,-,6.97
1825,SB10311016,1825,LICEUL TIMOTEI CIPARIU DUMBRĂVENI,6.35,-,-,7.6,-,-,-,-,-,-,6.97
1826,SB10268675,1826,LICEUL TEORETIC ROTH - OBERTH MEDIAŞ,8.25,-,-,4.5,-,-,Limba germana,8.15,-,-,6.96
1827,SB10428992,1827,LICEUL DE ARTĂ SIBIU,8.3,-,-,5.6,-,-,-,-,-,-,6.95
1828,SB10270744,1828,LICEUL TEORETIC GHEORGHE LAZĂR AVRIG,8,-,-,5.9,-,-,-,-,-,-,6.95
1829,SB10276108,1829,ŞCOALA GIMNAZIALĂ NR. 4 MEDIAŞ,7.75,-,-,6.15,-,-,-,-,-,-,6.95
1830,SB2687201,1830,LICEUL TEORETIC GUSTAV GUNDISCH CISNĂDIE,7.7,-,-,6.2,-,-,-,-,-,-,6.95
1831,SB10089866,1831,LICEUL TEORETIC ROTH - OBERTH MEDIAŞ,7.65,-,-,5.7,-,-,Limba germana,7.5,-,-,6.95
1832,SB9517933,1832,COLEGIUL NAȚIONAL OCTAVIAN GOGA SIBIU,7.6,-,-,5.9,5.75,5.75,Limba germana,7.5,-,-,6.95
1833,SB8255643,1833,ŞCOALA GIMNAZIALĂ SAMUIL MICU SADU,7.25,-,-,6.65,-,-,-,-,-,-,6.95
1834,SB10534269,1834,ŞCOALA GIMNAZIALĂ NR. 13 SIBIU,7.2,-,-,6.7,-,-,-,-,-,-,6.95
1835,SB10115616,1835,ŞCOALA GIMNAZIALĂ NICOLAE IORGA SIBIU,7.05,7.35,7.35,6.55,-,-,-,-,-,-,6.95
1836,SB10592959,1836,ŞCOALA GIMNAZIALĂ NR. 3 CISNĂDIE,7,-,-,6.9,-,-,-,-,-,-,6.95
1837,SB7867764,1837,ŞCOALA GIMNAZIALĂ OCNA SIBIULUI,6.95,-,-,6.95,-,-,-,-,-,-,6.95
1838,SB9813867,1838,LICEUL TEORETIC CONSTANTIN NOICA SIBIU,6.55,-,-,7.05,7.35,7.35,-,-,-,-,6.95
1839,SB10310479,1839,ŞCOALA GIMNAZIALĂ NR. 7 MEDIAŞ,6.5,-,-,7.4,-,-,-,-,-,-,6.95
1840,SB11116398,1840,COLEGIUL NAȚIONAL SAMUEL VON BRUKENTHAL SIBIU,7.9,-,-,5.5,-,-,Limba germana,7.4,-,-,6.93
1841,SB10271895,1841,LICEUL TEORETIC ROTH - OBERTH MEDIAŞ,6.8,-,-,5.85,-,-,Limba germana,8.15,-,-,6.93
1842,SB10289102,1842,LICEUL AUGUST TREBONIU LAURIAN AGNITA,8.65,-,-,5.2,-,-,-,-,-,-,6.92
1843,SB9709052,1843,ŞCOALA GIMNAZIALĂ CRISTIAN,8.25,-,-,5.6,-,-,-,-,-,-,6.92
1844,SB10848815,1844,ŞCOALA GIMNAZIALĂ NR. 2 SIBIU,8.2,-,-,5.65,-,-,-,-,-,-,6.92
1845,SB10464585,1845,ŞCOALA GIMNAZIALĂ NICOLAE IORGA SIBIU,7.6,-,-,6.25,-,-,-,-,-,-,6.92
1846,SB10502513,1846,ŞCOALA GIMNAZIALĂ CORNELIU PĂCURARIU MICĂSASA,7.5,-,-,6.35,-,-,-,-,-,-,6.92
1847,SB686601,1847,COLEGIUL NAȚIONAL OCTAVIAN GOGA SIBIU,7.25,-,-,6.6,-,-,-,-,-,-,6.92
1848,SB8510854,1848,ŞCOALA GIMNAZIALĂ RACOVIŢA,7.2,-,-,6.65,-,-,-,-,-,-,6.92
1849,SB10084245,1849,LICEUL TEHNOLOGIC JOHANNES LEBEL TĂLMACIU,7.2,-,-,6.6,6.65,6.65,-,-,-,-,6.92
1850,SB10501209,1850,ŞCOALA GIMNAZIALĂ NR. 7 MEDIAŞ,7,-,-,6.85,-,-,-,-,-,-,6.92
1851,SB9975753,1851,LICEUL TEHNOLOGIC IOAN LUPAŞ SĂLIŞTE,6.1,-,-,7.75,-,-,-,-,-,-,6.92
1852,SB10286401,1852,ŞCOALA GIMNAZIALĂ NR. 7 MEDIAŞ,5.95,-,-,7.9,-,-,-,-,-,-,6.92
1853,SB14016403,1853,ŞCOALA GIMNAZIALĂ NR. 4 SIBIU,6.8,-,-,5.85,-,-,Limba germana,8.1,-,-,6.91
1854,SB10391782,1854,ŞCOALA GIMNAZIALĂ POPLACA,8.45,-,-,5.35,-,-,-,-,-,-,6.9
1855,SB8504079,1855,ŞCOALA GIMNAZIALĂ RACOVIŢA,8.45,-,-,5.35,-,-,-,-,-,-,6.9
1856,SB7921016,1856,ŞCOALA GIMNAZIALĂ IOAN BAN - DASCĂLU POIANA SIBIULUI,8.2,7.85,7.85,5.8,5.95,5.95,-,-,-,-,6.9
1857,SB10971363,1857,ŞCOALA GIMNAZIALĂ LUCIAN BOLOGA MARPOD,7.9,7.5,7.5,6.3,-,-,-,-,-,-,6.9
1858,SB9786309,1858,ŞCOALA GIMNAZIALĂ PORUMBACU DE JOS,7.9,-,-,5.9,-,-,-,-,-,-,6.9
1859,SB10535503,1859,ŞCOALA GIMNAZIALĂ ION LUCA CARAGIALE SIBIU,7.45,-,-,6.35,-,-,-,-,-,-,6.9
1860,SB8128742,1860,ŞCOALA GIMNAZIALĂ BOIAN,7.3,-,-,6.5,-,-,-,-,-,-,6.9
1861,SB10274068,1861,ŞCOALA GIMNAZIALĂ GEORG DANIEL TEUTSCH AGNITA,7.15,-,-,6.65,-,-,-,-,-,-,6.9
1862,SB10299814,1862,ŞCOALA GIMNAZIALĂ NR. 7 MEDIAŞ,7,-,-,6.8,-,-,-,-,-,-,6.9
1863,SB14727135,1863,LICEUL TEHNOLOGIC IACOBENI,6.8,-,-,7,-,-,-,-,-,-,6.9
1864,SB10409954,1864,ŞCOALA GIMNAZIALĂ NR. 25 SIBIU,6.55,6.5,6.5,7.3,-,-,-,-,-,-,6.9
1865,SB12313264,1865,COLEGIUL NAȚIONAL OCTAVIAN GOGA SIBIU,8.2,-,-,5.55,-,-,-,-,-,-,6.87
1866,SB10330562,1866,ŞCOALA GIMNAZIALĂ CONSTANTIN IOAN MOTAŞ MEDIAŞ,7.65,-,-,6.1,-,-,-,-,-,-,6.87
1867,SB10082857,1867,ŞCOALA GIMNAZIALĂ REGELE FERDINAND SIBIU,7.3,-,-,6.45,-,-,-,-,-,-,6.87
1868,SB8875342,1868,ŞCOALA GIMNAZIALĂ MIHAI VITEAZU ŞELIMBĂR,7.25,-,-,6.5,-,-,-,-,-,-,6.87
1869,SB8156506,1869,ŞCOALA GIMNAZIALĂ RACOVIŢA,7.25,-,-,6.5,-,-,-,-,-,-,6.87
1870,SB8977119,1870,ŞCOALA GIMNAZIALĂ MIHAI VITEAZU ŞELIMBĂR,7.2,-,-,6.55,-,-,-,-,-,-,6.87
1871,SB10113136,1871,ŞCOALA GIMNAZIALĂ NR. 4 SIBIU,7.15,-,-,6.6,-,-,-,-,-,-,6.87
1872,SB10264225,1872,ŞCOALA GIMNAZIALĂ NR. 8 SIBIU,6.95,-,-,6.8,-,-,-,-,-,-,6.87
1873,SB9095929,1873,ŞCOALA GIMNAZIALĂ RADU SELEJAN SIBIU,6.55,-,-,7.2,-,-,-,-,-,-,6.87
1874,SB4856701,1874,ŞCOALA GIMNAZIALĂ NR. 18 SIBIU,6.4,-,-,7.35,-,-,-,-,-,-,6.87
1875,SB11077907,1875,COLEGIUL NAȚIONAL SAMUEL VON BRUKENTHAL SIBIU,8.8,-,-,4.5,4.55,4.55,Limba germana,7.75,7.25,7.25,6.86
1876,SB10359617,1876,ŞCOALA GIMNAZIALĂ TILIŞCA,8.4,-,-,5.25,5.3,5.3,-,-,-,-,6.85
1877,SB10326914,1877,LICEUL TEHNOLOGIC ILIE MĂCELARIU MIERCUREA SIBIULUI,8.05,-,-,5.65,-,-,-,-,-,-,6.85
1878,SB10648722,1878,ŞCOALA GIMNAZIALĂ NR. 3 COPȘA MICĂ,8,-,-,5.7,-,-,-,-,-,-,6.85
1879,SB10094520,1879,ŞCOALA GIMNAZIALĂ REGELE FERDINAND SIBIU,7.8,-,-,5.9,-,-,-,-,-,-,6.85
1880,SB8941031,1880,ŞCOALA GIMNAZIALĂ ŞAROŞ PE TÂRNAVE,7.7,-,-,6,-,-,-,-,-,-,6.85
1881,SB10598948,1881,ŞCOALA GIMNAZIALĂ NR. 3 CISNĂDIE,7.5,-,-,6.2,-,-,-,-,-,-,6.85
1882,SB9675697,1882,ŞCOALA GIMNAZIALĂ NR. 8 SIBIU,7.4,-,-,6.3,-,-,-,-,-,-,6.85
1883,SB10008862,1883,ŞCOALA GIMNAZIALĂ NR. 25 SIBIU,7.2,-,-,6.5,-,-,-,-,-,-,6.85
1884,SB7506951,1884,ŞCOALA GIMNAZIALĂ NR. 12 SIBIU,7.05,-,-,6.65,-,-,-,-,-,-,6.85
1885,SB9705163,1885,ŞCOALA GIMNAZIALĂ CRISTIAN,6.95,-,-,6.75,-,-,-,-,-,-,6.85
1886,SB10289949,1886,ŞCOALA GIMNAZIALĂ REGELE FERDINAND SIBIU,6.95,7.7,7.7,6,-,-,-,-,-,-,6.85
1887,SB10441332,1887,ŞCOALA GIMNAZIALĂ NR. 7 MEDIAŞ,6.35,-,-,7.35,-,-,-,-,-,-,6.85
1888,SB13441612,1888,ŞCOALA GIMNAZIALĂ ION LUCA CARAGIALE SIBIU,8.25,-,-,4.05,-,-,Limba germana,8.2,-,-,6.83
1889,SB9255465,1889,ŞCOALA GIMNAZIALĂ BADEA CÎRŢAN CÂRŢIŞOARA,8.35,-,-,5.3,-,-,-,-,-,-,6.82
1890,SB10406292,1890,ŞCOALA GIMNAZIALĂ RADU SELEJAN SIBIU,8.3,-,-,5.35,-,-,-,-,-,-,6.82
1891,SB6271001,1891,ŞCOALA GIMNAZIALĂ NR. 4 SIBIU,7.9,-,-,5.75,-,-,-,-,-,-,6.82
1892,SB10847949,1892,ŞCOALA GIMNAZIALĂ OCTAVIAN GOGA RĂŞINARI,7.8,-,-,5.85,-,-,-,-,-,-,6.82
1893,SB9815370,1893,ŞCOALA GIMNAZIALĂ AVRIG,7.35,-,-,6.3,-,-,-,-,-,-,6.82
1894,SB10794780,1894,LICEUL TEORETIC CONSTANTIN NOICA SIBIU,7.25,7.05,7.05,6.6,-,-,-,-,-,-,6.82
1895,SB7924574,1895,LICEUL AUGUST TREBONIU LAURIAN AGNITA,7.25,-,-,6.4,-,-,-,-,-,-,6.82
1896,SB8919512,1896,ŞCOALA GIMNAZIALĂ BUZD,6.8,-,-,6.85,-,-,-,-,-,-,6.82
1897,SB10544590,1897,COLEGIUL NAȚIONAL PEDAGOGIC ANDREI ŞAGUNA SIBIU,6.5,-,-,7.15,-,-,-,-,-,-,6.82
1898,SB9627843,1898,ŞCOALA GIMNAZIALĂ PORUMBACU DE JOS,8.2,-,-,5.4,-,-,-,-,-,-,6.8
1899,SB10465049,1899,COLEGIUL NAȚIONAL PEDAGOGIC ANDREI ŞAGUNA SIBIU,7.85,-,-,5.75,-,-,-,-,-,-,6.8
1900,SB12314114,1900,ŞCOALA GIMNAZIALĂ NR. 3 CISNĂDIE,7.45,-,-,6.15,-,-,-,-,-,-,6.8
1901,SB659951,1901,ŞCOALA GIMNAZIALĂ NR. 1 SIBIU,7.45,-,-,6.15,-,-,-,-,-,-,6.8
1902,SB9698168,1902,ŞCOALA GIMNAZIALĂ NR. 12 SIBIU,7.25,-,-,6.35,-,-,-,-,-,-,6.8
1903,SB8463549,1903,ŞCOALA GIMNAZIALĂ NR. 21 SIBIU,7,-,-,6.6,-,-,-,-,-,-,6.8
1904,SB7964965,1904,ŞCOALA GIMNAZIALĂ ȘEICA MICĂ,6.8,-,-,6.8,-,-,-,-,-,-,6.8
1905,SB10386454,1905,COLEGIUL NAȚIONAL OCTAVIAN GOGA SIBIU,6.65,-,-,6.95,-,-,-,-,-,-,6.8
1906,SB12297542,1906,ŞCOALA GIMNAZIALĂ IOAN SLAVICI SIBIU,6.5,-,-,7.1,-,-,-,-,-,-,6.8
1907,SB10095873,1907,ŞCOALA GIMNAZIALĂ CIREŞARII MEDIAŞ,6.4,-,-,7.2,-,-,-,-,-,-,6.8
1908,SB12564270,1908,ŞCOALA GIMNAZIALĂ CONSTANTIN IOAN MOTAŞ MEDIAŞ,6.25,-,-,7.35,-,-,-,-,-,-,6.8
1909,SB10327396,1909,ŞCOALA GIMNAZIALĂ APOLDU DE SUS,7.7,-,-,6.7,-,-,Limba germana,5.95,-,-,6.78
1910,SB10653975,1910,ŞCOALA GIMNAZIALĂ NR. 3 COPȘA MICĂ,8.05,-,-,5.5,-,-,-,-,-,-,6.77
1911,SB9841268,1911,ŞCOALA GIMNAZIALĂ NR. 13 SIBIU,7.9,7.45,7.45,5.55,6.1,6.1,-,-,-,-,6.77
1912,SB10329325,1912,LICEUL TEHNOLOGIC ILIE MĂCELARIU MIERCUREA SIBIULUI,7.75,8.2,8.2,5.35,-,-,-,-,-,-,6.77
1913,SB9815017,1913,LICEUL TEORETIC GHEORGHE LAZĂR AVRIG,7.7,7.45,7.45,6.1,6.1,6.1,-,-,-,-,6.77
1914,SB9473867,1914,ŞCOALA GIMNAZIALĂ AUREL DECEI GURA RÂULUI,7.65,-,-,5.9,-,-,-,-,-,-,6.77
1915,SB12318118,1915,ŞCOALA GIMNAZIALĂ NR. 4 SIBIU,7.3,-,-,6.1,6.25,6.25,-,-,-,-,6.77
1916,SB9081611,1916,ŞCOALA GIMNAZIALĂ OCTAVIAN GOGA RĂŞINARI,6.65,7.05,7.05,6.5,-,-,-,-,-,-,6.77
1917,SB11116208,1917,ŞCOALA GIMNAZIALĂ ION LUCA CARAGIALE SIBIU,6.05,-,-,7.5,-,-,-,-,-,-,6.77
1918,SB2686651,1918,ŞCOALA GIMNAZIALĂ NR. 3 CISNĂDIE,5.8,-,-,7.75,-,-,-,-,-,-,6.77
1919,SB10453011,1919,LICEUL TEORETIC ONISIFOR GHIBU SIBIU,7.2,-,-,6.95,6.95,6.95,Limba germana,6.25,6.15,6.15,6.76
1920,SB9841127,1920,ŞCOALA GIMNAZIALĂ JINA,7.8,-,-,5.6,5.7,5.7,-,-,-,-,6.75
1921,SB9605759,1921,LICEUL TEORETIC GUSTAV GUNDISCH CISNĂDIE,7.6,6.7,6.7,6.95,7.15,7.15,Limba germana,6.4,-,-,6.75
1922,SB12312786,1922,ŞCOALA GIMNAZIALĂ REGINA MARIA SIBIU,7.5,-,-,6,-,-,-,-,-,-,6.75
1923,SB9879004,1923,ŞCOALA GIMNAZIALĂ ION POP RETEGANUL ORLAT,7.45,-,-,6.05,-,-,-,-,-,-,6.75
1924,SB8217833,1924,ŞCOALA GIMNAZIALĂ RACOVIŢA,7.45,-,-,6.05,-,-,-,-,-,-,6.75
1925,SB9975224,1925,LICEUL TEHNOLOGIC IOAN LUPAŞ SĂLIŞTE,7.15,-,-,6.35,-,-,-,-,-,-,6.75
1926,SB9747978,1926,ŞCOALA GIMNAZIALĂ TĂLMĂCEL,7.05,-,-,6.45,-,-,-,-,-,-,6.75
1927,SB4071751,1927,ŞCOALA GIMNAZIALĂ NR. 13 SIBIU,6.95,-,-,6.55,-,-,-,-,-,-,6.75
1928,SB10825899,1928,LICEUL TEORETIC CONSTANTIN NOICA SIBIU,6.5,-,-,7,-,-,-,-,-,-,6.75
1929,SB9703371,1929,ŞCOALA GIMNAZIALĂ ALĂMOR,6.1,-,-,7.4,-,-,-,-,-,-,6.75
1930,SB8255445,1930,ŞCOALA GIMNAZIALĂ SAMUIL MICU SADU,6.1,-,-,7.4,-,-,-,-,-,-,6.75
1931,SB10593753,1931,LICEUL TEORETIC GUSTAV GUNDISCH CISNĂDIE,5.15,-,-,7.45,-,-,Limba germana,7.65,-,-,6.75
1932,SB10465745,1932,ŞCOALA GIMNAZIALĂ NICOLAE IORGA SIBIU,6.95,-,-,7.55,7.7,7.7,Limba germana,5.55,-,-,6.73
1933,SB8668125,1933,ŞCOALA GIMNAZIALĂ BRĂDENI,8.2,-,-,5.25,-,-,-,-,-,-,6.72
1934,SB8510505,1934,ŞCOALA GIMNAZIALĂ RACOVIŢA,7.85,-,-,5.6,-,-,-,-,-,-,6.72
1935,SB10506163,1935,LICEUL DE ARTĂ SIBIU,7.8,-,-,5.65,-,-,-,-,-,-,6.72
1936,SB14265197,1936,ŞCOALA GIMNAZIALĂ OCNA SIBIULUI,7.75,-,-,5.7,-,-,-,-,-,-,6.72
1937,SB10126546,1937,COLEGIUL NAȚIONAL OCTAVIAN GOGA SIBIU,7.4,-,-,6.05,-,-,-,-,-,-,6.72
1938,SB9747730,1938,ŞCOALA GIMNAZIALĂ TĂLMACIU,7.2,-,-,6.25,-,-,-,-,-,-,6.72
1939,SB10976405,1939,ŞCOALA GIMNAZIALĂ NICOLAE IORGA SIBIU,7.1,-,-,6.35,-,-,-,-,-,-,6.72
1940,SB8788319,1940,ŞCOALA GIMNAZIALĂ AGÂRBICIU,7.05,7.65,7.65,5.6,5.8,5.8,-,-,-,-,6.72
1941,SB9078231,1941,COLEGIUL NAȚIONAL OCTAVIAN GOGA SIBIU,5.9,-,-,7.55,-,-,-,-,-,-,6.72
1942,SB12309693,1942,ŞCOALA GIMNAZIALĂ NICOLAE IORGA SIBIU,9,-,-,4.05,4.4,4.4,-,-,-,-,6.7
1943,SB8007450,1943,ŞCOALA GIMNAZIALĂ AGÂRBICIU,8,-,-,5.4,-,-,-,-,-,-,6.7
1944,SB9937184,1944,ŞCOALA GIMNAZIALĂ RADU SELEJAN SIBIU,7.9,-,-,5.5,-,-,-,-,-,-,6.7
1945,SB10586501,1945,ŞCOALA GIMNAZIALĂ ION ALBESCU BOIŢA,7.45,-,-,5.95,-,-,-,-,-,-,6.7
1946,SB10008936,1946,COLEGIUL NAȚIONAL OCTAVIAN GOGA SIBIU,7.3,-,-,6.1,-,-,-,-,-,-,6.7
1947,SB10331494,1947,ŞCOALA GIMNAZIALĂ NR. 7 MEDIAŞ,7.2,-,-,6.2,-,-,-,-,-,-,6.7
1948,SB665201,1948,ŞCOALA GIMNAZIALĂ NR. 8 SIBIU,7.15,-,-,6.25,-,-,-,-,-,-,6.7
1949,SB10415907,1949,ŞCOALA GIMNAZIALĂ REGINA MARIA SIBIU,6.9,-,-,6.65,6.5,6.5,-,-,-,-,6.7
1950,SB12315910,1950,ŞCOALA GIMNAZIALĂ ION LUCA CARAGIALE SIBIU,6.85,-,-,6.3,-,-,Limba germana,6.95,-,-,6.7
1951,SB10760871,1951,ŞCOALA GIMNAZIALĂ NR. 8 SIBIU,6.7,-,-,6.7,-,-,-,-,-,-,6.7
1952,SB12297566,1952,ŞCOALA GIMNAZIALĂ IOAN SLAVICI SIBIU,6.7,-,-,6.7,-,-,-,-,-,-,6.7
1953,SB10454970,1953,COLEGIUL NAȚIONAL OCTAVIAN GOGA SIBIU,7.15,7.05,7.05,7.25,7.05,7.05,Limba germana,5.95,-,-,6.68
1954,SB9328321,1954,ŞCOALA GIMNAZIALĂ DOBÂRCA,8.35,-,-,5,-,-,-,-,-,-,6.67
1955,SB658801,1955,ŞCOALA GIMNAZIALĂ ION LUCA CARAGIALE SIBIU,8.25,-,-,5.1,-,-,-,-,-,-,6.67
1956,SB8007078,1956,ŞCOALA GIMNAZIALĂ AGÂRBICIU,7.6,-,-,5.75,-,-,-,-,-,-,6.67
1957,SB9920924,1957,ŞCOALA GIMNAZIALĂ BADEA CÎRŢAN CÂRŢIŞOARA,7.45,-,-,5.9,-,-,-,-,-,-,6.67
1958,SB12311445,1958,LICEUL TEORETIC GHEORGHE LAZĂR AVRIG,7.35,-,-,6,-,-,-,-,-,-,6.67
1959,SB4855951,1959,LICEUL DE ARTĂ SIBIU,7.1,-,-,6.25,-,-,-,-,-,-,6.67
1960,SB9676418,1960,ŞCOALA GIMNAZIALĂ NR. 8 SIBIU,7.05,-,-,6.3,-,-,-,-,-,-,6.67
1961,SB10112809,1961,ŞCOALA GIMNAZIALĂ NICOLAE IORGA SIBIU,6.85,-,-,6.5,-,-,-,-,-,-,6.67
1962,SB12279108,1962,ŞCOALA GIMNAZIALĂ VURPĂR,6.85,-,-,6.5,-,-,-,-,-,-,6.67
1963,SB10264851,1963,ŞCOALA GIMNAZIALĂ NR. 18 SIBIU,6.4,-,-,6.95,-,-,-,-,-,-,6.67
1964,SB10333446,1964,ŞCOALA GIMNAZIALĂ CONSTANTIN IOAN MOTAŞ MEDIAŞ,6.35,-,-,7,-,-,-,-,-,-,6.67
1965,SB10493359,1965,ŞCOALA GIMNAZIALĂ CONSTANTIN IOAN MOTAŞ MEDIAŞ,6.3,-,-,7.05,-,-,-,-,-,-,6.67
1966,SB9390188,1966,ŞCOALA GIMNAZIALĂ NR. 4 SIBIU,6.2,-,-,6.8,7.15,7.15,-,-,-,-,6.67
1967,SB7991838,1967,ŞCOALA GIMNAZIALĂ IOAN BAN - DASCĂLU POIANA SIBIULUI,8.8,-,-,4.5,-,-,-,-,-,-,6.65
1968,SB10517452,1968,LICEUL AUGUST TREBONIU LAURIAN AGNITA,8.2,-,-,5.1,-,-,-,-,-,-,6.65
1969,SB10287495,1969,LICEUL AUGUST TREBONIU LAURIAN AGNITA,7.9,-,-,5.4,-,-,-,-,-,-,6.65
1970,SB8534469,1970,ŞCOALA GIMNAZIALĂ RACOVIŢA,7.85,-,-,5.45,-,-,-,-,-,-,6.65
1971,SB10464069,1971,ŞCOALA GIMNAZIALĂ NR. 21 SIBIU,7.7,-,-,5.6,-,-,-,-,-,-,6.65
1972,SB10048493,1972,ŞCOALA GIMNAZIALĂ CURCIU,7.4,-,-,5.8,5.9,5.9,-,-,-,-,6.65
1973,SB10314265,1973,LICEUL AUGUST TREBONIU LAURIAN AGNITA,7.25,-,-,6.05,-,-,-,-,-,-,6.65
1974,SB9377677,1974,LICEUL DE ARTĂ SIBIU,7.25,-,-,6.05,-,-,-,-,-,-,6.65
1975,SB6907251,1975,ŞCOALA GIMNAZIALĂ NR. 21 SIBIU,7.05,7.05,7.05,6.25,-,-,-,-,-,-,6.65
1976,SB10322758,1976,ŞCOALA GIMNAZIALĂ NR. 18 SIBIU,6.8,-,-,6.5,-,-,-,-,-,-,6.65
1977,SB12257725,1977,ŞCOALA GIMNAZIALĂ RADU SELEJAN SIBIU,5.85,-,-,7.45,-,-,-,-,-,-,6.65
1978,SB7994191,1978,ŞCOALA GIMNAZIALĂ IOAN BAN - DASCĂLU POIANA SIBIULUI,8.15,-,-,5.1,-,-,-,-,-,-,6.62
1979,SB12316213,1979,ŞCOALA GIMNAZIALĂ CONSTANTIN IOAN MOTAŞ MEDIAŞ,7.95,-,-,5.3,-,-,-,-,-,-,6.62
1980,SB12318308,1980,ŞCOALA GIMNAZIALĂ AVIATOR IOAN SAVA ALŢÎNA,7.65,-,-,5.6,-,-,-,-,-,-,6.62
1981,SB10329713,1981,ŞCOALA GIMNAZIALĂ VIOREL CUCU PALTIN ARPAȘU DE JOS,7.5,-,-,5.75,-,-,-,-,-,-,6.62
1982,SB9160193,1982,ŞCOALA GIMNAZIALĂ NR. 3 CISNĂDIE,7.45,-,-,5.8,-,-,-,-,-,-,6.62
1983,SB10464815,1983,ŞCOALA GIMNAZIALĂ NICOLAE IORGA SIBIU,7.35,-,-,5.9,-,-,-,-,-,-,6.62
1984,SB10097932,1984,ŞCOALA GIMNAZIALĂ NR. 23 SIBIU,7.2,-,-,6.05,-,-,-,-,-,-,6.62
1985,SB12311834,1985,ŞCOALA GIMNAZIALĂ NICOLAE IORGA SIBIU,7.05,-,-,6.2,-,-,-,-,-,-,6.62
1986,SB10411811,1986,ŞCOALA GIMNAZIALĂ NR. 25 SIBIU,6.95,-,-,6.3,-,-,-,-,-,-,6.62
1987,SB9877335,1987,ŞCOALA GIMNAZIALĂ ION POP RETEGANUL ORLAT,6.85,-,-,6.4,-,-,-,-,-,-,6.62
1988,SB10319152,1988,COLEGIUL NAȚIONAL OCTAVIAN GOGA SIBIU,6.85,7.05,7.05,5.9,6.2,6.2,-,-,-,-,6.62
1989,SB12029938,1989,ŞCOALA GIMNAZIALĂ NR. 7 MEDIAŞ,6.25,-,-,7,-,-,-,-,-,-,6.62
1990,SB2687451,1990,ŞCOALA GIMNAZIALĂ NR. 3 CISNĂDIE,6.25,-,-,7,-,-,-,-,-,-,6.62
1991,SB10477771,1991,LICEUL AUGUST TREBONIU LAURIAN AGNITA,8.5,-,-,4.7,-,-,-,-,-,-,6.6
1992,SB10339990,1992,ŞCOALA GIMNAZIALĂ NR. 3 CISNĂDIE,7.75,-,-,5.45,-,-,-,-,-,-,6.6
1993,SB11072458,1993,ŞCOALA GIMNAZIALĂ NR. 23 SIBIU,7.5,-,-,5.7,-,-,-,-,-,-,6.6
1994,SB9071805,1994,ŞCOALA GIMNAZIALĂ NR. 1 SIBIU,7.25,-,-,5.95,-,-,-,-,-,-,6.6
1995,SB10712475,1995,ŞCOALA GIMNAZIALĂ ROŞIA,7.2,-,-,6,-,-,-,-,-,-,6.6
1996,SB10433858,1996,ŞCOALA GIMNAZIALĂ NR. 7 MEDIAŞ,7.05,-,-,6.15,-,-,-,-,-,-,6.6
1997,SB8285123,1997,ŞCOALA GIMNAZIALĂ BRUIU,6.75,-,-,6.45,-,-,-,-,-,-,6.6
1998,SB11149878,1998,LICEUL TEORETIC GUSTAV GUNDISCH CISNĂDIE,6.6,-,-,6.6,-,-,-,-,-,-,6.6
1999,SB10084703,1999,LICEUL TEHNOLOGIC JOHANNES LEBEL TĂLMACIU,6.2,-,-,7,-,-,-,-,-,-,6.6
2000,SB10101675,2000,ŞCOALA GIMNAZIALĂ NR. 7 MEDIAŞ,6,-,-,7.2,-,-,-,-,-,-,6.6
2001,SB10293183,2001,ŞCOALA GIMNAZIALĂ REGELE FERDINAND SIBIU,8.05,-,-,5.1,-,-,-,-,-,-,6.57
2002,SB10412875,2002,ŞCOALA GIMNAZIALĂ CONSTANTIN IOAN MOTAŞ MEDIAŞ,8,-,-,5.15,-,-,-,-,-,-,6.57
2003,SB9623783,2003,ŞCOALA GIMNAZIALĂ NR. 4 SIBIU,8,-,-,4.9,5.15,5.15,-,-,-,-,6.57
2004,SB12311717,2004,LICEUL DE ARTĂ SIBIU,7.25,-,-,5.9,-,-,-,-,-,-,6.57
2005,SB10344750,2005,ŞCOALA GIMNAZIALĂ RADU SELEJAN SIBIU,7,-,-,6.15,-,-,-,-,-,-,6.57
2006,SB10448212,2006,ŞCOALA GIMNAZIALĂ IOAN SLAVICI SIBIU,6.95,-,-,6.2,-,-,-,-,-,-,6.57
2007,SB10588101,2007,ŞCOALA GIMNAZIALĂ NR. 3 CISNĂDIE,6.95,-,-,6.2,-,-,-,-,-,-,6.57
2008,SB10292995,2008,ŞCOALA GIMNAZIALĂ REGELE FERDINAND SIBIU,6.85,6.95,6.95,6.2,-,-,-,-,-,-,6.57
2009,SB10796389,2009,ŞCOALA GIMNAZIALĂ NICOLAE IORGA SIBIU,6.35,-,-,6.8,-,-,-,-,-,-,6.57
2010,SB10384192,2010,LICEUL AUGUST TREBONIU LAURIAN AGNITA,7.85,-,-,5.25,-,-,-,-,-,-,6.55
2011,SB9382483,2011,LICEUL AUGUST TREBONIU LAURIAN AGNITA,7.5,-,-,5.6,-,-,-,-,-,-,6.55
2012,SB10335849,2012,ŞCOALA GIMNAZIALĂ CONSTANTIN IOAN MOTAŞ MEDIAŞ,7.2,-,-,5.9,-,-,-,-,-,-,6.55
2013,SB6906151,2013,ŞCOALA GIMNAZIALĂ NR. 21 SIBIU,6.85,-,-,6.25,-,-,-,-,-,-,6.55
2014,SB10274264,2014,ŞCOALA GIMNAZIALĂ GEORG DANIEL TEUTSCH AGNITA,6.85,-,-,6.25,-,-,-,-,-,-,6.55
2015,SB10591160,2015,ŞCOALA GIMNAZIALĂ NR. 3 CISNĂDIE,6.8,-,-,6.3,-,-,-,-,-,-,6.55
2016,SB10345533,2016,ŞCOALA GIMNAZIALĂ CONSTANTIN IOAN MOTAŞ MEDIAŞ,6.65,-,-,6.45,-,-,-,-,-,-,6.55
2017,SB7985931,2017,ŞCOALA GIMNAZIALĂ LASLEA,6.45,-,-,6.65,-,-,-,-,-,-,6.55
2018,SB10264276,2018,ŞCOALA GIMNAZIALĂ NR. 18 SIBIU,5.75,-,-,7.35,-,-,-,-,-,-,6.55
2019,SB9667647,2019,ŞCOALA GIMNAZIALĂ BADEA CÎRŢAN CÂRŢIŞOARA,7.8,-,-,5.25,-,-,-,-,-,-,6.52
2020,SB10107214,2020,ŞCOALA GIMNAZIALĂ ŞURA MICĂ,7.35,-,-,5.7,-,-,-,-,-,-,6.52
2021,SB3976851,2021,ŞCOALA GIMNAZIALĂ REGINA MARIA SIBIU,7.3,-,-,5.75,-,-,-,-,-,-,6.52
2022,SB7971944,2022,ŞCOALA GIMNAZIALĂ ȘEICA MICĂ,7.1,-,-,5.95,-,-,-,-,-,-,6.52
2023,SB10692168,2023,LICEUL TEHNOLOGIC JOHANNES LEBEL TĂLMACIU,6.75,-,-,6.3,-,-,-,-,-,-,6.52
2024,SB8499347,2024,ŞCOALA GIMNAZIALĂ RACOVIŢA,6.7,-,-,6.35,-,-,-,-,-,-,6.52
2025,SB12315526,2025,COLEGIUL NAȚIONAL OCTAVIAN GOGA SIBIU,5.35,-,-,7.7,-,-,-,-,-,-,6.52
2026,SB14380616,2026,ŞCOALA GIMNAZIALĂ NR. 4 SIBIU,5.55,-,-,7.4,-,-,Limba germana,6.6,-,-,6.51
2027,SB11023627,2027,ŞCOALA GIMNAZIALĂ NR. 4 SIBIU,7.85,7.8,7.8,5.2,-,-,-,-,-,-,6.5
2028,SB6728951,2028,ŞCOALA GIMNAZIALĂ NR. 21 SIBIU,7.75,7.5,7.5,5.75,5.5,5.5,-,-,-,-,6.5
2029,SB10286097,2029,ŞCOALA GIMNAZIALĂ MIHAI EMINESCU MEDIAŞ,7.65,-,-,5.35,-,-,-,-,-,-,6.5
2030,SB9643224,2030,ŞCOALA GIMNAZIALĂ REGELE FERDINAND SIBIU,7.6,-,-,5.4,-,-,-,-,-,-,6.5
2031,SB10445680,2031,ŞCOALA GIMNAZIALĂ REGELE FERDINAND SIBIU,7.5,-,-,5.5,-,-,-,-,-,-,6.5
2032,SB10122495,2032,ŞCOALA GIMNAZIALĂ NR. 1 SIBIU,7.4,-,-,5.6,-,-,-,-,-,-,6.5
2033,SB9815350,2033,ŞCOALA GIMNAZIALĂ AVRIG,7.2,-,-,5.8,-,-,-,-,-,-,6.5
2034,SB10408323,2034,LICEUL TEHNOLOGIC MÂRŞA,7.15,-,-,5.85,-,-,-,-,-,-,6.5
2035,SB13986372,2035,COLEGIUL NAȚIONAL SAMUEL VON BRUKENTHAL SIBIU,7.15,-,-,4.25,-,-,Limba germana,8.1,-,-,6.5
2036,SB10328300,2036,LICEUL TEHNOLOGIC ILIE MĂCELARIU MIERCUREA SIBIULUI,7,-,-,6,-,-,-,-,-,-,6.5
2037,SB10399614,2037,ŞCOALA GIMNAZIALĂ NOCRICH,6.9,-,-,6.1,-,-,-,-,-,-,6.5
2038,SB10430927,2038,ŞCOALA GIMNAZIALĂ DAIA,6.5,-,-,6.5,-,-,-,-,-,-,6.5
2039,SB2675651,2039,ŞCOALA GIMNAZIALĂ NR. 3 CISNĂDIE,6.25,-,-,6.75,-,-,-,-,-,-,6.5
2040,SB12263554,2040,ŞCOALA GIMNAZIALĂ NR. 3 CISNĂDIE,5.95,-,-,7.05,-,-,-,-,-,-,6.5
2041,SB9172000,2041,LICEUL TEORETIC GUSTAV GUNDISCH CISNĂDIE,8,-,-,4.95,-,-,-,-,-,-,6.47
2042,SB10715802,2042,ŞCOALA GIMNAZIALĂ NR. 2 SIBIU,7.35,-,-,5.6,-,-,-,-,-,-,6.47
2043,SB4074651,2043,ŞCOALA GIMNAZIALĂ IOAN SLAVICI SIBIU,6.9,-,-,6.05,-,-,-,-,-,-,6.47
2044,SB10593494,2044,ŞCOALA GIMNAZIALĂ NR. 2 CISNĂDIE,6.7,-,-,6.25,-,-,-,-,-,-,6.47
2045,SB10508869,2045,ŞCOALA GIMNAZIALĂ MIHAI EMINESCU MEDIAŞ,6.65,-,-,6.3,-,-,-,-,-,-,6.47
2046,SB1992601,2046,ŞCOALA GIMNAZIALĂ MIHAI VITEAZU ŞELIMBĂR,6.6,-,-,6.35,-,-,-,-,-,-,6.47
2047,SB9994755,2047,LICEUL TEORETIC GHEORGHE LAZĂR AVRIG,6.45,-,-,6.5,-,-,-,-,-,-,6.47
2048,SB9524414,2048,ŞCOALA GIMNAZIALĂ AUREL DECEI GURA RÂULUI,6.45,-,-,6.5,-,-,-,-,-,-,6.47
2049,SB10359493,2049,ŞCOALA GIMNAZIALĂ TILIŞCA,6.45,-,-,6.5,-,-,-,-,-,-,6.47
2050,SB14926706,2050,ŞCOALA GIMNAZIALĂ IOAN SLAVICI SIBIU,6.35,-,-,6.6,-,-,-,-,-,-,6.47
2051,SB10406807,2051,ŞCOALA GIMNAZIALĂ RADU SELEJAN SIBIU,6.3,-,-,6.65,-,-,-,-,-,-,6.47
2052,SB12534164,2052,ŞCOALA GIMNAZIALĂ MIHAI EMINESCU MEDIAŞ,5.7,-,-,7.25,-,-,-,-,-,-,6.47
2053,SB8557389,2053,LICEUL TEORETIC ONISIFOR GHIBU SIBIU,6.85,6.8,6.8,5.1,-,-,Limba germana,7.5,-,-,6.46
2054,SB10587410,2054,ŞCOALA GIMNAZIALĂ ION ALBESCU BOIŢA,7.85,-,-,5.05,-,-,-,-,-,-,6.45
2055,SB10431221,2055,ŞCOALA GIMNAZIALĂ NR. 4 MEDIAŞ,7.65,-,-,5.25,-,-,-,-,-,-,6.45
2056,SB8540014,2056,ŞCOALA GIMNAZIALĂ REGINA MARIA SIBIU,7.65,-,-,5.25,5.25,5.25,-,-,-,-,6.45
2057,SB10084452,2057,LICEUL TEHNOLOGIC JOHANNES LEBEL TĂLMACIU,7.5,-,-,5.4,-,-,-,-,-,-,6.45
2058,SB10095652,2058,ŞCOALA GIMNAZIALĂ NR. 2 SIBIU,7.35,-,-,5.55,-,-,-,-,-,-,6.45
2059,SB10605606,2059,LICEUL TIMOTEI CIPARIU DUMBRĂVENI,6.8,-,-,6.1,-,-,-,-,-,-,6.45
2060,SB10092701,2060,ŞCOALA GIMNAZIALĂ NR. 7 MEDIAŞ,6.5,-,-,6.4,-,-,-,-,-,-,6.45
2061,SB9979446,2061,LICEUL TEHNOLOGIC IOAN LUPAŞ SĂLIŞTE,6.3,6.25,6.25,6.65,-,-,-,-,-,-,6.45
2062,SB10363069,2062,ŞCOALA GIMNAZIALĂ TILIŞCA,6.05,-,-,6.85,-,-,-,-,-,-,6.45
2063,SB12317852,2063,ŞCOALA GIMNAZIALĂ NR. 23 SIBIU,5.95,-,-,6.95,-,-,-,-,-,-,6.45
2064,SB10047673,2064,LICEUL TEORETIC ROTH - OBERTH MEDIAŞ,6.05,-,-,5,-,-,Limba germana,8.25,-,-,6.43
2065,SB1993251,2065,ŞCOALA GIMNAZIALĂ MIHAI VITEAZU ŞELIMBĂR,8.05,-,-,4.8,-,-,-,-,-,-,6.42
2066,SB9978121,2066,LICEUL DE ARTĂ SIBIU,8.05,-,-,4.8,-,-,-,-,-,-,6.42
2067,SB9181069,2067,ŞCOALA GIMNAZIALĂ NR. 21 SIBIU,7.95,-,-,4.9,-,-,-,-,-,-,6.42
2068,SB13176585,2068,ŞCOALA GIMNAZIALĂ RADU SELEJAN SIBIU,7.5,-,-,5.35,-,-,-,-,-,-,6.42
2069,SB10796928,2069,ŞCOALA GIMNAZIALĂ RADU SELEJAN SIBIU,7.45,-,-,5.4,-,-,-,-,-,-,6.42
2070,SB10719303,2070,ŞCOALA GIMNAZIALĂ MIHĂILENI,7.45,-,-,5.4,-,-,-,-,-,-,6.42
2071,SB10421773,2071,LICEUL DE ARTĂ SIBIU,7.25,-,-,5.6,-,-,-,-,-,-,6.42
2072,SB12110676,2072,ŞCOALA GIMNAZIALĂ NR. 13 SIBIU,7.05,-,-,5.8,-,-,-,-,-,-,6.42
2073,SB9092573,2073,ŞCOALA GIMNAZIALĂ SAVA POPOVICI BARCIANU RĂŞINARI,7.05,-,-,5.8,-,-,-,-,-,-,6.42
2074,SB10444633,2074,ŞCOALA GIMNAZIALĂ NR. 8 SIBIU,6.95,7.65,7.65,5.2,-,-,-,-,-,-,6.42
2075,SB10524044,2075,COLEGIUL NAȚIONAL PEDAGOGIC ANDREI ŞAGUNA SIBIU,6.85,-,-,6,-,-,-,-,-,-,6.42
2076,SB10465042,2076,ŞCOALA GIMNAZIALĂ NICOLAE IORGA SIBIU,6.8,6.85,6.85,6.05,6,6,-,-,-,-,6.42
2077,SB9127525,2077,ŞCOALA GIMNAZIALĂ OCTAVIAN GOGA RĂŞINARI,6.75,-,-,6.1,-,-,-,-,-,-,6.42
2078,SB660251,2078,ŞCOALA GIMNAZIALĂ NR. 1 SIBIU,6.75,-,-,6.1,-,-,-,-,-,-,6.42
2079,SB9388747,2079,ŞCOALA GIMNAZIALĂ NR. 3 CISNĂDIE,6.6,-,-,6.25,-,-,-,-,-,-,6.42
2080,SB9072130,2080,ŞCOALA GIMNAZIALĂ REGINA MARIA SIBIU,6.55,6.85,6.85,6,-,-,-,-,-,-,6.42
2081,SB4073851,2081,ŞCOALA GIMNAZIALĂ NR. 13 SIBIU,6,-,-,6.85,-,-,-,-,-,-,6.42
2082,SB9803263,2082,ŞCOALA GIMNAZIALĂ TĂLMACIU,6,-,-,6.85,-,-,-,-,-,-,6.42
2083,SB10393133,2083,ŞCOALA GIMNAZIALĂ POPLACA,7.45,-,-,5.35,-,-,-,-,-,-,6.4
2084,SB10289738,2084,ŞCOALA GIMNAZIALĂ REGELE FERDINAND SIBIU,7.3,8.1,8.1,4.7,-,-,-,-,-,-,6.4
2085,SB10385287,2085,ŞCOALA GIMNAZIALĂ NR. 13 SIBIU,7.1,-,-,5.7,-,-,-,-,-,-,6.4
2086,SB10483306,2086,ŞCOALA GIMNAZIALĂ MIHAI EMINESCU MEDIAŞ,7.05,-,-,5.75,-,-,-,-,-,-,6.4
2087,SB9252678,2087,ŞCOALA GIMNAZIALĂ BADEA CÎRŢAN CÂRŢIŞOARA,6.8,-,-,6,-,-,-,-,-,-,6.4
2088,SB658901,2088,ŞCOALA GIMNAZIALĂ NR. 1 SIBIU,6.4,-,-,6.4,-,-,-,-,-,-,6.4
2089,SB9596265,2089,ŞCOALA GIMNAZIALĂ NR. 4 SIBIU,7.5,-,-,4.7,-,-,Limba germana,6.95,-,-,6.38
2090,SB9875905,2090,ŞCOALA GIMNAZIALĂ ION POP RETEGANUL ORLAT,7.85,-,-,4.9,-,-,-,-,-,-,6.37
2091,SB10427226,2091,ŞCOALA GIMNAZIALĂ NR. 2 SIBIU,7.65,-,-,5.1,-,-,-,-,-,-,6.37
2092,SB10826893,2092,ŞCOALA GIMNAZIALĂ ION LUCA CARAGIALE SIBIU,7.55,-,-,5.2,-,-,-,-,-,-,6.37
2093,SB10541947,2093,ŞCOALA GIMNAZIALĂ NICOLAE IORGA SIBIU,7.5,6.5,6.5,6.35,6.25,6.25,-,-,-,-,6.37
2094,SB10463032,2094,COLEGIUL NAȚIONAL PEDAGOGIC ANDREI ŞAGUNA SIBIU,7.35,-,-,5.4,-,-,-,-,-,-,6.37
2095,SB9093051,2095,ŞCOALA GIMNAZIALĂ SAVA POPOVICI BARCIANU RĂŞINARI,7.15,-,-,5.6,-,-,-,-,-,-,6.37
2096,SB7971372,2096,ŞCOALA GIMNAZIALĂ ȘEICA MICĂ,7.1,-,-,5.65,-,-,-,-,-,-,6.37
2097,SB10425172,2097,ŞCOALA GIMNAZIALĂ IOAN SLAVICI SIBIU,6.95,-,-,5.8,-,-,-,-,-,-,6.37
2098,SB4856651,2098,ŞCOALA GIMNAZIALĂ NR. 18 SIBIU,6.9,-,-,5.85,-,-,-,-,-,-,6.37
2099,SB7864736,2099,ŞCOALA GIMNAZIALĂ OCNA SIBIULUI,6.75,-,-,6,-,-,-,-,-,-,6.37
2100,SB9181334,2100,ŞCOALA GIMNAZIALĂ NR. 21 SIBIU,6.65,-,-,6.1,-,-,-,-,-,-,6.37
2101,SB9871359,2101,ŞCOALA GIMNAZIALĂ STEPHAN LUDWIG ROTH MOŞNA,6.6,-,-,6.15,-,-,-,-,-,-,6.37
2102,SB10293426,2102,ŞCOALA GIMNAZIALĂ GEORG DANIEL TEUTSCH AGNITA,6.55,-,-,6.2,-,-,-,-,-,-,6.37
2103,SB10124681,2103,ŞCOALA GIMNAZIALĂ NICOLAE IORGA SIBIU,7.4,-,-,5.3,-,-,-,-,-,-,6.35
2104,SB13350111,2104,ŞCOALA GIMNAZIALĂ ŞEICA MARE,7.4,-,-,5.3,-,-,-,-,-,-,6.35
2105,SB10434131,2105,ŞCOALA GIMNAZIALĂ RACOVIŢA,7.3,-,-,5.4,-,-,-,-,-,-,6.35
2106,SB9225217,2106,LICEUL TIMOTEI CIPARIU DUMBRĂVENI,7.25,-,-,5.45,-,-,-,-,-,-,6.35
2107,SB10105167,2107,LICEUL TEORETIC ONISIFOR GHIBU SIBIU,7,-,-,7.3,-,-,Limba germana,4.75,-,-,6.35
2108,SB8255290,2108,ŞCOALA GIMNAZIALĂ SAMUIL MICU SADU,6.75,-,-,5.95,-,-,-,-,-,-,6.35
2109,SB8208654,2109,ŞCOALA GIMNAZIALĂ NR. 18 SIBIU,6.7,-,-,6,-,-,-,-,-,-,6.35
2110,SB10101344,2110,ŞCOALA GIMNAZIALĂ RADU SELEJAN SIBIU,6.7,-,-,6,-,-,-,-,-,-,6.35
2111,SB9526431,2111,ŞCOALA GIMNAZIALĂ AUREL DECEI GURA RÂULUI,6.7,-,-,6,-,-,-,-,-,-,6.35
2112,SB10121619,2112,LICEUL TEORETIC ROTH - OBERTH MEDIAŞ,6.7,-,-,4.05,-,-,Limba germana,8.3,-,-,6.35
2113,SB10084346,2113,LICEUL TEHNOLOGIC JOHANNES LEBEL TĂLMACIU,6.65,-,-,6.05,-,-,-,-,-,-,6.35
2114,SB10010051,2114,ŞCOALA GIMNAZIALĂ NR. 8 SIBIU,6.45,-,-,6.25,-,-,-,-,-,-,6.35
2115,SB10049183,2115,ŞCOALA GIMNAZIALĂ MIHAI VITEAZU ŞELIMBĂR,6.3,-,-,6.4,-,-,-,-,-,-,6.35
2116,SB9176280,2116,ŞCOALA GIMNAZIALĂ NR. 4 SIBIU,6.05,-,-,6.65,-,-,-,-,-,-,6.35
2117,SB10123834,2117,ŞCOALA GIMNAZIALĂ NICOLAE IORGA SIBIU,5.95,-,-,6.75,-,-,-,-,-,-,6.35
2118,SB13180342,2118,COLEGIUL NAȚIONAL SAMUEL VON BRUKENTHAL SIBIU,3.7,-,-,6.55,-,-,Limba germana,8.8,-,-,6.35
2119,SB10445782,2119,ŞCOALA GIMNAZIALĂ REGELE FERDINAND SIBIU,7.65,-,-,5,-,-,-,-,-,-,6.32
2120,SB10007015,2120,LICEUL TEORETIC GHEORGHE LAZĂR AVRIG,7.55,-,-,5.1,-,-,-,-,-,-,6.32
2121,SB10476608,2121,LICEUL AUGUST TREBONIU LAURIAN AGNITA,7.45,-,-,5.2,-,-,-,-,-,-,6.32
2122,SB865701,2122,ŞCOALA GIMNAZIALĂ NR. 1 SIBIU,7.15,-,-,5.5,-,-,-,-,-,-,6.32
2123,SB2691651,2123,LICEUL TEORETIC GUSTAV GUNDISCH CISNĂDIE,7.1,-,-,5.55,-,-,-,-,-,-,6.32
2124,SB10553666,2124,ŞCOALA GIMNAZIALĂ NICOLAE IORGA SIBIU,7.05,-,-,5.6,-,-,-,-,-,-,6.32
2125,SB8400977,2125,COLEGIUL NAȚIONAL PEDAGOGIC ANDREI ŞAGUNA SIBIU,6.55,-,-,6.1,-,-,-,-,-,-,6.32
2126,SB10287207,2126,ŞCOALA GIMNAZIALĂ REGELE FERDINAND SIBIU,6.5,-,-,6.15,-,-,-,-,-,-,6.32
2127,SB10359433,2127,ŞCOALA GIMNAZIALĂ TILIŞCA,6.35,-,-,6.3,-,-,-,-,-,-,6.32
2128,SB12199884,2128,ŞCOALA GIMNAZIALĂ NICOLAE IORGA SIBIU,5.75,5.95,5.95,6.7,-,-,-,-,-,-,6.32
2129,SB10464750,2129,COLEGIUL NAȚIONAL PEDAGOGIC ANDREI ŞAGUNA SIBIU,5.65,-,-,7,-,-,-,-,-,-,6.32
2130,SB10099756,2130,LICEUL TEHNOLOGIC MÂRŞA,8.1,-,-,4.5,-,-,-,-,-,-,6.3
2131,SB10267659,2131,ŞCOALA GIMNAZIALĂ ŞURA MICĂ,8,-,-,4.75,4.6,4.6,-,-,-,-,6.3
2132,SB10107104,2132,LICEUL DE ARTĂ SIBIU,7.7,-,-,4.9,-,-,-,-,-,-,6.3
2133,SB10072915,2133,ŞCOALA GIMNAZIALĂ NR. 3 COPȘA MICĂ,7.25,-,-,5.35,-,-,-,-,-,-,6.3
2134,SB8185276,2134,ŞCOALA GIMNAZIALĂ TÂRNAVA,7.15,-,-,5.45,-,-,-,-,-,-,6.3
2135,SB9255475,2135,ŞCOALA GIMNAZIALĂ BADEA CÎRŢAN CÂRŢIŞOARA,7,-,-,5.6,-,-,-,-,-,-,6.3
2136,SB10285815,2136,COLEGIUL NAȚIONAL PEDAGOGIC ANDREI ŞAGUNA SIBIU,6.9,-,-,5.7,-,-,-,-,-,-,6.3
2137,SB10399502,2137,ŞCOALA GIMNAZIALĂ NOCRICH,6.5,-,-,6.1,-,-,-,-,-,-,6.3
2138,SB10065311,2138,LICEUL TEHNOLOGIC IOAN LUPAŞ SĂLIŞTE,6.5,-,-,6.1,-,-,-,-,-,-,6.3
2139,SB9593239,2139,ŞCOALA GIMNAZIALĂ MIHAI VITEAZU ŞELIMBĂR,6.45,-,-,6.15,-,-,-,-,-,-,6.3
2140,SB12020791,2140,ŞCOALA GIMNAZIALĂ REGELE FERDINAND SIBIU,6.1,-,-,6.5,-,-,-,-,-,-,6.3
2141,SB10637734,2141,LICEUL TIMOTEI CIPARIU DUMBRĂVENI,5.9,-,-,6.7,-,-,-,-,-,-,6.3
2142,SB9276301,2142,ŞCOALA GIMNAZIALĂ IGHIŞU NOU,5.9,-,-,6.7,-,-,-,-,-,-,6.3
2143,SB10474992,2143,ŞCOALA GIMNAZIALĂ NR. 10 SIBIU,5.4,-,-,7.2,-,-,-,-,-,-,6.3
2144,SB13693693,2144,ŞCOALA GIMNAZIALĂ NR. 10 SIBIU,5.25,-,-,7.35,-,-,-,-,-,-,6.3
2145,SB10055480,2145,LICEUL TEORETIC GHEORGHE LAZĂR AVRIG,7.85,-,-,4.7,-,-,-,-,-,-,6.27
2146,SB10522728,2146,ŞCOALA GIMNAZIALĂ ION LUCA CARAGIALE SIBIU,7.65,-,-,4.9,-,-,-,-,-,-,6.27
2147,SB10108600,2147,ŞCOALA GIMNAZIALĂ ŞURA MICĂ,7.65,8.2,8.2,4.35,-,-,-,-,-,-,6.27
2148,SB9834055,2148,ŞCOALA GIMNAZIALĂ PORUMBACU DE JOS,7.55,-,-,5,-,-,-,-,-,-,6.27
2149,SB10006448,2149,ŞCOALA GIMNAZIALĂ REGELE FERDINAND SIBIU,7.4,7.35,7.35,5.2,-,-,-,-,-,-,6.27
2150,SB9806215,2150,ŞCOALA GIMNAZIALĂ TĂLMACIU,7.4,-,-,5.15,-,-,-,-,-,-,6.27
2151,SB8255186,2151,ŞCOALA GIMNAZIALĂ SAMUIL MICU SADU,7.35,-,-,5.2,-,-,-,-,-,-,6.27
2152,SB9942637,2152,LICEUL TEHNOLOGIC IOAN LUPAŞ SĂLIŞTE,6.85,-,-,5.7,-,-,-,-,-,-,6.27
2153,SB8254815,2153,ŞCOALA GIMNAZIALĂ SAMUIL MICU SADU,6.8,-,-,5.75,-,-,-,-,-,-,6.27
2154,SB10464042,2154,LICEUL TEORETIC CONSTANTIN NOICA SIBIU,6.8,-,-,5.75,-,-,-,-,-,-,6.27
2155,SB13996575,2155,ŞCOALA GIMNAZIALĂ NR. 13 SIBIU,6.65,-,-,5.9,-,-,-,-,-,-,6.27
2156,SB8218085,2156,ŞCOALA GIMNAZIALĂ NR. 23 SIBIU,6.55,-,-,6,-,-,-,-,-,-,6.27
2157,SB10104527,2157,ŞCOALA GIMNAZIALĂ ŞURA MICĂ,6,-,-,6.55,-,-,-,-,-,-,6.27
2158,SB10167003,2158,COLEGIUL NAȚIONAL OCTAVIAN GOGA SIBIU,8,-,-,4.9,5.05,5.05,Limba germana,5.75,-,-,6.26
2159,SB10504079,2159,ŞCOALA GIMNAZIALĂ AXENTE SEVER,8,-,-,4.5,-,-,-,-,-,-,6.25
2160,SB10707842,2160,ŞCOALA GIMNAZIALĂ RADU SELEJAN SIBIU,7.5,-,-,5,-,-,-,-,-,-,6.25
2161,SB4855801,2161,ŞCOALA GIMNAZIALĂ NR. 13 SIBIU,7.35,7.4,7.4,5.1,-,-,-,-,-,-,6.25
2162,SB6227801,2162,COLEGIUL NAȚIONAL SAMUEL VON BRUKENTHAL SIBIU,6.95,6.65,6.65,4.65,-,-,Limba germana,7.05,7.45,7.45,6.25
2163,SB10274136,2163,ŞCOALA GIMNAZIALĂ GEORG DANIEL TEUTSCH AGNITA,6.5,-,-,6,-,-,-,-,-,-,6.25
2164,SB8962725,2164,ŞCOALA GIMNAZIALĂ MIHAI VITEAZU ŞELIMBĂR,6.25,-,-,6.25,-,-,-,-,-,-,6.25
2165,SB9618022,2165,ŞCOALA GIMNAZIALĂ NR. 23 SIBIU,6.25,-,-,6.25,-,-,-,-,-,-,6.25
2166,SB9626000,2166,ŞCOALA GIMNAZIALĂ IOAN SLAVICI SIBIU,6.15,-,-,6.35,-,-,-,-,-,-,6.25
2167,SB9103939,2167,COLEGIUL NAȚIONAL OCTAVIAN GOGA SIBIU,6,-,-,6.5,-,-,-,-,-,-,6.25
2168,SB9878894,2168,ŞCOALA GIMNAZIALĂ ION POP RETEGANUL ORLAT,5.65,-,-,6.85,-,-,-,-,-,-,6.25
2169,SB9979034,2169,LICEUL TEHNOLOGIC IOAN LUPAŞ SĂLIŞTE,8.2,-,-,4.25,-,-,-,-,-,-,6.22
2170,SB10305018,2170,LICEUL AUGUST TREBONIU LAURIAN AGNITA,7.7,-,-,4.75,-,-,-,-,-,-,6.22
2171,SB10341649,2171,ŞCOALA GIMNAZIALĂ REGELE FERDINAND SIBIU,7.7,7.75,7.75,4.75,4.7,4.7,-,-,-,-,6.22
2172,SB8255228,2172,ŞCOALA GIMNAZIALĂ SAMUIL MICU SADU,7.5,-,-,4.95,-,-,-,-,-,-,6.22
2173,SB10450834,2173,ŞCOALA GIMNAZIALĂ BÂRGHIŞ,7.3,-,-,5.15,-,-,-,-,-,-,6.22
2174,SB10347256,2174,ŞCOALA GIMNAZIALĂ RADU SELEJAN SIBIU,7.3,-,-,5.15,-,-,-,-,-,-,6.22
2175,SB8880474,2175,ŞCOALA GIMNAZIALĂ MIHAI VITEAZU ŞELIMBĂR,6.95,-,-,5.5,-,-,-,-,-,-,6.22
2176,SB9815290,2176,LICEUL TEORETIC GHEORGHE LAZĂR AVRIG,6.85,-,-,5.6,-,-,-,-,-,-,6.22
2177,SB9974719,2177,LICEUL TEHNOLOGIC IACOBENI,6.45,-,-,6,-,-,-,-,-,-,6.22
2178,SB4856401,2178,ŞCOALA GIMNAZIALĂ NR. 13 SIBIU,6.35,-,-,6.1,-,-,-,-,-,-,6.22
2179,SB12038321,2179,LICEUL DE ARTĂ SIBIU,7.7,-,-,4.7,-,-,-,-,-,-,6.2
2180,SB10047470,2180,ŞCOALA GIMNAZIALĂ MIHAI VITEAZU ŞELIMBĂR,7.65,-,-,4.75,-,-,-,-,-,-,6.2
2181,SB10649013,2181,ŞCOALA GIMNAZIALĂ APOLDU DE JOS,7.3,-,-,5.1,-,-,-,-,-,-,6.2
2182,SB657851,2182,COLEGIUL NAȚIONAL OCTAVIAN GOGA SIBIU,7.2,-,-,5.2,-,-,-,-,-,-,6.2
2183,SB7973570,2183,ŞCOALA GIMNAZIALĂ NR. 12 SIBIU,7.2,-,-,5.2,-,-,-,-,-,-,6.2
2184,SB10272065,2184,ŞCOALA GIMNAZIALĂ REGELE FERDINAND SIBIU,7.15,6.95,6.95,5.45,-,-,-,-,-,-,6.2
2185,SB4072951,2185,LICEUL DE ARTĂ SIBIU,7,-,-,5.4,-,-,-,-,-,-,6.2
2186,SB9132097,2186,ŞCOALA GIMNAZIALĂ MATEI BASARAB TURNU ROŞU,6.85,-,-,5.55,-,-,-,-,-,-,6.2
2187,SB9904337,2187,ŞCOALA GIMNAZIALĂ PĂUCA,6.8,-,-,5.6,-,-,-,-,-,-,6.2
2188,SB7105101,2188,ŞCOALA GIMNAZIALĂ RADU SELEJAN SIBIU,6.8,-,-,5.6,-,-,-,-,-,-,6.2
2189,SB10331538,2189,ŞCOALA GIMNAZIALĂ CIREŞARII MEDIAŞ,6.7,-,-,5.7,-,-,-,-,-,-,6.2
2190,SB9378953,2190,LICEUL TEORETIC GUSTAV GUNDISCH CISNĂDIE,6.65,-,-,5.75,-,-,-,-,-,-,6.2
2191,SB10446199,2191,ŞCOALA GIMNAZIALĂ RADU SELEJAN SIBIU,6.2,-,-,6.2,-,-,-,-,-,-,6.2
2192,SB10510885,2192,ŞCOALA GIMNAZIALĂ NR. 7 MEDIAŞ,6.1,-,-,6.3,-,-,-,-,-,-,6.2
2193,SB12317772,2193,ŞCOALA GIMNAZIALĂ NR. 3 CISNĂDIE,6.1,-,-,6.3,-,-,-,-,-,-,6.2
2194,SB10417503,2194,ŞCOALA GIMNAZIALĂ REGELE FERDINAND SIBIU,7.45,-,-,4.9,-,-,-,-,-,-,6.17
2195,SB10117727,2195,ŞCOALA GIMNAZIALĂ NR. 13 SIBIU,6.85,6.85,6.85,5.5,-,-,-,-,-,-,6.17
2196,SB10324387,2196,ŞCOALA GIMNAZIALĂ NR. 7 MEDIAŞ,6.75,-,-,5.6,-,-,-,-,-,-,6.17
2197,SB12297545,2197,ŞCOALA GIMNAZIALĂ IOAN SLAVICI SIBIU,6.75,-,-,5.6,-,-,-,-,-,-,6.17
2198,SB9214989,2198,ŞCOALA GIMNAZIALĂ BIERTAN,6.65,-,-,5.7,-,-,-,-,-,-,6.17
2199,SB12297571,2199,LICEUL DE ARTĂ SIBIU,6.55,-,-,5.8,-,-,-,-,-,-,6.17
2200,SB8977848,2200,ŞCOALA GIMNAZIALĂ MIHAI VITEAZU ŞELIMBĂR,6.15,-,-,6.2,-,-,-,-,-,-,6.17
2201,SB9377559,2201,ŞCOALA GIMNAZIALĂ NR. 10 SIBIU,6.1,-,-,6.25,-,-,-,-,-,-,6.17
2202,SB9846749,2202,ŞCOALA GIMNAZIALĂ JINA,6.05,-,-,6.3,-,-,-,-,-,-,6.17
2203,SB8223107,2203,ŞCOALA GIMNAZIALĂ RACOVIŢA,5.85,-,-,6.5,-,-,-,-,-,-,6.17
2204,SB10440775,2204,COLEGIUL NAȚIONAL SAMUEL VON BRUKENTHAL SIBIU,7.6,-,-,5.4,-,-,Limba germana,5.45,-,-,6.15
2205,SB9704316,2205,ŞCOALA GIMNAZIALĂ ALĂMOR,7.6,-,-,4.7,-,-,-,-,-,-,6.15
2206,SB11165441,2206,ŞCOALA GIMNAZIALĂ GEORG DANIEL TEUTSCH AGNITA,6.85,-,-,5.45,-,-,-,-,-,-,6.15
2207,SB7864988,2207,ŞCOALA GIMNAZIALĂ OCNA SIBIULUI,6.7,-,-,5.6,-,-,-,-,-,-,6.15
2208,SB10591385,2208,LICEUL TIMOTEI CIPARIU DUMBRĂVENI,6.2,-,-,6.1,-,-,-,-,-,-,6.15
2209,SB8255510,2209,ŞCOALA GIMNAZIALĂ SAMUIL MICU SADU,5.6,-,-,6.7,-,-,-,-,-,-,6.15
2210,SB9726524,2210,ŞCOALA GIMNAZIALĂ TĂLMĂCEL,5.55,-,-,6.75,-,-,-,-,-,-,6.15
2211,SB10095208,2211,LICEUL TEORETIC ROTH - OBERTH MEDIAŞ,6.55,-,-,4,-,-,Limba germana,7.85,-,-,6.13
2212,SB10456628,2212,COLEGIUL NAȚIONAL SAMUEL VON BRUKENTHAL SIBIU,6.4,-,-,4.35,-,-,Limba germana,7.65,-,-,6.13
2213,SB10605727,2213,LICEUL TIMOTEI CIPARIU DUMBRĂVENI,7.55,-,-,4.7,-,-,-,-,-,-,6.12
2214,SB9627509,2214,ŞCOALA GIMNAZIALĂ VIOREL CUCU PALTIN ARPAȘU DE JOS,7.25,-,-,5,-,-,-,-,-,-,6.12
2215,SB10521809,2215,ŞCOALA GIMNAZIALĂ ION LUCA CARAGIALE SIBIU,6.95,-,-,5.3,-,-,-,-,-,-,6.12
2216,SB10592019,2216,ŞCOALA GIMNAZIALĂ NR. 2 CISNĂDIE,6.5,-,-,5.75,-,-,-,-,-,-,6.12
2217,SB10390103,2217,ŞCOALA GIMNAZIALĂ NOIŞTAT,6.25,-,-,6,-,-,-,-,-,-,6.12
2218,SB8236748,2218,ŞCOALA GIMNAZIALĂ IOAN SLAVICI SIBIU,7,-,-,5.2,-,-,-,-,-,-,6.1
2219,SB9234342,2219,ŞCOALA GIMNAZIALĂ NR. 2 CISNĂDIE,6.7,-,-,5.5,-,-,-,-,-,-,6.1
2220,SB9725402,2220,ŞCOALA GIMNAZIALĂ TĂLMĂCEL,6.7,-,-,5.5,-,-,-,-,-,-,6.1
2221,SB9814936,2221,LICEUL TEORETIC GHEORGHE LAZĂR AVRIG,6.5,-,-,5.7,-,-,-,-,-,-,6.1
2222,SB10334103,2222,ŞCOALA GIMNAZIALĂ MIHAI EMINESCU MEDIAŞ,6.1,-,-,6.1,-,-,-,-,-,-,6.1
2223,SB10663208,2223,ŞCOALA GIMNAZIALĂ NR. 1 COPŞA MICĂ,6.05,-,-,6.15,-,-,-,-,-,-,6.1
2224,SB10931407,2224,ŞCOALA GIMNAZIALĂ NR. 5 MEDIAŞ,5.7,-,-,6.5,-,-,-,-,-,-,6.1
2225,SB10009984,2225,ŞCOALA GIMNAZIALĂ NR. 13 SIBIU,5.7,6.25,6.25,6.1,5.95,5.95,-,-,-,-,6.1
2226,SB6235701,2226,ŞCOALA GIMNAZIALĂ NICOLAE IORGA SIBIU,6.25,6.25,6.25,5.65,-,-,Limba germana,6.15,6.35,6.35,6.08
2227,SB12316728,2227,LICEUL AUGUST TREBONIU LAURIAN AGNITA,7.55,-,-,4.6,-,-,-,-,-,-,6.07
2228,SB10084260,2228,ŞCOALA GIMNAZIALĂ MIHAI EMINESCU MEDIAŞ,6.55,-,-,5.6,-,-,-,-,-,-,6.07
2229,SB11065027,2229,ŞCOALA GIMNAZIALĂ MIHAI VITEAZU ŞELIMBĂR,6.5,-,-,5.65,-,-,-,-,-,-,6.07
2230,SB10267806,2230,ŞCOALA GIMNAZIALĂ ŞURA MICĂ,6.15,-,-,6,-,-,-,-,-,-,6.07
2231,SB11165413,2231,LICEUL AUGUST TREBONIU LAURIAN AGNITA,7.75,-,-,4.35,-,-,-,-,-,-,6.05
2232,SB8465099,2232,ŞCOALA GIMNAZIALĂ NR. 21 SIBIU,7,-,-,5.1,-,-,-,-,-,-,6.05
2233,SB9535879,2233,ŞCOALA GIMNAZIALĂ NR. 4 MEDIAŞ,6.55,-,-,5.55,-,-,-,-,-,-,6.05
2234,SB10514823,2234,LICEUL TEORETIC ROTH - OBERTH MEDIAŞ,6.25,-,-,3.7,-,-,Limba germana,8.2,-,-,6.05
2235,SB9989869,2235,LICEUL TEHNOLOGIC IACOBENI,6.1,-,-,6,-,-,-,-,-,-,6.05
2236,SB9694692,2236,ŞCOALA GIMNAZIALĂ CRISTIAN,6.1,-,-,6,-,-,-,-,-,-,6.05
2237,SB4063951,2237,ŞCOALA GIMNAZIALĂ NR. 12 SIBIU,6.1,-,-,6,-,-,-,-,-,-,6.05
2238,SB8951443,2238,ŞCOALA GIMNAZIALĂ ALMA,5.9,-,-,6.2,-,-,-,-,-,-,6.05
2239,SB8020850,2239,LICEUL TIMOTEI CIPARIU DUMBRĂVENI,5.5,-,-,6.6,-,-,-,-,-,-,6.05
2240,SB10511931,2240,ŞCOALA GIMNAZIALĂ NR. 4 MEDIAŞ,7.55,7.85,7.85,4.2,4.2,4.2,-,-,-,-,6.02
2241,SB10296287,2241,ŞCOALA GIMNAZIALĂ GEORGE POPA MEDIAŞ,7.35,-,-,4.7,-,-,-,-,-,-,6.02
2242,SB8651713,2242,ŞCOALA GIMNAZIALĂ BRĂDENI,7.2,-,-,4.7,4.85,4.85,-,-,-,-,6.02
2243,SB10363132,2243,ŞCOALA GIMNAZIALĂ TILIŞCA,7.1,-,-,4.95,-,-,-,-,-,-,6.02
2244,SB9656307,2244,ŞCOALA GIMNAZIALĂ ŞEICA MARE,6.75,-,-,5.3,-,-,-,-,-,-,6.02
2245,SB1988301,2245,ŞCOALA GIMNAZIALĂ BÂRGHIŞ,6.5,-,-,5.55,-,-,-,-,-,-,6.02
2246,SB9287387,2246,ŞCOALA GIMNAZIALĂ NR. 21 SIBIU,6.45,-,-,5.6,-,-,-,-,-,-,6.02
2247,SB10330685,2247,ŞCOALA GIMNAZIALĂ ION LUCA CARAGIALE SIBIU,6.35,-,-,5.7,-,-,-,-,-,-,6.02
2248,SB10068753,2248,ŞCOALA GIMNAZIALĂ SĂCEL,5.9,-,-,6.15,-,-,-,-,-,-,6.02
2249,SB10992183,2249,ŞCOALA GIMNAZIALĂ RADU SELEJAN SIBIU,5.7,-,-,6.35,-,-,-,-,-,-,6.02
2250,SB10283591,2250,ŞCOALA GIMNAZIALĂ NR. 4 SIBIU,5.6,-,-,6.45,-,-,-,-,-,-,6.02
2251,SB10441954,2251,ŞCOALA GIMNAZIALĂ NR. 7 MEDIAŞ,5.55,-,-,6.5,-,-,-,-,-,-,6.02
2252,SB10333643,2252,ŞCOALA GIMNAZIALĂ CIREŞARII MEDIAŞ,5.25,-,-,6.8,-,-,-,-,-,-,6.02
2253,SB13179426,2253,ŞCOALA GIMNAZIALĂ NR. 2 SIBIU,7.4,-,-,4.6,-,-,-,-,-,-,6
2254,SB10399936,2254,ŞCOALA GIMNAZIALĂ NOCRICH,7.3,-,-,4.7,-,-,-,-,-,-,6
2255,SB10465174,2255,ŞCOALA GIMNAZIALĂ ION LUCA CARAGIALE SIBIU,7.2,-,-,4.8,-,-,-,-,-,-,6
2256,SB10754802,2256,ŞCOALA GIMNAZIALĂ REGINA MARIA SIBIU,6.95,-,-,5.05,-,-,-,-,-,-,6
2257,SB14307705,2257,LICEUL TEORETIC GUSTAV GUNDISCH CISNĂDIE,5.95,-,-,4,-,-,Limba germana,8.05,-,-,6
2258,SB9958436,2258,ŞCOALA GIMNAZIALĂ NR. 25 SIBIU,8.2,-,-,3.75,-,-,-,-,-,-,5.97
2259,SB9976317,2259,LICEUL TEHNOLOGIC IOAN LUPAŞ SĂLIŞTE,6.8,-,-,5.15,-,-,-,-,-,-,5.97
2260,SB10281926,2260,ŞCOALA GIMNAZIALĂ REGELE FERDINAND SIBIU,6.1,-,-,5.85,-,-,-,-,-,-,5.97
2261,SB11118352,2261,ŞCOALA GIMNAZIALĂ NR. 3 CISNĂDIE,5.7,-,-,6.25,-,-,-,-,-,-,5.97
2262,SB10481771,2262,ŞCOALA GIMNAZIALĂ NICOLAE IORGA SIBIU,7.7,7.5,7.5,4.4,4.4,4.4,-,-,-,-,5.95
2263,SB10102338,2263,ŞCOALA GIMNAZIALĂ IOAN MORARU DÂRLOS,7.7,-,-,4.2,-,-,-,-,-,-,5.95
2264,SB10947338,2264,LICEUL DE ARTĂ SIBIU,7.2,-,-,4.7,-,-,-,-,-,-,5.95
2265,SB10269846,2265,LICEUL TEORETIC ROTH - OBERTH MEDIAŞ,7.1,-,-,4.65,-,-,Limba germana,6.1,-,-,5.95
2266,SB10051732,2266,ŞCOALA GIMNAZIALĂ NR. 2 CISNĂDIE,6.9,7.05,7.05,4.85,-,-,-,-,-,-,5.95
2267,SB10409623,2267,LICEUL TEORETIC CONSTANTIN NOICA SIBIU,6.8,-,-,5.1,-,-,-,-,-,-,5.95
2268,SB10391306,2268,ŞCOALA GIMNAZIALĂ POPLACA,6.2,-,-,5.7,-,-,-,-,-,-,5.95
2269,SB9111777,2269,ŞCOALA GIMNAZIALĂ CONSTANTIN IOAN MOTAŞ MEDIAŞ,5.95,-,-,5.95,-,-,-,-,-,-,5.95
2270,SB10441006,2270,ŞCOALA GIMNAZIALĂ NR. 7 MEDIAŞ,5.75,-,-,6.15,-,-,-,-,-,-,5.95
2271,SB13677929,2271,ŞCOALA GIMNAZIALĂ OCNA SIBIULUI,5.6,-,-,6.3,-,-,-,-,-,-,5.95
2272,SB10173547,2272,ŞCOALA GIMNAZIALĂ NR. 18 SIBIU,7.7,-,-,4.15,-,-,-,-,-,-,5.92
2273,SB8208126,2273,ŞCOALA GIMNAZIALĂ ANDREI ȘAGUNA ŞURA MARE,7.35,-,-,4.5,-,-,-,-,-,-,5.92
2274,SB8467378,2274,ŞCOALA GIMNAZIALĂ NR. 21 SIBIU,6.85,-,-,5,-,-,-,-,-,-,5.92
2275,SB10791091,2275,ŞCOALA GIMNAZIALĂ NR. 21 SIBIU,6.85,-,-,5,-,-,-,-,-,-,5.92
2276,SB10460396,2276,COLEGIUL NAȚIONAL OCTAVIAN GOGA SIBIU,5.95,6.4,6.4,5.45,-,-,-,-,-,-,5.92
2277,SB10517830,2277,ŞCOALA GIMNAZIALĂ NR. 18 SIBIU,5.65,-,-,6.4,6.2,6.2,-,-,-,-,5.92
2278,SB11059764,2278,LICEUL TEORETIC ONISIFOR GHIBU SIBIU,7.2,-,-,5,-,-,Limba germana,5.5,5.55,5.55,5.91
2279,SB9709168,2279,ŞCOALA GIMNAZIALĂ CRISTIAN,7.3,-,-,4.5,-,-,-,-,-,-,5.9
2280,SB9992344,2280,LICEUL TEHNOLOGIC IOAN LUPAŞ SĂLIŞTE,7.3,-,-,4.5,-,-,-,-,-,-,5.9
2281,SB10660521,2281,ŞCOALA GIMNAZIALĂ NR. 1 COPŞA MICĂ,6.5,-,-,5.3,-,-,-,-,-,-,5.9
2282,SB10468819,2282,ŞCOALA GIMNAZIALĂ NR. 7 MEDIAŞ,6.35,-,-,5.45,-,-,-,-,-,-,5.9
2283,SB7867580,2283,ŞCOALA GIMNAZIALĂ OCNA SIBIULUI,6.3,-,-,5.5,-,-,-,-,-,-,5.9
2284,SB8550971,2284,ŞCOALA GIMNAZIALĂ MIHĂILENI,6.25,-,-,5.55,-,-,-,-,-,-,5.9
2285,SB9813654,2285,ŞCOALA GIMNAZIALĂ AVRIG,6.15,-,-,5.65,-,-,-,-,-,-,5.9
2286,SB7867611,2286,ŞCOALA GIMNAZIALĂ OCNA SIBIULUI,6.15,-,-,5.65,-,-,-,-,-,-,5.9
2287,SB10410820,2287,ŞCOALA GIMNAZIALĂ NR. 25 SIBIU,5.75,6.05,6.05,5.75,-,-,-,-,-,-,5.9
2288,SB10284217,2288,ŞCOALA GIMNAZIALĂ RADU SELEJAN SIBIU,7.95,-,-,3.7,3.8,3.8,-,-,-,-,5.87
2289,SB10048074,2289,ŞCOALA GIMNAZIALĂ NR. 12 SIBIU,7.05,-,-,4.7,-,-,-,-,-,-,5.87
2290,SB10826121,2290,LICEUL TEORETIC CONSTANTIN NOICA SIBIU,6.65,-,-,5.1,-,-,-,-,-,-,5.87
2291,SB10464500,2291,ŞCOALA GIMNAZIALĂ REGINA MARIA SIBIU,5.95,6.25,6.25,5.5,-,-,-,-,-,-,5.87
2292,SB9376723,2292,LICEUL TEORETIC GUSTAV GUNDISCH CISNĂDIE,5.55,-,-,6.2,-,-,-,-,-,-,5.87
2293,SB10387155,2293,ŞCOALA GIMNAZIALĂ NR. 1 SIBIU,7.8,-,-,3.9,-,-,-,-,-,-,5.85
2294,SB10329456,2294,LICEUL TEHNOLOGIC ILIE MĂCELARIU MIERCUREA SIBIULUI,7.15,-,-,4.55,-,-,-,-,-,-,5.85
2295,SB10847374,2295,ŞCOALA GIMNAZIALĂ NR. 1 SIBIU,7.05,-,-,4.55,4.65,4.65,-,-,-,-,5.85
2296,SB9377859,2296,LICEUL DE ARTĂ SIBIU,7,-,-,4.95,4.7,4.7,-,-,-,-,5.85
2297,SB9092947,2297,ŞCOALA GIMNAZIALĂ SAVA POPOVICI BARCIANU RĂŞINARI,7,-,-,4.7,-,-,-,-,-,-,5.85
2298,SB10464656,2298,ŞCOALA GIMNAZIALĂ NR. 13 SIBIU,6.8,-,-,4.9,-,-,-,-,-,-,5.85
2299,SB7874468,2299,ŞCOALA GIMNAZIALĂ BIERTAN,6.7,-,-,5,-,-,-,-,-,-,5.85
2300,SB10513225,2300,ŞCOALA GIMNAZIALĂ NR. 7 MEDIAŞ,6.6,-,-,5.1,-,-,-,-,-,-,5.85
2301,SB10286339,2301,ŞCOALA GIMNAZIALĂ RADU SELEJAN SIBIU,6.5,-,-,5.2,-,-,-,-,-,-,5.85
2302,SB9848130,2302,ŞCOALA GIMNAZIALĂ NR. 8 SIBIU,6.4,-,-,5.3,-,-,-,-,-,-,5.85
2303,SB10649591,2303,ŞCOALA GIMNAZIALĂ NR. 3 COPȘA MICĂ,6.4,-,-,5.3,-,-,-,-,-,-,5.85
2304,SB8007212,2304,ŞCOALA GIMNAZIALĂ AGÂRBICIU,6.35,-,-,5.35,-,-,-,-,-,-,5.85
2305,SB10426889,2305,ŞCOALA GIMNAZIALĂ NR. 1 SIBIU,6.3,-,-,5.4,-,-,-,-,-,-,5.85
2306,SB10460034,2306,COLEGIUL NAȚIONAL OCTAVIAN GOGA SIBIU,6.1,-,-,5.3,5.6,5.6,-,-,-,-,5.85
2307,SB9999503,2307,ŞCOALA GIMNAZIALĂ REGINA MARIA SIBIU,6,-,-,5.7,-,-,-,-,-,-,5.85
2308,SB9996306,2308,LICEUL TEHNOLOGIC IACOBENI,5.7,-,-,6,-,-,-,-,-,-,5.85
2309,SB9051056,2309,ŞCOALA GIMNAZIALĂ BAZNA,5.5,-,-,6.2,-,-,-,-,-,-,5.85
2310,SB10083880,2310,LICEUL TEHNOLOGIC JOHANNES LEBEL TĂLMACIU,5.35,-,-,6.35,-,-,-,-,-,-,5.85
2311,SB10176595,2311,ŞCOALA GIMNAZIALĂ AUREL DECEI GURA RÂULUI,5.1,-,-,6.6,-,-,-,-,-,-,5.85
2312,SB10476990,2312,LICEUL AUGUST TREBONIU LAURIAN AGNITA,7.45,-,-,4.2,-,-,-,-,-,-,5.82
2313,SB10057787,2313,LICEUL TEORETIC GHEORGHE LAZĂR AVRIG,7.15,-,-,4.5,-,-,-,-,-,-,5.82
2314,SB8021356,2314,ŞCOALA GIMNAZIALĂ VALCHID,7.1,-,-,4.55,-,-,-,-,-,-,5.82
2315,SB10347238,2315,ŞCOALA GIMNAZIALĂ RADU SELEJAN SIBIU,7,-,-,4.65,-,-,-,-,-,-,5.82
2316,SB8788278,2316,ŞCOALA GIMNAZIALĂ ŞEICA MARE,6.75,-,-,4.9,-,-,-,-,-,-,5.82
2317,SB10939551,2317,ŞCOALA GIMNAZIALĂ LUCIAN BOLOGA MARPOD,6.15,-,-,5.5,-,-,-,-,-,-,5.82
2318,SB10515196,2318,ŞCOALA GIMNAZIALĂ TILIŞCA,5.85,-,-,5.2,5.8,5.8,-,-,-,-,5.82
2319,SB8762369,2319,ŞCOALA GIMNAZIALĂ NR. 10 SIBIU,5.35,-,-,6.3,-,-,-,-,-,-,5.82
2320,SB10120664,2320,LICEUL TEORETIC ROTH - OBERTH MEDIAŞ,6.65,-,-,5.15,-,-,Limba germana,5.65,-,-,5.81
2321,SB8574460,2321,LICEUL TEORETIC GUSTAV GUNDISCH CISNĂDIE,5.15,-,-,5,-,-,Limba germana,7.3,-,-,5.81
2322,SB9081922,2322,ŞCOALA GIMNAZIALĂ OCTAVIAN GOGA RĂŞINARI,6.6,-,-,5,-,-,-,-,-,-,5.8
2323,SB10344031,2323,ŞCOALA GIMNAZIALĂ REGELE FERDINAND SIBIU,6.55,7.1,7.1,4.55,4.5,4.5,-,-,-,-,5.8
2324,SB10333516,2324,ŞCOALA GIMNAZIALĂ CONSTANTIN IOAN MOTAŞ MEDIAŞ,6.1,-,-,5.5,-,-,-,-,-,-,5.8
2325,SB9179488,2325,ŞCOALA GIMNAZIALĂ NR. 21 SIBIU,6.05,-,-,5.55,-,-,-,-,-,-,5.8
2326,SB9815256,2326,LICEUL TEORETIC GHEORGHE LAZĂR AVRIG,5.9,-,-,5.7,-,-,-,-,-,-,5.8
2327,SB10825987,2327,LICEUL TEORETIC CONSTANTIN NOICA SIBIU,5.55,-,-,6.05,-,-,-,-,-,-,5.8
2328,SB8082309,2328,ŞCOALA GIMNAZIALĂ NR. 8 SIBIU,5.5,-,-,6.1,-,-,-,-,-,-,5.8
2329,SB12297582,2329,ŞCOALA GIMNAZIALĂ IOAN SLAVICI SIBIU,5.3,-,-,6.3,-,-,-,-,-,-,5.8
2330,SB10464013,2330,ŞCOALA GIMNAZIALĂ NR. 1 SIBIU,8.6,-,-,2.95,-,-,-,-,-,-,5.77
2331,SB14936552,2331,LICEUL AUGUST TREBONIU LAURIAN AGNITA,7.55,-,-,4,-,-,-,-,-,-,5.77
2332,SB9134713,2332,ŞCOALA GIMNAZIALĂ REGELE FERDINAND SIBIU,7.45,-,-,4.1,-,-,-,-,-,-,5.77
2333,SB10008670,2333,ŞCOALA GIMNAZIALĂ NR. 8 SIBIU,6.55,-,-,5,-,-,-,-,-,-,5.77
2334,SB9076391,2334,COLEGIUL NAȚIONAL OCTAVIAN GOGA SIBIU,6.45,-,-,5.1,-,-,-,-,-,-,5.77
2335,SB11191020,2335,ŞCOALA GIMNAZIALĂ NR. 10 SIBIU,6.3,-,-,5.25,-,-,-,-,-,-,5.77
2336,SB12310259,2336,ŞCOALA GIMNAZIALĂ OCTAVIAN GOGA RĂŞINARI,6.05,-,-,5.5,-,-,-,-,-,-,5.77
2337,SB10167422,2337,ŞCOALA GIMNAZIALĂ SLIMNIC,6.05,-,-,5.5,-,-,-,-,-,-,5.77
2338,SB10606053,2338,LICEUL TIMOTEI CIPARIU DUMBRĂVENI,5.7,-,-,5.85,-,-,-,-,-,-,5.77
2339,SB10431934,2339,ŞCOALA GIMNAZIALĂ NR. 7 MEDIAŞ,5.35,-,-,6.2,-,-,-,-,-,-,5.77
2340,SB9815232,2340,LICEUL TEORETIC GHEORGHE LAZĂR AVRIG,5.05,-,-,6.5,-,-,-,-,-,-,5.77
2341,SB9250550,2341,ŞCOALA GIMNAZIALĂ MARȚIAN NEGREA VALEA VIILOR,4.9,-,-,6.65,-,-,-,-,-,-,5.77
2342,SB10127527,2342,ŞCOALA GIMNAZIALĂ APOLDU DE SUS,6.25,-,-,6.35,-,-,Limba germana,4.7,-,-,5.76
2343,SB10087576,2343,ŞCOALA GIMNAZIALĂ MIHAI EMINESCU MEDIAŞ,7.1,-,-,4.4,-,-,-,-,-,-,5.75
2344,SB13930232,2344,ŞCOALA GIMNAZIALĂ SLIMNIC,6.7,-,-,4.8,-,-,-,-,-,-,5.75
2345,SB9747812,2345,ŞCOALA GIMNAZIALĂ TĂLMĂCEL,6.45,-,-,5.05,-,-,-,-,-,-,5.75
2346,SB10012323,2346,ŞCOALA GIMNAZIALĂ SĂCEL,6.4,-,-,5.1,-,-,-,-,-,-,5.75
2347,SB9835316,2347,ŞCOALA GIMNAZIALĂ RADU SELEJAN SIBIU,6.35,-,-,5.15,-,-,-,-,-,-,5.75
2348,SB9081237,2348,ŞCOALA GIMNAZIALĂ OCNA SIBIULUI,6.05,-,-,5.4,5.45,5.45,-,-,-,-,5.75
2349,SB10013045,2349,ŞCOALA GIMNAZIALĂ NR. 2 CISNĂDIE,5.8,-,-,5.7,-,-,-,-,-,-,5.75
2350,SB10286641,2350,ŞCOALA GIMNAZIALĂ GEORG DANIEL TEUTSCH AGNITA,5.65,-,-,5.85,-,-,-,-,-,-,5.75
2351,SB9472589,2351,ŞCOALA GIMNAZIALĂ AUREL DECEI GURA RÂULUI,5.15,-,-,6.35,-,-,-,-,-,-,5.75
2352,SB10286558,2352,ŞCOALA GIMNAZIALĂ NR. 21 SIBIU,7.55,-,-,3.9,-,-,-,-,-,-,5.72
2353,SB8215169,2353,ŞCOALA GIMNAZIALĂ ANDREI ȘAGUNA ŞURA MARE,7.45,-,-,4,-,-,-,-,-,-,5.72
2354,SB8542781,2354,ŞCOALA GIMNAZIALĂ NR. 2 SIBIU,7.2,-,-,4.25,4.25,4.25,-,-,-,-,5.72
2355,SB9713862,2355,ŞCOALA GIMNAZIALĂ CRISTIAN,7.15,-,-,4.3,-,-,-,-,-,-,5.72
2356,SB10447761,2356,ŞCOALA GIMNAZIALĂ DAIA,6.95,-,-,4.5,-,-,-,-,-,-,5.72
2357,SB9627282,2357,ŞCOALA GIMNAZIALĂ VIOREL CUCU PALTIN ARPAȘU DE JOS,6.75,-,-,4.7,-,-,-,-,-,-,5.72
2358,SB11172713,2358,LICEUL TEORETIC GUSTAV GUNDISCH CISNĂDIE,6.45,-,-,5,-,-,-,-,-,-,5.72
2359,SB8255574,2359,ŞCOALA GIMNAZIALĂ SAMUIL MICU SADU,6.45,-,-,5,-,-,-,-,-,-,5.72
2360,SB9818876,2360,ŞCOALA GIMNAZIALĂ AVRIG,6.4,-,-,5.05,-,-,-,-,-,-,5.72
2361,SB9676120,2361,ŞCOALA GIMNAZIALĂ NR. 8 SIBIU,6.25,-,-,5.2,-,-,-,-,-,-,5.72
2362,SB8666128,2362,ŞCOALA GIMNAZIALĂ BRĂDENI,6.1,-,-,5.35,-,-,-,-,-,-,5.72
2363,SB10447480,2363,ŞCOALA GIMNAZIALĂ BÂRGHIŞ,6.1,-,-,5.35,-,-,-,-,-,-,5.72
2364,SB9774079,2364,ŞCOALA GIMNAZIALĂ AVRIG,5.85,-,-,5.6,-,-,-,-,-,-,5.72
2365,SB9936122,2365,LICEUL TEHNOLOGIC JOHANNES LEBEL TĂLMACIU,5.05,-,-,6.4,-,-,-,-,-,-,5.72
2366,SB10537741,2366,COLEGIUL NAȚIONAL PEDAGOGIC ANDREI ŞAGUNA SIBIU,7.7,-,-,3.6,3.7,3.7,-,-,-,-,5.7
2367,SB9627882,2367,ŞCOALA GIMNAZIALĂ VIOREL CUCU PALTIN ARPAȘU DE JOS,7.35,-,-,4.05,-,-,-,-,-,-,5.7
2368,SB10385620,2368,LICEUL TEORETIC ONISIFOR GHIBU SIBIU,7.05,-,-,5.95,-,-,Limba germana,4.1,-,-,5.7
2369,SB9877551,2369,ŞCOALA GIMNAZIALĂ ION POP RETEGANUL ORLAT,7,-,-,4.4,-,-,-,-,-,-,5.7
2370,SB11163628,2370,ŞCOALA GIMNAZIALĂ NR. 4 SIBIU,7,-,-,4.3,4.4,4.4,-,-,-,-,5.7
2371,SB7504001,2371,ŞCOALA GIMNAZIALĂ NR. 21 SIBIU,6.65,-,-,4.75,-,-,-,-,-,-,5.7
2372,SB12886243,2372,ŞCOALA GIMNAZIALĂ ALMA,6.1,-,-,5.3,-,-,-,-,-,-,5.7
2373,SB9072059,2373,ŞCOALA GIMNAZIALĂ REGINA MARIA SIBIU,6.05,5.8,5.8,5.6,-,-,-,-,-,-,5.7
2374,SB9648403,2374,LICEUL TEORETIC GUSTAV GUNDISCH CISNĂDIE,5.8,-,-,5.6,-,-,-,-,-,-,5.7
2375,SB10085483,2375,LICEUL TEHNOLOGIC JOHANNES LEBEL TĂLMACIU,5.55,-,-,5.85,-,-,-,-,-,-,5.7
2376,SB9591950,2376,ŞCOALA GIMNAZIALĂ BRATEIU,5.5,-,-,5.9,-,-,-,-,-,-,5.7
2377,SB10424385,2377,ŞCOALA GIMNAZIALĂ NR. 25 SIBIU,5.4,-,-,6,-,-,-,-,-,-,5.7
2378,SB8541762,2378,COLEGIUL NAȚIONAL OCTAVIAN GOGA SIBIU,5.4,-,-,6,-,-,-,-,-,-,5.7
2379,SB10548413,2379,ŞCOALA GIMNAZIALĂ NR. 21 SIBIU,5.35,-,-,6.05,-,-,-,-,-,-,5.7
2380,SB12149908,2380,LICEUL TEORETIC GHEORGHE LAZĂR AVRIG,7.5,-,-,3.85,-,-,-,-,-,-,5.67
2381,SB9863038,2381,ŞCOALA GIMNAZIALĂ MIHAI EMINESCU MEDIAŞ,7.35,-,-,4,-,-,-,-,-,-,5.67
2382,SB7924580,2382,ŞCOALA GIMNAZIALĂ ANDREI ȘAGUNA ŞURA MARE,6.85,-,-,4.5,-,-,-,-,-,-,5.67
2383,SB9177346,2383,ŞCOALA GIMNAZIALĂ NR. 2 SIBIU,6.85,-,-,4.5,-,-,-,-,-,-,5.67
2384,SB10359682,2384,ŞCOALA GIMNAZIALĂ TILIŞCA,6.8,-,-,4.55,-,-,-,-,-,-,5.67
2385,SB9474126,2385,ŞCOALA GIMNAZIALĂ AUREL DECEI GURA RÂULUI,6.65,-,-,4.7,-,-,-,-,-,-,5.67
2386,SB9656334,2386,ŞCOALA GIMNAZIALĂ ŞEICA MARE,6.25,-,-,5.1,-,-,-,-,-,-,5.67
2387,SB8871159,2387,ŞCOALA GIMNAZIALĂ MIHAI VITEAZU ŞELIMBĂR,5.85,-,-,5.5,-,-,-,-,-,-,5.67
2388,SB10340323,2388,ŞCOALA GIMNAZIALĂ CIREŞARII MEDIAŞ,5.75,-,-,5.6,-,-,-,-,-,-,5.67
2389,SB10452640,2389,ŞCOALA GIMNAZIALĂ RADU SELEJAN SIBIU,7.25,-,-,4.05,-,-,-,-,-,-,5.65
2390,SB12313081,2390,ŞCOALA GIMNAZIALĂ BOIAN,6.8,-,-,4.5,-,-,-,-,-,-,5.65
2391,SB10637588,2391,LICEUL TIMOTEI CIPARIU DUMBRĂVENI,6.8,-,-,4.5,-,-,-,-,-,-,5.65
2392,SB10167384,2392,ŞCOALA GIMNAZIALĂ SLIMNIC,6.7,-,-,4.6,-,-,-,-,-,-,5.65
2393,SB8985815,2393,LICEUL TEHNOLOGIC JOHANNES LEBEL TĂLMACIU,6.5,-,-,4.8,-,-,-,-,-,-,5.65
2394,SB9590819,2394,ŞCOALA GIMNAZIALĂ MIHAI VITEAZU ŞELIMBĂR,6.35,-,-,4.95,-,-,-,-,-,-,5.65
2395,SB8467046,2395,ŞCOALA GIMNAZIALĂ NR. 21 SIBIU,6.3,-,-,5,-,-,-,-,-,-,5.65
2396,SB10083954,2396,LICEUL TEHNOLOGIC JOHANNES LEBEL TĂLMACIU,6.1,-,-,5.2,-,-,-,-,-,-,5.65
2397,SB9081591,2397,ŞCOALA GIMNAZIALĂ OCTAVIAN GOGA RĂŞINARI,5.9,-,-,5.4,-,-,-,-,-,-,5.65
2398,SB12315854,2398,ŞCOALA GIMNAZIALĂ NR. 4 SIBIU,5.75,-,-,6.9,-,-,Limba germana,4.3,4.3,4.3,5.65
2399,SB8769603,2399,ŞCOALA GIMNAZIALĂ CONSTANTIN IOAN MOTAŞ MEDIAŞ,5.55,-,-,5.75,-,-,-,-,-,-,5.65
2400,SB10988360,2400,ŞCOALA GIMNAZIALĂ NR. 3 CISNĂDIE,5.3,-,-,6,-,-,-,-,-,-,5.65
2401,SB10451005,2401,ŞCOALA GIMNAZIALĂ BÂRGHIŞ,7.25,-,-,4,-,-,-,-,-,-,5.62
2402,SB10109660,2402,ŞCOALA GIMNAZIALĂ CONSTANTIN IOAN MOTAŞ MEDIAŞ,6.2,-,-,5.05,-,-,-,-,-,-,5.62
2403,SB8788213,2403,ŞCOALA GIMNAZIALĂ ŞEICA MARE,6.1,-,-,5.15,-,-,-,-,-,-,5.62
2404,SB8504262,2404,ŞCOALA GIMNAZIALĂ RACOVIŢA,6.1,-,-,5.15,-,-,-,-,-,-,5.62
2405,SB10282131,2405,ŞCOALA GIMNAZIALĂ NR. 13 SIBIU,6,-,-,5.25,-,-,-,-,-,-,5.62
2406,SB11044476,2406,ŞCOALA GIMNAZIALĂ NR. 25 SIBIU,6,6.2,6.2,5.1,5.05,5.05,-,-,-,-,5.62
2407,SB8216030,2407,LICEUL DE ARTĂ SIBIU,5.95,-,-,5.3,-,-,-,-,-,-,5.62
2408,SB10303532,2408,ŞCOALA GIMNAZIALĂ CIREŞARII MEDIAŞ,5.75,-,-,5.5,-,-,-,-,-,-,5.62
2409,SB10341421,2409,ŞCOALA GIMNAZIALĂ CONSTANTIN IOAN MOTAŞ MEDIAŞ,5.6,-,-,5.65,-,-,-,-,-,-,5.62
2410,SB10006118,2410,ŞCOALA GIMNAZIALĂ IOAN SLAVICI SIBIU,5.05,-,-,6.2,-,-,-,-,-,-,5.62
2411,SB8652132,2411,ŞCOALA GIMNAZIALĂ BRĂDENI,7.65,-,-,3.55,-,-,-,-,-,-,5.6
2412,SB9124999,2412,ŞCOALA GIMNAZIALĂ OCTAVIAN GOGA RĂŞINARI,7.2,-,-,4,-,-,-,-,-,-,5.6
2413,SB9375839,2413,COLEGIUL NAȚIONAL OCTAVIAN GOGA SIBIU,7.2,-,-,4,-,-,-,-,-,-,5.6
2414,SB8716425,2414,ŞCOALA GIMNAZIALĂ RADU SELEJAN SIBIU,7.1,-,-,4.1,-,-,-,-,-,-,5.6
2415,SB10287240,2415,ŞCOALA GIMNAZIALĂ MERGHINDEAL,6.7,-,-,4.5,4.5,4.5,-,-,-,-,5.6
2416,SB10497528,2416,ŞCOALA GIMNAZIALĂ IOAN SLAVICI SIBIU,6.5,-,-,4.7,-,-,-,-,-,-,5.6
2417,SB9846042,2417,ŞCOALA GIMNAZIALĂ NICOLAE IORGA SIBIU,6.1,-,-,5.1,-,-,-,-,-,-,5.6
2418,SB6270651,2418,ŞCOALA GIMNAZIALĂ NR. 21 SIBIU,5.7,-,-,5.5,-,-,-,-,-,-,5.6
2419,SB9701033,2419,ŞCOALA GIMNAZIALĂ NR. 10 SIBIU,5.4,-,-,5.8,-,-,-,-,-,-,5.6
2420,SB8021475,2420,ŞCOALA GIMNAZIALĂ VALCHID,6.65,-,-,4.5,-,-,-,-,-,-,5.57
2421,SB9214980,2421,ŞCOALA GIMNAZIALĂ BIERTAN,6.55,-,-,4.6,-,-,-,-,-,-,5.57
2422,SB10399845,2422,ŞCOALA GIMNAZIALĂ NOCRICH,6.55,-,-,4.6,-,-,-,-,-,-,5.57
2423,SB9786201,2423,ŞCOALA GIMNAZIALĂ PORUMBACU DE JOS,6.4,-,-,4.75,-,-,-,-,-,-,5.57
2424,SB10347521,2424,ŞCOALA GIMNAZIALĂ RADU SELEJAN SIBIU,6.15,-,-,5,-,-,-,-,-,-,5.57
2425,SB9473250,2425,ŞCOALA GIMNAZIALĂ AUREL DECEI GURA RÂULUI,5.65,-,-,5.5,-,-,-,-,-,-,5.57
2426,SB10085812,2426,ŞCOALA GIMNAZIALĂ REGELE FERDINAND SIBIU,5.6,5.65,5.65,5.5,5.5,5.5,-,-,-,-,5.57
2427,SB10931142,2427,ŞCOALA GIMNAZIALĂ NR. 4 MEDIAŞ,4.65,-,-,6.5,-,-,-,-,-,-,5.57
2428,SB10537478,2428,LICEUL TEORETIC ONISIFOR GHIBU SIBIU,7.4,-,-,3.7,3.65,3.65,Limba germana,4.85,5.65,5.65,5.56
2429,SB10425464,2429,ŞCOALA GIMNAZIALĂ NR. 2 SIBIU,7.6,-,-,3.5,-,-,-,-,-,-,5.55
2430,SB7866849,2430,ŞCOALA GIMNAZIALĂ OCNA SIBIULUI,7.1,-,-,4,-,-,-,-,-,-,5.55
2431,SB9569027,2431,ŞCOALA GIMNAZIALĂ ŞEICA MARE,7,-,-,4.1,-,-,-,-,-,-,5.55
2432,SB10267510,2432,ŞCOALA GIMNAZIALĂ ŞURA MICĂ,7,-,-,4.1,4.1,4.1,-,-,-,-,5.55
2433,SB10718201,2433,ŞCOALA GIMNAZIALĂ NR. 7 MEDIAŞ,6.9,-,-,4.2,-,-,-,-,-,-,5.55
2434,SB10096609,2434,ŞCOALA GIMNAZIALĂ NR. 4 MEDIAŞ,6.8,-,-,4.3,4.3,4.3,-,-,-,-,5.55
2435,SB10167412,2435,ŞCOALA GIMNAZIALĂ SLIMNIC,6.6,-,-,4.5,-,-,-,-,-,-,5.55
2436,SB11034716,2436,ŞCOALA GIMNAZIALĂ VURPĂR,6.6,-,-,4.5,-,-,-,-,-,-,5.55
2437,SB8999521,2437,ŞCOALA GIMNAZIALĂ NR. 21 SIBIU,6.5,6.25,6.25,4.85,-,-,-,-,-,-,5.55
2438,SB9936548,2438,LICEUL TEHNOLOGIC JOHANNES LEBEL TĂLMACIU,6.4,-,-,4.7,-,-,-,-,-,-,5.55
2439,SB10296282,2439,ŞCOALA GIMNAZIALĂ MIHAI EMINESCU MEDIAŞ,5.9,-,-,5.2,-,-,-,-,-,-,5.55
2440,SB11077707,2440,ŞCOALA GIMNAZIALĂ NR. 1 SIBIU,5.75,5.9,5.9,5.2,-,-,-,-,-,-,5.55
2441,SB10264064,2441,ŞCOALA GIMNAZIALĂ NR. 18 SIBIU,5.1,-,-,6,-,-,-,-,-,-,5.55
2442,SB10047689,2442,ŞCOALA GIMNAZIALĂ CURCIU,6.9,-,-,4.15,-,-,-,-,-,-,5.52
2443,SB10293154,2443,ŞCOALA GIMNAZIALĂ GEORG DANIEL TEUTSCH AGNITA,6.65,-,-,4.4,-,-,-,-,-,-,5.52
2444,SB9072311,2444,ŞCOALA GIMNAZIALĂ NR. 1 SIBIU,6.55,-,-,4.5,-,-,-,-,-,-,5.52
2445,SB9683607,2445,ŞCOALA GIMNAZIALĂ ION LUCA CARAGIALE SIBIU,6.35,-,-,4.7,-,-,-,-,-,-,5.52
2446,SB10362919,2446,ŞCOALA GIMNAZIALĂ TILIŞCA,6.25,-,-,4.8,-,-,-,-,-,-,5.52
2447,SB10659792,2447,ŞCOALA GIMNAZIALĂ DAIA,6.05,-,-,5,-,-,-,-,-,-,5.52
2448,SB10423452,2448,ŞCOALA GIMNAZIALĂ NR. 25 SIBIU,5.2,5.4,5.4,5.7,5.65,5.65,-,-,-,-,5.52
2449,SB10347999,2449,ŞCOALA GIMNAZIALĂ NOIŞTAT,5.05,-,-,6,-,-,-,-,-,-,5.52
2450,SB9627017,2450,ŞCOALA GIMNAZIALĂ VIOREL CUCU PALTIN ARPAȘU DE JOS,4.55,-,-,6.5,-,-,-,-,-,-,5.52
2451,SB10329176,2451,ŞCOALA GIMNAZIALĂ APOLDU DE SUS,7.35,-,-,4.1,-,-,Limba germana,5.1,-,-,5.51
2452,SB9252730,2452,ŞCOALA GIMNAZIALĂ NR. 21 SIBIU,7,-,-,4,-,-,-,-,-,-,5.5
2453,SB10595950,2453,LICEUL TIMOTEI CIPARIU DUMBRĂVENI,6.5,-,-,4.5,-,-,-,-,-,-,5.5
2454,SB9081440,2454,ŞCOALA GIMNAZIALĂ OCTAVIAN GOGA RĂŞINARI,6.45,-,-,4.55,-,-,-,-,-,-,5.5
2455,SB12201838,2455,ŞCOALA GIMNAZIALĂ NR. 23 SIBIU,5.5,-,-,5.5,-,-,-,-,-,-,5.5
2456,SB12099918,2456,ŞCOALA GIMNAZIALĂ CIREŞARII MEDIAŞ,5,-,-,6,-,-,-,-,-,-,5.5
2457,SB10333559,2457,ŞCOALA GIMNAZIALĂ CONSTANTIN IOAN MOTAŞ MEDIAŞ,5,-,-,6,-,-,-,-,-,-,5.5
2458,SB8808354,2458,ŞCOALA GIMNAZIALĂ ALMA,5,-,-,6,-,-,-,-,-,-,5.5
2459,SB9909195,2459,LICEUL TEHNOLOGIC IOAN LUPAŞ SĂLIŞTE,7.45,-,-,3.5,-,-,-,-,-,-,5.47
2460,SB8531019,2460,ŞCOALA GIMNAZIALĂ AGÂRBICIU,6.85,-,-,4.1,-,-,-,-,-,-,5.47
2461,SB7995509,2461,ŞCOALA GIMNAZIALĂ IOAN BAN - DASCĂLU POIANA SIBIULUI,6.7,-,-,4.25,-,-,-,-,-,-,5.47
2462,SB10733320,2462,LICEUL TEHNOLOGIC IOAN LUPAŞ SĂLIŞTE,6.45,-,-,4.5,-,-,-,-,-,-,5.47
2463,SB9845307,2463,ŞCOALA GIMNAZIALĂ JINA,6.35,-,-,4.6,-,-,-,-,-,-,5.47
2464,SB11188125,2464,LICEUL TEHNOLOGIC IOAN LUPAŞ SĂLIŞTE,6.3,-,-,4.65,-,-,-,-,-,-,5.47
2465,SB10051651,2465,ŞCOALA GIMNAZIALĂ NR. 2 CISNĂDIE,6.25,-,-,4.7,-,-,-,-,-,-,5.47
2466,SB10123747,2466,ŞCOALA GIMNAZIALĂ VEŞTEM,5.95,-,-,5,-,-,-,-,-,-,5.47
2467,SB10278240,2467,ŞCOALA GIMNAZIALĂ GEORGE POPA MEDIAŞ,5.95,-,-,5,-,-,-,-,-,-,5.47
2468,SB9976261,2468,LICEUL TEHNOLOGIC IOAN LUPAŞ SĂLIŞTE,5.95,-,-,5,-,-,-,-,-,-,5.47
2469,SB10606582,2469,LICEUL TIMOTEI CIPARIU DUMBRĂVENI,5.9,-,-,5.05,-,-,-,-,-,-,5.47
2470,SB10431879,2470,ŞCOALA GIMNAZIALĂ NR. 7 MEDIAŞ,5.05,-,-,5.9,-,-,-,-,-,-,5.47
2471,SB8915431,2471,ŞCOALA GIMNAZIALĂ BUZD,6.4,-,-,4.5,-,-,-,-,-,-,5.45
2472,SB9569002,2472,ŞCOALA GIMNAZIALĂ ŞEICA MARE,6.25,-,-,4.65,-,-,-,-,-,-,5.45
2473,SB10420839,2473,ŞCOALA GIMNAZIALĂ CHIRPĂR,6.1,-,-,4.8,-,-,-,-,-,-,5.45
2474,SB11072579,2474,ŞCOALA GIMNAZIALĂ NR. 23 SIBIU,5.85,-,-,5.05,-,-,-,-,-,-,5.45
2475,SB9627290,2475,ŞCOALA GIMNAZIALĂ VIOREL CUCU PALTIN ARPAȘU DE JOS,5.4,-,-,5.5,-,-,-,-,-,-,5.45
2476,SB9847615,2476,ŞCOALA GIMNAZIALĂ JINA,5.35,-,-,5.55,-,-,-,-,-,-,5.45
2477,SB8788233,2477,ŞCOALA GIMNAZIALĂ SLIMNIC,5.3,-,-,5.6,-,-,-,-,-,-,5.45
2478,SB12539095,2478,ŞCOALA GIMNAZIALĂ REGELE FERDINAND SIBIU,5.2,-,-,5.7,-,-,-,-,-,-,5.45
2479,SB12862730,2479,LICEUL TEORETIC ROTH - OBERTH MEDIAŞ,4.35,-,-,3.5,-,-,Limba germana,8.45,-,-,5.43
2480,SB9422917,2480,ŞCOALA GIMNAZIALĂ AVRIG,7.35,-,-,3.5,-,-,-,-,-,-,5.42
2481,SB9670311,2481,ŞCOALA GIMNAZIALĂ CÂRŢA,7.35,-,-,3.5,-,-,-,-,-,-,5.42
2482,SB10301692,2482,ŞCOALA GIMNAZIALĂ RADU SELEJAN SIBIU,7,-,-,3.85,-,-,-,-,-,-,5.42
2483,SB10929793,2483,ŞCOALA GIMNAZIALĂ GEORGE POPA MEDIAŞ,6,5.85,5.85,5,-,-,-,-,-,-,5.42
2484,SB9627916,2484,ŞCOALA GIMNAZIALĂ VIOREL CUCU PALTIN ARPAȘU DE JOS,5.85,-,-,5,-,-,-,-,-,-,5.42
2485,SB10057353,2485,LICEUL TEORETIC GHEORGHE LAZĂR AVRIG,5.85,-,-,5,-,-,-,-,-,-,5.42
2486,SB10008466,2486,ŞCOALA GIMNAZIALĂ NR. 2 SIBIU,5.7,-,-,5.15,-,-,-,-,-,-,5.42
2487,SB9936790,2487,LICEUL TEHNOLOGIC JOHANNES LEBEL TĂLMACIU,5.7,-,-,5.15,-,-,-,-,-,-,5.42
2488,SB12735413,2488,ŞCOALA GIMNAZIALĂ MATEI BASARAB TURNU ROŞU,5.65,-,-,5.2,-,-,-,-,-,-,5.42
2489,SB10447407,2489,ŞCOALA GIMNAZIALĂ DAIA,4.85,-,-,6,-,-,-,-,-,-,5.42
2490,SB8296437,2490,ŞCOALA GIMNAZIALĂ BOIAN,4.35,-,-,6.5,-,-,-,-,-,-,5.42
2491,SB7921671,2491,ŞCOALA GIMNAZIALĂ IOAN BAN - DASCĂLU POIANA SIBIULUI,7.3,-,-,3.5,-,-,-,-,-,-,5.4
2492,SB8255237,2492,ŞCOALA GIMNAZIALĂ SAMUIL MICU SADU,6.8,-,-,4,-,-,-,-,-,-,5.4
2493,SB10277372,2493,ŞCOALA GIMNAZIALĂ REGELE FERDINAND SIBIU,6.8,-,-,4,-,-,-,-,-,-,5.4
2494,SB12254208,2494,ŞCOALA GIMNAZIALĂ DAIA,6.7,-,-,4.1,-,-,-,-,-,-,5.4
2495,SB10586631,2495,LICEUL TEHNOLOGIC JOHANNES LEBEL TĂLMACIU,6.65,-,-,4.15,-,-,-,-,-,-,5.4
2496,SB10064776,2496,LICEUL TEORETIC GHEORGHE LAZĂR AVRIG,6.3,-,-,4.5,-,-,-,-,-,-,5.4
2497,SB10561121,2497,ŞCOALA GIMNAZIALĂ ION LUCA CARAGIALE SIBIU,6.2,-,-,4.6,-,-,-,-,-,-,5.4
2498,SB10743818,2498,ŞCOALA GIMNAZIALĂ VURPĂR,5.8,-,-,5,-,-,-,-,-,-,5.4
2499,SB12274259,2499,ŞCOALA GIMNAZIALĂ NR. 13 SIBIU,5.35,6.05,6.05,4.75,-,-,-,-,-,-,5.4
2500,SB8927114,2500,ŞCOALA GIMNAZIALĂ MIHAI VITEAZU ŞELIMBĂR,6.25,-,-,4.5,-,-,-,-,-,-,5.37
2501,SB10410533,2501,ŞCOALA GIMNAZIALĂ ION LUCA CARAGIALE SIBIU,6.1,-,-,4.65,-,-,-,-,-,-,5.37
2502,SB8255460,2502,ŞCOALA GIMNAZIALĂ SAMUIL MICU SADU,6.1,-,-,4.65,-,-,-,-,-,-,5.37
2503,SB10304662,2503,LICEUL AUGUST TREBONIU LAURIAN AGNITA,6.05,-,-,4.7,-,-,-,-,-,-,5.37
2504,SB11023662,2504,ŞCOALA GIMNAZIALĂ RADU SELEJAN SIBIU,5.65,-,-,5.1,-,-,-,-,-,-,5.37
2505,SB10825299,2505,ŞCOALA GIMNAZIALĂ NICOLAE IORGA SIBIU,5.65,-,-,5.1,-,-,-,-,-,-,5.37
2506,SB9474202,2506,ŞCOALA GIMNAZIALĂ AUREL DECEI GURA RÂULUI,5.15,-,-,5.6,-,-,-,-,-,-,5.37
2507,SB10292280,2507,LICEUL TIMOTEI CIPARIU DUMBRĂVENI,5.15,-,-,5.6,-,-,-,-,-,-,5.37
2508,SB10173745,2508,ŞCOALA GIMNAZIALĂ RUŞI,6.6,-,-,4.1,-,-,-,-,-,-,5.35
2509,SB10431784,2509,ŞCOALA GIMNAZIALĂ ROŞIA,6.45,-,-,4.25,-,-,-,-,-,-,5.35
2510,SB9806773,2510,ŞCOALA GIMNAZIALĂ REGELE FERDINAND SIBIU,5.7,-,-,5,-,-,-,-,-,-,5.35
2511,SB9082298,2511,ŞCOALA GIMNAZIALĂ OCTAVIAN GOGA RĂŞINARI,5.7,-,-,5,-,-,-,-,-,-,5.35
2512,SB10084030,2512,LICEUL TEHNOLOGIC JOHANNES LEBEL TĂLMACIU,5.2,-,-,5.5,-,-,-,-,-,-,5.35
2513,SB7867066,2513,LICEUL ROMÂNO - FINLANDEZ ERI SIBIU,5,5.4,5.4,5.35,5.3,5.3,-,-,-,-,5.35
2514,SB8853363,2514,ŞCOALA GIMNAZIALĂ BOIAN,7.15,-,-,3.5,-,-,-,-,-,-,5.32
2515,SB9896724,2515,ŞCOALA GIMNAZIALĂ ALĂMOR,6.6,-,-,4.05,-,-,-,-,-,-,5.32
2516,SB11159826,2516,ŞCOALA GIMNAZIALĂ NR. 21 SIBIU,6.55,-,-,4.1,-,-,-,-,-,-,5.32
2517,SB10432603,2517,LICEUL DE ARTĂ SIBIU,6.5,-,-,4.15,-,-,-,-,-,-,5.32
2518,SB7866795,2518,ŞCOALA GIMNAZIALĂ OCNA SIBIULUI,6.15,-,-,4.5,-,-,-,-,-,-,5.32
2519,SB7867967,2519,ŞCOALA GIMNAZIALĂ OCNA SIBIULUI,5.65,-,-,5,-,-,-,-,-,-,5.32
2520,SB10426578,2520,LICEUL TEORETIC CONSTANTIN NOICA SIBIU,5.65,-,-,5,-,-,-,-,-,-,5.32
2521,SB659051,2521,ŞCOALA GIMNAZIALĂ NR. 1 SIBIU,6.9,-,-,3.7,-,-,-,-,-,-,5.3
2522,SB10468988,2522,ŞCOALA GIMNAZIALĂ NR. 7 MEDIAŞ,6.8,-,-,3.8,-,-,-,-,-,-,5.3
2523,SB10392149,2523,ŞCOALA GIMNAZIALĂ POPLACA,6.5,-,-,4.1,-,-,-,-,-,-,5.3
2524,SB9626839,2524,ŞCOALA GIMNAZIALĂ VIOREL CUCU PALTIN ARPAȘU DE JOS,5.85,-,-,4.75,-,-,-,-,-,-,5.3
2525,SB10874138,2525,ŞCOALA GIMNAZIALĂ REGELE FERDINAND SIBIU,7.55,-,-,3,-,-,-,-,-,-,5.27
2526,SB9510548,2526,ŞCOALA GIMNAZIALĂ NR. 25 SIBIU,6.4,-,-,4.15,-,-,-,-,-,-,5.27
2527,SB10637731,2527,LICEUL TIMOTEI CIPARIU DUMBRĂVENI,6.4,-,-,4.15,-,-,-,-,-,-,5.27
2528,SB14364275,2528,ŞCOALA GIMNAZIALĂ OCTAVIAN GOGA RĂŞINARI,5.8,-,-,4.75,-,-,-,-,-,-,5.27
2529,SB8940290,2529,ŞCOALA GIMNAZIALĂ ŞAROŞ PE TÂRNAVE,5.5,-,-,5.05,-,-,-,-,-,-,5.27
2530,SB13089213,2530,ŞCOALA GIMNAZIALĂ OCNA SIBIULUI,3.55,-,-,7,-,-,-,-,-,-,5.27
2531,SB4110251,2531,ŞCOALA GIMNAZIALĂ NR. 13 SIBIU,7.45,-,-,3.05,3.05,3.05,-,-,-,-,5.25
2532,SB11147164,2532,ŞCOALA GIMNAZIALĂ NOU,6.95,-,-,3.55,-,-,-,-,-,-,5.25
2533,SB12579579,2533,ŞCOALA GIMNAZIALĂ NR. 23 SIBIU,6.85,-,-,3.65,-,-,-,-,-,-,5.25
2534,SB10743912,2534,ŞCOALA GIMNAZIALĂ VURPĂR,6.5,-,-,4,-,-,-,-,-,-,5.25
2535,SB10972268,2535,ŞCOALA GIMNAZIALĂ AVIATOR IOAN SAVA ALŢÎNA,6.5,-,-,4,-,-,-,-,-,-,5.25
2536,SB10173294,2536,ŞCOALA GIMNAZIALĂ RUŞI,6.35,-,-,4.15,-,-,-,-,-,-,5.25
2537,SB8255351,2537,ŞCOALA GIMNAZIALĂ SAMUIL MICU SADU,5.4,-,-,5.1,-,-,-,-,-,-,5.25
2538,SB10342649,2538,ŞCOALA GIMNAZIALĂ CIREŞARII MEDIAŞ,5.3,-,-,5.2,-,-,-,-,-,-,5.25
2539,SB4093601,2539,ŞCOALA GIMNAZIALĂ NR. 2 SIBIU,4.85,-,-,5.65,-,-,-,-,-,-,5.25
2540,SB9747372,2540,ŞCOALA GIMNAZIALĂ ŞMIG,4,-,-,6.5,-,-,-,-,-,-,5.25
2541,SB8348178,2541,ŞCOALA GIMNAZIALĂ ŞEICA MARE,6.45,-,-,4,-,-,-,-,-,-,5.22
2542,SB12296904,2542,LICEUL TEORETIC GUSTAV GUNDISCH CISNĂDIE,6.4,-,-,4.05,-,-,-,-,-,-,5.22
2543,SB9255547,2543,ŞCOALA GIMNAZIALĂ BADEA CÎRŢAN CÂRŢIŞOARA,5.95,-,-,4.5,-,-,-,-,-,-,5.22
2544,SB9983254,2544,LICEUL TEHNOLOGIC IOAN LUPAŞ SĂLIŞTE,5.7,-,-,4.75,-,-,-,-,-,-,5.22
2545,SB9627926,2545,ŞCOALA GIMNAZIALĂ VIOREL CUCU PALTIN ARPAȘU DE JOS,5.45,-,-,5,-,-,-,-,-,-,5.22
2546,SB12315389,2546,LICEUL TEORETIC ONISIFOR GHIBU SIBIU,7.15,-,-,6.05,-,-,Limba germana,2.4,-,-,5.2
2547,SB10743936,2547,ŞCOALA GIMNAZIALĂ VURPĂR,6.9,-,-,3.5,-,-,-,-,-,-,5.2
2548,SB12312591,2548,COLEGIUL NAȚIONAL PEDAGOGIC ANDREI ŞAGUNA SIBIU,6.85,-,-,3.55,-,-,-,-,-,-,5.2
2549,SB10399887,2549,ŞCOALA GIMNAZIALĂ NOCRICH,6.45,-,-,3.95,-,-,-,-,-,-,5.2
2550,SB8751198,2550,ŞCOALA GIMNAZIALĂ MIHAI EMINESCU MEDIAŞ,6.3,-,-,4.1,-,-,-,-,-,-,5.2
2551,SB9009568,2551,ŞCOALA GIMNAZIALĂ NR. 3 CISNĂDIE,6.1,-,-,4.3,-,-,-,-,-,-,5.2
2552,SB10514264,2552,ŞCOALA GIMNAZIALĂ VURPĂR,5.8,-,-,4.6,-,-,-,-,-,-,5.2
2553,SB10442362,2553,ŞCOALA GIMNAZIALĂ NR. 7 MEDIAŞ,5.3,-,-,5.1,-,-,-,-,-,-,5.2
2554,SB8647510,2554,ŞCOALA GIMNAZIALĂ BRĂDENI,4.9,-,-,5.5,-,-,-,-,-,-,5.2
2555,SB10012550,2555,ŞCOALA GIMNAZIALĂ SĂCEL,4.9,-,-,5.5,-,-,-,-,-,-,5.2
2556,SB7995542,2556,ŞCOALA GIMNAZIALĂ LASLEA,4.4,-,-,6,-,-,-,-,-,-,5.2
2557,SB12297572,2557,ŞCOALA GIMNAZIALĂ REGELE FERDINAND SIBIU,6.85,-,-,3.5,-,-,-,-,-,-,5.17
2558,SB9786163,2558,ŞCOALA GIMNAZIALĂ PORUMBACU DE JOS,6.8,-,-,3.55,-,-,-,-,-,-,5.17
2559,SB9081999,2559,ŞCOALA GIMNAZIALĂ OCTAVIAN GOGA RĂŞINARI,6.65,-,-,3.7,-,-,-,-,-,-,5.17
2560,SB9076467,2560,COLEGIUL NAȚIONAL OCTAVIAN GOGA SIBIU,6.35,-,-,4,-,-,-,-,-,-,5.17
2561,SB12775270,2561,LICEUL TEORETIC GHEORGHE LAZĂR AVRIG,6.05,-,-,4.3,-,-,-,-,-,-,5.17
2562,SB8254757,2562,ŞCOALA GIMNAZIALĂ SAMUIL MICU SADU,5.75,-,-,4.6,-,-,-,-,-,-,5.17
2563,SB9378363,2563,LICEUL TEORETIC GUSTAV GUNDISCH CISNĂDIE,5.7,-,-,4.65,-,-,-,-,-,-,5.17
2564,SB9548417,2564,ŞCOALA GIMNAZIALĂ BRATEIU,5.35,-,-,5,-,-,-,-,-,-,5.17
2565,SB8511703,2565,ŞCOALA GIMNAZIALĂ RACOVIŢA,5.25,-,-,5.1,-,-,-,-,-,-,5.17
2566,SB10744086,2566,ŞCOALA GIMNAZIALĂ VURPĂR,6.65,-,-,3.65,-,-,-,-,-,-,5.15
2567,SB9103661,2567,ŞCOALA GIMNAZIALĂ NR. 23 SIBIU,6.4,-,-,3.9,-,-,-,-,-,-,5.15
2568,SB10318280,2568,ŞCOALA GIMNAZIALĂ CIREŞARII MEDIAŞ,5.7,-,-,4.6,-,-,-,-,-,-,5.15
2569,SB8284321,2569,ŞCOALA GIMNAZIALĂ BRUIU,5.65,-,-,4.65,-,-,-,-,-,-,5.15
2570,SB8185020,2570,ŞCOALA GIMNAZIALĂ TÂRNAVA,5.65,-,-,4.65,-,-,-,-,-,-,5.15
2571,SB8779829,2571,ŞCOALA GIMNAZIALĂ ŞEICA MARE,5.3,-,-,5,-,-,-,-,-,-,5.15
2572,SB9214878,2572,ŞCOALA GIMNAZIALĂ BIERTAN,4.85,-,-,5.45,-,-,-,-,-,-,5.15
2573,SB9078471,2573,ŞCOALA GIMNAZIALĂ NR. 8 SIBIU,6.55,-,-,3.7,-,-,-,-,-,-,5.12
2574,SB9707045,2574,ŞCOALA GIMNAZIALĂ CRISTIAN,5.75,-,-,4.5,-,-,-,-,-,-,5.12
2575,SB9520191,2575,ŞCOALA GIMNAZIALĂ AUREL DECEI GURA RÂULUI,5.75,-,-,4.5,-,-,-,-,-,-,5.12
2576,SB8942228,2576,ŞCOALA GIMNAZIALĂ BAZNA,5.75,-,-,4.5,-,-,-,-,-,-,5.12
2577,SB4094001,2577,ŞCOALA GIMNAZIALĂ NR. 13 SIBIU,5.3,-,-,4.95,-,-,-,-,-,-,5.12
2578,SB12128157,2578,ŞCOALA GIMNAZIALĂ ION LUCA CARAGIALE SIBIU,5.25,-,-,5,-,-,-,-,-,-,5.12
2579,SB10999275,2579,ŞCOALA GIMNAZIALĂ VURPĂR,5.25,-,-,5,-,-,-,-,-,-,5.12
2580,SB10434794,2580,ŞCOALA GIMNAZIALĂ IOAN SLAVICI SIBIU,4.95,5.25,5.25,5,-,-,-,-,-,-,5.12
2581,SB11075860,2581,ŞCOALA GIMNAZIALĂ NR. 23 SIBIU,4.6,-,-,5.65,-,-,-,-,-,-,5.12
2582,SB8965918,2582,ŞCOALA GIMNAZIALĂ NR. 7 MEDIAŞ,4.2,-,-,6.05,-,-,-,-,-,-,5.12
2583,SB11116248,2583,ŞCOALA GIMNAZIALĂ ION LUCA CARAGIALE SIBIU,4.4,-,-,3.95,-,-,Limba germana,7,-,-,5.11
2584,SB9081480,2584,ŞCOALA GIMNAZIALĂ OCTAVIAN GOGA RĂŞINARI,6.7,-,-,3.5,-,-,-,-,-,-,5.1
2585,SB10712406,2585,ŞCOALA GIMNAZIALĂ ROŞIA,6.65,-,-,3.55,-,-,-,-,-,-,5.1
2586,SB9646067,2586,ŞCOALA GIMNAZIALĂ REGELE FERDINAND SIBIU,5.9,6.2,6.2,4,-,-,-,-,-,-,5.1
2587,SB10409681,2587,ŞCOALA GIMNAZIALĂ NR. 1 SIBIU,5.7,6,6,4.2,-,-,-,-,-,-,5.1
2588,SB8184894,2588,ŞCOALA GIMNAZIALĂ TÂRNAVA,5.4,-,-,4.8,-,-,-,-,-,-,5.1
2589,SB10407830,2589,LICEUL TEORETIC GHEORGHE LAZĂR AVRIG,5.2,-,-,5,-,-,-,-,-,-,5.1
2590,SB10504533,2590,ŞCOALA GIMNAZIALĂ NR. 4 MEDIAŞ,7.15,-,-,3,-,-,-,-,-,-,5.07
2591,SB8311213,2591,ŞCOALA GIMNAZIALĂ BOIAN,6.15,-,-,4,-,-,-,-,-,-,5.07
2592,SB10107807,2592,ŞCOALA GIMNAZIALĂ IOAN MORARU DÂRLOS,6,-,-,4.15,-,-,-,-,-,-,5.07
2593,SB9216850,2593,ŞCOALA GIMNAZIALĂ VEŞTEM,5.65,-,-,4.5,-,-,-,-,-,-,5.07
2594,SB10048479,2594,ŞCOALA GIMNAZIALĂ CURCIU,5.25,-,-,4.9,-,-,-,-,-,-,5.07
2595,SB12480023,2595,ŞCOALA GIMNAZIALĂ ION LUCA CARAGIALE SIBIU,5,-,-,5.15,-,-,-,-,-,-,5.07
2596,SB10431375,2596,ŞCOALA GIMNAZIALĂ REGELE FERDINAND SIBIU,4.65,-,-,5.5,-,-,-,-,-,-,5.07
2597,SB9998496,2597,ŞCOALA GIMNAZIALĂ MERGHINDEAL,4.35,5.1,5.1,5.05,-,-,-,-,-,-,5.07
2598,SB10407987,2598,LICEUL TEHNOLOGIC MÂRŞA,6.6,-,-,3.5,-,-,-,-,-,-,5.05
2599,SB9078607,2599,ŞCOALA GIMNAZIALĂ NR. 25 SIBIU,6.1,-,-,4,-,-,-,-,-,-,5.05
2600,SB12088645,2600,COLEGIUL NAȚIONAL PEDAGOGIC ANDREI ŞAGUNA SIBIU,6,-,-,4.1,-,-,-,-,-,-,5.05
2601,SB8562648,2601,LICEUL DE ARTĂ SIBIU,5.45,5.4,5.4,4.7,-,-,-,-,-,-,5.05
2602,SB12297605,2602,ŞCOALA GIMNAZIALĂ IOAN SLAVICI SIBIU,5.1,-,-,5,-,-,-,-,-,-,5.05
2603,SB10125731,2603,ŞCOALA GIMNAZIALĂ NICOLAE IORGA SIBIU,5,-,-,5.1,-,-,-,-,-,-,5.05
2604,SB8940146,2604,LICEUL TIMOTEI CIPARIU DUMBRĂVENI,5.9,-,-,4.15,-,-,-,-,-,-,5.02
2605,SB683701,2605,COLEGIUL NAȚIONAL OCTAVIAN GOGA SIBIU,5.6,6.05,6.05,4,4,4,-,-,-,-,5.02
2606,SB10546985,2606,ŞCOALA GIMNAZIALĂ NR. 13 SIBIU,5.5,-,-,4.55,-,-,-,-,-,-,5.02
2607,SB10629899,2607,ŞCOALA GIMNAZIALĂ CAŞOLŢ,5.45,-,-,4.6,-,-,-,-,-,-,5.02
2608,SB9627827,2608,ŞCOALA GIMNAZIALĂ MATEI BASARAB TURNU ROŞU,5.4,-,-,4.65,-,-,-,-,-,-,5.02
2609,SB9365972,2609,ŞCOALA GIMNAZIALĂ NR. 21 SIBIU,5.05,-,-,5,-,-,-,-,-,-,5.02
2610,SB9988147,2610,LICEUL TEHNOLOGIC IACOBENI,5.05,-,-,5,-,-,-,-,-,-,5.02
2611,SB12275630,2611,ŞCOALA GIMNAZIALĂ CRISTIAN,4.95,-,-,5.1,-,-,-,-,-,-,5.02
2612,SB9473807,2612,ŞCOALA GIMNAZIALĂ AUREL DECEI GURA RÂULUI,4.95,-,-,5.1,-,-,-,-,-,-,5.02
2613,SB9648752,2613,LICEUL TEORETIC GUSTAV GUNDISCH CISNĂDIE,6.35,-,-,3.65,-,-,-,-,-,-,5
2614,SB10467195,2614,ŞCOALA GIMNAZIALĂ NR. 21 SIBIU,5.95,-,-,4.05,-,-,-,-,-,-,5
2615,SB7970421,2615,ŞCOALA GIMNAZIALĂ ȘEICA MICĂ,5.9,-,-,4.1,-,-,-,-,-,-,5
2616,SB8253656,2616,ŞCOALA GIMNAZIALĂ SAMUIL MICU SADU,5.9,-,-,4.1,-,-,-,-,-,-,5
2617,SB8894725,2617,ŞCOALA GIMNAZIALĂ NR. 4 MEDIAŞ,5.3,-,-,4.7,-,-,-,-,-,-,5
2618,SB9112293,2618,ŞCOALA GIMNAZIALĂ NR. 21 SIBIU,5,-,-,5,-,-,-,-,-,-,5
2619,SB10269773,2619,ŞCOALA GIMNAZIALĂ ŞURA MICĂ,6.8,5.95,5.95,4,-,-,-,-,-,-,4.97
2620,SB9021418,2620,ŞCOALA GIMNAZIALĂ NR. 7 MEDIAŞ,6.35,-,-,3.6,-,-,-,-,-,-,4.97
2621,SB7983664,2621,ŞCOALA GIMNAZIALĂ LASLEA,5.85,-,-,4.1,4.1,4.1,-,-,-,-,4.97
2622,SB9092646,2622,ŞCOALA GIMNAZIALĂ SAVA POPOVICI BARCIANU RĂŞINARI,5.85,-,-,4.1,-,-,-,-,-,-,4.97
2623,SB10106908,2623,ŞCOALA GIMNAZIALĂ ŞURA MICĂ,5.8,-,-,4.15,-,-,-,-,-,-,4.97
2624,SB10649196,2624,ŞCOALA GIMNAZIALĂ APOLDU DE JOS,5.45,-,-,4.5,-,-,-,-,-,-,4.97
2625,SB9080077,2625,ŞCOALA GIMNAZIALĂ OCTAVIAN GOGA RĂŞINARI,5.35,-,-,4.6,-,-,-,-,-,-,4.97
2626,SB10692301,2626,ŞCOALA GIMNAZIALĂ ION ALBESCU BOIŢA,5.35,-,-,4.6,-,-,-,-,-,-,4.97
2627,SB8184703,2627,ŞCOALA GIMNAZIALĂ TÂRNAVA,4.95,-,-,5,-,-,-,-,-,-,4.97
2628,SB9869915,2628,ŞCOALA GIMNAZIALĂ AŢEL,4.8,-,-,5.15,-,-,-,-,-,-,4.97
2629,SB10302075,2629,ŞCOALA GIMNAZIALĂ GEORGE POPA MEDIAŞ,6.9,-,-,3,-,-,-,-,-,-,4.95
2630,SB9754697,2630,ŞCOALA GIMNAZIALĂ NR. 4 SIBIU,6.25,6.45,6.45,3.45,-,-,-,-,-,-,4.95
2631,SB660051,2631,COLEGIUL NAȚIONAL OCTAVIAN GOGA SIBIU,5.9,-,-,4,-,-,-,-,-,-,4.95
2632,SB10458672,2632,ŞCOALA GIMNAZIALĂ REGINA MARIA SIBIU,5.4,-,-,4.5,4.5,4.5,-,-,-,-,4.95
2633,SB9845783,2633,ŞCOALA GIMNAZIALĂ JINA,5.1,5.3,5.3,4.65,4.6,4.6,-,-,-,-,4.95
2634,SB10563467,2634,LICEUL TEORETIC ONISIFOR GHIBU SIBIU,6.8,-,-,4.75,-,-,Limba germana,3.25,-,-,4.93
2635,SB9877253,2635,ŞCOALA GIMNAZIALĂ ION POP RETEGANUL ORLAT,6.35,-,-,3.5,-,-,-,-,-,-,4.92
2636,SB10629780,2636,ŞCOALA GIMNAZIALĂ CAŞOLŢ,6.2,6.35,6.35,3.5,-,-,-,-,-,-,4.92
2637,SB12297543,2637,ŞCOALA GIMNAZIALĂ MIHAI VITEAZU ŞELIMBĂR,6.05,-,-,3.6,3.8,3.8,-,-,-,-,4.92
2638,SB664101,2638,ŞCOALA GIMNAZIALĂ NR. 25 SIBIU,5.75,-,-,4.1,-,-,-,-,-,-,4.92
2639,SB9756748,2639,LICEUL TEORETIC GHEORGHE LAZĂR AVRIG,5.65,-,-,4.2,-,-,-,-,-,-,4.92
2640,SB8808823,2640,ŞCOALA GIMNAZIALĂ ALMA,5.5,-,-,4.35,-,-,-,-,-,-,4.92
2641,SB10023713,2641,ŞCOALA GIMNAZIALĂ NR. 4 SIBIU,5.35,-,-,4.5,-,-,-,-,-,-,4.92
2642,SB10378743,2642,ŞCOALA GIMNAZIALĂ MIHAI EMINESCU MEDIAŞ,6.8,-,-,3,-,-,-,-,-,-,4.9
2643,SB9656670,2643,ŞCOALA GIMNAZIALĂ ŞEICA MARE,6.45,6.7,6.7,3.2,3.1,3.1,-,-,-,-,4.9
2644,SB10595500,2644,LICEUL TIMOTEI CIPARIU DUMBRĂVENI,6.1,-,-,3.7,-,-,-,-,-,-,4.9
2645,SB14018198,2645,ŞCOALA GIMNAZIALĂ CONSTANTIN IOAN MOTAŞ MEDIAŞ,5.8,-,-,4,-,-,-,-,-,-,4.9
2646,SB8542375,2646,ŞCOALA GIMNAZIALĂ MIHĂILENI,5,-,-,4.8,-,-,-,-,-,-,4.9
2647,SB9131268,2647,ŞCOALA GIMNAZIALĂ MATEI BASARAB TURNU ROŞU,4.8,-,-,5,-,-,-,-,-,-,4.9
2648,SB10312864,2648,ŞCOALA GIMNAZIALĂ GEORGE POPA MEDIAŞ,3.8,-,-,6,-,-,-,-,-,-,4.9
2649,SB9663146,2649,ŞCOALA GIMNAZIALĂ BATHORY ISTVAN MEDIAŞ,5.25,-,-,4.5,-,-,Limba maghiara,4.9,-,-,4.88
2650,SB10511752,2650,LICEUL TEORETIC ROTH - OBERTH MEDIAŞ,4.6,-,-,3,-,-,Limba germana,7.05,-,-,4.88
2651,SB8463777,2651,ŞCOALA GIMNAZIALĂ BRUIU,7.5,-,-,2.25,-,-,-,-,-,-,4.87
2652,SB10744161,2652,ŞCOALA GIMNAZIALĂ VURPĂR,6.55,-,-,3.2,-,-,-,-,-,-,4.87
2653,SB9852312,2653,ŞCOALA GIMNAZIALĂ STEPHAN LUDWIG ROTH MOŞNA,6.25,-,-,3.5,-,-,-,-,-,-,4.87
2654,SB10295104,2654,ŞCOALA GIMNAZIALĂ NR. 7 MEDIAŞ,5.15,-,-,4.6,-,-,-,-,-,-,4.87
2655,SB9131423,2655,ŞCOALA GIMNAZIALĂ MATEI BASARAB TURNU ROŞU,4.6,-,-,5.15,-,-,-,-,-,-,4.87
2656,SB9523656,2656,ŞCOALA GIMNAZIALĂ BIERTAN,4.5,-,-,5.25,-,-,-,-,-,-,4.87
2657,SB9937782,2657,ŞCOALA GIMNAZIALĂ NR. 2 CISNĂDIE,4.4,-,-,5.35,-,-,-,-,-,-,4.87
2658,SB10307525,2658,ŞCOALA GIMNAZIALĂ GEORGE POPA MEDIAŞ,3.75,-,-,6,-,-,-,-,-,-,4.87
2659,SB12594044,2659,ŞCOALA GIMNAZIALĂ NR. 13 SIBIU,6.05,-,-,3.65,-,-,-,-,-,-,4.85
2660,SB10125825,2660,ŞCOALA GIMNAZIALĂ NICOLAE IORGA SIBIU,4.65,-,-,5.05,-,-,-,-,-,-,4.85
2661,SB13463073,2661,ŞCOALA GIMNAZIALĂ CIREŞARII MEDIAŞ,4.2,-,-,5.5,-,-,-,-,-,-,4.85
2662,SB8560525,2662,ŞCOALA GIMNAZIALĂ ŞURA MICĂ,3.2,-,-,6.5,-,-,-,-,-,-,4.85
2663,SB12235542,2663,ŞCOALA GIMNAZIALĂ NR. 25 SIBIU,6.6,-,-,3.05,-,-,-,-,-,-,4.82
2664,SB9668029,2664,ŞCOALA GIMNAZIALĂ VIOREL CUCU PALTIN ARPAȘU DE JOS,6.15,-,-,3.5,-,-,-,-,-,-,4.82
2665,SB9869012,2665,ŞCOALA GIMNAZIALĂ STEPHAN LUDWIG ROTH MOŞNA,5.65,-,-,4,-,-,-,-,-,-,4.82
2666,SB9877192,2666,ŞCOALA GIMNAZIALĂ ION POP RETEGANUL ORLAT,5.65,-,-,4,-,-,-,-,-,-,4.82
2667,SB10593904,2667,ŞCOALA GIMNAZIALĂ ION ALBESCU BOIŢA,5.15,-,-,4.5,-,-,-,-,-,-,4.82
2668,SB8018648,2668,ŞCOALA GIMNAZIALĂ HOGHILAG,5.15,-,-,4.5,-,-,-,-,-,-,4.82
2669,SB6272301,2669,ŞCOALA GIMNAZIALĂ NR. 21 SIBIU,5.05,-,-,4.6,-,-,-,-,-,-,4.82
2670,SB1989901,2670,ŞCOALA GIMNAZIALĂ NR. 2 CISNĂDIE,4.65,-,-,5,-,-,-,-,-,-,4.82
2671,SB12318023,2671,ŞCOALA GIMNAZIALĂ STEPHAN LUDWIG ROTH MOŞNA,6.6,-,-,3,-,-,-,-,-,-,4.8
2672,SB10304399,2672,ŞCOALA GIMNAZIALĂ NR. 7 MEDIAŞ,6.6,-,-,3,-,-,-,-,-,-,4.8
2673,SB10465091,2673,ŞCOALA GIMNAZIALĂ NR. 1 SIBIU,6.1,-,-,3.5,-,-,-,-,-,-,4.8
2674,SB9252864,2674,ŞCOALA GIMNAZIALĂ BADEA CÎRŢAN CÂRŢIŞOARA,5.6,-,-,4,-,-,-,-,-,-,4.8
2675,SB10315616,2675,ŞCOALA GIMNAZIALĂ GEORGE POPA MEDIAŞ,5.6,-,-,4,-,-,-,-,-,-,4.8
2676,SB9625906,2676,ŞCOALA GIMNAZIALĂ IOAN SLAVICI SIBIU,5.5,-,-,4.1,-,-,-,-,-,-,4.8
2677,SB10407901,2677,LICEUL TEHNOLOGIC MÂRŞA,5.35,5.1,5.1,4.5,-,-,-,-,-,-,4.8
2678,SB9116355,2678,ŞCOALA GIMNAZIALĂ MARȚIAN NEGREA VALEA VIILOR,5,-,-,4.6,-,-,-,-,-,-,4.8
2679,SB9718607,2679,ŞCOALA GIMNAZIALĂ TĂLMĂCEL,4.95,-,-,4.65,-,-,-,-,-,-,4.8
2680,SB12530373,2680,ŞCOALA GIMNAZIALĂ AVRIG,4.55,-,-,5.05,-,-,-,-,-,-,4.8
2681,SB9601903,2681,ŞCOALA GIMNAZIALĂ CURCIU,4.5,-,-,5.1,-,-,-,-,-,-,4.8
2682,SB10005317,2682,LICEUL TEORETIC GHEORGHE LAZĂR AVRIG,5.55,-,-,4,-,-,-,-,-,-,4.77
2683,SB9593322,2683,ŞCOALA GIMNAZIALĂ BRATEIU,5.05,-,-,4.5,-,-,-,-,-,-,4.77
2684,SB10083227,2684,ŞCOALA GIMNAZIALĂ MIHAI EMINESCU MEDIAŞ,5.05,-,-,4.5,-,-,-,-,-,-,4.77
2685,SB9379581,2685,ŞCOALA GIMNAZIALĂ AUREL DECEI GURA RÂULUI,5.05,-,-,4.5,-,-,-,-,-,-,4.77
2686,SB10009069,2686,ŞCOALA GIMNAZIALĂ AGÂRBICIU,6.4,-,-,3.1,-,-,-,-,-,-,4.75
2687,SB10106457,2687,ŞCOALA GIMNAZIALĂ NR. 13 SIBIU,6.35,-,-,3.15,-,-,-,-,-,-,4.75
2688,SB9815038,2688,ŞCOALA GIMNAZIALĂ AVRIG,6.3,-,-,3.2,-,-,-,-,-,-,4.75
2689,SB10514301,2689,LICEUL TEHNOLOGIC ILIE MĂCELARIU MIERCUREA SIBIULUI,6,-,-,3.5,-,-,-,-,-,-,4.75
2690,SB9935717,2690,LICEUL TEHNOLOGIC JOHANNES LEBEL TĂLMACIU,5.7,-,-,3.8,-,-,-,-,-,-,4.75
2691,SB12587587,2691,ŞCOALA GIMNAZIALĂ NR. 2 CISNĂDIE,5.5,-,-,4,-,-,-,-,-,-,4.75
2692,SB12062914,2692,ŞCOALA GIMNAZIALĂ BIERTAN,5.5,-,-,4,-,-,-,-,-,-,4.75
2693,SB12827083,2693,ŞCOALA GIMNAZIALĂ APOLDU DE SUS,5.5,-,-,4,-,-,-,-,-,-,4.75
2694,SB9067129,2694,ŞCOALA GIMNAZIALĂ NR. 2 SIBIU,5.3,-,-,4.2,-,-,-,-,-,-,4.75
2695,SB9765231,2695,ŞCOALA GIMNAZIALĂ ŞEICA MARE,5,-,-,4.5,-,-,-,-,-,-,4.75
2696,SB10490513,2696,LICEUL TEORETIC ROTH - OBERTH MEDIAŞ,5.5,-,-,3.7,-,-,Limba germana,5,-,-,4.73
2697,SB7995380,2697,ŞCOALA GIMNAZIALĂ LASLEA,5.45,-,-,4,-,-,-,-,-,-,4.72
2698,SB10086276,2698,ŞCOALA GIMNAZIALĂ AUREL DECEI GURA RÂULUI,4.95,-,-,4.5,-,-,-,-,-,-,4.72
2699,SB10929743,2699,ŞCOALA GIMNAZIALĂ NR. 5 MEDIAŞ,4.45,-,-,5,-,-,-,-,-,-,4.72
2700,SB11145708,2700,ŞCOALA GIMNAZIALĂ CAŞOLŢ,6.4,-,-,3,-,-,-,-,-,-,4.7
2701,SB12535917,2701,ŞCOALA GIMNAZIALĂ GEORGE POPA MEDIAŞ,6.4,-,-,3,-,-,-,-,-,-,4.7
2702,SB10055381,2702,LICEUL TEORETIC GHEORGHE LAZĂR AVRIG,6.2,-,-,3.2,-,-,-,-,-,-,4.7
2703,SB9255523,2703,ŞCOALA GIMNAZIALĂ BADEA CÎRŢAN CÂRŢIŞOARA,5.9,-,-,3.5,-,-,-,-,-,-,4.7
2704,SB9377126,2704,LICEUL TEORETIC GUSTAV GUNDISCH CISNĂDIE,5.9,-,-,3.5,-,-,-,-,-,-,4.7
2705,SB10433798,2705,ŞCOALA GIMNAZIALĂ IOAN SLAVICI SIBIU,5.45,4.8,4.8,4.5,4.6,4.6,-,-,-,-,4.7
2706,SB10435783,2706,ŞCOALA GIMNAZIALĂ IOAN SLAVICI SIBIU,5.4,-,-,4,-,-,-,-,-,-,4.7
2707,SB13179010,2707,ŞCOALA GIMNAZIALĂ ANDREI ȘAGUNA ŞURA MARE,5.4,-,-,4,-,-,-,-,-,-,4.7
2708,SB10267855,2708,ŞCOALA GIMNAZIALĂ ŞURA MICĂ,5.35,5.4,5.4,4,4,4,-,-,-,-,4.7
2709,SB10518487,2709,ŞCOALA GIMNAZIALĂ NR. 13 SIBIU,5.25,-,-,4.15,-,-,-,-,-,-,4.7
2710,SB10988711,2710,LICEUL TEORETIC CONSTANTIN NOICA SIBIU,5.25,5.35,5.35,4.15,4.05,4.05,-,-,-,-,4.7
2711,SB10963431,2711,ŞCOALA GIMNAZIALĂ SAVA POPOVICI BARCIANU RĂŞINARI,5.85,-,-,3.5,-,-,-,-,-,-,4.67
2712,SB10454412,2712,ŞCOALA GIMNAZIALĂ RADU SELEJAN SIBIU,5.55,-,-,3.9,3.8,3.8,-,-,-,-,4.67
2713,SB10638279,2713,LICEUL TIMOTEI CIPARIU DUMBRĂVENI,5.35,-,-,4,-,-,-,-,-,-,4.67
2714,SB10754843,2714,ŞCOALA GIMNAZIALĂ NR. 4 MEDIAŞ,5.35,-,-,4,-,-,-,-,-,-,4.67
2715,SB10446442,2715,ŞCOALA GIMNAZIALĂ REGELE FERDINAND SIBIU,5.35,-,-,4,-,-,-,-,-,-,4.67
2716,SB6271101,2716,ŞCOALA GIMNAZIALĂ RADU SELEJAN SIBIU,5.25,-,-,4.1,-,-,-,-,-,-,4.67
2717,SB9216298,2717,ŞCOALA GIMNAZIALĂ VEŞTEM,5.25,-,-,4.1,-,-,-,-,-,-,4.67
2718,SB8850539,2718,ŞCOALA GIMNAZIALĂ NR. 4 MEDIAŞ,5.2,-,-,4.15,-,-,-,-,-,-,4.67
2719,SB10390280,2719,ŞCOALA GIMNAZIALĂ NOIŞTAT,4.85,-,-,4.5,-,-,-,-,-,-,4.67
2720,SB10494387,2720,ŞCOALA GIMNAZIALĂ STEPHAN LUDWIG ROTH MOŞNA,4.85,-,-,4.5,-,-,-,-,-,-,4.67
2721,SB10418823,2721,ŞCOALA GIMNAZIALĂ CHIRPĂR,4.8,-,-,4.55,-,-,-,-,-,-,4.67
2722,SB9702447,2722,ŞCOALA GIMNAZIALĂ AŢEL,4.8,-,-,4.55,-,-,-,-,-,-,4.67
2723,SB9255520,2723,ŞCOALA GIMNAZIALĂ BADEA CÎRŢAN CÂRŢIŞOARA,4.75,-,-,4.6,-,-,-,-,-,-,4.67
2724,SB9675865,2724,ŞCOALA GIMNAZIALĂ IOAN SLAVICI SIBIU,4.55,-,-,4.8,-,-,-,-,-,-,4.67
2725,SB683451,2725,ŞCOALA GIMNAZIALĂ NR. 1 SIBIU,4.35,-,-,5,-,-,-,-,-,-,4.67
2726,SB10101874,2726,ŞCOALA GIMNAZIALĂ NR. 7 MEDIAŞ,3.85,-,-,5.5,-,-,-,-,-,-,4.67
2727,SB8028474,2727,ŞCOALA GIMNAZIALĂ VALCHID,6.3,-,-,3,-,-,-,-,-,-,4.65
2728,SB8543889,2728,ŞCOALA GIMNAZIALĂ MIHĂILENI,6.1,-,-,3.2,-,-,-,-,-,-,4.65
2729,SB7867704,2729,ŞCOALA GIMNAZIALĂ OCNA SIBIULUI,5.8,-,-,3.5,-,-,-,-,-,-,4.65
2730,SB8255136,2730,ŞCOALA GIMNAZIALĂ SAMUIL MICU SADU,5.3,-,-,4,-,-,-,-,-,-,4.65
2731,SB8853134,2731,ŞCOALA GIMNAZIALĂ BAZNA,5.3,-,-,4,-,-,-,-,-,-,4.65
2732,SB10304842,2732,LICEUL AUGUST TREBONIU LAURIAN AGNITA,4.8,-,-,4.5,-,-,-,-,-,-,4.65
2733,SB10285918,2733,ŞCOALA GIMNAZIALĂ REGELE FERDINAND SIBIU,5.25,-,-,4,-,-,-,-,-,-,4.62
2734,SB9235130,2734,ŞCOALA GIMNAZIALĂ ŞEICA MARE,5.05,-,-,4.2,-,-,-,-,-,-,4.62
2735,SB14320869,2735,LICEUL TEORETIC ROTH - OBERTH MEDIAŞ,4.7,-,-,3,-,-,Limba germana,6.15,-,-,4.61
2736,SB7987322,2736,ŞCOALA GIMNAZIALĂ IOAN BAN - DASCĂLU POIANA SIBIULUI,6.2,-,-,3,-,-,-,-,-,-,4.6
2737,SB12201846,2737,ŞCOALA GIMNAZIALĂ NR. 23 SIBIU,5.6,-,-,3.6,-,-,-,-,-,-,4.6
2738,SB9438891,2738,ŞCOALA GIMNAZIALĂ ALĂMOR,5.25,4.7,4.7,4.5,4.5,4.5,-,-,-,-,4.6
2739,SB9250498,2739,ŞCOALA GIMNAZIALĂ MARȚIAN NEGREA VALEA VIILOR,4.2,-,-,5,-,-,-,-,-,-,4.6
2740,SB10665990,2740,ŞCOALA GIMNAZIALĂ NR. 1 COPŞA MICĂ,4.1,-,-,5.1,-,-,-,-,-,-,4.6
2741,SB11145690,2741,ŞCOALA GIMNAZIALĂ NR. 21 SIBIU,5.95,-,-,3.15,-,-,-,-,-,-,4.55
2742,SB10973917,2742,ŞCOALA GIMNAZIALĂ AVIATOR IOAN SAVA ALŢÎNA,5.6,-,-,3.5,-,-,-,-,-,-,4.55
2743,SB8311464,2743,ŞCOALA GIMNAZIALĂ BOIAN,5.55,-,-,3.55,-,-,-,-,-,-,4.55
2744,SB11161215,2744,ŞCOALA GIMNAZIALĂ SLIMNIC,5.1,-,-,4,-,-,-,-,-,-,4.55
2745,SB9858219,2745,ŞCOALA GIMNAZIALĂ STEPHAN LUDWIG ROTH MOŞNA,5.1,-,-,4,-,-,-,-,-,-,4.55
2746,SB8990080,2746,ŞCOALA GIMNAZIALĂ VEŞTEM,5.1,-,-,4,-,-,-,-,-,-,4.55
2747,SB8918510,2747,ŞCOALA GIMNAZIALĂ BUZD,5,-,-,4.1,-,-,-,-,-,-,4.55
2748,SB12315240,2748,COLEGIUL NAȚIONAL OCTAVIAN GOGA SIBIU,4.1,-,-,5,-,-,-,-,-,-,4.55
2749,SB9225590,2749,ŞCOALA GIMNAZIALĂ BIERTAN,4.1,-,-,5,-,-,-,-,-,-,4.55
2750,SB10411781,2750,ŞCOALA GIMNAZIALĂ RADU SELEJAN SIBIU,4,-,-,5.1,-,-,-,-,-,-,4.55
2751,SB10319526,2751,ŞCOALA GIMNAZIALĂ NICOLAE IORGA SIBIU,4.1,-,-,6.6,-,-,Limba germana,2.35,2.9,2.9,4.53
2752,SB10348151,2752,LICEUL AUGUST TREBONIU LAURIAN AGNITA,5.9,-,-,3.15,-,-,-,-,-,-,4.52
2753,SB10420471,2753,ŞCOALA GIMNAZIALĂ CHIRPĂR,5.55,-,-,3.5,-,-,-,-,-,-,4.52
2754,SB9439845,2754,ŞCOALA GIMNAZIALĂ ALĂMOR,5.55,-,-,3.5,-,-,-,-,-,-,4.52
2755,SB9627856,2755,ŞCOALA GIMNAZIALĂ VIOREL CUCU PALTIN ARPAȘU DE JOS,5.5,-,-,3.55,-,-,-,-,-,-,4.52
2756,SB10712061,2756,ŞCOALA GIMNAZIALĂ NOU,5.05,-,-,4,-,-,-,-,-,-,4.52
2757,SB9379742,2757,ŞCOALA GIMNAZIALĂ GEORG DANIEL TEUTSCH AGNITA,5.05,-,-,4,-,-,-,-,-,-,4.52
2758,SB9870116,2758,ŞCOALA GIMNAZIALĂ AŢEL,4.85,-,-,4.2,-,-,-,-,-,-,4.52
2759,SB10446142,2759,ŞCOALA GIMNAZIALĂ RADU SELEJAN SIBIU,4.6,5.05,5.05,4,-,-,-,-,-,-,4.52
2760,SB7865032,2760,ŞCOALA GIMNAZIALĂ OCNA SIBIULUI,4.55,-,-,4.5,-,-,-,-,-,-,4.52
2761,SB9935613,2761,LICEUL TEHNOLOGIC JOHANNES LEBEL TĂLMACIU,4.45,-,-,4.6,-,-,-,-,-,-,4.52
2762,SB8788209,2762,ŞCOALA GIMNAZIALĂ ŞEICA MARE,4.05,-,-,5,-,-,-,-,-,-,4.52
2763,SB10606411,2763,LICEUL TIMOTEI CIPARIU DUMBRĂVENI,6.6,5.8,5.8,3.1,3.2,3.2,-,-,-,-,4.5
2764,SB10687715,2764,ŞCOALA GIMNAZIALĂ MIHĂILENI,6.15,-,-,2.85,-,-,-,-,-,-,4.5
2765,SB9117549,2765,ŞCOALA GIMNAZIALĂ OCTAVIAN GOGA RĂŞINARI,6,-,-,3,-,-,-,-,-,-,4.5
2766,SB8255610,2766,ŞCOALA GIMNAZIALĂ SAMUIL MICU SADU,5.5,-,-,3.5,-,-,-,-,-,-,4.5
2767,SB10176688,2767,ŞCOALA GIMNAZIALĂ NR. 13 SIBIU,5,-,-,4,-,-,-,-,-,-,4.5
2768,SB6377551,2768,ŞCOALA GIMNAZIALĂ CIREŞARII MEDIAŞ,5,-,-,4,-,-,-,-,-,-,4.5
2769,SB7866900,2769,ŞCOALA GIMNAZIALĂ OCNA SIBIULUI,5,-,-,4,-,-,-,-,-,-,4.5
2770,SB10389076,2770,ŞCOALA GIMNAZIALĂ ION LUCA CARAGIALE SIBIU,4.5,-,-,4.5,-,-,-,-,-,-,4.5
2771,SB9588655,2771,ŞCOALA GIMNAZIALĂ BRATEIU,5.85,-,-,3.1,-,-,-,-,-,-,4.47
2772,SB9727995,2772,ŞCOALA GIMNAZIALĂ CRISTIAN,5.45,-,-,3.5,-,-,-,-,-,-,4.47
2773,SB10823892,2773,LICEUL TEORETIC CONSTANTIN NOICA SIBIU,4.95,-,-,4,-,-,-,-,-,-,4.47
2774,SB10447568,2774,ŞCOALA GIMNAZIALĂ MIHAI VITEAZU ŞELIMBĂR,4.95,-,-,4,-,-,-,-,-,-,4.47
2775,SB10891715,2775,ŞCOALA GIMNAZIALĂ REGELE FERDINAND SIBIU,4.45,-,-,4.5,-,-,-,-,-,-,4.47
2776,SB8184658,2776,ŞCOALA GIMNAZIALĂ TÂRNAVA,3.35,-,-,5.6,-,-,-,-,-,-,4.47
2777,SB8963143,2777,ŞCOALA GIMNAZIALĂ NR. 2 SIBIU,5.9,-,-,3,-,-,-,-,-,-,4.45
2778,SB10426329,2778,ŞCOALA GIMNAZIALĂ NR. 23 SIBIU,5.4,-,-,3.5,-,-,-,-,-,-,4.45
2779,SB9526078,2779,ŞCOALA GIMNAZIALĂ AUREL DECEI GURA RÂULUI,5.3,-,-,3.6,-,-,-,-,-,-,4.45
2780,SB10499754,2780,ŞCOALA GIMNAZIALĂ CORNELIU PĂCURARIU MICĂSASA,4.9,-,-,4,-,-,-,-,-,-,4.45
2781,SB10447960,2781,ŞCOALA GIMNAZIALĂ DAIA,4.9,-,-,4,-,-,-,-,-,-,4.45
2782,SB9488237,2782,ŞCOALA GIMNAZIALĂ NR. 1 SIBIU,4.9,-,-,4,-,-,-,-,-,-,4.45
2783,SB10649497,2783,ŞCOALA GIMNAZIALĂ APOLDU DE JOS,4.4,-,-,4.5,-,-,-,-,-,-,4.45
2784,SB8822496,2784,ŞCOALA GIMNAZIALĂ NR. 10 SIBIU,4.2,-,-,4.7,-,-,-,-,-,-,4.45
2785,SB9494181,2785,ŞCOALA GIMNAZIALĂ LOAMNEŞ,2.9,-,-,6,-,-,-,-,-,-,4.45
2786,SB10382185,2786,ŞCOALA GIMNAZIALĂ NR. 4 MEDIAŞ,6.3,-,-,2.55,-,-,-,-,-,-,4.42
2787,SB10347427,2787,LICEUL DE ARTĂ SIBIU,5.85,-,-,3,-,-,-,-,-,-,4.42
2788,SB10110765,2788,ŞCOALA GIMNAZIALĂ REGELE FERDINAND SIBIU,5.35,-,-,3.5,-,-,-,-,-,-,4.42
2789,SB10305745,2789,LICEUL TIMOTEI CIPARIU DUMBRĂVENI,4.85,-,-,4,-,-,-,-,-,-,4.42
2790,SB10656199,2790,ŞCOALA GIMNAZIALĂ SAVA POPOVICI BARCIANU RĂŞINARI,4.65,-,-,4.2,-,-,-,-,-,-,4.42
2791,SB9661900,2791,ŞCOALA GIMNAZIALĂ ŞEICA MARE,4.35,-,-,4.5,-,-,-,-,-,-,4.42
2792,SB7986317,2792,ŞCOALA GIMNAZIALĂ LASLEA,4.35,-,-,4.5,-,-,-,-,-,-,4.42
2793,SB10320547,2793,LICEUL AUGUST TREBONIU LAURIAN AGNITA,6.2,-,-,2.6,-,-,-,-,-,-,4.4
2794,SB9093000,2794,ŞCOALA GIMNAZIALĂ SAVA POPOVICI BARCIANU RĂŞINARI,5.8,-,-,3,-,-,-,-,-,-,4.4
2795,SB9314215,2795,ŞCOALA GIMNAZIALĂ ANDREI ȘAGUNA ŞURA MARE,5.05,-,-,3.75,-,-,-,-,-,-,4.4
2796,SB9494629,2796,ŞCOALA GIMNAZIALĂ LOAMNEŞ,4.9,5.3,5.3,3.55,3.5,3.5,-,-,-,-,4.4
2797,SB9805701,2797,ŞCOALA GIMNAZIALĂ TĂLMACIU,4.8,-,-,4,-,-,-,-,-,-,4.4
2798,SB8255193,2798,ŞCOALA GIMNAZIALĂ SAMUIL MICU SADU,5.75,-,-,3,3,3,-,-,-,-,4.37
2799,SB10886390,2799,ŞCOALA GIMNAZIALĂ BÂRGHIŞ,5.25,-,-,3.5,-,-,-,-,-,-,4.37
2800,SB8215328,2800,ŞCOALA GIMNAZIALĂ ANDREI ȘAGUNA ŞURA MARE,5.25,-,-,3.5,-,-,-,-,-,-,4.37
2801,SB8940467,2801,ŞCOALA GIMNAZIALĂ ŞAROŞ PE TÂRNAVE,5.1,-,-,3.65,-,-,-,-,-,-,4.37
2802,SB9988123,2802,LICEUL TEORETIC CONSTANTIN NOICA SIBIU,4.75,-,-,4,-,-,-,-,-,-,4.37
2803,SB9869577,2803,ŞCOALA GIMNAZIALĂ AŢEL,4.25,-,-,4.5,-,-,-,-,-,-,4.37
2804,SB8486841,2804,ŞCOALA GIMNAZIALĂ NR. 7 MEDIAŞ,5.6,-,-,3.1,-,-,-,-,-,-,4.35
2805,SB9870984,2805,ŞCOALA GIMNAZIALĂ STEPHAN LUDWIG ROTH MOŞNA,5.2,-,-,3.5,-,-,-,-,-,-,4.35
2806,SB11145685,2806,ŞCOALA GIMNAZIALĂ CAŞOLŢ,5.2,-,-,3.5,-,-,-,-,-,-,4.35
2807,SB10006499,2807,COLEGIUL NAȚIONAL OCTAVIAN GOGA SIBIU,5.2,-,-,3.5,-,-,-,-,-,-,4.35
2808,SB12106599,2808,LICEUL TEHNOLOGIC ILIE MĂCELARIU MIERCUREA SIBIULUI,5.2,-,-,3.5,-,-,-,-,-,-,4.35
2809,SB10464868,2809,ŞCOALA GIMNAZIALĂ ANDREI ȘAGUNA ŞURA MARE,5.2,-,-,3.5,-,-,-,-,-,-,4.35
2810,SB10111903,2810,ŞCOALA GIMNAZIALĂ NR. 4 MEDIAŞ,4.7,-,-,4,-,-,-,-,-,-,4.35
2811,SB10167574,2811,ŞCOALA GIMNAZIALĂ SLIMNIC,4.7,-,-,4,-,-,-,-,-,-,4.35
2812,SB7968672,2812,ŞCOALA GIMNAZIALĂ ȘEICA MICĂ,3.65,-,-,5.05,-,-,-,-,-,-,4.35
2813,SB10327843,2813,ŞCOALA GIMNAZIALĂ APOLDU DE SUS,5.1,-,-,4.5,-,-,Limba germana,3.4,-,-,4.33
2814,SB10281223,2814,ŞCOALA GIMNAZIALĂ REGELE FERDINAND SIBIU,6.15,-,-,2.5,-,-,-,-,-,-,4.32
2815,SB9095223,2815,ŞCOALA GIMNAZIALĂ NR. 12 SIBIU,5.65,-,-,3,-,-,-,-,-,-,4.32
2816,SB10629736,2816,ŞCOALA GIMNAZIALĂ CAŞOLŢ,5.45,-,-,3.2,-,-,-,-,-,-,4.32
2817,SB9349324,2817,ŞCOALA GIMNAZIALĂ SLIMNIC,4.65,-,-,4,-,-,-,-,-,-,4.32
2818,SB8442238,2818,ŞCOALA GIMNAZIALĂ TÂRNAVA,4.15,-,-,4.5,-,-,-,-,-,-,4.32
2819,SB10313826,2819,ŞCOALA GIMNAZIALĂ GEORGE POPA MEDIAŞ,4.15,-,-,4.5,-,-,-,-,-,-,4.32
2820,SB9663502,2820,ŞCOALA GIMNAZIALĂ ŞEICA MARE,4.15,-,-,4.5,-,-,-,-,-,-,4.32
2821,SB9473498,2821,ŞCOALA GIMNAZIALĂ AUREL DECEI GURA RÂULUI,3.65,-,-,5,-,-,-,-,-,-,4.32
2822,SB10509283,2822,ŞCOALA GIMNAZIALĂ APOLDU DE SUS,5.6,-,-,3.1,-,-,Limba germana,4.25,-,-,4.31
2823,SB8534814,2823,ŞCOALA GIMNAZIALĂ AXENTE SEVER,6.55,-,-,2.05,-,-,-,-,-,-,4.3
2824,SB10477017,2824,ŞCOALA GIMNAZIALĂ APOLDU DE SUS,6.05,-,-,3.6,-,-,Limba germana,3.25,-,-,4.3
2825,SB10167028,2825,ŞCOALA GIMNAZIALĂ SLIMNIC,5.55,-,-,3.05,-,-,-,-,-,-,4.3
2826,SB9656086,2826,ŞCOALA GIMNAZIALĂ POPLACA,5.1,-,-,3.5,-,-,-,-,-,-,4.3
2827,SB10362983,2827,LICEUL TEORETIC CONSTANTIN NOICA SIBIU,4.8,5.1,5.1,3.5,3.5,3.5,-,-,-,-,4.3
2828,SB8914663,2828,ŞCOALA GIMNAZIALĂ BUZD,4.6,-,-,4,-,-,-,-,-,-,4.3
2829,SB4856501,2829,ŞCOALA GIMNAZIALĂ OCNA SIBIULUI,4.1,-,-,4.5,-,-,-,-,-,-,4.3
2830,SB10050102,2830,ŞCOALA GIMNAZIALĂ ANDREI ȘAGUNA ŞURA MARE,3.6,-,-,5,-,-,-,-,-,-,4.3
2831,SB10476547,2831,ŞCOALA GIMNAZIALĂ APOLDU DE SUS,3.1,-,-,5.5,-,-,-,-,-,-,4.3
2832,SB10425400,2832,ŞCOALA GIMNAZIALĂ NR. 8 SIBIU,6.45,-,-,2.1,-,-,-,-,-,-,4.27
2833,SB9232168,2833,ŞCOALA GIMNAZIALĂ NR. 2 CISNĂDIE,6.05,-,-,2.5,-,-,-,-,-,-,4.27
2834,SB9815394,2834,LICEUL DE ARTĂ SIBIU,5.55,-,-,3,-,-,-,-,-,-,4.27
2835,SB8961020,2835,ŞCOALA GIMNAZIALĂ GEORGE POPA MEDIAŞ,5.5,-,-,3.05,-,-,-,-,-,-,4.27
2836,SB9080401,2836,ŞCOALA GIMNAZIALĂ REGELE FERDINAND SIBIU,5.35,4.55,4.55,4,4,4,-,-,-,-,4.27
2837,SB9710485,2837,ŞCOALA GIMNAZIALĂ ION POP RETEGANUL ORLAT,4.05,-,-,4.5,-,-,-,-,-,-,4.27
2838,SB9851397,2838,ŞCOALA GIMNAZIALĂ STEPHAN LUDWIG ROTH MOŞNA,4.05,-,-,4.5,-,-,-,-,-,-,4.27
2839,SB9863891,2839,ŞCOALA GIMNAZIALĂ NR. 4 SIBIU,4.05,-,-,4.5,-,-,-,-,-,-,4.27
2840,SB10447194,2840,ŞCOALA GIMNAZIALĂ LUCIAN BOLOGA MARPOD,5,-,-,3.5,3.5,3.5,-,-,-,-,4.25
2841,SB10480438,2841,ŞCOALA GIMNAZIALĂ APOLDU DE SUS,5,-,-,3.5,-,-,-,-,-,-,4.25
2842,SB8220007,2842,ŞCOALA GIMNAZIALĂ RACOVIŢA,4,-,-,4.5,-,-,-,-,-,-,4.25
2843,SB10630037,2843,ŞCOALA GIMNAZIALĂ CAŞOLŢ,3.5,-,-,5,-,-,-,-,-,-,4.25
2844,SB9980300,2844,LICEUL TEHNOLOGIC IACOBENI,3.5,-,-,5,-,-,-,-,-,-,4.25
2845,SB10578689,2845,LICEUL TIMOTEI CIPARIU DUMBRĂVENI,3,-,-,5.5,-,-,-,-,-,-,4.25
2846,SB9977798,2846,LICEUL TEHNOLOGIC IOAN LUPAŞ SĂLIŞTE,5.95,-,-,2.5,-,-,-,-,-,-,4.22
2847,SB8540417,2847,ŞCOALA GIMNAZIALĂ NR. 7 MEDIAŞ,5.45,-,-,3,-,-,-,-,-,-,4.22
2848,SB7974781,2848,ŞCOALA GIMNAZIALĂ LASLEA,4.85,-,-,3.6,-,-,-,-,-,-,4.22
2849,SB11033505,2849,ŞCOALA GIMNAZIALĂ AVIATOR IOAN SAVA ALŢÎNA,4.45,-,-,4,-,-,-,-,-,-,4.22
2850,SB9383727,2850,ŞCOALA GIMNAZIALĂ GEORG DANIEL TEUTSCH AGNITA,4.45,-,-,4,-,-,-,-,-,-,4.22
2851,SB8779655,2851,ŞCOALA GIMNAZIALĂ ŞEICA MARE,4.9,-,-,3.5,-,-,-,-,-,-,4.2
2852,SB10290312,2852,ŞCOALA GIMNAZIALĂ GEORG DANIEL TEUTSCH AGNITA,5.35,-,-,3,-,-,-,-,-,-,4.17
2853,SB9220996,2853,ŞCOALA GIMNAZIALĂ TÂRNAVA,5.35,-,-,3,-,-,-,-,-,-,4.17
2854,SB10051831,2854,ŞCOALA GIMNAZIALĂ NR. 2 CISNĂDIE,5.3,-,-,3,-,-,-,-,-,-,4.15
2855,SB9627360,2855,ŞCOALA GIMNAZIALĂ ANDREI ȘAGUNA ŞURA MARE,4.8,-,-,3.5,-,-,-,-,-,-,4.15
2856,SB12065623,2856,ŞCOALA GIMNAZIALĂ NR. 4 MEDIAŞ,4.8,-,-,3.5,-,-,-,-,-,-,4.15
2857,SB7867644,2857,ŞCOALA GIMNAZIALĂ OCNA SIBIULUI,4.8,-,-,3.5,-,-,-,-,-,-,4.15
2858,SB10507021,2858,ŞCOALA GIMNAZIALĂ APOLDU DE SUS,4.3,-,-,4,-,-,-,-,-,-,4.15
2859,SB11118349,2859,ŞCOALA GIMNAZIALĂ NR. 11 SIBIU,3.8,-,-,4.5,-,-,-,-,-,-,4.15
2860,SB9234480,2860,ŞCOALA GIMNAZIALĂ ŞEICA MARE,5.25,-,-,3,-,-,-,-,-,-,4.12
2861,SB10399689,2861,ŞCOALA GIMNAZIALĂ NOCRICH,5.25,-,-,3,-,-,-,-,-,-,4.12
2862,SB9274731,2862,ŞCOALA GIMNAZIALĂ IGHIŞU NOU,4.75,-,-,3.5,-,-,-,-,-,-,4.12
2863,SB9378204,2863,LICEUL TEORETIC GUSTAV GUNDISCH CISNĂDIE,4.25,-,-,4,-,-,-,-,-,-,4.12
2864,SB10085648,2864,ŞCOALA GIMNAZIALĂ REGELE FERDINAND SIBIU,3.25,-,-,5,-,-,-,-,-,-,4.12
2865,SB8942055,2865,ŞCOALA GIMNAZIALĂ ALMA,3.2,-,-,5.05,-,-,-,-,-,-,4.12
2866,SB9989868,2866,ŞCOALA GIMNAZIALĂ NR. 2 CISNĂDIE,5.2,-,-,3,-,-,-,-,-,-,4.1
2867,SB10411282,2867,ŞCOALA GIMNAZIALĂ NR. 18 SIBIU,4.7,-,-,3.5,-,-,-,-,-,-,4.1
2868,SB9225537,2868,ŞCOALA GIMNAZIALĂ BIERTAN,3.7,-,-,4.5,-,-,-,-,-,-,4.1
2869,SB7911650,2869,ŞCOALA GIMNAZIALĂ NR. 5 MEDIAŞ,5.15,-,-,3,-,-,-,-,-,-,4.07
2870,SB10606145,2870,LICEUL TIMOTEI CIPARIU DUMBRĂVENI,5.05,-,-,3.1,-,-,-,-,-,-,4.07
2871,SB10022861,2871,ŞCOALA GIMNAZIALĂ NR. 12 SIBIU,4.65,-,-,3.5,-,-,-,-,-,-,4.07
2872,SB8926224,2872,LICEUL TIMOTEI CIPARIU DUMBRĂVENI,4.65,-,-,3.5,-,-,-,-,-,-,4.07
2873,SB8045097,2873,ŞCOALA GIMNAZIALĂ NR. 10 SIBIU,3.15,-,-,5,-,-,-,-,-,-,4.07
2874,SB12151116,2874,ŞCOALA GIMNAZIALĂ BOIAN,6.6,-,-,1.5,-,-,-,-,-,-,4.05
2875,SB9852446,2875,ŞCOALA GIMNAZIALĂ STEPHAN LUDWIG ROTH MOŞNA,5.6,-,-,2.5,-,-,-,-,-,-,4.05
2876,SB9769171,2876,ŞCOALA GIMNAZIALĂ AUREL DECEI GURA RÂULUI,5.6,-,-,2.5,-,-,-,-,-,-,4.05
2877,SB9725313,2877,ŞCOALA GIMNAZIALĂ ŞEICA MARE,5.1,-,-,3,-,-,-,-,-,-,4.05
2878,SB9350028,2878,ŞCOALA GIMNAZIALĂ OCTAVIAN GOGA RĂŞINARI,5.1,-,-,3,-,-,-,-,-,-,4.05
2879,SB9850517,2879,ŞCOALA GIMNAZIALĂ STEPHAN LUDWIG ROTH MOŞNA,5.1,-,-,3,-,-,-,-,-,-,4.05
2880,SB9838808,2880,ŞCOALA GIMNAZIALĂ LOAMNEŞ,4.5,-,-,3.6,-,-,-,-,-,-,4.05
2881,SB10394091,2881,ŞCOALA GIMNAZIALĂ POPLACA,4.5,-,-,3.6,-,-,-,-,-,-,4.05
2882,SB9274765,2882,ŞCOALA GIMNAZIALĂ IGHIŞU NOU,4.1,-,-,4,-,-,-,-,-,-,4.05
2883,SB10475365,2883,ŞCOALA GIMNAZIALĂ NR. 10 SIBIU,3.6,-,-,4.5,-,-,-,-,-,-,4.05
2884,SB9118499,2884,ŞCOALA GIMNAZIALĂ OCTAVIAN GOGA RĂŞINARI,5.55,-,-,2.5,-,-,-,-,-,-,4.02
2885,SB13200143,2885,ŞCOALA GIMNAZIALĂ VIOREL CUCU PALTIN ARPAȘU DE JOS,5.05,-,-,3,-,-,-,-,-,-,4.02
2886,SB10743857,2886,ŞCOALA GIMNAZIALĂ VURPĂR,5.05,-,-,3,-,-,-,-,-,-,4.02
2887,SB12235204,2887,ŞCOALA GIMNAZIALĂ SAVA POPOVICI BARCIANU RĂŞINARI,5.05,-,-,3,-,-,-,-,-,-,4.02
2888,SB10022957,2888,ŞCOALA GIMNAZIALĂ ANDREI ȘAGUNA ŞURA MARE,4.55,-,-,3.5,-,-,-,-,-,-,4.02
2889,SB9423368,2889,ŞCOALA GIMNAZIALĂ AVRIG,4.55,-,-,3.5,-,-,-,-,-,-,4.02
2890,SB10460078,2890,ŞCOALA GIMNAZIALĂ NR. 1 SIBIU,4.55,-,-,3.5,-,-,-,-,-,-,4.02
2891,SB9252542,2891,ŞCOALA GIMNAZIALĂ BADEA CÎRŢAN CÂRŢIŞOARA,5.95,-,-,2.05,-,-,-,-,-,-,4
2892,SB9858644,2892,ŞCOALA GIMNAZIALĂ STEPHAN LUDWIG ROTH MOŞNA,4,-,-,4,-,-,-,-,-,-,4
2893,SB9117779,2893,ŞCOALA GIMNAZIALĂ OCTAVIAN GOGA RĂŞINARI,3.5,-,-,4.5,-,-,-,-,-,-,4
2894,SB8848297,2894,ŞCOALA GIMNAZIALĂ BAZNA,5.9,-,-,2.05,-,-,-,-,-,-,3.97
2895,SB9591893,2895,ŞCOALA GIMNAZIALĂ NR. 2 SIBIU,5.45,-,-,2.5,-,-,-,-,-,-,3.97
2896,SB13200191,2896,LICEUL TEHNOLOGIC ILIE MĂCELARIU MIERCUREA SIBIULUI,4.45,-,-,3.5,-,-,-,-,-,-,3.97
2897,SB10283639,2897,ŞCOALA GIMNAZIALĂ NR. 4 MEDIAŞ,3.95,-,-,4,-,-,-,-,-,-,3.97
2898,SB10593555,2898,LICEUL TIMOTEI CIPARIU DUMBRĂVENI,3.45,-,-,4.5,-,-,-,-,-,-,3.97
2899,SB8563388,2899,ŞCOALA GIMNAZIALĂ BÂRGHIŞ,5.8,-,-,2.05,-,-,-,-,-,-,3.92
2900,SB10655715,2900,ŞCOALA GIMNAZIALĂ NOU,5.35,-,-,2.5,-,-,-,-,-,-,3.92
2901,SB10269399,2901,ŞCOALA GIMNAZIALĂ ŞURA MICĂ,4.85,-,-,3,-,-,-,-,-,-,3.92
2902,SB12012763,2902,ŞCOALA GIMNAZIALĂ ILIE MICU LUDOŞ,4.85,-,-,3,-,-,-,-,-,-,3.92
2903,SB10290808,2903,LICEUL TIMOTEI CIPARIU DUMBRĂVENI,4.35,-,-,3.5,-,-,-,-,-,-,3.92
2904,SB14265759,2904,ŞCOALA GIMNAZIALĂ OCNA SIBIULUI,4.35,-,-,3.5,-,-,-,-,-,-,3.92
2905,SB13978114,2905,ŞCOALA GIMNAZIALĂ CORNELIU PĂCURARIU MICĂSASA,5.3,-,-,2.5,-,-,-,-,-,-,3.9
2906,SB9846366,2906,ŞCOALA GIMNAZIALĂ JINA,5.3,-,-,2.5,-,-,-,-,-,-,3.9
2907,SB8852978,2907,ŞCOALA GIMNAZIALĂ BAZNA,5.3,-,-,2.5,-,-,-,-,-,-,3.9
2908,SB9104112,2908,COLEGIUL NAȚIONAL OCTAVIAN GOGA SIBIU,5.25,-,-,2.55,-,-,-,-,-,-,3.9
2909,SB10488753,2909,ŞCOALA GIMNAZIALĂ CORNELIU PĂCURARIU MICĂSASA,4.75,-,-,3.05,-,-,-,-,-,-,3.9
2910,SB10432700,2910,ŞCOALA GIMNAZIALĂ ROŞIA,4.7,-,-,3.1,-,-,-,-,-,-,3.9
2911,SB4072551,2911,ŞCOALA GIMNAZIALĂ NR. 23 SIBIU,3.7,-,-,4.1,-,-,-,-,-,-,3.9
2912,SB10688935,2912,ŞCOALA GIMNAZIALĂ VURPĂR,3.3,-,-,4.5,-,-,-,-,-,-,3.9
2913,SB9488180,2913,ŞCOALA GIMNAZIALĂ ANDREI ȘAGUNA ŞURA MARE,5.25,-,-,2.5,-,-,-,-,-,-,3.87
2914,SB10330779,2914,ŞCOALA GIMNAZIALĂ CIREŞARII MEDIAŞ,4.75,-,-,3,-,-,-,-,-,-,3.87
2915,SB9877702,2915,ŞCOALA GIMNAZIALĂ ION POP RETEGANUL ORLAT,4.25,-,-,3.5,-,-,-,-,-,-,3.87
2916,SB7867233,2916,ŞCOALA GIMNAZIALĂ OCNA SIBIULUI,4.25,-,-,3.5,-,-,-,-,-,-,3.87
2917,SB12035252,2917,ŞCOALA GIMNAZIALĂ MIHĂILENI,4.05,-,-,3.7,-,-,-,-,-,-,3.87
2918,SB9861597,2918,ŞCOALA GIMNAZIALĂ STEPHAN LUDWIG ROTH MOŞNA,3.75,-,-,4,-,-,-,-,-,-,3.87
2919,SB8184597,2919,ŞCOALA GIMNAZIALĂ TÂRNAVA,2.75,-,-,5,-,-,-,-,-,-,3.87
2920,SB10268725,2920,ŞCOALA GIMNAZIALĂ ŞURA MICĂ,5.7,-,-,2,-,-,-,-,-,-,3.85
2921,SB9384864,2921,LICEUL AUGUST TREBONIU LAURIAN AGNITA,5.2,-,-,2.5,2.5,2.5,-,-,-,-,3.85
2922,SB12309652,2922,ŞCOALA GIMNAZIALĂ CIREŞARII MEDIAŞ,4.7,-,-,3,-,-,-,-,-,-,3.85
2923,SB10379666,2923,LICEUL TEHNOLOGIC ILIE MĂCELARIU MIERCUREA SIBIULUI,4.2,-,-,3.5,-,-,-,-,-,-,3.85
2924,SB10743626,2924,ŞCOALA GIMNAZIALĂ VURPĂR,3.7,-,-,4,-,-,-,-,-,-,3.85
2925,SB7926528,2925,LICEUL AUGUST TREBONIU LAURIAN AGNITA,3.55,-,-,4.15,-,-,-,-,-,-,3.85
2926,SB12316309,2926,ŞCOALA GIMNAZIALĂ NR. 4 SIBIU,4.35,-,-,4,-,-,Limba germana,3.15,-,-,3.83
2927,SB9710661,2927,ŞCOALA GIMNAZIALĂ CRISTIAN,4.15,-,-,3.5,-,-,-,-,-,-,3.82
2928,SB10343944,2928,ŞCOALA GIMNAZIALĂ REGELE FERDINAND SIBIU,3.65,-,-,4,-,-,-,-,-,-,3.82
2929,SB9724556,2929,ŞCOALA GIMNAZIALĂ CRISTIAN,5.1,-,-,2.5,-,-,-,-,-,-,3.8
2930,SB11078606,2930,ŞCOALA GIMNAZIALĂ NR. 3 CISNĂDIE,4.6,-,-,3,-,-,-,-,-,-,3.8
2931,SB10392982,2931,ŞCOALA GIMNAZIALĂ DOBÂRCA,4.1,-,-,3.5,-,-,-,-,-,-,3.8
2932,SB10012928,2932,ŞCOALA GIMNAZIALĂ SĂCEL,4.1,-,-,3.5,-,-,-,-,-,-,3.8
2933,SB10655944,2933,ŞCOALA GIMNAZIALĂ NOU,5.05,-,-,2.5,-,-,-,-,-,-,3.77
2934,SB10445418,2934,ŞCOALA GIMNAZIALĂ REGELE FERDINAND SIBIU,4.55,-,-,3,-,-,-,-,-,-,3.77
2935,SB8184749,2935,ŞCOALA GIMNAZIALĂ TÂRNAVA,4.55,-,-,3,-,-,-,-,-,-,3.77
2936,SB8994366,2936,ŞCOALA GIMNAZIALĂ MARȚIAN NEGREA VALEA VIILOR,4.55,-,-,3,-,-,-,-,-,-,3.77
2937,SB10057746,2937,LICEUL TEHNOLOGIC IOAN LUPAŞ SĂLIŞTE,4.05,-,-,3.5,-,-,-,-,-,-,3.77
2938,SB10393171,2938,ŞCOALA GIMNAZIALĂ POPLACA,3.95,-,-,3.6,-,-,-,-,-,-,3.77
2939,SB9859656,2939,ŞCOALA GIMNAZIALĂ STEPHAN LUDWIG ROTH MOŞNA,3.95,-,-,3.6,-,-,-,-,-,-,3.77
2940,SB7867585,2940,ŞCOALA GIMNAZIALĂ OCNA SIBIULUI,5,-,-,2.5,-,-,-,-,-,-,3.75
2941,SB12091631,2941,ŞCOALA GIMNAZIALĂ NR. 5 MEDIAŞ,5,-,-,2.5,-,-,-,-,-,-,3.75
2942,SB8925879,2942,ŞCOALA GIMNAZIALĂ BUZD,4.5,-,-,3,-,-,-,-,-,-,3.75
2943,SB8184952,2943,ŞCOALA GIMNAZIALĂ TÂRNAVA,4.5,-,-,3,-,-,-,-,-,-,3.75
2944,SB10269965,2944,ŞCOALA GIMNAZIALĂ ŞURA MICĂ,4.5,-,-,3,-,-,-,-,-,-,3.75
2945,SB12317077,2945,ŞCOALA GIMNAZIALĂ NR. 10 SIBIU,4,-,-,3.5,-,-,-,-,-,-,3.75
2946,SB10103031,2946,ŞCOALA GIMNAZIALĂ NR. 7 MEDIAŞ,3.5,-,-,4,-,-,-,-,-,-,3.75
2947,SB9849511,2947,ŞCOALA GIMNAZIALĂ NR. 11 SIBIU,4.45,-,-,3,-,-,-,-,-,-,3.72
2948,SB10425212,2948,ŞCOALA GIMNAZIALĂ SĂCEL,3.95,-,-,3.5,-,-,-,-,-,-,3.72
2949,SB7994506,2949,ŞCOALA GIMNAZIALĂ ŞAROŞ PE TÂRNAVE,3.95,-,-,3.5,-,-,-,-,-,-,3.72
2950,SB8123641,2950,ŞCOALA GIMNAZIALĂ MĂLÂNCRAV,3.4,-,-,4.05,-,-,-,-,-,-,3.72
2951,SB10712059,2951,ŞCOALA GIMNAZIALĂ NOU,5.9,-,-,1.5,-,-,-,-,-,-,3.7
2952,SB10399730,2952,ŞCOALA GIMNAZIALĂ NOCRICH,4.4,-,-,3,-,-,-,-,-,-,3.7
2953,SB8183312,2953,ŞCOALA GIMNAZIALĂ TÂRNAVA,4.4,-,-,3,-,-,-,-,-,-,3.7
2954,SB10480844,2954,ŞCOALA GIMNAZIALĂ RUŞI,3.9,-,-,3.5,-,-,-,-,-,-,3.7
2955,SB10047740,2955,ŞCOALA GIMNAZIALĂ CURCIU,3.4,-,-,4,-,-,-,-,-,-,3.7
2956,SB9554273,2956,ŞCOALA GIMNAZIALĂ BUZD,4.85,-,-,2.5,-,-,-,-,-,-,3.67
2957,SB10791367,2957,LICEUL TEORETIC CONSTANTIN NOICA SIBIU,4.75,-,-,2.6,2.6,2.6,-,-,-,-,3.67
2958,SB10960612,2958,ŞCOALA GIMNAZIALĂ OCNA SIBIULUI,4.35,-,-,3,-,-,-,-,-,-,3.67
2959,SB9851579,2959,ŞCOALA GIMNAZIALĂ STEPHAN LUDWIG ROTH MOŞNA,3.85,-,-,3.5,-,-,-,-,-,-,3.67
2960,SB10013208,2960,ŞCOALA GIMNAZIALĂ SĂCEL,3.85,-,-,3.5,-,-,-,-,-,-,3.67
2961,SB10344116,2961,LICEUL DE ARTĂ SIBIU,3.7,4.35,4.35,3,3,3,-,-,-,-,3.67
2962,SB9429600,2962,ŞCOALA GIMNAZIALĂ HOGHILAG,4.3,-,-,3,-,-,-,-,-,-,3.65
2963,SB9848292,2963,ŞCOALA GIMNAZIALĂ NR. 11 SIBIU,3.3,-,-,4,-,-,-,-,-,-,3.65
2964,SB12252055,2964,ŞCOALA GIMNAZIALĂ DAIA,3.3,-,-,4,-,-,-,-,-,-,3.65
2965,SB9767194,2965,ŞCOALA GIMNAZIALĂ AVRIG,4.75,-,-,2.5,-,-,-,-,-,-,3.62
2966,SB8938879,2966,ŞCOALA GIMNAZIALĂ ŞAROŞ PE TÂRNAVE,4.25,-,-,3,-,-,-,-,-,-,3.62
2967,SB9941869,2967,LICEUL TEHNOLOGIC IOAN LUPAŞ SĂLIŞTE,4.25,-,-,3,-,-,-,-,-,-,3.62
2968,SB13438246,2968,ŞCOALA GIMNAZIALĂ NR. 1 SIBIU,4.25,-,-,3,-,-,-,-,-,-,3.62
2969,SB12271771,2969,ŞCOALA GIMNAZIALĂ BUZD,3.7,-,-,3.5,-,-,-,-,-,-,3.6
2970,SB9703847,2970,ŞCOALA GIMNAZIALĂ ALĂMOR,4.65,-,-,2.5,-,-,-,-,-,-,3.57
2971,SB10712101,2971,ŞCOALA GIMNAZIALĂ NOU,2.65,-,-,4.5,-,-,-,-,-,-,3.57
2972,SB12045785,2972,ŞCOALA GIMNAZIALĂ JINA,4.6,-,-,2.5,-,-,-,-,-,-,3.55
2973,SB9569014,2973,ŞCOALA GIMNAZIALĂ ŞEICA MARE,4.1,-,-,3,-,-,-,-,-,-,3.55
2974,SB11072327,2974,ŞCOALA GIMNAZIALĂ POPLACA,4.1,-,-,3,-,-,-,-,-,-,3.55
2975,SB8989856,2975,ŞCOALA GIMNAZIALĂ VEŞTEM,4.1,-,-,3,-,-,-,-,-,-,3.55
2976,SB8952090,2976,ŞCOALA GIMNAZIALĂ ALMA,2.6,-,-,4.5,-,-,-,-,-,-,3.55
2977,SB10047615,2977,ŞCOALA GIMNAZIALĂ CURCIU,2.6,-,-,4.5,-,-,-,-,-,-,3.55
2978,SB10130977,2978,ŞCOALA GIMNAZIALĂ NR. 18 SIBIU,5.05,-,-,2,-,-,-,-,-,-,3.52
2979,SB9586987,2979,ŞCOALA GIMNAZIALĂ MIHAI VITEAZU ŞELIMBĂR,5.05,-,-,2,-,-,-,-,-,-,3.52
2980,SB8534797,2980,ŞCOALA GIMNAZIALĂ MIHĂILENI,4.55,-,-,2.5,-,-,-,-,-,-,3.52
2981,SB11156577,2981,LICEUL TIMOTEI CIPARIU DUMBRĂVENI,4.45,-,-,2.6,-,-,-,-,-,-,3.52
2982,SB10492276,2982,ŞCOALA GIMNAZIALĂ GEORGE POPA MEDIAŞ,4.05,-,-,3,-,-,-,-,-,-,3.52
2983,SB9663740,2983,ŞCOALA GIMNAZIALĂ ŞEICA MARE,3.55,-,-,3.5,-,-,-,-,-,-,3.52
2984,SB12735095,2984,ŞCOALA GIMNAZIALĂ CURCIU,3.55,-,-,3.5,-,-,-,-,-,-,3.52
2985,SB11034582,2985,ŞCOALA GIMNAZIALĂ VURPĂR,2.55,-,-,4.5,-,-,-,-,-,-,3.52
2986,SB11140997,2986,ŞCOALA GIMNAZIALĂ BÂRGHIŞ,4.5,-,-,2.5,-,-,-,-,-,-,3.5
2987,SB12316948,2987,ŞCOALA GIMNAZIALĂ CRISTIAN,4.5,-,-,2.5,-,-,-,-,-,-,3.5
2988,SB10267606,2988,ŞCOALA GIMNAZIALĂ NR. 1 SIBIU,4.5,-,-,2.5,-,-,-,-,-,-,3.5
2989,SB10173710,2989,ŞCOALA GIMNAZIALĂ ȘEICA MICĂ,4,-,-,3,-,-,-,-,-,-,3.5
2990,SB10305249,2990,ŞCOALA GIMNAZIALĂ CIREŞARII MEDIAŞ,3.5,-,-,3.5,-,-,-,-,-,-,3.5
2991,SB9715662,2991,ŞCOALA GIMNAZIALĂ CRISTIAN,4.95,-,-,2,-,-,-,-,-,-,3.47
2992,SB9225085,2992,ŞCOALA GIMNAZIALĂ BIERTAN,3.95,-,-,3,-,-,-,-,-,-,3.47
2993,SB8184317,2993,ŞCOALA GIMNAZIALĂ TÂRNAVA,3.95,-,-,3,-,-,-,-,-,-,3.47
2994,SB9606066,2994,ŞCOALA GIMNAZIALĂ NR. 21 SIBIU,4.25,3.9,3.9,3,-,-,-,-,-,-,3.45
2995,SB8619873,2995,ŞCOALA GIMNAZIALĂ REGELE FERDINAND SIBIU,3.9,-,-,3,-,-,-,-,-,-,3.45
2996,SB11082536,2996,ŞCOALA GIMNAZIALĂ REGELE FERDINAND SIBIU,3.4,-,-,3.5,-,-,-,-,-,-,3.45
2997,SB9101895,2997,ŞCOALA GIMNAZIALĂ REGELE FERDINAND SIBIU,3.4,-,-,3.5,-,-,-,-,-,-,3.45
2998,SB12297568,2998,ŞCOALA GIMNAZIALĂ REGELE FERDINAND SIBIU,4.85,-,-,2,-,-,-,-,-,-,3.42
2999,SB9877485,2999,ŞCOALA GIMNAZIALĂ ION POP RETEGANUL ORLAT,4.3,-,-,2.55,-,-,-,-,-,-,3.42
3000,SB9592148,3000,ŞCOALA GIMNAZIALĂ BRATEIU,3.85,-,-,3,-,-,-,-,-,-,3.42
3001,SB10745742,3001,ŞCOALA GIMNAZIALĂ AVIATOR IOAN SAVA ALŢÎNA,3.35,-,-,3.5,-,-,-,-,-,-,3.42
3002,SB9494540,3002,ŞCOALA GIMNAZIALĂ LOAMNEŞ,2.85,-,-,4,-,-,-,-,-,-,3.42
3003,SB10540670,3003,COLEGIUL NAȚIONAL PEDAGOGIC ANDREI ŞAGUNA SIBIU,4.3,-,-,2.5,-,-,-,-,-,-,3.4
3004,SB9668909,3004,ŞCOALA GIMNAZIALĂ CÂRŢA,4.25,-,-,2.55,-,-,-,-,-,-,3.4
3005,SB5746001,3005,ŞCOALA GIMNAZIALĂ NR. 25 SIBIU,3.75,-,-,3.05,-,-,-,-,-,-,3.4
3006,SB9274739,3006,ŞCOALA GIMNAZIALĂ IGHIŞU NOU,3.3,-,-,3.5,-,-,-,-,-,-,3.4
3007,SB7945161,3007,ŞCOALA GIMNAZIALĂ LASLEA,2.8,-,-,4,-,-,-,-,-,-,3.4
3008,SB13062828,3008,ŞCOALA GIMNAZIALĂ SĂCEL,2.8,-,-,4,-,-,-,-,-,-,3.4
3009,SB10712069,3009,ŞCOALA GIMNAZIALĂ NOU,2.3,-,-,4.5,-,-,-,-,-,-,3.4
3010,SB10050511,3010,ŞCOALA GIMNAZIALĂ CURCIU,2.3,-,-,4.5,-,-,-,-,-,-,3.4
3011,SB9876598,3011,ŞCOALA GIMNAZIALĂ ION POP RETEGANUL ORLAT,3.75,-,-,3,-,-,-,-,-,-,3.37
3012,SB10696734,3012,ŞCOALA GIMNAZIALĂ NOU,3.75,-,-,3,-,-,-,-,-,-,3.37
3013,SB11121193,3013,ŞCOALA GIMNAZIALĂ OCNA SIBIULUI,3.75,-,-,3,-,-,-,-,-,-,3.37
3014,SB9847364,3014,ŞCOALA GIMNAZIALĂ NR. 11 SIBIU,3.25,-,-,3.5,-,-,-,-,-,-,3.37
3015,SB9553506,3015,ŞCOALA GIMNAZIALĂ BRATEIU,2.75,-,-,4,-,-,-,-,-,-,3.37
3016,SB10471841,3016,ŞCOALA GIMNAZIALĂ NR. 7 MEDIAŞ,2.75,-,-,4,-,-,-,-,-,-,3.37
3017,SB9701172,3017,ŞCOALA GIMNAZIALĂ AŢEL,2.2,-,-,4.55,-,-,-,-,-,-,3.37
3018,SB8052976,3018,ŞCOALA GIMNAZIALĂ NR. 2 CISNĂDIE,3.7,-,-,3,-,-,-,-,-,-,3.35
3019,SB4856301,3019,ŞCOALA GIMNAZIALĂ IOAN SLAVICI SIBIU,3.6,-,-,3.1,-,-,-,-,-,-,3.35
3020,SB8665744,3020,ŞCOALA GIMNAZIALĂ BRĂDENI,3.2,-,-,3.5,-,-,-,-,-,-,3.35
3021,SB9701426,3021,ŞCOALA GIMNAZIALĂ CRISTIAN,2.7,-,-,4,-,-,-,-,-,-,3.35
3022,SB10958814,3022,ŞCOALA GIMNAZIALĂ SAVA POPOVICI BARCIANU RĂŞINARI,3.65,-,-,3,-,-,-,-,-,-,3.32
3023,SB10308350,3023,ŞCOALA GIMNAZIALĂ GEORGE POPA MEDIAŞ,4.6,-,-,2,-,-,-,-,-,-,3.3
3024,SB10392843,3024,ŞCOALA GIMNAZIALĂ DOBÂRCA,4.1,-,-,2.5,-,-,-,-,-,-,3.3
3025,SB10510411,3025,ŞCOALA GIMNAZIALĂ APOLDU DE SUS,4.1,-,-,2.5,-,-,-,-,-,-,3.3
3026,SB10746201,3026,ŞCOALA GIMNAZIALĂ VURPĂR,3.6,-,-,3,-,-,-,-,-,-,3.3
3027,SB9979266,3027,ŞCOALA GIMNAZIALĂ MIHĂILENI,3.6,-,-,3,-,-,-,-,-,-,3.3
3028,SB10963714,3028,ŞCOALA GIMNAZIALĂ AVIATOR IOAN SAVA ALŢÎNA,2.6,-,-,4,-,-,-,-,-,-,3.3
3029,SB11082534,3029,ŞCOALA GIMNAZIALĂ ILIE MICU LUDOŞ,4.05,-,-,2.5,-,-,-,-,-,-,3.27
3030,SB10340879,3030,ŞCOALA GIMNAZIALĂ ALMA,3.55,-,-,3,-,-,-,-,-,-,3.27
3031,SB7989188,3031,ŞCOALA GIMNAZIALĂ LASLEA,3.05,-,-,3.5,-,-,-,-,-,-,3.27
3032,SB8547707,3032,ŞCOALA GIMNAZIALĂ MIHĂILENI,3.05,-,-,3.5,-,-,-,-,-,-,3.27
3033,SB9716836,3033,ŞCOALA GIMNAZIALĂ NR. 21 SIBIU,4.5,-,-,2,-,-,-,-,-,-,3.25
3034,SB9859330,3034,ŞCOALA GIMNAZIALĂ STEPHAN LUDWIG ROTH MOŞNA,3.95,-,-,2.55,-,-,-,-,-,-,3.25
3035,SB9663537,3035,ŞCOALA GIMNAZIALĂ ŞEICA MARE,3.5,-,-,3,-,-,-,-,-,-,3.25
3036,SB11146465,3036,ŞCOALA GIMNAZIALĂ CAŞOLŢ,3,-,-,3.5,-,-,-,-,-,-,3.25
3037,SB7864333,3037,ŞCOALA GIMNAZIALĂ OCNA SIBIULUI,3,-,-,3.5,-,-,-,-,-,-,3.25
3038,SB12253563,3038,ŞCOALA GIMNAZIALĂ NOU,2,-,-,4.5,-,-,-,-,-,-,3.25
3039,SB8123562,3039,ŞCOALA GIMNAZIALĂ MĂLÂNCRAV,2.95,-,-,3.5,-,-,-,-,-,-,3.22
3040,SB9517240,3040,ŞCOALA GIMNAZIALĂ NR. 3 CISNĂDIE,1.9,-,-,4.55,-,-,-,-,-,-,3.22
3041,SB10712125,3041,ŞCOALA GIMNAZIALĂ NOU,4.9,-,-,1.5,-,-,-,-,-,-,3.2
3042,SB10638023,3042,LICEUL TIMOTEI CIPARIU DUMBRĂVENI,2.9,-,-,3.5,-,-,-,-,-,-,3.2
3043,SB9901190,3043,ŞCOALA GIMNAZIALĂ PĂUCA,2.9,-,-,3.5,-,-,-,-,-,-,3.2
3044,SB10165503,3044,ŞCOALA GIMNAZIALĂ VEŞTEM,4.85,-,-,1.5,1.5,1.5,-,-,-,-,3.17
3045,SB12037972,3045,ŞCOALA GIMNAZIALĂ JINA,3.35,-,-,3,-,-,-,-,-,-,3.17
3046,SB11033900,3046,ŞCOALA GIMNAZIALĂ VURPĂR,3.35,-,-,3,-,-,-,-,-,-,3.17
3047,SB10276311,3047,ŞCOALA GIMNAZIALĂ NR. 7 MEDIAŞ,3.3,-,-,3,-,-,-,-,-,-,3.15
3048,SB10393033,3048,ŞCOALA GIMNAZIALĂ DOBÂRCA,3.25,-,-,3,-,-,-,-,-,-,3.12
3049,SB14994463,3049,ŞCOALA GIMNAZIALĂ NR. 13 SIBIU,2.75,-,-,3.5,-,-,-,-,-,-,3.12
3050,SB12228539,3050,ŞCOALA GIMNAZIALĂ MIHĂILENI,3.6,-,-,2.6,-,-,-,-,-,-,3.1
3051,SB9903637,3051,ŞCOALA GIMNAZIALĂ NR. 25 SIBIU,3.2,-,-,3,-,-,-,-,-,-,3.1
3052,SB12316416,3052,ŞCOALA GIMNAZIALĂ DAIA,2.2,-,-,4,-,-,-,-,-,-,3.1
3053,SB9156561,3053,ŞCOALA GIMNAZIALĂ BIERTAN,4.15,-,-,2,-,-,-,-,-,-,3.07
3054,SB9379758,3054,ŞCOALA GIMNAZIALĂ OCTAVIAN GOGA RĂŞINARI,4.15,-,-,2,-,-,-,-,-,-,3.07
3055,SB12036232,3055,ŞCOALA GIMNAZIALĂ MIHĂILENI,3.15,-,-,3,-,-,-,-,-,-,3.07
3056,SB12274489,3056,ŞCOALA GIMNAZIALĂ TÂRNAVA,2.15,-,-,4,-,-,-,-,-,-,3.07
3057,SB8046960,3057,ŞCOALA GIMNAZIALĂ NR. 2 SIBIU,4.1,-,-,2,-,-,-,-,-,-,3.05
3058,SB8549751,3058,ŞCOALA GIMNAZIALĂ MIHĂILENI,3.6,-,-,2.5,-,-,-,-,-,-,3.05
3059,SB10474663,3059,ŞCOALA GIMNAZIALĂ APOLDU DE SUS,3.1,-,-,3,-,-,-,-,-,-,3.05
3060,SB12058489,3060,ŞCOALA GIMNAZIALĂ NR. 2 CISNĂDIE,3.1,-,-,3,-,-,-,-,-,-,3.05
3061,SB8019690,3061,ŞCOALA GIMNAZIALĂ HOGHILAG,3.05,-,-,3.05,-,-,-,-,-,-,3.05
3062,SB12214727,3062,ŞCOALA GIMNAZIALĂ JINA,3.55,-,-,2.5,-,-,-,-,-,-,3.02
3063,SB10314167,3063,ŞCOALA GIMNAZIALĂ GEORGE POPA MEDIAŞ,3.55,-,-,2.5,-,-,-,-,-,-,3.02
3064,SB9721434,3064,ŞCOALA GIMNAZIALĂ CRISTIAN,3,-,-,3,-,-,-,-,-,-,3
3065,SB8123665,3065,ŞCOALA GIMNAZIALĂ MĂLÂNCRAV,2,-,-,4,-,-,-,-,-,-,3
3066,SB12202184,3066,ŞCOALA GIMNAZIALĂ CURCIU,2.95,-,-,3,-,-,-,-,-,-,2.97
3067,SB9669252,3067,ŞCOALA GIMNAZIALĂ CÂRŢA,3.9,-,-,2,-,-,-,-,-,-,2.95
3068,SB12317753,3068,ŞCOALA GIMNAZIALĂ GEORGE POPA MEDIAŞ,2.4,-,-,3.5,-,-,-,-,-,-,2.95
3069,SB9108929,3069,ŞCOALA GIMNAZIALĂ GEORGE POPA MEDIAŞ,3.35,-,-,2.5,-,-,-,-,-,-,2.92
3070,SB12253591,3070,ŞCOALA GIMNAZIALĂ NOU,3.35,-,-,2.5,-,-,-,-,-,-,2.92
3071,SB9594802,3071,ŞCOALA GIMNAZIALĂ NR. 5 MEDIAŞ,3.35,-,-,2.5,-,-,-,-,-,-,2.92
3072,SB10513786,3072,ŞCOALA GIMNAZIALĂ APOLDU DE SUS,3.55,-,-,3.5,-,-,Limba germana,1.65,-,-,2.9
3073,SB10328713,3073,LICEUL TEHNOLOGIC ILIE MĂCELARIU MIERCUREA SIBIULUI,2.8,-,-,3,-,-,-,-,-,-,2.9
3074,SB7969977,3074,ŞCOALA GIMNAZIALĂ ȘEICA MICĂ,2.3,-,-,3.5,-,-,-,-,-,-,2.9
3075,SB9520021,3075,ŞCOALA GIMNAZIALĂ AUREL DECEI GURA RÂULUI,3.25,-,-,2.5,-,-,-,-,-,-,2.87
3076,SB8184802,3076,ŞCOALA GIMNAZIALĂ TÂRNAVA,2.75,-,-,3,-,-,-,-,-,-,2.87
3077,SB10964860,3077,ŞCOALA GIMNAZIALĂ AVIATOR IOAN SAVA ALŢÎNA,2.75,-,-,3,-,-,-,-,-,-,2.87
3078,SB8702129,3078,ŞCOALA GIMNAZIALĂ VEŞTEM,2.7,-,-,3,-,-,-,-,-,-,2.85
3079,SB10105660,3079,ŞCOALA GIMNAZIALĂ IOAN MORARU DÂRLOS,2.2,-,-,3.5,-,-,-,-,-,-,2.85
3080,SB10650633,3080,ŞCOALA GIMNAZIALĂ APOLDU DE JOS,3.15,-,-,2.5,-,-,-,-,-,-,2.82
3081,SB9717678,3081,ŞCOALA GIMNAZIALĂ CRISTIAN,2.65,-,-,3,-,-,-,-,-,-,2.82
3082,SB7996228,3082,ŞCOALA GIMNAZIALĂ LASLEA,2.65,-,-,3,-,-,-,-,-,-,2.82
3083,SB9121191,3083,ŞCOALA GIMNAZIALĂ MARȚIAN NEGREA VALEA VIILOR,2.15,-,-,3.5,-,-,-,-,-,-,2.82
3084,SB8123499,3084,ŞCOALA GIMNAZIALĂ MĂLÂNCRAV,2.1,-,-,3.5,-,-,-,-,-,-,2.8
3085,SB9720838,3085,ŞCOALA GIMNAZIALĂ STEPHAN LUDWIG ROTH MOŞNA,3.05,-,-,2.5,-,-,-,-,-,-,2.77
3086,SB9876080,3086,ŞCOALA GIMNAZIALĂ CRISTIAN,2.95,-,-,2.6,-,-,-,-,-,-,2.77
3087,SB9276381,3087,ŞCOALA GIMNAZIALĂ IGHIŞU NOU,3,-,-,2.5,-,-,-,-,-,-,2.75
3088,SB9747281,3088,ŞCOALA GIMNAZIALĂ ŞMIG,2,-,-,3.5,-,-,-,-,-,-,2.75
3089,SB9276324,3089,ŞCOALA GIMNAZIALĂ IGHIŞU NOU,2.95,-,-,2.5,-,-,-,-,-,-,2.72
3090,SB7919261,3090,ŞCOALA GIMNAZIALĂ MERGHINDEAL,1.95,-,-,3.5,-,-,-,-,-,-,2.72
3091,SB11082480,3091,ŞCOALA GIMNAZIALĂ ILIE MICU LUDOŞ,3.9,-,-,1.5,-,-,-,-,-,-,2.7
3092,SB10327682,3092,LICEUL TEHNOLOGIC ILIE MĂCELARIU MIERCUREA SIBIULUI,3.4,-,-,2,-,-,-,-,-,-,2.7
3093,SB10312184,3093,ŞCOALA GIMNAZIALĂ GEORGE POPA MEDIAŞ,2.35,-,-,3,-,-,-,-,-,-,2.67
3094,SB10391578,3094,ŞCOALA GIMNAZIALĂ POPLACA,3.3,-,-,2,-,-,-,-,-,-,2.65
3095,SB8123617,3095,ŞCOALA GIMNAZIALĂ MĂLÂNCRAV,2.75,-,-,2.5,-,-,-,-,-,-,2.62
3096,SB8926587,3096,LICEUL TIMOTEI CIPARIU DUMBRĂVENI,2.7,-,-,2.5,-,-,-,-,-,-,2.6
3097,SB9979411,3097,ŞCOALA GIMNAZIALĂ MIHĂILENI,2.7,-,-,2.5,-,-,-,-,-,-,2.6
3098,SB10449651,3098,ŞCOALA GIMNAZIALĂ DOBÂRCA,2.65,-,-,2.5,-,-,-,-,-,-,2.57
3099,SB9703541,3099,ŞCOALA GIMNAZIALĂ ALĂMOR,2.65,-,-,2.5,-,-,-,-,-,-,2.57
3100,SB10392803,3100,LICEUL TEHNOLOGIC ILIE MĂCELARIU MIERCUREA SIBIULUI,2.6,-,-,2.5,-,-,-,-,-,-,2.55
3101,SB9699537,3101,ŞCOALA GIMNAZIALĂ CRISTIAN,2.6,-,-,2.5,-,-,-,-,-,-,2.55
3102,SB10107343,3102,ŞCOALA GIMNAZIALĂ IOAN MORARU DÂRLOS,2.6,-,-,2.5,-,-,-,-,-,-,2.55
3103,SB9675704,3103,ŞCOALA GIMNAZIALĂ NR. 11 SIBIU,2.1,-,-,3,-,-,-,-,-,-,2.55
3104,SB10440367,3104,ŞCOALA GIMNAZIALĂ NR. 7 MEDIAŞ,1.1,-,-,4,-,-,-,-,-,-,2.55
3105,SB8019372,3105,ŞCOALA GIMNAZIALĂ HOGHILAG,3.05,-,-,2,-,-,-,-,-,-,2.52
3106,SB8185177,3106,ŞCOALA GIMNAZIALĂ IGHIŞU NOU,2,-,-,3,-,-,-,-,-,-,2.5
3107,SB10743919,3107,ŞCOALA GIMNAZIALĂ VURPĂR,1.5,-,-,3.5,-,-,-,-,-,-,2.5
3108,SB8647907,3108,ŞCOALA GIMNAZIALĂ BRĂDENI,2.95,-,-,2,-,-,-,-,-,-,2.47
3109,SB8544426,3109,ŞCOALA GIMNAZIALĂ NOU,2.9,-,-,2,-,-,-,-,-,-,2.45
3110,SB9870382,3110,ŞCOALA GIMNAZIALĂ STEPHAN LUDWIG ROTH MOŞNA,2.35,-,-,2.5,-,-,-,-,-,-,2.42
3111,SB12157148,3111,ŞCOALA GIMNAZIALĂ STEPHAN LUDWIG ROTH MOŞNA,2.3,-,-,2.5,-,-,-,-,-,-,2.4
3112,SB9724479,3112,ŞCOALA GIMNAZIALĂ CRISTIAN,2.3,-,-,2.5,-,-,-,-,-,-,2.4
3113,SB8041505,3113,ŞCOALA GIMNAZIALĂ STEPHAN LUDWIG ROTH MOŞNA,2.2,-,-,2.5,-,-,-,-,-,-,2.35
3114,SB10379105,3114,LICEUL TEHNOLOGIC ILIE MĂCELARIU MIERCUREA SIBIULUI,3.1,-,-,1.5,-,-,-,-,-,-,2.3
3115,SB8853021,3115,ŞCOALA GIMNAZIALĂ BAZNA,2.1,-,-,2.5,2.5,2.5,-,-,-,-,2.3
3116,SB10743905,3116,ŞCOALA GIMNAZIALĂ VURPĂR,2.55,-,-,2,-,-,-,-,-,-,2.27
3117,SB8123620,3117,ŞCOALA GIMNAZIALĂ MĂLÂNCRAV,1.55,-,-,3,-,-,-,-,-,-,2.27
3118,SB8665199,3118,ŞCOALA GIMNAZIALĂ BRĂDENI,2.9,-,-,1.5,-,-,-,-,-,-,2.2
3119,SB9593191,3119,ŞCOALA GIMNAZIALĂ BRATEIU,2.3,-,-,2,-,-,-,-,-,-,2.15
3120,SB9861076,3120,ŞCOALA GIMNAZIALĂ STEPHAN LUDWIG ROTH MOŞNA,1.8,-,-,2.5,-,-,-,-,-,-,2.15
3121,SB9694571,3121,ŞCOALA GIMNAZIALĂ CRISTIAN,1.2,-,-,3,-,-,-,-,-,-,2.1
3122,SB9702847,3122,ŞCOALA GIMNAZIALĂ ALĂMOR,1.6,-,-,2.5,-,-,-,-,-,-,2.05
3123,SB12278495,3123,ŞCOALA GIMNAZIALĂ VURPĂR,2.5,-,-,1.5,-,-,-,-,-,-,2
3124,SB10101776,3124,ŞCOALA GIMNAZIALĂ IOAN MORARU DÂRLOS,2,-,-,2,-,-,-,-,-,-,2
3125,SB12104613,3125,ŞCOALA GIMNAZIALĂ JINA,2.4,-,-,1.5,-,-,-,-,-,-,1.95
3126,SB10971795,3126,ŞCOALA GIMNAZIALĂ AVIATOR IOAN SAVA ALŢÎNA,1.9,-,-,2,-,-,-,-,-,-,1.95
3127,SB8441589,3127,ŞCOALA GIMNAZIALĂ TÂRNAVA,2.25,-,-,1.5,-,-,-,-,-,-,1.87
3128,SB8542079,3128,ŞCOALA GIMNAZIALĂ MIHĂILENI,2.1,-,-,1.5,-,-,-,-,-,-,1.8
3129,SB9704166,3129,ŞCOALA GIMNAZIALĂ ANDREI ȘAGUNA ŞURA MARE,2.5,-,-,1,-,-,-,-,-,-,1.75
3130,SB9852046,3130,ŞCOALA GIMNAZIALĂ STEPHAN LUDWIG ROTH MOŞNA,1.5,-,-,2,-,-,-,-,-,-,1.75
3131,SB10637670,3131,LICEUL TIMOTEI CIPARIU DUMBRĂVENI,1.9,-,-,1.5,-,-,-,-,-,-,1.7
3315,SB8648579,3315,ŞCOALA GIMNAZIALĂ BRĂDENI,5,-,-,-,-,-,-,-,-,-,Absent
3316,SB10400354,3316,ŞCOALA GIMNAZIALĂ NOCRICH,4.7,-,-,-,-,-,-,-,-,-,Absent
3317,SB10287376,3317,ŞCOALA GIMNAZIALĂ MERGHINDEAL,4.1,-,-,-,-,-,-,-,-,-,Absent
3318,SB10963829,3318,ŞCOALA GIMNAZIALĂ AVIATOR IOAN SAVA ALŢÎNA,3.8,-,-,-,-,-,-,-,-,-,Absent
3319,SB7864451,3319,ŞCOALA GIMNAZIALĂ OCNA SIBIULUI,3.6,-,-,-,-,-,-,-,-,-,Absent
3320,SB9865407,3320,ŞCOALA GIMNAZIALĂ STEPHAN LUDWIG ROTH MOŞNA,2.9,-,-,-,-,-,-,-,-,-,Absent
3321,SB9349116,3321,ŞCOALA GIMNAZIALĂ ANDREI ȘAGUNA ŞURA MARE,2.85,-,-,-,-,-,-,-,-,-,Absent
3322,SB8122025,3322,ŞCOALA GIMNAZIALĂ MĂLÂNCRAV,2.75,-,-,-,-,-,-,-,-,-,Absent
3323,SB9702939,3323,ŞCOALA GIMNAZIALĂ AŢEL,2.6,-,-,-,-,-,-,-,-,-,Absent
3324,SB7917007,3324,ŞCOALA GIMNAZIALĂ MERGHINDEAL,2.6,-,-,-,-,-,-,-,-,-,Absent
3325,SB10932180,3325,ŞCOALA GIMNAZIALĂ NR. 5 MEDIAŞ,2.55,-,-,-,-,-,-,-,-,-,Absent
3326,SB8123583,3326,ŞCOALA GIMNAZIALĂ MĂLÂNCRAV,2.35,-,-,-,-,-,-,-,-,-,Absent
3327,SB12099160,3327,ŞCOALA GIMNAZIALĂ AŢEL,2.2,-,-,-,-,-,-,-,-,-,Absent
3328,SB10394612,3328,ŞCOALA GIMNAZIALĂ DOBÂRCA,2.1,-,-,-,-,-,-,-,-,-,Absent
3329,SB12139337,3329,ŞCOALA GIMNAZIALĂ AŢEL,2,-,-,-,-,-,-,-,-,-,Absent
3330,SB12113871,3330,ŞCOALA GIMNAZIALĂ DOBÂRCA,1.45,-,-,-,-,-,-,-,-,-,Absent
3331,SB10728929,3331,ŞCOALA GIMNAZIALĂ VURPĂR,1.35,-,-,-,-,-,-,-,-,-,Absent
3132,SB8575695,3132,LICEUL ROMÂNO - FINLANDEZ ERI SIBIU,-,-,-,-,-,-,-,-,-,-,Absent
3133,SB12316400,3133,LICEUL ROMÂNO - FINLANDEZ ERI SIBIU,-,-,-,-,-,-,-,-,-,-,Absent
3134,SB10728812,3134,LICEUL ROMÂNO - FINLANDEZ ERI SIBIU,-,-,-,-,-,-,-,-,-,-,Absent
3135,SB9042687,3135,ŞCOALA GIMNAZIALĂ NR. 5 MEDIAŞ,-,-,-,-,-,-,-,-,-,-,Absent
3136,SB10382614,3136,ŞCOALA GIMNAZIALĂ NR. 5 MEDIAŞ,-,-,-,-,-,-,-,-,-,-,Absent
3137,SB12535924,3137,ŞCOALA GIMNAZIALĂ GEORGE POPA MEDIAŞ,-,-,-,-,-,-,-,-,-,-,Absent
3138,SB10385505,3138,LICEUL TEHNOLOGIC IACOBENI,-,-,-,-,-,-,-,-,-,-,Absent
3139,SB12115298,3139,LICEUL TEHNOLOGIC IACOBENI,-,-,-,-,-,-,-,-,-,-,Absent
3140,SB12282243,3140,LICEUL TEHNOLOGIC IACOBENI,-,-,-,-,-,-,-,-,-,-,Absent
3141,SB12283541,3141,LICEUL TEHNOLOGIC IACOBENI,-,-,-,-,-,-,-,-,-,-,Absent
3142,SB8028463,3142,ŞCOALA GIMNAZIALĂ NOIŞTAT,-,-,-,-,-,-,-,-,-,-,Absent
3143,SB10389857,3143,ŞCOALA GIMNAZIALĂ NOIŞTAT,-,-,-,-,-,-,-,-,-,-,Absent
3144,SB10382687,3144,ŞCOALA GIMNAZIALĂ NOIŞTAT,-,-,-,-,-,-,-,-,-,-,Absent
3145,SB9877820,3145,ŞCOALA GIMNAZIALĂ JINA,-,-,-,-,-,-,-,-,-,-,Absent
3146,SB9856362,3146,ŞCOALA GIMNAZIALĂ JINA,-,-,-,-,-,-,-,-,-,-,Absent
3147,SB12039368,3147,ŞCOALA GIMNAZIALĂ JINA,-,-,-,-,-,-,-,-,-,-,Absent
3148,SB12100323,3148,ŞCOALA GIMNAZIALĂ JINA,-,-,-,-,-,-,-,-,-,-,Absent
3149,SB12036418,3149,ŞCOALA GIMNAZIALĂ JINA,-,-,-,-,-,-,-,-,-,-,Absent
3150,SB12104185,3150,ŞCOALA GIMNAZIALĂ JINA,-,-,-,-,-,-,-,-,-,-,Absent
3151,SB12104017,3151,ŞCOALA GIMNAZIALĂ JINA,-,-,-,-,-,-,-,-,-,-,Absent
3152,SB12131683,3152,ŞCOALA GIMNAZIALĂ JINA,-,-,-,-,-,-,-,-,-,-,Absent
3153,SB7965075,3153,ŞCOALA GIMNAZIALĂ LASLEA,-,-,-,-,-,-,-,-,-,-,Absent
3154,SB7987302,3154,ŞCOALA GIMNAZIALĂ LASLEA,-,-,-,-,-,-,-,-,-,-,Absent
3155,SB8121870,3155,ŞCOALA GIMNAZIALĂ MĂLÂNCRAV,-,-,-,-,-,-,-,-,-,-,Absent
3156,SB12188397,3156,ŞCOALA GIMNAZIALĂ MĂLÂNCRAV,-,-,-,-,-,-,-,-,-,-,Absent
3157,SB8847827,3157,ŞCOALA GIMNAZIALĂ BAZNA,-,-,-,-,-,-,-,-,-,-,Absent
3158,SB11161136,3158,ŞCOALA GIMNAZIALĂ BAZNA,-,-,-,-,-,-,-,-,-,-,Absent
3159,SB10121946,3159,LICEUL TEORETIC ROTH - OBERTH MEDIAŞ,-,-,-,-,-,-,Limba germana,-,-,-,Absent
3160,SB14320739,3160,LICEUL TEORETIC ROTH - OBERTH MEDIAŞ,-,-,-,-,-,-,Limba germana,-,-,-,Absent
3161,SB8986502,3161,ŞCOALA GIMNAZIALĂ IGHIŞU NOU,-,-,-,-,-,-,-,-,-,-,Absent
3162,SB9275038,3162,ŞCOALA GIMNAZIALĂ IGHIŞU NOU,-,-,-,-,-,-,-,-,-,-,Absent
3163,SB9274463,3163,ŞCOALA GIMNAZIALĂ IGHIŞU NOU,-,-,-,-,-,-,-,-,-,-,Absent
3164,SB9276060,3164,ŞCOALA GIMNAZIALĂ IGHIŞU NOU,-,-,-,-,-,-,-,-,-,-,Absent
3165,SB9276147,3165,ŞCOALA GIMNAZIALĂ IGHIŞU NOU,-,-,-,-,-,-,-,-,-,-,Absent
3166,SB7862386,3166,ŞCOALA GIMNAZIALĂ GEORG DANIEL TEUTSCH AGNITA,-,-,-,-,-,-,-,-,-,-,Absent
3167,SB8860473,3167,ŞCOALA GIMNAZIALĂ GEORG DANIEL TEUTSCH AGNITA,-,-,-,-,-,-,-,-,-,-,Absent
3168,SB9382384,3168,ŞCOALA GIMNAZIALĂ GEORG DANIEL TEUTSCH AGNITA,-,-,-,-,-,-,-,-,-,-,Absent
3169,SB9385633,3169,ŞCOALA GIMNAZIALĂ GEORG DANIEL TEUTSCH AGNITA,-,-,-,-,-,-,Limba germana,-,-,-,Absent
3170,SB10290670,3170,ŞCOALA GIMNAZIALĂ GEORG DANIEL TEUTSCH AGNITA,-,-,-,-,-,-,-,-,-,-,Absent
3171,SB10288894,3171,ŞCOALA GIMNAZIALĂ GEORG DANIEL TEUTSCH AGNITA,-,-,-,-,-,-,Limba germana,-,-,-,Absent
3172,SB10284100,3172,LICEUL AUGUST TREBONIU LAURIAN AGNITA,-,-,-,-,-,-,-,-,-,-,Absent
3173,SB14344003,3173,ŞCOALA GIMNAZIALĂ NR. 3 CISNĂDIE,-,-,-,-,-,-,-,-,-,-,Absent
3174,SB14407299,3174,LICEUL TEORETIC GUSTAV GUNDISCH CISNĂDIE,-,-,-,-,-,-,Limba germana,-,-,-,Absent
3175,SB9059215,3175,ŞCOALA GIMNAZIALĂ NR. 3 COPȘA MICĂ,-,-,-,-,-,-,-,-,-,-,Absent
3176,SB10658804,3176,ŞCOALA GIMNAZIALĂ NR. 3 COPȘA MICĂ,-,-,-,-,-,-,-,-,-,-,Absent
3177,SB10649632,3177,ŞCOALA GIMNAZIALĂ NR. 3 COPȘA MICĂ,-,-,-,-,-,-,-,-,-,-,Absent
3178,SB10646003,3178,ŞCOALA GIMNAZIALĂ NR. 3 COPȘA MICĂ,-,-,-,-,-,-,-,-,-,-,Absent
3179,SB12552349,3179,ŞCOALA GIMNAZIALĂ NR. 1 COPŞA MICĂ,-,-,-,-,-,-,-,-,-,-,Absent
3180,SB10663513,3180,ŞCOALA GIMNAZIALĂ NR. 1 COPŞA MICĂ,-,-,-,-,-,-,-,-,-,-,Absent
3181,SB10659732,3181,ŞCOALA GIMNAZIALĂ NR. 1 COPŞA MICĂ,-,-,-,-,-,-,-,-,-,-,Absent
3182,SB10663570,3182,ŞCOALA GIMNAZIALĂ NR. 1 COPŞA MICĂ,-,-,-,-,-,-,-,-,-,-,Absent
3183,SB8939963,3183,ŞCOALA GIMNAZIALĂ ŞAROŞ PE TÂRNAVE,-,-,-,-,-,-,-,-,-,-,Absent
3184,SB7511001,3184,ŞCOALA GIMNAZIALĂ AVRIG,-,-,-,-,-,-,-,-,-,-,Absent
3185,SB12530236,3185,ŞCOALA GIMNAZIALĂ AVRIG,-,-,-,-,-,-,-,-,-,-,Absent
3186,SB13457589,3186,ŞCOALA GIMNAZIALĂ AVRIG,-,-,-,-,-,-,-,-,-,-,Absent
3187,SB10397254,3187,ŞCOALA GIMNAZIALĂ DOBÂRCA,-,-,-,-,-,-,-,-,-,-,Absent
3188,SB14338645,3188,LICEUL TEHNOLOGIC IOAN LUPAŞ SĂLIŞTE,-,-,-,-,-,-,-,-,-,-,Absent
3189,SB10062271,3189,ŞCOALA GIMNAZIALĂ SĂCEL,-,-,-,-,-,-,-,-,-,-,Absent
3190,SB10066702,3190,ŞCOALA GIMNAZIALĂ SĂCEL,-,-,-,-,-,-,-,-,-,-,Absent
3191,SB10012433,3191,ŞCOALA GIMNAZIALĂ SĂCEL,-,-,-,-,-,-,-,-,-,-,Absent
3192,SB10060706,3192,ŞCOALA GIMNAZIALĂ SĂCEL,-,-,-,-,-,-,-,-,-,-,Absent
3193,SB9806304,3193,LICEUL TEHNOLOGIC JOHANNES LEBEL TĂLMACIU,-,-,-,-,-,-,-,-,-,-,Absent
3194,SB9725623,3194,ŞCOALA GIMNAZIALĂ TĂLMĂCEL,-,-,-,-,-,-,-,-,-,-,Absent
3195,SB9725518,3195,ŞCOALA GIMNAZIALĂ TĂLMĂCEL,-,-,-,-,-,-,-,-,-,-,Absent
3196,SB9725819,3196,ŞCOALA GIMNAZIALĂ TĂLMĂCEL,-,-,-,-,-,-,-,-,-,-,Absent
3197,SB9725259,3197,ŞCOALA GIMNAZIALĂ TĂLMĂCEL,-,-,-,-,-,-,-,-,-,-,Absent
3198,SB1150201,3198,LICEUL DE ARTĂ SIBIU,-,-,-,-,-,-,-,-,-,-,Absent
3199,SB8915659,3199,ŞCOALA GIMNAZIALĂ AŢEL,-,-,-,-,-,-,-,-,-,-,Absent
3200,SB9296024,3200,ŞCOALA GIMNAZIALĂ AŢEL,-,-,-,-,-,-,-,-,-,-,Absent
3201,SB9700341,3201,ŞCOALA GIMNAZIALĂ AŢEL,-,-,-,-,-,-,-,-,-,-,Absent
3202,SB9702210,3202,ŞCOALA GIMNAZIALĂ AŢEL,-,-,-,-,-,-,-,-,-,-,Absent
3203,SB10452126,3203,ŞCOALA GIMNAZIALĂ BÂRGHIŞ,-,-,-,-,-,-,-,-,-,-,Absent
3204,SB9220610,3204,ŞCOALA GIMNAZIALĂ BIERTAN,-,-,-,-,-,-,-,-,-,-,Absent
3205,SB8848926,3205,ŞCOALA GIMNAZIALĂ BLĂJEL,-,-,-,-,-,-,-,-,-,-,Absent
3206,SB8963396,3206,ŞCOALA GIMNAZIALĂ BLĂJEL,-,-,-,-,-,-,-,-,-,-,Absent
3207,SB8964030,3207,ŞCOALA GIMNAZIALĂ BLĂJEL,-,-,-,-,-,-,-,-,-,-,Absent
3208,SB9398630,3208,ŞCOALA GIMNAZIALĂ BRATEIU,-,-,-,-,-,-,-,-,-,-,Absent
3209,SB9595284,3209,ŞCOALA GIMNAZIALĂ BRATEIU,-,-,-,-,-,-,-,-,-,-,Absent
3210,SB9593502,3210,ŞCOALA GIMNAZIALĂ BRATEIU,-,-,-,-,-,-,-,-,-,-,Absent
3211,SB8914725,3211,ŞCOALA GIMNAZIALĂ BUZD,-,-,-,-,-,-,-,-,-,-,Absent
3212,SB8924161,3212,ŞCOALA GIMNAZIALĂ BUZD,-,-,-,-,-,-,-,-,-,-,Absent
3213,SB9595231,3213,ŞCOALA GIMNAZIALĂ BUZD,-,-,-,-,-,-,-,-,-,-,Absent
3214,SB12866356,3214,ŞCOALA GIMNAZIALĂ BRĂDENI,-,-,-,-,-,-,-,-,-,-,Absent
3215,SB11186981,3215,ŞCOALA GIMNAZIALĂ BRĂDENI,-,-,-,-,-,-,-,-,-,-,Absent
3216,SB12313715,3216,ŞCOALA GIMNAZIALĂ BRĂDENI,-,-,-,-,-,-,-,-,-,-,Absent
3217,SB12312977,3217,ŞCOALA GIMNAZIALĂ BRĂDENI,-,-,-,-,-,-,-,-,-,-,Absent
3218,SB9672221,3218,ŞCOALA GIMNAZIALĂ CÂRŢA,-,-,-,-,-,-,-,-,-,-,Absent
3219,SB9454734,3219,ŞCOALA GIMNAZIALĂ CHIRPĂR,-,-,-,-,-,-,-,-,-,-,Absent
3220,SB10418883,3220,ŞCOALA GIMNAZIALĂ CHIRPĂR,-,-,-,-,-,-,-,-,-,-,Absent
3221,SB10420596,3221,ŞCOALA GIMNAZIALĂ CHIRPĂR,-,-,-,-,-,-,-,-,-,-,Absent
3222,SB10421955,3222,ŞCOALA GIMNAZIALĂ CHIRPĂR,-,-,-,-,-,-,-,-,-,-,Absent
3223,SB10510920,3223,ŞCOALA GIMNAZIALĂ CHIRPĂR,-,-,-,-,-,-,-,-,-,-,Absent
3224,SB8018081,3224,ŞCOALA GIMNAZIALĂ HOGHILAG,-,-,-,-,-,-,-,-,-,-,Absent
3225,SB8019499,3225,ŞCOALA GIMNAZIALĂ HOGHILAG,-,-,-,-,-,-,-,-,-,-,Absent
3226,SB8094398,3226,ŞCOALA GIMNAZIALĂ AUREL DECEI GURA RÂULUI,-,-,-,-,-,-,-,-,-,-,Absent
3227,SB9474278,3227,ŞCOALA GIMNAZIALĂ AUREL DECEI GURA RÂULUI,-,-,-,-,-,-,-,-,-,-,Absent
3228,SB9985576,3228,LICEUL TEHNOLOGIC IACOBENI,-,-,-,-,-,-,-,-,-,-,Absent
3229,SB9988744,3229,LICEUL TEHNOLOGIC IACOBENI,-,-,-,-,-,-,-,-,-,-,Absent
3230,SB9978241,3230,LICEUL TEHNOLOGIC IACOBENI,-,-,-,-,-,-,-,-,-,-,Absent
3231,SB9977980,3231,LICEUL TEHNOLOGIC IACOBENI,-,-,-,-,-,-,-,-,-,-,Absent
3232,SB9978491,3232,LICEUL TEHNOLOGIC IACOBENI,-,-,-,-,-,-,-,-,-,-,Absent
3233,SB9978101,3233,LICEUL TEHNOLOGIC IACOBENI,-,-,-,-,-,-,-,-,-,-,Absent
3234,SB9983143,3234,LICEUL TEHNOLOGIC IACOBENI,-,-,-,-,-,-,-,-,-,-,Absent
3235,SB9986732,3235,LICEUL TEHNOLOGIC IACOBENI,-,-,-,-,-,-,-,-,-,-,Absent
3236,SB9984255,3236,LICEUL TEHNOLOGIC IACOBENI,-,-,-,-,-,-,-,-,-,-,Absent
3237,SB9999370,3237,LICEUL TEHNOLOGIC IACOBENI,-,-,-,-,-,-,-,-,-,-,Absent
3238,SB9973121,3238,LICEUL TEHNOLOGIC IACOBENI,-,-,-,-,-,-,-,-,-,-,Absent
3239,SB9973380,3239,LICEUL TEHNOLOGIC IACOBENI,-,-,-,-,-,-,-,-,-,-,Absent
3240,SB9982884,3240,LICEUL TEHNOLOGIC IACOBENI,-,-,-,-,-,-,-,-,-,-,Absent
3241,SB9989376,3241,LICEUL TEHNOLOGIC IACOBENI,-,-,-,-,-,-,-,-,-,-,Absent
3242,SB9990872,3242,LICEUL TEHNOLOGIC IACOBENI,-,-,-,-,-,-,-,-,-,-,Absent
3243,SB9995059,3243,LICEUL TEHNOLOGIC IACOBENI,-,-,-,-,-,-,-,-,-,-,Absent
3244,SB9989085,3244,LICEUL TEHNOLOGIC IACOBENI,-,-,-,-,-,-,-,-,-,-,Absent
3245,SB9989202,3245,LICEUL TEHNOLOGIC IACOBENI,-,-,-,-,-,-,-,-,-,-,Absent
3246,SB9974042,3246,LICEUL TEHNOLOGIC IACOBENI,-,-,-,-,-,-,-,-,-,-,Absent
3247,SB9993767,3247,LICEUL TEHNOLOGIC IACOBENI,-,-,-,-,-,-,-,-,-,-,Absent
3248,SB9996203,3248,LICEUL TEHNOLOGIC IACOBENI,-,-,-,-,-,-,-,-,-,-,Absent
3249,SB9995404,3249,LICEUL TEHNOLOGIC IACOBENI,-,-,-,-,-,-,-,-,-,-,Absent
3250,SB9997468,3250,LICEUL TEHNOLOGIC IACOBENI,-,-,-,-,-,-,-,-,-,-,Absent
3251,SB9994916,3251,LICEUL TEHNOLOGIC IACOBENI,-,-,-,-,-,-,-,-,-,-,Absent
3252,SB10384084,3252,LICEUL TEHNOLOGIC IACOBENI,-,-,-,-,-,-,-,-,-,-,Absent
3253,SB10384156,3253,LICEUL TEHNOLOGIC IACOBENI,-,-,-,-,-,-,-,-,-,-,Absent
3254,SB10384309,3254,LICEUL TEHNOLOGIC IACOBENI,-,-,-,-,-,-,-,-,-,-,Absent
3255,SB10388335,3255,LICEUL TEHNOLOGIC IACOBENI,-,-,-,-,-,-,-,-,-,-,Absent
3256,SB9937697,3256,ŞCOALA GIMNAZIALĂ PĂUCA,-,-,-,-,-,-,-,-,-,-,Absent
3257,SB9938003,3257,ŞCOALA GIMNAZIALĂ PĂUCA,-,-,-,-,-,-,-,-,-,-,Absent
3258,SB9937362,3258,ŞCOALA GIMNAZIALĂ PĂUCA,-,-,-,-,-,-,-,-,-,-,Absent
3259,SB9896437,3259,ŞCOALA GIMNAZIALĂ STEPHAN LUDWIG ROTH MOŞNA,-,-,-,-,-,-,-,-,-,-,Absent
3260,SB9870651,3260,ŞCOALA GIMNAZIALĂ STEPHAN LUDWIG ROTH MOŞNA,-,-,-,-,-,-,-,-,-,-,Absent
3261,SB10337640,3261,ŞCOALA GIMNAZIALĂ STEPHAN LUDWIG ROTH MOŞNA,-,-,-,-,-,-,-,-,-,-,Absent
3262,SB12311060,3262,ŞCOALA GIMNAZIALĂ STEPHAN LUDWIG ROTH MOŞNA,-,-,-,-,-,-,-,-,-,-,Absent
3263,SB10105787,3263,ŞCOALA GIMNAZIALĂ IOAN MORARU DÂRLOS,-,-,-,-,-,-,-,-,-,-,Absent
3264,SB9081819,3264,ŞCOALA GIMNAZIALĂ OCTAVIAN GOGA RĂŞINARI,-,-,-,-,-,-,-,-,-,-,Absent
3265,SB9117668,3265,ŞCOALA GIMNAZIALĂ OCTAVIAN GOGA RĂŞINARI,-,-,-,-,-,-,-,-,-,-,Absent
3266,SB9117938,3266,ŞCOALA GIMNAZIALĂ OCTAVIAN GOGA RĂŞINARI,-,-,-,-,-,-,-,-,-,-,Absent
3267,SB12081352,3267,ŞCOALA GIMNAZIALĂ TÂRNAVA,-,-,-,-,-,-,-,-,-,-,Absent
3268,SB12880008,3268,ŞCOALA GIMNAZIALĂ NR. 10 SIBIU,-,-,-,-,-,-,-,-,-,-,Absent
3269,SB10430736,3269,ŞCOALA GIMNAZIALĂ IOAN SLAVICI SIBIU,-,-,-,-,-,-,-,-,-,-,Absent
3270,SB10430642,3270,ŞCOALA GIMNAZIALĂ NOCRICH,-,-,-,-,-,-,-,-,-,-,Absent
3271,SB7874496,3271,ŞCOALA GIMNAZIALĂ HOSMAN,-,-,-,-,-,-,-,-,-,-,Absent
3272,SB10400700,3272,ŞCOALA GIMNAZIALĂ HOSMAN,-,-,-,-,-,-,-,-,-,-,Absent
3273,SB10400780,3273,ŞCOALA GIMNAZIALĂ HOSMAN,-,-,-,-,-,-,-,-,-,-,Absent
3274,SB10400668,3274,ŞCOALA GIMNAZIALĂ HOSMAN,-,-,-,-,-,-,-,-,-,-,Absent
3275,SB10432266,3275,ŞCOALA GIMNAZIALĂ HOSMAN,-,-,-,-,-,-,-,-,-,-,Absent
3276,SB10971322,3276,ŞCOALA GIMNAZIALĂ HOSMAN,-,-,-,-,-,-,-,-,-,-,Absent
3277,SB10970674,3277,ŞCOALA GIMNAZIALĂ HOSMAN,-,-,-,-,-,-,-,-,-,-,Absent
3278,SB10970631,3278,ŞCOALA GIMNAZIALĂ HOSMAN,-,-,-,-,-,-,-,-,-,-,Absent
3279,SB10970433,3279,ŞCOALA GIMNAZIALĂ HOSMAN,-,-,-,-,-,-,-,-,-,-,Absent
3280,SB10971155,3280,ŞCOALA GIMNAZIALĂ HOSMAN,-,-,-,-,-,-,-,-,-,-,Absent
3281,SB7917909,3281,ŞCOALA GIMNAZIALĂ MERGHINDEAL,-,-,-,-,-,-,-,-,-,-,Absent
3282,SB10286776,3282,ŞCOALA GIMNAZIALĂ MERGHINDEAL,-,-,-,-,-,-,-,-,-,-,Absent
3283,SB12146145,3283,ŞCOALA GIMNAZIALĂ CORNELIU PĂCURARIU MICĂSASA,-,-,-,-,-,-,-,-,-,-,Absent
3284,SB8535413,3284,ŞCOALA GIMNAZIALĂ MIHĂILENI,-,-,-,-,-,-,-,-,-,-,Absent
3285,SB9421922,3285,ŞCOALA GIMNAZIALĂ PORUMBACU DE JOS,-,-,-,-,-,-,-,-,-,-,Absent
3286,SB10433368,3286,ŞCOALA GIMNAZIALĂ REGELE FERDINAND SIBIU,-,-,-,-,-,-,-,-,-,-,Absent
3287,SB9786645,3287,ŞCOALA GIMNAZIALĂ PORUMBACU DE JOS,-,-,-,-,-,-,-,-,-,-,Absent
3288,SB12273302,3288,ŞCOALA GIMNAZIALĂ PORUMBACU DE JOS,-,-,-,-,-,-,-,-,-,-,Absent
3289,SB9828958,3289,ŞCOALA GIMNAZIALĂ PRISLOP,-,-,-,-,-,-,-,-,-,-,Absent
3290,SB9829004,3290,ŞCOALA GIMNAZIALĂ PRISLOP,-,-,-,-,-,-,-,-,-,-,Absent
3291,SB9828959,3291,ŞCOALA GIMNAZIALĂ PRISLOP,-,-,-,-,-,-,-,-,-,-,Absent
3292,SB9828972,3292,ŞCOALA GIMNAZIALĂ PRISLOP,-,-,-,-,-,-,-,-,-,-,Absent
3293,SB10456012,3293,ŞCOALA GIMNAZIALĂ WALDORF HANS SPALINGER ROŞIA,-,-,-,-,-,-,-,-,-,-,Absent
3294,SB10455087,3294,ŞCOALA GIMNAZIALĂ WALDORF HANS SPALINGER ROŞIA,-,-,-,-,-,-,-,-,-,-,Absent
3295,SB10455822,3295,ŞCOALA GIMNAZIALĂ WALDORF HANS SPALINGER ROŞIA,-,-,-,-,-,-,-,-,-,-,Absent
3296,SB12317355,3296,ŞCOALA GIMNAZIALĂ NR. 11 SIBIU,-,-,-,-,-,-,-,-,-,-,Absent
3297,SB10535066,3297,ŞCOALA GIMNAZIALĂ NR. 21 SIBIU,-,-,-,-,-,-,-,-,-,-,Absent
3298,SB7992461,3298,ŞCOALA GIMNAZIALĂ IOAN BAN - DASCĂLU POIANA SIBIULUI,-,-,-,-,-,-,-,-,-,-,Absent
3299,SB7987472,3299,ŞCOALA GIMNAZIALĂ IOAN BAN - DASCĂLU POIANA SIBIULUI,-,-,-,-,-,-,-,-,-,-,Absent
3300,SB12316375,3300,ŞCOALA GIMNAZIALĂ IOAN BAN - DASCĂLU POIANA SIBIULUI,-,-,-,-,-,-,-,-,-,-,Absent
3301,SB8970801,3301,ŞCOALA GIMNAZIALĂ RACOVIŢA,-,-,-,-,-,-,-,-,-,-,Absent
3302,SB10971187,3302,ŞCOALA GIMNAZIALĂ RACOVIŢA,-,-,-,-,-,-,-,-,-,-,Absent
3303,SB7870579,3303,ŞCOALA GIMNAZIALĂ NR. 25 SIBIU,-,-,-,-,-,-,-,-,-,-,Absent
3304,SB10113216,3304,ŞCOALA GIMNAZIALĂ NR. 25 SIBIU,-,-,-,-,-,-,-,-,-,-,Absent
3305,SB12541994,3305,ŞCOALA GIMNAZIALĂ NR. 25 SIBIU,-,-,-,-,-,-,-,-,-,-,Absent
3306,SB10458242,3306,ŞCOALA GIMNAZIALĂ NR. 25 SIBIU,-,-,-,-,-,-,-,-,-,-,Absent
3307,SB10825666,3307,ŞCOALA GIMNAZIALĂ NR. 25 SIBIU,-,-,-,-,-,-,-,-,-,-,Absent
3308,SB14681720,3308,ŞCOALA GIMNAZIALĂ NR. 25 SIBIU,-,-,-,-,-,-,-,-,-,-,Absent
3309,SB10107423,3309,ŞCOALA GIMNAZIALĂ ŞURA MICĂ,-,-,-,-,-,-,-,-,-,-,Absent
3310,SB11185343,3310,ŞCOALA GIMNAZIALĂ ŞURA MICĂ,-,-,-,-,-,-,-,-,-,-,Absent
3311,SB12152874,3311,ŞCOALA GIMNAZIALĂ TILIŞCA,-,-,-,-,-,-,-,-,-,-,Absent
3312,SB9110002,3312,ŞCOALA GIMNAZIALĂ MATEI BASARAB TURNU ROŞU,-,-,-,-,-,-,-,-,-,-,Absent
3313,SB10687872,3313,ŞCOALA GIMNAZIALĂ MARȚIAN NEGREA VALEA VIILOR,-,-,-,-,-,-,-,-,-,-,Absent
3314,SB10371255,3314,ŞCOALA GIMNAZIALĂ VURPĂR,-,-,-,-,-,-,-,-,-,-,Absent
