idx,code,pos,school,rom_n,rom_c,rom_f,mat_n,mat_c,mat_f,mat_lang,mat_lang_n,mat_lang_c,mat_lang_f,media
1,SB10121803,1,"COLEGIUL NAȚIONAL ""SAMUEL VON BRUKENTHAL"" SIBIU",10.00,-,-,9.80,-,-,Limba germana,10.00,-,-,9.93
2,SB10081181,2,"COLEGIUL NAȚIONAL ""GHEORGHE LAZĂR"" SIBIU",10.00,-,-,9.70,-,-,-,-,-,-,9.85
3,SB659651,3,"COLEGIUL NAȚIONAL ""GHEORGHE LAZĂR"" SIBIU",10.00,-,-,9.70,-,-,-,-,-,-,9.85
4,SB10106530,4,"COLEGIUL NAȚIONAL ""GHEORGHE LAZĂR"" SIBIU",9.95,-,-,9.75,-,-,-,-,-,-,9.85
5,SB10072881,5,"COLEGIUL NAȚIONAL ""OCTAVIAN GOGA"" SIBIU",9.80,-,-,9.90,-,-,-,-,-,-,9.85
6,SB10295329,6,"COLEGIUL NAȚIONAL ""GHEORGHE LAZĂR"" SIBIU",9.40,9.65,9.65,10.00,-,-,-,-,-,-,9.82
7,SB10297206,7,"ŞCOALA GIMNAZIALĂ ""RADU SELEJAN"" SIBIU",9.85,-,-,9.75,-,-,-,-,-,-,9.80
8,SB12614415,8,"COLEGIUL NAȚIONAL ""GHEORGHE LAZĂR"" SIBIU",9.85,-,-,9.75,-,-,-,-,-,-,9.80
9,SB12616366,9,LICEUL ROMÂNO - FINLANDEZ ERI SIBIU,9.95,-,-,9.60,-,-,-,-,-,-,9.77
10,SB11073351,10,"COLEGIUL NAȚIONAL ""OCTAVIAN GOGA"" SIBIU",9.85,-,-,9.70,-,-,-,-,-,-,9.77
11,SB10465860,11,"ŞCOALA GIMNAZIALĂ ""REGINA MARIA"" SIBIU",9.65,-,-,9.90,-,-,-,-,-,-,9.77
12,SB11079024,12,"ŞCOALA GIMNAZIALĂ ""ION LUCA CARAGIALE"" SIBIU",9.85,-,-,9.45,-,-,Limba germana,10.00,-,-,9.76
13,SB10568771,13,"COLEGIUL NAȚIONAL ""SAMUEL VON BRUKENTHAL"" SIBIU",9.70,-,-,9.70,-,-,Limba germana,9.80,-,-,9.73
14,SB1151951,14,"COLEGIUL NAȚIONAL ""GHEORGHE LAZĂR"" SIBIU",9.65,-,-,9.80,-,-,-,-,-,-,9.72
15,SB10153703,15,"COLEGIUL NAȚIONAL ""GHEORGHE LAZĂR"" SIBIU",9.75,-,-,9.65,-,-,-,-,-,-,9.70
16,SB9440049,16,ŞCOALA GIMNAZIALĂ ALĂMOR,9.75,-,-,9.60,-,-,-,-,-,-,9.67
17,SB10106340,17,"COLEGIUL NAȚIONAL ""GHEORGHE LAZĂR"" SIBIU",9.60,-,-,9.75,-,-,-,-,-,-,9.67
18,SB11078999,18,"LICEUL TEORETIC ""CONSTANTIN NOICA"" SIBIU",9.60,-,-,9.75,-,-,-,-,-,-,9.67
19,SB10540187,19,ŞCOALA GIMNAZIALĂ NR. 4 SIBIU,10.00,-,-,9.30,-,-,-,-,-,-,9.65
20,SB13596096,20,LICEUL DE ARTĂ SIBIU,9.75,-,-,9.55,-,-,-,-,-,-,9.65
21,SB8369385,21,ŞCOALA GIMNAZIALĂ NR. 21 SIBIU,9.55,-,-,9.75,-,-,-,-,-,-,9.65
22,SB8561921,22,"ŞCOALA GIMNAZIALĂ ""ION LUCA CARAGIALE"" SIBIU",9.55,-,-,9.35,-,-,Limba germana,10.00,-,-,9.63
23,SB10549476,23,"ŞCOALA GIMNAZIALĂ ""NICOLAE IORGA"" SIBIU",9.45,-,-,9.70,-,-,Limba germana,9.75,-,-,9.63
24,SB11059576,24,"COLEGIUL NAȚIONAL ""SAMUEL VON BRUKENTHAL"" SIBIU",9.40,-,-,9.55,-,-,Limba germana,9.95,-,-,9.63
25,SB10407189,25,"ŞCOALA GIMNAZIALĂ ""ION LUCA CARAGIALE"" SIBIU",9.90,-,-,9.35,-,-,-,-,-,-,9.62
26,SB10399713,26,"COLEGIUL NAȚIONAL ""GHEORGHE LAZĂR"" SIBIU",9.60,-,-,9.65,-,-,-,-,-,-,9.62
27,SB12297728,27,ŞCOALA GIMNAZIALĂ NR. 8 SIBIU,9.30,9.70,9.70,9.55,-,-,-,-,-,-,9.62
28,SB10346419,28,"COLEGIUL NAȚIONAL ""OCTAVIAN GOGA"" SIBIU",9.70,-,-,9.50,-,-,-,-,-,-,9.60
29,SB10124046,29,"COLEGIUL NAȚIONAL ""OCTAVIAN GOGA"" SIBIU",9.90,-,-,9.30,-,-,Limba maghiara,9.55,-,-,9.58
30,SB10072508,30,"LICEUL TEORETIC ""ROTH - OBERTH"" MEDIAŞ",9.50,-,-,9.30,-,-,Limba germana,9.95,-,-,9.58
31,SB10106174,31,"ŞCOALA GIMNAZIALĂ ""NICOLAE IORGA"" SIBIU",9.70,-,-,9.45,-,-,-,-,-,-,9.57
32,SB10264698,32,ŞCOALA GIMNAZIALĂ NR. 13 SIBIU,9.55,-,-,9.60,-,-,-,-,-,-,9.57
33,SB12137091,33,"ŞCOALA GIMNAZIALĂ ""NICOLAE IORGA"" SIBIU",9.80,-,-,9.30,-,-,-,-,-,-,9.55
34,SB13983198,34,ŞCOALA GIMNAZIALĂ NR. 25 SIBIU,9.80,-,-,9.30,-,-,-,-,-,-,9.55
35,SB10349108,35,"COLEGIUL NAȚIONAL ""OCTAVIAN GOGA"" SIBIU",9.65,-,-,9.45,-,-,-,-,-,-,9.55
36,SB9806863,36,"COLEGIUL NAȚIONAL ""SAMUEL VON BRUKENTHAL"" SIBIU",9.65,-,-,9.25,-,-,Limba germana,9.75,-,-,9.55
37,SB12614794,37,"ŞCOALA GIMNAZIALĂ ""ION LUCA CARAGIALE"" SIBIU",9.55,-,-,9.10,-,-,Limba germana,10.00,-,-,9.55
38,SB12404215,38,"COLEGIUL NAȚIONAL ""GHEORGHE LAZĂR"" SIBIU",9.45,-,-,9.65,-,-,-,-,-,-,9.55
39,SB10091780,39,"COLEGIUL NAȚIONAL ""GHEORGHE LAZĂR"" SIBIU",9.20,-,-,9.90,-,-,-,-,-,-,9.55
40,SB10274898,40,"COLEGIUL NAȚIONAL ""GHEORGHE LAZĂR"" SIBIU",9.90,-,-,9.15,-,-,-,-,-,-,9.52
41,SB8252246,41,"ŞCOALA GIMNAZIALĂ ""ION LUCA CARAGIALE"" SIBIU",9.90,-,-,9.15,-,-,-,-,-,-,9.52
42,SB10662798,42,"COLEGIUL NAȚIONAL ""GHEORGHE LAZĂR"" SIBIU",9.75,-,-,9.30,-,-,-,-,-,-,9.52
43,SB10348837,43,"COLEGIUL NAȚIONAL ""GHEORGHE LAZĂR"" SIBIU",9.65,-,-,9.40,-,-,-,-,-,-,9.52
44,SB10465868,44,"ŞCOALA GIMNAZIALĂ ""REGINA MARIA"" SIBIU",9.45,-,-,9.60,-,-,-,-,-,-,9.52
45,SB9184587,45,"COLEGIUL NAȚIONAL ""GHEORGHE LAZĂR"" SIBIU",9.20,-,-,9.85,-,-,-,-,-,-,9.52
46,SB10426334,46,"ŞCOALA GIMNAZIALĂ ""NICOLAE IORGA"" SIBIU",9.65,-,-,9.10,-,-,Limba germana,9.80,-,-,9.51
47,SB10490822,47,"ŞCOALA GIMNAZIALĂ ""REGELE FERDINAND"" SIBIU",10.00,-,-,9.00,-,-,-,-,-,-,9.50
48,SB10063450,48,"LICEUL TEORETIC ""GHEORGHE LAZĂR"" AVRIG",9.90,-,-,9.10,-,-,-,-,-,-,9.50
49,SB12614726,49,"LICEUL TEORETIC ""CONSTANTIN NOICA"" SIBIU",9.85,-,-,9.15,-,-,-,-,-,-,9.50
50,SB10350868,50,"COLEGIUL NAȚIONAL PEDAGOGIC ""ANDREI ŞAGUNA"" SIBIU",9.75,-,-,9.25,-,-,-,-,-,-,9.50
51,SB10350535,51,ŞCOALA GIMNAZIALĂ NR. 21 SIBIU,9.65,-,-,9.35,-,-,-,-,-,-,9.50
52,SB10079009,52,"LICEUL TEORETIC ""ROTH - OBERTH"" MEDIAŞ",9.65,-,-,8.95,-,-,Limba germana,9.90,-,-,9.50
53,SB10101226,53,ŞCOALA GIMNAZIALĂ NR. 4 SIBIU,9.55,-,-,9.45,-,-,-,-,-,-,9.50
54,SB4108601,54,"ŞCOALA GIMNAZIALĂ ""IOAN SLAVICI"" SIBIU",9.55,-,-,9.45,-,-,-,-,-,-,9.50
55,SB10350511,55,"COLEGIUL NAȚIONAL PEDAGOGIC ""ANDREI ŞAGUNA"" SIBIU",9.50,-,-,9.50,-,-,-,-,-,-,9.50
56,SB10108959,56,"COLEGIUL NAȚIONAL ""GHEORGHE LAZĂR"" SIBIU",9.45,-,-,9.55,-,-,-,-,-,-,9.50
57,SB8544882,57,ŞCOALA GIMNAZIALĂ NR. 4 SIBIU,9.45,-,-,9.40,-,-,Limba germana,9.65,-,-,9.50
58,SB10399765,58,"ŞCOALA GIMNAZIALĂ ""REGINA MARIA"" SIBIU",9.30,-,-,9.70,-,-,-,-,-,-,9.50
59,SB8719918,59,"COLEGIUL NAȚIONAL ""SAMUEL VON BRUKENTHAL"" SIBIU",9.60,-,-,9.05,-,-,Limba germana,9.80,-,-,9.48
60,SB10455073,60,"COLEGIUL NAȚIONAL ""GHEORGHE LAZĂR"" SIBIU",9.85,-,-,9.10,-,-,-,-,-,-,9.47
61,SB10456180,61,"COLEGIUL NAȚIONAL ""OCTAVIAN GOGA"" SIBIU",9.85,-,-,9.10,-,-,-,-,-,-,9.47
62,SB12607929,62,"ŞCOALA GIMNAZIALĂ ""REGINA MARIA"" SIBIU",9.75,-,-,9.20,-,-,-,-,-,-,9.47
63,SB9879569,63,"ŞCOALA GIMNAZIALĂ ""ION POP RETEGANUL"" ORLAT",9.65,-,-,9.30,-,-,-,-,-,-,9.47
64,SB12614934,64,"COLEGIUL NAȚIONAL ""GHEORGHE LAZĂR"" SIBIU",9.50,-,-,9.45,-,-,-,-,-,-,9.47
65,SB10061796,65,"LICEUL TEORETIC ""ONISIFOR GHIBU"" SIBIU",9.75,-,-,8.80,-,-,Limba germana,9.85,-,-,9.46
66,SB8561220,66,"COLEGIUL NAȚIONAL ""SAMUEL VON BRUKENTHAL"" SIBIU",9.65,-,-,9.25,-,-,Limba germana,9.50,-,-,9.46
67,SB9076123,67,"COLEGIUL NAȚIONAL ""SAMUEL VON BRUKENTHAL"" SIBIU",9.35,-,-,9.25,-,-,Limba germana,9.80,-,-,9.46
68,SB13409387,68,"COLEGIUL NAȚIONAL ""OCTAVIAN GOGA"" SIBIU",9.70,-,-,9.35,-,-,Limba maghiara,9.30,-,-,9.45
69,SB9879670,69,"COLEGIUL NAȚIONAL ""GHEORGHE LAZĂR"" SIBIU",9.70,-,-,9.20,-,-,-,-,-,-,9.45
70,SB8538951,70,"COLEGIUL NAȚIONAL ""GHEORGHE LAZĂR"" SIBIU",9.50,-,-,9.40,-,-,-,-,-,-,9.45
71,SB9162516,71,"ŞCOALA GIMNAZIALĂ ""REGELE FERDINAND"" SIBIU",9.50,-,-,9.40,-,-,-,-,-,-,9.45
72,SB10408908,72,LICEUL DE ARTĂ SIBIU,9.45,-,-,9.45,-,-,-,-,-,-,9.45
73,SB12064414,73,"ŞCOALA GIMNAZIALĂ ""IOAN SLAVICI"" SIBIU",9.45,-,-,9.20,9.45,9.45,-,-,-,-,9.45
74,SB10091285,74,"LICEUL TEHNOLOGIC ""JOHANNES LEBEL"" TĂLMACIU",9.35,-,-,9.55,-,-,-,-,-,-,9.45
75,SB8398340,75,ŞCOALA GIMNAZIALĂ RACOVIŢA,9.35,-,-,9.55,-,-,-,-,-,-,9.45
76,SB10368007,76,"ŞCOALA GIMNAZIALĂ ""MIHAI VITEAZU"" ŞELIMBĂR",9.30,-,-,9.60,-,-,-,-,-,-,9.45
77,SB10426222,77,"COLEGIUL NAȚIONAL ""GHEORGHE LAZĂR"" SIBIU",9.05,9.25,9.25,9.65,-,-,-,-,-,-,9.45
78,SB10564840,78,"COLEGIUL NAȚIONAL ""OCTAVIAN GOGA"" SIBIU",8.95,9.40,9.40,9.50,-,-,-,-,-,-,9.45
79,SB10293323,79,"ŞCOALA GIMNAZIALĂ ""ION LUCA CARAGIALE"" SIBIU",9.75,-,-,8.75,-,-,Limba germana,9.35,9.80,9.80,9.43
80,SB8721751,80,"COLEGIUL NAȚIONAL ""SAMUEL VON BRUKENTHAL"" SIBIU",9.40,-,-,9.00,-,-,Limba germana,9.90,-,-,9.43
81,SB12619298,81,"ŞCOALA GIMNAZIALĂ ""REGINA MARIA"" SIBIU",9.80,-,-,9.05,-,-,-,-,-,-,9.42
82,SB10440405,82,"COLEGIUL NAȚIONAL ""GHEORGHE LAZĂR"" SIBIU",9.70,-,-,9.15,-,-,-,-,-,-,9.42
83,SB10848386,83,"ŞCOALA GIMNAZIALĂ ""NICOLAE IORGA"" SIBIU",9.60,-,-,9.25,-,-,-,-,-,-,9.42
84,SB10125042,84,ŞCOALA GIMNAZIALĂ NR. 18 SIBIU,9.55,-,-,9.30,-,-,-,-,-,-,9.42
85,SB647651,85,"COLEGIUL NAȚIONAL ""GHEORGHE LAZĂR"" SIBIU",9.55,-,-,9.30,-,-,-,-,-,-,9.42
86,SB10090838,86,"LICEUL TEHNOLOGIC ""JOHANNES LEBEL"" TĂLMACIU",9.50,-,-,9.35,-,-,-,-,-,-,9.42
87,SB9076530,87,ŞCOALA GIMNAZIALĂ PĂUCA,9.45,-,-,9.40,-,-,-,-,-,-,9.42
88,SB10025019,88,LICEUL TEHNOLOGIC MÂRŞA,9.40,-,-,9.45,-,-,-,-,-,-,9.42
89,SB637451,89,"ŞCOALA GIMNAZIALĂ ""REGINA MARIA"" SIBIU",9.40,-,-,9.45,-,-,-,-,-,-,9.42
90,SB12307793,90,"COLEGIUL NAȚIONAL ""OCTAVIAN GOGA"" SIBIU",8.95,-,-,9.90,-,-,-,-,-,-,9.42
91,SB10490382,91,"ŞCOALA GIMNAZIALĂ ""ION LUCA CARAGIALE"" SIBIU",9.75,-,-,8.90,-,-,Limba germana,9.60,-,-,9.41
92,SB9139208,92,"COLEGIUL NAȚIONAL ""SAMUEL VON BRUKENTHAL"" SIBIU",9.65,-,-,8.75,-,-,Limba germana,9.85,-,-,9.41
93,SB8720584,93,"COLEGIUL NAȚIONAL ""SAMUEL VON BRUKENTHAL"" SIBIU",9.15,-,-,9.40,-,-,Limba germana,9.70,-,-,9.41
94,SB12615128,94,"LICEUL TEORETIC ""ONISIFOR GHIBU"" SIBIU",9.00,-,-,9.35,-,-,Limba germana,9.90,-,-,9.41
95,SB10348344,95,"ŞCOALA GIMNAZIALĂ ""REGINA MARIA"" SIBIU",9.90,-,-,8.90,-,-,-,-,-,-,9.40
96,SB10024822,96,LICEUL TEHNOLOGIC MÂRŞA,9.65,-,-,9.15,-,-,-,-,-,-,9.40
97,SB10512338,97,"ŞCOALA GIMNAZIALĂ ""NICOLAE IORGA"" SIBIU",9.60,-,-,9.20,-,-,-,-,-,-,9.40
98,SB10662967,98,"ŞCOALA GIMNAZIALĂ ""REGINA MARIA"" SIBIU",9.60,-,-,9.20,-,-,-,-,-,-,9.40
99,SB11073368,99,"COLEGIUL NAȚIONAL ""GHEORGHE LAZĂR"" SIBIU",9.60,-,-,9.20,-,-,-,-,-,-,9.40
100,SB10351526,100,"ŞCOALA GIMNAZIALĂ ""NICOLAE IORGA"" SIBIU",9.55,-,-,9.25,-,-,-,-,-,-,9.40
101,SB636701,101,"COLEGIUL NAȚIONAL ""OCTAVIAN GOGA"" SIBIU",9.55,-,-,9.25,-,-,-,-,-,-,9.40
102,SB8133834,102,"ŞCOALA GIMNAZIALĂ ""REGINA MARIA"" SIBIU",9.55,-,-,9.25,-,-,-,-,-,-,9.40
103,SB10363425,103,"COLEGIUL NAȚIONAL ""OCTAVIAN GOGA"" SIBIU",9.45,-,-,9.35,-,-,-,-,-,-,9.40
104,SB10548255,104,"COLEGIUL NAȚIONAL PEDAGOGIC ""ANDREI ŞAGUNA"" SIBIU",9.40,-,-,9.40,-,-,-,-,-,-,9.40
105,SB10317515,105,"LICEUL TEORETIC ""ONISIFOR GHIBU"" SIBIU",9.40,-,-,8.85,-,-,Limba germana,9.90,-,-,9.38
106,SB12008513,106,"ŞCOALA GIMNAZIALĂ ""NICOLAE IORGA"" SIBIU",9.15,-,-,9.50,-,-,Limba germana,9.50,-,-,9.38
107,SB10424635,107,"COLEGIUL NAȚIONAL ""GHEORGHE LAZĂR"" SIBIU",9.80,-,-,8.95,-,-,-,-,-,-,9.37
108,SB10458028,108,"COLEGIUL NAȚIONAL PEDAGOGIC ""ANDREI ŞAGUNA"" SIBIU",9.75,-,-,9.00,-,-,-,-,-,-,9.37
109,SB850051,109,"ŞCOALA GIMNAZIALĂ ""NICOLAE IORGA"" SIBIU",9.65,-,-,9.10,-,-,-,-,-,-,9.37
110,SB2688001,110,ŞCOALA GIMNAZIALĂ NR. 3 CISNĂDIE,9.60,-,-,9.15,-,-,-,-,-,-,9.37
111,SB10045028,111,"ŞCOALA GIMNAZIALĂ ""NICOLAE IORGA"" SIBIU",9.55,-,-,9.20,-,-,-,-,-,-,9.37
112,SB10105843,112,"ŞCOALA GIMNAZIALĂ ""RADU SELEJAN"" SIBIU",9.50,-,-,9.25,-,-,-,-,-,-,9.37
113,SB646051,113,"ŞCOALA GIMNAZIALĂ ""NICOLAE IORGA"" SIBIU",9.45,-,-,9.30,-,-,-,-,-,-,9.37
114,SB12020169,114,"COLEGIUL NAȚIONAL ""GHEORGHE LAZĂR"" SIBIU",9.35,-,-,9.40,-,-,-,-,-,-,9.37
115,SB9376121,115,ŞCOALA GIMNAZIALĂ NR. 1 SIBIU,9.35,-,-,9.40,-,-,-,-,-,-,9.37
116,SB12615894,116,"ŞCOALA GIMNAZIALĂ ""REGINA MARIA"" SIBIU",9.30,-,-,9.45,-,-,-,-,-,-,9.37
117,SB10488052,117,"COLEGIUL NAȚIONAL ""GHEORGHE LAZĂR"" SIBIU",9.10,-,-,9.65,-,-,-,-,-,-,9.37
118,SB8996752,118,"COLEGIUL NAȚIONAL ""SAMUEL VON BRUKENTHAL"" SIBIU",9.95,-,-,8.30,-,-,Limba germana,9.85,-,-,9.36
119,SB10411662,119,"ŞCOALA GIMNAZIALĂ ""NICOLAE IORGA"" SIBIU",9.05,9.30,9.30,9.40,-,-,Limba germana,9.40,-,-,9.36
120,SB10350408,120,"ŞCOALA GIMNAZIALĂ ""NICOLAE IORGA"" SIBIU",9.60,-,-,9.10,-,-,-,-,-,-,9.35
121,SB8400705,121,"ŞCOALA GIMNAZIALĂ ""NICOLAE IORGA"" SIBIU",9.50,-,-,9.20,-,-,-,-,-,-,9.35
122,SB9999585,122,"COLEGIUL NAȚIONAL ""GHEORGHE LAZĂR"" SIBIU",9.50,-,-,9.20,-,-,-,-,-,-,9.35
123,SB646351,123,"COLEGIUL NAȚIONAL ""OCTAVIAN GOGA"" SIBIU",9.35,-,-,9.35,-,-,-,-,-,-,9.35
124,SB10568105,124,"ŞCOALA GIMNAZIALĂ ""NICOLAE IORGA"" SIBIU",9.30,-,-,9.40,-,-,-,-,-,-,9.35
125,SB8251648,125,"COLEGIUL NAȚIONAL ""OCTAVIAN GOGA"" SIBIU",9.25,-,-,9.45,-,-,-,-,-,-,9.35
126,SB11076158,126,"COLEGIUL NAȚIONAL ""OCTAVIAN GOGA"" SIBIU",9.20,-,-,9.00,-,-,Limba germana,9.85,-,-,9.35
127,SB7897984,127,"ŞCOALA GIMNAZIALĂ ""IOAN BAN - DASCĂLU"" POIANA SIBIULUI",9.15,-,-,9.55,-,-,-,-,-,-,9.35
128,SB11059558,128,"COLEGIUL NAȚIONAL ""SAMUEL VON BRUKENTHAL"" SIBIU",9.05,-,-,9.35,-,-,Limba germana,9.65,-,-,9.35
129,SB9799184,129,"COLEGIUL NAȚIONAL ""GHEORGHE LAZĂR"" SIBIU",9.00,-,-,9.70,-,-,-,-,-,-,9.35
130,SB10303667,130,"LICEUL TEORETIC ""ROTH - OBERTH"" MEDIAŞ",9.00,-,-,9.35,-,-,Limba germana,9.70,-,-,9.35
131,SB11095889,131,"LICEUL TEORETIC ""CONSTANTIN NOICA"" SIBIU",8.95,-,-,9.75,-,-,-,-,-,-,9.35
132,SB9817465,132,"LICEUL TEORETIC ""GHEORGHE LAZĂR"" AVRIG",8.90,-,-,9.80,-,-,-,-,-,-,9.35
133,SB9991125,133,"ŞCOALA GIMNAZIALĂ ""NICOLAE IORGA"" SIBIU",9.35,-,-,9.15,-,-,Limba germana,9.50,-,-,9.33
134,SB8637999,134,"ŞCOALA GIMNAZIALĂ ""REGELE FERDINAND"" SIBIU",9.80,-,-,8.85,-,-,-,-,-,-,9.32
135,SB10367921,135,ŞCOALA GIMNAZIALĂ NR. 4 SIBIU,9.70,-,-,8.95,-,-,-,-,-,-,9.32
136,SB10348896,136,"ŞCOALA GIMNAZIALĂ ""NICOLAE IORGA"" SIBIU",9.50,-,-,9.15,-,-,-,-,-,-,9.32
137,SB10593988,137,"ŞCOALA GIMNAZIALĂ ""ION ALBESCU"" BOIŢA",9.50,-,-,9.15,-,-,-,-,-,-,9.32
138,SB8996906,138,"COLEGIUL NAȚIONAL ""OCTAVIAN GOGA"" SIBIU",9.50,-,-,9.15,-,-,-,-,-,-,9.32
139,SB9101275,139,"ŞCOALA GIMNAZIALĂ ""REGINA MARIA"" SIBIU",9.50,-,-,9.15,-,-,-,-,-,-,9.32
140,SB9642961,140,"COLEGIUL NAȚIONAL ""GHEORGHE LAZĂR"" SIBIU",9.40,-,-,9.25,-,-,-,-,-,-,9.32
141,SB11080370,141,"ŞCOALA GIMNAZIALĂ ""NICOLAE IORGA"" SIBIU",9.30,-,-,9.35,-,-,-,-,-,-,9.32
142,SB10353600,142,"COLEGIUL NAȚIONAL ""GHEORGHE LAZĂR"" SIBIU",9.25,-,-,9.40,-,-,-,-,-,-,9.32
143,SB10538204,143,"COLEGIUL NAȚIONAL PEDAGOGIC ""ANDREI ŞAGUNA"" SIBIU",9.20,-,-,9.45,-,-,-,-,-,-,9.32
144,SB10464540,144,"ŞCOALA GIMNAZIALĂ ""REGINA MARIA"" SIBIU",9.15,-,-,9.50,-,-,-,-,-,-,9.32
145,SB9386254,145,ŞCOALA GIMNAZIALĂ NR. 3 CISNĂDIE,8.80,9.45,9.45,9.20,-,-,-,-,-,-,9.32
146,SB8549022,146,"COLEGIUL NAȚIONAL ""SAMUEL VON BRUKENTHAL"" SIBIU",9.65,-,-,8.65,-,-,Limba germana,9.65,-,-,9.31
147,SB8724539,147,"COLEGIUL NAȚIONAL ""SAMUEL VON BRUKENTHAL"" SIBIU",9.60,-,-,9.40,-,-,Limba germana,8.95,-,-,9.31
148,SB10320870,148,"COLEGIUL NAȚIONAL ""OCTAVIAN GOGA"" SIBIU",9.50,-,-,8.75,-,-,Limba germana,9.70,-,-,9.31
149,SB12388832,149,"LICEUL TEORETIC ""ONISIFOR GHIBU"" SIBIU",9.15,-,-,9.45,-,-,Limba germana,9.35,-,-,9.31
150,SB12618985,150,"COLEGIUL NAȚIONAL ""SAMUEL VON BRUKENTHAL"" SIBIU",9.15,-,-,9.15,-,-,Limba germana,9.65,-,-,9.31
151,SB12614345,151,"ŞCOALA GIMNAZIALĂ ""NICOLAE IORGA"" SIBIU",9.00,-,-,9.10,-,-,Limba germana,9.85,-,-,9.31
152,SB12618764,152,"ŞCOALA GIMNAZIALĂ ""RADU SELEJAN"" SIBIU",9.75,-,-,8.85,-,-,-,-,-,-,9.30
153,SB659201,153,ŞCOALA GIMNAZIALĂ NR. 1 SIBIU,9.65,-,-,8.95,-,-,-,-,-,-,9.30
154,SB10825568,154,"ŞCOALA GIMNAZIALĂ ""REGELE FERDINAND"" SIBIU",9.60,-,-,9.00,-,-,-,-,-,-,9.30
155,SB10464371,155,"COLEGIUL NAȚIONAL ""OCTAVIAN GOGA"" SIBIU",9.50,-,-,9.10,-,-,-,-,-,-,9.30
156,SB12055669,156,ŞCOALA GIMNAZIALĂ BRADU,9.50,-,-,9.10,-,-,-,-,-,-,9.30
157,SB7506001,157,"ŞCOALA GIMNAZIALĂ ""RADU SELEJAN"" SIBIU",9.40,-,-,9.20,-,-,-,-,-,-,9.30
158,SB10025344,158,LICEUL TEHNOLOGIC MÂRŞA,9.35,-,-,9.25,-,-,-,-,-,-,9.30
159,SB637501,159,"COLEGIUL NAȚIONAL ""OCTAVIAN GOGA"" SIBIU",9.30,-,-,9.35,-,-,Limba germana,9.25,-,-,9.30
160,SB10465961,160,"COLEGIUL NAȚIONAL ""GHEORGHE LAZĂR"" SIBIU",9.25,-,-,9.35,-,-,-,-,-,-,9.30
161,SB10349749,161,"COLEGIUL NAȚIONAL ""GHEORGHE LAZĂR"" SIBIU",9.20,-,-,9.40,-,-,-,-,-,-,9.30
162,SB9934068,162,"LICEUL TEHNOLOGIC ""JOHANNES LEBEL"" TĂLMACIU",9.20,-,-,9.40,-,-,-,-,-,-,9.30
163,SB13693621,163,ŞCOALA GIMNAZIALĂ NR. 13 SIBIU,8.90,-,-,9.70,-,-,-,-,-,-,9.30
164,SB10531167,164,"ŞCOALA GIMNAZIALĂ ""NICOLAE IORGA"" SIBIU",9.35,-,-,9.15,-,-,Limba germana,9.35,-,-,9.28
165,SB9161972,165,"ŞCOALA GIMNAZIALĂ ""NICOLAE IORGA"" SIBIU",9.25,-,-,8.70,-,-,Limba germana,9.90,-,-,9.28
166,SB10408705,166,"LICEUL TEORETIC ""ONISIFOR GHIBU"" SIBIU",9.00,-,-,9.40,-,-,Limba germana,9.45,-,-,9.28
167,SB10348954,167,"COLEGIUL NAȚIONAL ""GHEORGHE LAZĂR"" SIBIU",9.65,-,-,8.90,-,-,-,-,-,-,9.27
168,SB10448874,168,"ŞCOALA GIMNAZIALĂ ""RADU SELEJAN"" SIBIU",9.65,-,-,8.90,-,-,-,-,-,-,9.27
169,SB10744422,169,"LICEUL TEORETIC ""CONSTANTIN NOICA"" SIBIU",9.55,-,-,9.00,-,-,-,-,-,-,9.27
170,SB9065190,170,"ŞCOALA GIMNAZIALĂ ""NICOLAE IORGA"" SIBIU",9.55,-,-,9.00,-,-,-,-,-,-,9.27
171,SB12255699,171,ŞCOALA GIMNAZIALĂ NR. 8 SIBIU,9.50,-,-,9.05,-,-,-,-,-,-,9.27
172,SB12614063,172,ŞCOALA GIMNAZIALĂ NR. 8 SIBIU,9.50,-,-,9.05,-,-,-,-,-,-,9.27
173,SB4561051,173,ŞCOALA GIMNAZIALĂ OCNA SIBIULUI,9.50,-,-,9.05,-,-,-,-,-,-,9.27
174,SB10130458,174,ŞCOALA GIMNAZIALĂ NR. 18 SIBIU,9.45,-,-,9.10,-,-,-,-,-,-,9.27
175,SB10264822,175,ŞCOALA GIMNAZIALĂ NR. 13 SIBIU,9.35,-,-,9.20,-,-,-,-,-,-,9.27
176,SB12615935,176,"ŞCOALA GIMNAZIALĂ ""RADU SELEJAN"" SIBIU",9.25,-,-,9.30,-,-,-,-,-,-,9.27
177,SB10317544,177,ŞCOALA GIMNAZIALĂ NR. 4 SIBIU,9.20,-,-,8.95,-,-,Limba germana,9.65,-,-,9.26
178,SB9806091,178,"COLEGIUL NAȚIONAL ""SAMUEL VON BRUKENTHAL"" SIBIU",9.10,-,-,9.25,-,-,Limba germana,9.45,-,-,9.26
179,SB10045356,179,ŞCOALA GIMNAZIALĂ NR. 8 SIBIU,9.75,-,-,8.75,-,-,-,-,-,-,9.25
180,SB10291900,180,ŞCOALA GIMNAZIALĂ NR. 18 SIBIU,9.70,-,-,8.80,-,-,-,-,-,-,9.25
181,SB9806730,181,"COLEGIUL NAȚIONAL ""SAMUEL VON BRUKENTHAL"" SIBIU",9.50,-,-,8.80,-,-,Limba germana,9.45,-,-,9.25
182,SB10296324,182,"ŞCOALA GIMNAZIALĂ ""REGELE FERDINAND"" SIBIU",9.45,-,-,9.05,-,-,-,-,-,-,9.25
183,SB10423510,183,"ŞCOALA GIMNAZIALĂ ""REGINA MARIA"" SIBIU",9.40,-,-,9.10,-,-,-,-,-,-,9.25
184,SB6694801,184,"COLEGIUL NAȚIONAL PEDAGOGIC ""ANDREI ŞAGUNA"" SIBIU",9.35,-,-,9.15,-,-,-,-,-,-,9.25
185,SB9133702,185,"ŞCOALA GIMNAZIALĂ ""MATEI BASARAB"" TURNU ROŞU",9.30,-,-,9.20,-,-,-,-,-,-,9.25
186,SB10348994,186,"COLEGIUL NAȚIONAL ""GHEORGHE LAZĂR"" SIBIU",9.20,-,-,9.30,-,-,-,-,-,-,9.25
187,SB7502151,187,"ŞCOALA GIMNAZIALĂ ""NICOLAE IORGA"" SIBIU",9.20,-,-,8.85,-,-,Limba germana,9.70,-,-,9.25
188,SB849851,188,"ŞCOALA GIMNAZIALĂ ""REGELE FERDINAND"" SIBIU",9.15,-,-,9.35,-,-,-,-,-,-,9.25
189,SB9003933,189,"ŞCOALA GIMNAZIALĂ ""REGINA MARIA"" SIBIU",9.10,-,-,9.40,-,-,-,-,-,-,9.25
190,SB10383295,190,"LICEUL TEORETIC ""ONISIFOR GHIBU"" SIBIU",9.05,-,-,8.90,-,-,Limba germana,9.80,-,-,9.25
191,SB10399641,191,"ŞCOALA GIMNAZIALĂ ""ION LUCA CARAGIALE"" SIBIU",8.95,-,-,9.55,-,-,-,-,-,-,9.25
192,SB9588809,192,"LICEUL TEORETIC ""GUSTAV GÜNDISCH"" CISNĂDIE",9.40,-,-,9.40,-,-,Limba germana,9.25,8.90,8.90,9.23
193,SB12031661,193,"ŞCOALA GIMNAZIALĂ ""NICOLAE IORGA"" SIBIU",9.35,-,-,8.40,-,-,Limba germana,9.95,-,-,9.23
194,SB10167599,194,"COLEGIUL NAȚIONAL ""OCTAVIAN GOGA"" SIBIU",9.25,-,-,9.40,-,-,Limba germana,9.05,-,-,9.23
195,SB11076396,195,"COLEGIUL NAȚIONAL ""SAMUEL VON BRUKENTHAL"" SIBIU",8.80,-,-,9.40,-,-,Limba germana,9.50,-,-,9.23
196,SB12378509,196,ŞCOALA GIMNAZIALĂ NR. 12 SIBIU,10.00,-,-,8.45,-,-,-,-,-,-,9.22
197,SB8221079,197,"ŞCOALA GIMNAZIALĂ ""SAMUIL MICU"" SADU",10.00,-,-,8.45,-,-,-,-,-,-,9.22
198,SB10120850,198,LICEUL DE ARTĂ SIBIU,9.50,-,-,8.95,8.95,8.95,-,-,-,-,9.22
199,SB9137495,199,"ŞCOALA GIMNAZIALĂ ""OCTAVIAN GOGA"" RĂŞINARI",9.45,-,-,9.00,-,-,-,-,-,-,9.22
200,SB10541799,200,"ŞCOALA GIMNAZIALĂ ""NICOLAE IORGA"" SIBIU",9.40,9.60,9.60,8.85,-,-,-,-,-,-,9.22
201,SB14377363,201,ŞCOALA GIMNAZIALĂ NR. 13 SIBIU,9.25,-,-,9.20,-,-,-,-,-,-,9.22
202,SB10342722,202,"ŞCOALA GIMNAZIALĂ ""CIREŞARII"" MEDIAŞ",9.15,-,-,9.30,-,-,-,-,-,-,9.22
203,SB10600247,203,"COLEGIUL NAȚIONAL ""GHEORGHE LAZĂR"" SIBIU",8.65,9.25,9.25,8.90,9.20,9.20,-,-,-,-,9.22
204,SB10300615,204,"ŞCOALA GIMNAZIALĂ ""ANDREI ȘAGUNA"" ŞURA MARE",9.85,-,-,8.55,-,-,-,-,-,-,9.20
205,SB10424165,205,ŞCOALA GIMNAZIALĂ NR. 4 SIBIU,9.80,-,-,8.60,-,-,-,-,-,-,9.20
206,SB10314934,206,"ŞCOALA GIMNAZIALĂ ""NICOLAE IORGA"" SIBIU",9.65,-,-,8.60,-,-,Limba germana,9.35,-,-,9.20
207,SB10291154,207,ŞCOALA GIMNAZIALĂ NR. 25 SIBIU,9.60,-,-,8.80,-,-,-,-,-,-,9.20
208,SB10408994,208,"ŞCOALA GIMNAZIALĂ ""REGINA MARIA"" SIBIU",9.55,-,-,8.85,-,-,-,-,-,-,9.20
209,SB10400189,209,"ŞCOALA GIMNAZIALĂ ""NICOLAE IORGA"" SIBIU",9.45,-,-,8.80,8.95,8.95,-,-,-,-,9.20
210,SB10367486,210,"ŞCOALA GIMNAZIALĂ ""NICOLAE IORGA"" SIBIU",9.40,-,-,9.00,-,-,-,-,-,-,9.20
211,SB9141706,211,"ŞCOALA GIMNAZIALĂ ""NICOLAE IORGA"" SIBIU",9.40,-,-,9.00,-,-,-,-,-,-,9.20
212,SB10400514,212,"ŞCOALA GIMNAZIALĂ ""NICOLAE IORGA"" SIBIU",9.35,-,-,9.05,-,-,-,-,-,-,9.20
213,SB12297712,213,LICEUL DE ARTĂ SIBIU,9.20,-,-,9.20,-,-,-,-,-,-,9.20
214,SB10264724,214,ŞCOALA GIMNAZIALĂ NR. 18 SIBIU,9.10,-,-,9.30,-,-,-,-,-,-,9.20
215,SB9527801,215,"COLEGIUL NAȚIONAL ""SAMUEL VON BRUKENTHAL"" SIBIU",8.85,-,-,8.85,-,-,Limba germana,9.90,-,-,9.20
216,SB10407953,216,"COLEGIUL NAȚIONAL ""SAMUEL VON BRUKENTHAL"" SIBIU",9.40,-,-,9.05,-,-,Limba germana,9.10,-,-,9.18
217,SB10960355,217,"COLEGIUL NAȚIONAL ""SAMUEL VON BRUKENTHAL"" SIBIU",9.00,-,-,8.75,-,-,Limba germana,9.80,-,-,9.18
218,SB9590947,218,"ŞCOALA GIMNAZIALĂ ""MIHAI VITEAZU"" ŞELIMBĂR",10.00,-,-,8.35,-,-,-,-,-,-,9.17
219,SB12297629,219,"ŞCOALA GIMNAZIALĂ ""AUREL DECEI"" GURA RÂULUI",9.65,-,-,8.70,-,-,-,-,-,-,9.17
220,SB12066944,220,"ŞCOALA GIMNAZIALĂ ""IOAN SLAVICI"" SIBIU",9.60,-,-,8.75,-,-,-,-,-,-,9.17
221,SB9187708,221,"ŞCOALA GIMNAZIALĂ ""NICOLAE IORGA"" SIBIU",9.60,-,-,8.75,-,-,-,-,-,-,9.17
222,SB12109286,222,"COLEGIUL NAȚIONAL ""GHEORGHE LAZĂR"" SIBIU",9.50,-,-,8.85,-,-,-,-,-,-,9.17
223,SB12614737,223,"ŞCOALA GIMNAZIALĂ ""REGINA MARIA"" SIBIU",9.50,-,-,8.85,-,-,-,-,-,-,9.17
224,SB10105619,224,ŞCOALA GIMNAZIALĂ NR. 13 SIBIU,9.45,-,-,8.90,-,-,-,-,-,-,9.17
225,SB10125258,225,"ŞCOALA GIMNAZIALĂ ""RADU SELEJAN"" SIBIU",9.35,-,-,9.00,-,-,-,-,-,-,9.17
226,SB10046106,226,ŞCOALA GIMNAZIALĂ NR. 4 SIBIU,9.30,-,-,9.05,-,-,-,-,-,-,9.17
227,SB9940447,227,"LICEUL TEHNOLOGIC ""IOAN LUPAŞ"" SĂLIŞTE",9.25,-,-,9.10,-,-,-,-,-,-,9.17
228,SB10110138,228,"ŞCOALA GIMNAZIALĂ ""REGELE FERDINAND"" SIBIU",9.15,-,-,9.20,-,-,-,-,-,-,9.17
229,SB10463780,229,"ŞCOALA GIMNAZIALĂ ""ION LUCA CARAGIALE"" SIBIU",9.15,-,-,9.20,-,-,-,-,-,-,9.17
230,SB10550617,230,"ŞCOALA GIMNAZIALĂ ""ION LUCA CARAGIALE"" SIBIU",9.15,-,-,9.20,-,-,-,-,-,-,9.17
231,SB10662863,231,"ŞCOALA GIMNAZIALĂ ""NICOLAE IORGA"" SIBIU",9.10,-,-,9.25,-,-,-,-,-,-,9.17
232,SB10383231,232,"ŞCOALA GIMNAZIALĂ ""ION LUCA CARAGIALE"" SIBIU",9.70,-,-,8.20,-,-,Limba germana,9.60,-,-,9.16
233,SB12360802,233,"COLEGIUL NAȚIONAL ""OCTAVIAN GOGA"" SIBIU",9.50,-,-,9.05,-,-,Limba germana,8.95,-,-,9.16
234,SB10428777,234,"COLEGIUL NAȚIONAL ""SAMUEL VON BRUKENTHAL"" SIBIU",9.25,-,-,9.00,-,-,Limba germana,9.15,9.25,9.25,9.16
235,SB12419838,235,"COLEGIUL NAȚIONAL ""SAMUEL VON BRUKENTHAL"" SIBIU",9.20,-,-,8.60,-,-,Limba germana,9.70,-,-,9.16
236,SB10592430,236,"COLEGIUL NAȚIONAL ""SAMUEL VON BRUKENTHAL"" SIBIU",8.75,-,-,9.10,-,-,Limba germana,9.65,-,-,9.16
237,SB10071294,237,"ŞCOALA GIMNAZIALĂ ""BATHORY ISTVAN"" MEDIAŞ",10.00,-,-,7.45,-,-,Limba maghiara,10.00,-,-,9.15
238,SB10071264,238,ŞCOALA GIMNAZIALĂ NR. 7 MEDIAŞ,9.70,-,-,8.60,-,-,-,-,-,-,9.15
239,SB10848619,239,"ŞCOALA GIMNAZIALĂ ""NICOLAE IORGA"" SIBIU",9.50,-,-,8.80,-,-,-,-,-,-,9.15
240,SB13593941,240,"ŞCOALA GIMNAZIALĂ ""RADU SELEJAN"" SIBIU",9.40,-,-,8.90,-,-,-,-,-,-,9.15
241,SB10056719,241,ŞCOALA GIMNAZIALĂ NR. 2 SIBIU,9.25,-,-,9.05,-,-,-,-,-,-,9.15
242,SB10440855,242,"ŞCOALA GIMNAZIALĂ ""IOAN SLAVICI"" SIBIU",9.25,-,-,9.05,-,-,-,-,-,-,9.15
243,SB11014015,243,"COLEGIUL NAȚIONAL ""OCTAVIAN GOGA"" SIBIU",9.20,-,-,9.10,-,-,-,-,-,-,9.15
244,SB6690751,244,"ŞCOALA GIMNAZIALĂ ""REGINA MARIA"" SIBIU",9.20,-,-,9.10,-,-,-,-,-,-,9.15
245,SB9990682,245,"ŞCOALA GIMNAZIALĂ ""REGELE FERDINAND"" SIBIU",9.15,-,-,9.15,-,-,-,-,-,-,9.15
246,SB9510721,246,ŞCOALA GIMNAZIALĂ NR. 1 SIBIU,9.10,-,-,9.20,-,-,-,-,-,-,9.15
247,SB10399484,247,ŞCOALA GIMNAZIALĂ NR. 25 SIBIU,9.05,-,-,9.25,-,-,-,-,-,-,9.15
248,SB10125280,248,"COLEGIUL NAȚIONAL ""OCTAVIAN GOGA"" SIBIU",9.00,-,-,9.30,-,-,-,-,-,-,9.15
249,SB9649314,249,"ŞCOALA GIMNAZIALĂ ""NICOLAE IORGA"" SIBIU",8.60,-,-,9.30,-,-,Limba germana,9.55,-,-,9.15
250,SB9940740,250,"LICEUL TEHNOLOGIC ""IOAN LUPAŞ"" SĂLIŞTE",8.30,9.00,9.00,9.30,-,-,-,-,-,-,9.15
251,SB10466013,251,"ŞCOALA GIMNAZIALĂ ""ION LUCA CARAGIALE"" SIBIU",9.55,-,-,8.95,-,-,Limba germana,8.90,-,-,9.13
252,SB10069868,252,"ŞCOALA GIMNAZIALĂ ""BATHORY ISTVAN"" MEDIAŞ",9.30,-,-,8.80,-,-,Limba maghiara,9.30,-,-,9.13
253,SB11076215,253,"ŞCOALA GIMNAZIALĂ ""NICOLAE IORGA"" SIBIU",9.00,-,-,9.10,-,-,Limba germana,9.30,-,-,9.13
254,SB10408098,254,"COLEGIUL NAȚIONAL ""SAMUEL VON BRUKENTHAL"" SIBIU",8.70,-,-,8.95,-,-,Limba germana,9.75,-,-,9.13
255,SB9072231,255,"ŞCOALA GIMNAZIALĂ ""MIHAI VITEAZU"" ŞELIMBĂR",9.65,-,-,8.60,-,-,-,-,-,-,9.12
256,SB10016867,256,"ŞCOALA GIMNAZIALĂ ""RADU SELEJAN"" SIBIU",9.60,-,-,8.65,-,-,-,-,-,-,9.12
257,SB10325179,257,"ŞCOALA GIMNAZIALĂ ""CONSTANTIN IOAN MOTAŞ"" MEDIAŞ",9.50,-,-,8.75,-,-,-,-,-,-,9.12
258,SB10123479,258,"COLEGIUL NAȚIONAL ""GHEORGHE LAZĂR"" SIBIU",9.35,-,-,8.95,8.90,8.90,-,-,-,-,9.12
259,SB10500468,259,"COLEGIUL NAȚIONAL ""OCTAVIAN GOGA"" SIBIU",9.35,-,-,8.90,-,-,-,-,-,-,9.12
260,SB11162446,260,ŞCOALA GIMNAZIALĂ NR. 4 SIBIU,9.35,-,-,8.90,-,-,-,-,-,-,9.12
261,SB10864170,261,"ŞCOALA GIMNAZIALĂ ""ION LUCA CARAGIALE"" SIBIU",9.30,-,-,8.95,-,-,-,-,-,-,9.12
262,SB6692251,262,ŞCOALA GIMNAZIALĂ NR. 4 SIBIU,9.25,-,-,9.00,-,-,-,-,-,-,9.12
263,SB12619610,263,"COLEGIUL NAȚIONAL PEDAGOGIC ""ANDREI ŞAGUNA"" SIBIU",9.05,-,-,9.20,-,-,-,-,-,-,9.12
264,SB9136190,264,ŞCOALA GIMNAZIALĂ NR. 21 SIBIU,8.80,-,-,9.45,-,-,-,-,-,-,9.12
265,SB9103930,265,"COLEGIUL NAȚIONAL ""OCTAVIAN GOGA"" SIBIU",8.70,-,-,9.55,-,-,-,-,-,-,9.12
266,SB10317857,266,"COLEGIUL NAȚIONAL ""OCTAVIAN GOGA"" SIBIU",9.35,-,-,9.10,-,-,Limba germana,8.90,-,-,9.11
267,SB11077982,267,ŞCOALA GIMNAZIALĂ NR. 4 SIBIU,8.90,-,-,9.10,-,-,Limba germana,9.35,-,-,9.11
268,SB10122656,268,"COLEGIUL NAȚIONAL ""OCTAVIAN GOGA"" SIBIU",8.70,-,-,8.95,-,-,Limba germana,9.70,-,-,9.11
269,SB10167415,269,"COLEGIUL NAȚIONAL ""SAMUEL VON BRUKENTHAL"" SIBIU",8.60,-,-,8.90,-,-,Limba germana,9.85,-,-,9.11
270,SB10465607,270,"ŞCOALA GIMNAZIALĂ ""REGINA MARIA"" SIBIU",9.60,-,-,8.60,-,-,-,-,-,-,9.10
271,SB10087795,271,"ŞCOALA GIMNAZIALĂ ""NICOLAE IORGA"" SIBIU",9.30,-,-,8.90,-,-,-,-,-,-,9.10
272,SB10297825,272,ŞCOALA GIMNAZIALĂ NR. 2 CISNĂDIE,9.20,-,-,9.00,-,-,-,-,-,-,9.10
273,SB10020919,273,"ŞCOALA GIMNAZIALĂ ""CONSTANTIN IOAN MOTAŞ"" MEDIAŞ",9.15,-,-,9.05,-,-,-,-,-,-,9.10
274,SB12319323,274,ŞCOALA GIMNAZIALĂ NR. 4 SIBIU,9.15,-,-,9.05,-,-,-,-,-,-,9.10
275,SB8437655,275,"ŞCOALA GIMNAZIALĂ ""REGINA MARIA"" SIBIU",9.15,-,-,9.05,-,-,-,-,-,-,9.10
276,SB8997822,276,ŞCOALA GIMNAZIALĂ NR. 18 SIBIU,9.15,-,-,9.05,-,-,-,-,-,-,9.10
277,SB12129223,277,"LICEUL TEHNOLOGIC ""JOHANNES LEBEL"" TĂLMACIU",9.05,-,-,9.15,-,-,-,-,-,-,9.10
278,SB10349334,278,LICEUL ROMÂNO - FINLANDEZ ERI SIBIU,8.65,9.30,9.30,8.90,-,-,-,-,-,-,9.10
279,SB8423350,279,"COLEGIUL NAȚIONAL ""SAMUEL VON BRUKENTHAL"" SIBIU",8.90,-,-,9.00,-,-,Limba germana,9.35,-,-,9.08
280,SB8723337,280,"ŞCOALA GIMNAZIALĂ ""NICOLAE IORGA"" SIBIU",8.55,-,-,9.20,-,-,Limba germana,9.50,-,-,9.08
281,SB7903821,281,"ŞCOALA GIMNAZIALĂ ""IOAN BAN - DASCĂLU"" POIANA SIBIULUI",9.85,-,-,8.30,-,-,-,-,-,-,9.07
282,SB10173774,282,ŞCOALA GIMNAZIALĂ NR. 21 SIBIU,9.75,-,-,8.40,-,-,-,-,-,-,9.07
283,SB10348701,283,"ŞCOALA GIMNAZIALĂ ""RADU SELEJAN"" SIBIU",9.25,-,-,8.90,-,-,-,-,-,-,9.07
284,SB12064425,284,ŞCOALA GIMNAZIALĂ NR. 4 SIBIU,9.25,-,-,8.90,-,-,-,-,-,-,9.07
285,SB10464258,285,"COLEGIUL NAȚIONAL PEDAGOGIC ""ANDREI ŞAGUNA"" SIBIU",9.20,-,-,8.95,-,-,-,-,-,-,9.07
286,SB7898083,286,"ŞCOALA GIMNAZIALĂ ""IOAN BAN - DASCĂLU"" POIANA SIBIULUI",9.20,-,-,8.95,-,-,-,-,-,-,9.07
287,SB10385089,287,"ŞCOALA GIMNAZIALĂ ""NICOLAE IORGA"" SIBIU",9.10,-,-,9.05,-,-,-,-,-,-,9.07
288,SB10298135,288,"ŞCOALA GIMNAZIALĂ ""MIHAI EMINESCU"" MEDIAŞ",9.00,-,-,9.15,-,-,-,-,-,-,9.07
289,SB12259501,289,LICEUL ROMÂNO - FINLANDEZ ERI SIBIU,9.00,-,-,9.15,-,-,-,-,-,-,9.07
290,SB10501816,290,"ŞCOALA GIMNAZIALĂ ""ION LUCA CARAGIALE"" SIBIU",8.90,-,-,9.25,-,-,-,-,-,-,9.07
291,SB7897501,291,"ŞCOALA GIMNAZIALĂ ""IOAN BAN - DASCĂLU"" POIANA SIBIULUI",8.85,-,-,9.30,-,-,-,-,-,-,9.07
292,SB11008926,292,"ŞCOALA GIMNAZIALĂ ""ION LUCA CARAGIALE"" SIBIU",9.40,-,-,9.55,-,-,Limba germana,8.55,8.25,8.25,9.06
293,SB12616420,293,"ŞCOALA GIMNAZIALĂ ""NICOLAE IORGA"" SIBIU",9.35,-,-,9.20,-,-,Limba germana,8.65,-,-,9.06
294,SB10410270,294,"LICEUL TEORETIC ""ONISIFOR GHIBU"" SIBIU",9.05,-,-,9.20,-,-,Limba germana,8.85,8.95,8.95,9.06
295,SB2524701,295,"LICEUL TEORETIC ""GUSTAV GÜNDISCH"" CISNĂDIE",9.00,-,-,9.05,-,-,Limba germana,9.15,-,-,9.06
296,SB10383879,296,"ŞCOALA GIMNAZIALĂ ""NICOLAE IORGA"" SIBIU",8.80,-,-,8.85,-,-,Limba germana,9.55,-,-,9.06
297,SB10173670,297,"COLEGIUL NAȚIONAL ""SAMUEL VON BRUKENTHAL"" SIBIU",8.80,-,-,8.65,-,-,Limba germana,9.75,-,-,9.06
298,SB10465542,298,"ŞCOALA GIMNAZIALĂ ""NICOLAE IORGA"" SIBIU",8.75,9.35,9.35,8.40,-,-,Limba germana,9.70,9.45,9.45,9.06
299,SB10426033,299,"ŞCOALA GIMNAZIALĂ ""REGELE FERDINAND"" SIBIU",9.60,-,-,8.50,-,-,-,-,-,-,9.05
300,SB10479134,300,"ŞCOALA GIMNAZIALĂ ""NICOLAE IORGA"" SIBIU",9.40,-,-,8.70,-,-,-,-,-,-,9.05
301,SB8251939,301,"ŞCOALA GIMNAZIALĂ ""SAMUIL MICU"" SADU",9.30,-,-,8.80,-,-,-,-,-,-,9.05
302,SB10332519,302,ŞCOALA GIMNAZIALĂ NR. 21 SIBIU,9.25,-,-,8.85,-,-,-,-,-,-,9.05
303,SB10115195,303,ŞCOALA GIMNAZIALĂ NR. 13 SIBIU,9.20,-,-,8.90,-,-,-,-,-,-,9.05
304,SB9133746,304,"ŞCOALA GIMNAZIALĂ ""OCTAVIAN GOGA"" RĂŞINARI",9.20,-,-,8.90,-,-,-,-,-,-,9.05
305,SB10747589,305,"ŞCOALA GIMNAZIALĂ ""ION LUCA CARAGIALE"" SIBIU",9.15,-,-,8.95,-,-,-,-,-,-,9.05
306,SB9786358,306,ŞCOALA GIMNAZIALĂ PORUMBACU DE JOS,9.15,-,-,8.95,-,-,-,-,-,-,9.05
307,SB8780861,307,"ŞCOALA GIMNAZIALĂ ""REGELE FERDINAND"" SIBIU",9.10,-,-,9.00,-,-,-,-,-,-,9.05
308,SB10400389,308,"ŞCOALA GIMNAZIALĂ ""REGINA MARIA"" SIBIU",9.05,-,-,9.05,-,-,-,-,-,-,9.05
309,SB12269947,309,ŞCOALA GIMNAZIALĂ NR. 4 SIBIU,9.05,-,-,9.05,-,-,-,-,-,-,9.05
310,SB10045928,310,"ŞCOALA GIMNAZIALĂ ""NICOLAE IORGA"" SIBIU",9.00,-,-,9.10,-,-,-,-,-,-,9.05
311,SB686351,311,ŞCOALA GIMNAZIALĂ NR. 1 SIBIU,9.00,-,-,9.10,-,-,-,-,-,-,9.05
312,SB12297696,312,"COLEGIUL NAȚIONAL ""GHEORGHE LAZĂR"" SIBIU",8.90,-,-,9.20,-,-,-,-,-,-,9.05
313,SB8577558,313,"ŞCOALA GIMNAZIALĂ ""ION LUCA CARAGIALE"" SIBIU",8.70,-,-,9.20,-,-,Limba germana,9.25,-,-,9.05
314,SB10293955,314,"ŞCOALA GIMNAZIALĂ ""CIREŞARII"" MEDIAŞ",8.45,9.45,9.45,8.65,-,-,-,-,-,-,9.05
315,SB8422104,315,"ŞCOALA GIMNAZIALĂ ""NICOLAE IORGA"" SIBIU",8.15,-,-,9.95,-,-,-,-,-,-,9.05
316,SB9065220,316,"COLEGIUL NAȚIONAL ""SAMUEL VON BRUKENTHAL"" SIBIU",9.75,-,-,8.05,-,-,Limba germana,9.30,-,-,9.03
317,SB10569476,317,"ŞCOALA GIMNAZIALĂ ""NICOLAE IORGA"" SIBIU",9.05,-,-,8.55,-,-,Limba germana,9.50,-,-,9.03
318,SB8721200,318,"ŞCOALA GIMNAZIALĂ ""NICOLAE IORGA"" SIBIU",9.00,-,-,8.80,-,-,Limba germana,9.30,-,-,9.03
319,SB12616807,319,"COLEGIUL NAȚIONAL ""SAMUEL VON BRUKENTHAL"" SIBIU",8.95,-,-,8.55,-,-,Limba germana,9.60,-,-,9.03
320,SB11013593,320,"COLEGIUL NAȚIONAL ""SAMUEL VON BRUKENTHAL"" SIBIU",8.80,-,-,8.45,-,-,Limba germana,9.85,-,-,9.03
321,SB12618711,321,"ŞCOALA GIMNAZIALĂ ""NICOLAE IORGA"" SIBIU",8.65,-,-,8.85,-,-,Limba germana,9.60,-,-,9.03
322,SB12616222,322,"ŞCOALA GIMNAZIALĂ ""ION LUCA CARAGIALE"" SIBIU",8.55,-,-,9.05,-,-,Limba germana,9.50,-,-,9.03
323,SB9511181,323,ŞCOALA GIMNAZIALĂ NR. 25 SIBIU,9.35,-,-,8.70,-,-,-,-,-,-,9.02
324,SB12617523,324,"COLEGIUL NAȚIONAL ""OCTAVIAN GOGA"" SIBIU",9.30,-,-,8.75,-,-,-,-,-,-,9.02
325,SB9004686,325,"COLEGIUL NAȚIONAL ""OCTAVIAN GOGA"" SIBIU",9.20,-,-,8.85,-,-,-,-,-,-,9.02
326,SB12263552,326,ŞCOALA GIMNAZIALĂ NR. 2 CISNĂDIE,9.15,-,-,8.90,-,-,-,-,-,-,9.02
327,SB9840718,327,ŞCOALA GIMNAZIALĂ LOAMNEŞ,9.10,-,-,8.95,-,-,-,-,-,-,9.02
328,SB7973075,328,"ŞCOALA GIMNAZIALĂ ""REGINA MARIA"" SIBIU",9.05,-,-,9.00,-,-,-,-,-,-,9.02
329,SB13923046,329,"ŞCOALA GIMNAZIALĂ ""MIHAI VITEAZU"" ŞELIMBĂR",9.05,-,-,8.65,9.00,9.00,-,-,-,-,9.02
330,SB9674897,330,"ŞCOALA GIMNAZIALĂ ""IOAN SLAVICI"" SIBIU",8.90,-,-,9.15,-,-,-,-,-,-,9.02
331,SB10124167,331,"ŞCOALA GIMNAZIALĂ ""NICOLAE IORGA"" SIBIU",8.80,-,-,9.25,-,-,-,-,-,-,9.02
332,SB12068328,332,"ŞCOALA GIMNAZIALĂ ""REGINA MARIA"" SIBIU",8.75,-,-,9.30,-,-,-,-,-,-,9.02
333,SB7898228,333,"ŞCOALA GIMNAZIALĂ ""IOAN BAN - DASCĂLU"" POIANA SIBIULUI",7.65,8.65,8.65,9.40,-,-,-,-,-,-,9.02
334,SB14308737,334,"COLEGIUL NAȚIONAL ""SAMUEL VON BRUKENTHAL"" SIBIU",9.50,-,-,7.85,-,-,Limba germana,9.70,-,-,9.01
335,SB10489107,335,"COLEGIUL NAȚIONAL ""SAMUEL VON BRUKENTHAL"" SIBIU",9.05,-,-,8.45,-,-,Limba germana,9.55,-,-,9.01
336,SB12070546,336,"ŞCOALA GIMNAZIALĂ ""ION LUCA CARAGIALE"" SIBIU",8.60,-,-,9.15,-,-,Limba germana,9.30,-,-,9.01
337,SB9985669,337,"ŞCOALA GIMNAZIALĂ ""NICOLAE IORGA"" SIBIU",8.55,-,-,9.20,-,-,Limba germana,9.30,-,-,9.01
338,SB11075853,338,"LICEUL TEORETIC ""ONISIFOR GHIBU"" SIBIU",8.45,-,-,9.20,-,-,Limba germana,9.40,-,-,9.01
339,SB10351409,339,ŞCOALA GIMNAZIALĂ NR. 4 SIBIU,9.50,-,-,8.50,-,-,-,-,-,-,9.00
340,SB9886387,340,ŞCOALA GIMNAZIALĂ SLIMNIC,9.50,-,-,8.50,-,-,-,-,-,-,9.00
341,SB10088028,341,ŞCOALA GIMNAZIALĂ NR. 1 SIBIU,9.40,-,-,8.60,-,-,-,-,-,-,9.00
342,SB10400423,342,ŞCOALA GIMNAZIALĂ NR. 25 SIBIU,9.40,-,-,8.60,-,-,-,-,-,-,9.00
343,SB10568433,343,"COLEGIUL NAȚIONAL ""OCTAVIAN GOGA"" SIBIU",9.35,-,-,8.65,-,-,-,-,-,-,9.00
344,SB10043850,344,ŞCOALA GIMNAZIALĂ NR. 4 SIBIU,9.25,-,-,8.75,-,-,-,-,-,-,9.00
345,SB10348435,345,"ŞCOALA GIMNAZIALĂ ""RADU SELEJAN"" SIBIU",9.25,-,-,8.75,-,-,-,-,-,-,9.00
346,SB11008751,346,"ŞCOALA GIMNAZIALĂ ""ION LUCA CARAGIALE"" SIBIU",9.25,-,-,8.75,-,-,-,-,-,-,9.00
347,SB12618492,347,"ŞCOALA GIMNAZIALĂ ""REGINA MARIA"" SIBIU",9.25,-,-,8.75,-,-,-,-,-,-,9.00
348,SB10086926,348,"ŞCOALA GIMNAZIALĂ ""MIHAI EMINESCU"" MEDIAŞ",9.15,-,-,8.85,-,-,-,-,-,-,9.00
349,SB10513029,349,"LICEUL TEORETIC ""ROTH - OBERTH"" MEDIAŞ",9.10,-,-,9.15,-,-,Limba germana,8.80,8.75,8.75,9.00
350,SB10022360,350,ŞCOALA GIMNAZIALĂ NR. 13 SIBIU,9.10,-,-,8.90,-,-,-,-,-,-,9.00
351,SB9674012,351,"ŞCOALA GIMNAZIALĂ ""IOAN SLAVICI"" SIBIU",9.10,-,-,8.90,-,-,-,-,-,-,9.00
352,SB12804807,352,"ŞCOALA GIMNAZIALĂ ""CONSTANTIN IOAN MOTAŞ"" MEDIAŞ",9.05,-,-,8.95,-,-,-,-,-,-,9.00
353,SB726401,353,"COLEGIUL NAȚIONAL ""SAMUEL VON BRUKENTHAL"" SIBIU",9.00,-,-,9.00,-,-,Limba germana,9.00,-,-,9.00
354,SB11177251,354,"COLEGIUL NAȚIONAL ""SAMUEL VON BRUKENTHAL"" SIBIU",9.00,-,-,8.45,-,-,Limba germana,9.55,-,-,9.00
355,SB7504801,355,"ŞCOALA GIMNAZIALĂ ""MIHAI VITEAZU"" ŞELIMBĂR",8.90,-,-,9.10,-,-,-,-,-,-,9.00
356,SB9806967,356,ŞCOALA GIMNAZIALĂ NR. 8 SIBIU,8.90,-,-,9.10,-,-,-,-,-,-,9.00
357,SB12259437,357,"ŞCOALA GIMNAZIALĂ ""ION LUCA CARAGIALE"" SIBIU",8.80,9.10,9.10,8.90,-,-,-,-,-,-,9.00
358,SB10465850,358,"ŞCOALA GIMNAZIALĂ ""REGINA MARIA"" SIBIU",8.55,9.35,9.35,8.65,-,-,-,-,-,-,9.00
359,SB10427277,359,"LICEUL TEORETIC ""ONISIFOR GHIBU"" SIBIU",9.55,-,-,7.65,-,-,Limba germana,9.75,-,-,8.98
360,SB11075679,360,"COLEGIUL NAȚIONAL ""SAMUEL VON BRUKENTHAL"" SIBIU",9.20,-,-,8.55,-,-,Limba germana,9.05,9.20,9.20,8.98
361,SB10388177,361,"ŞCOALA GIMNAZIALĂ ""NICOLAE IORGA"" SIBIU",9.75,-,-,8.20,-,-,-,-,-,-,8.97
362,SB10400242,362,"COLEGIUL NAȚIONAL ""OCTAVIAN GOGA"" SIBIU",9.75,-,-,8.20,-,-,-,-,-,-,8.97
363,SB10399149,363,ŞCOALA GIMNAZIALĂ NOCRICH,9.50,-,-,8.45,-,-,-,-,-,-,8.97
364,SB10022089,364,ŞCOALA GIMNAZIALĂ NR. 13 SIBIU,9.30,-,-,8.65,-,-,-,-,-,-,8.97
365,SB8502041,365,ŞCOALA GIMNAZIALĂ NR. 4 SIBIU,9.30,-,-,8.65,-,-,-,-,-,-,8.97
366,SB12259450,366,LICEUL ROMÂNO - FINLANDEZ ERI SIBIU,9.25,-,-,8.70,-,-,-,-,-,-,8.97
367,SB10386937,367,"COLEGIUL NAȚIONAL ""GHEORGHE LAZĂR"" SIBIU",9.15,9.35,9.35,8.60,-,-,-,-,-,-,8.97
368,SB10408263,368,"ŞCOALA GIMNAZIALĂ ""REGINA MARIA"" SIBIU",9.10,9.25,9.25,8.70,-,-,-,-,-,-,8.97
369,SB10464148,369,"COLEGIUL NAȚIONAL ""OCTAVIAN GOGA"" SIBIU",9.10,9.30,9.30,8.65,8.65,8.65,-,-,-,-,8.97
370,SB11084215,370,"COLEGIUL NAȚIONAL ""GHEORGHE LAZĂR"" SIBIU",8.85,-,-,9.10,-,-,-,-,-,-,8.97
371,SB10424797,371,"ŞCOALA GIMNAZIALĂ ""ION LUCA CARAGIALE"" SIBIU",8.80,-,-,9.15,-,-,-,-,-,-,8.97
372,SB8665420,372,"LICEUL ""AUGUST TREBONIU LAURIAN"" AGNITA",8.40,8.80,8.80,9.15,-,-,-,-,-,-,8.97
373,SB1151801,373,"ŞCOALA GIMNAZIALĂ ""NICOLAE IORGA"" SIBIU",9.55,-,-,8.35,-,-,-,-,-,-,8.95
374,SB7904562,374,"ŞCOALA GIMNAZIALĂ ""IOAN BAN - DASCĂLU"" POIANA SIBIULUI",9.45,-,-,8.45,-,-,-,-,-,-,8.95
375,SB11177250,375,"ŞCOALA GIMNAZIALĂ ""REGINA MARIA"" SIBIU",9.35,-,-,8.55,-,-,-,-,-,-,8.95
376,SB9805557,376,ŞCOALA GIMNAZIALĂ TĂLMACIU,9.35,-,-,8.55,-,-,-,-,-,-,8.95
377,SB12618929,377,"COLEGIUL NAȚIONAL ""OCTAVIAN GOGA"" SIBIU",9.25,-,-,8.30,-,-,Limba germana,9.30,-,-,8.95
378,SB10090306,378,"ŞCOALA GIMNAZIALĂ ""MIHAI EMINESCU"" MEDIAŞ",9.00,-,-,8.90,-,-,-,-,-,-,8.95
379,SB12616125,379,ŞCOALA GIMNAZIALĂ NR. 18 SIBIU,8.80,-,-,9.10,-,-,-,-,-,-,8.95
380,SB850201,380,"LICEUL TEORETIC ""CONSTANTIN NOICA"" SIBIU",8.80,-,-,9.10,-,-,-,-,-,-,8.95
381,SB10298121,381,"ŞCOALA GIMNAZIALĂ ""RADU SELEJAN"" SIBIU",8.70,-,-,9.20,-,-,-,-,-,-,8.95
382,SB10425078,382,ŞCOALA GIMNAZIALĂ NR. 4 SIBIU,8.65,-,-,9.25,-,-,-,-,-,-,8.95
383,SB12652610,383,"COLEGIUL NAȚIONAL ""GHEORGHE LAZĂR"" SIBIU",8.60,-,-,9.30,-,-,-,-,-,-,8.95
384,SB10348513,384,"ŞCOALA GIMNAZIALĂ ""NICOLAE IORGA"" SIBIU",8.60,-,-,8.90,-,-,Limba germana,9.35,-,-,8.95
385,SB11074677,385,"COLEGIUL NAȚIONAL ""SAMUEL VON BRUKENTHAL"" SIBIU",8.55,-,-,8.70,-,-,Limba germana,9.60,-,-,8.95
386,SB8454829,386,"ŞCOALA GIMNAZIALĂ ""RADU SELEJAN"" SIBIU",8.50,9.15,9.15,8.75,-,-,-,-,-,-,8.95
387,SB10294481,387,"ŞCOALA GIMNAZIALĂ ""REGINA MARIA"" SIBIU",8.40,8.65,8.65,9.25,-,-,-,-,-,-,8.95
388,SB10016223,388,"LICEUL TEORETIC ""ONISIFOR GHIBU"" SIBIU",9.10,-,-,8.25,-,-,Limba germana,9.45,-,-,8.93
389,SB9726468,389,"COLEGIUL NAȚIONAL ""SAMUEL VON BRUKENTHAL"" SIBIU",9.05,-,-,8.25,-,-,Limba germana,9.50,-,-,8.93
390,SB10069145,390,"ŞCOALA GIMNAZIALĂ ""BATHORY ISTVAN"" MEDIAŞ",8.90,-,-,8.55,-,-,Limba maghiara,9.35,-,-,8.93
391,SB10423105,391,"COLEGIUL NAȚIONAL ""SAMUEL VON BRUKENTHAL"" SIBIU",8.50,-,-,9.05,-,-,Limba germana,9.25,-,-,8.93
392,SB9673771,392,"ŞCOALA GIMNAZIALĂ ""RADU SELEJAN"" SIBIU",9.70,-,-,8.15,-,-,-,-,-,-,8.92
393,SB9386375,393,"LICEUL TEORETIC ""GUSTAV GÜNDISCH"" CISNĂDIE",9.40,-,-,8.50,8.45,8.45,-,-,-,-,8.92
394,SB8402178,394,ŞCOALA GIMNAZIALĂ RACOVIŢA,9.40,-,-,8.45,-,-,-,-,-,-,8.92
395,SB8715126,395,"COLEGIUL NAȚIONAL ""OCTAVIAN GOGA"" SIBIU",9.20,-,-,8.65,-,-,-,-,-,-,8.92
396,SB9146447,396,"ŞCOALA GIMNAZIALĂ ""MATEI BASARAB"" TURNU ROŞU",9.20,-,-,8.65,-,-,-,-,-,-,8.92
397,SB9684594,397,ŞCOALA GIMNAZIALĂ CRISTIAN,9.15,-,-,8.70,-,-,-,-,-,-,8.92
398,SB645801,398,"COLEGIUL NAȚIONAL ""OCTAVIAN GOGA"" SIBIU",8.85,-,-,9.00,-,-,-,-,-,-,8.92
399,SB10086356,399,"ŞCOALA GIMNAZIALĂ ""CIREŞARII"" MEDIAŞ",8.65,-,-,9.20,-,-,-,-,-,-,8.92
400,SB9594280,400,"LICEUL TEORETIC ""CONSTANTIN NOICA"" SIBIU",8.60,-,-,9.25,-,-,-,-,-,-,8.92
401,SB12321784,401,ŞCOALA GIMNAZIALĂ NR. 4 SIBIU,9.65,-,-,8.15,-,-,Limba germana,8.65,8.95,8.95,8.91
402,SB10432792,402,"COLEGIUL NAȚIONAL ""SAMUEL VON BRUKENTHAL"" SIBIU",9.25,-,-,7.95,-,-,Limba germana,9.55,-,-,8.91
403,SB10464667,403,"COLEGIUL NAȚIONAL PEDAGOGIC ""ANDREI ŞAGUNA"" SIBIU",9.40,-,-,8.40,-,-,-,-,-,-,8.90
404,SB10716146,404,ŞCOALA GIMNAZIALĂ NR. 7 MEDIAŞ,9.30,-,-,8.50,-,-,-,-,-,-,8.90
405,SB10264488,405,ŞCOALA GIMNAZIALĂ NR. 13 SIBIU,9.25,-,-,8.55,-,-,-,-,-,-,8.90
406,SB10002267,406,"ŞCOALA GIMNAZIALĂ ""RADU SELEJAN"" SIBIU",9.20,-,-,8.60,-,-,-,-,-,-,8.90
407,SB9539876,407,"ŞCOALA GIMNAZIALĂ ""AUREL DECEI"" GURA RÂULUI",9.15,-,-,8.65,-,-,-,-,-,-,8.90
408,SB10465898,408,"ŞCOALA GIMNAZIALĂ ""NICOLAE IORGA"" SIBIU",9.10,-,-,8.70,-,-,-,-,-,-,8.90
409,SB12615004,409,"LICEUL TEORETIC ""GHEORGHE LAZĂR"" AVRIG",8.95,8.95,8.95,8.85,-,-,-,-,-,-,8.90
410,SB12836284,410,ŞCOALA GIMNAZIALĂ NR. 21 SIBIU,8.90,-,-,8.90,-,-,-,-,-,-,8.90
411,SB10092259,411,ŞCOALA GIMNAZIALĂ NR. 18 SIBIU,8.85,-,-,8.95,-,-,-,-,-,-,8.90
412,SB10090730,412,"ŞCOALA GIMNAZIALĂ ""MIHAI EMINESCU"" MEDIAŞ",8.80,-,-,9.00,-,-,-,-,-,-,8.90
413,SB10173743,413,"COLEGIUL NAȚIONAL ""OCTAVIAN GOGA"" SIBIU",8.75,-,-,9.15,-,-,Limba germana,8.80,-,-,8.90
414,SB10448842,414,"ŞCOALA GIMNAZIALĂ ""RADU SELEJAN"" SIBIU",8.75,-,-,9.05,-,-,-,-,-,-,8.90
415,SB10098992,415,ŞCOALA GIMNAZIALĂ NR. 3 CISNĂDIE,8.75,8.80,8.80,9.00,-,-,-,-,-,-,8.90
416,SB10348973,416,"COLEGIUL NAȚIONAL PEDAGOGIC ""ANDREI ŞAGUNA"" SIBIU",8.70,-,-,9.10,-,-,-,-,-,-,8.90
417,SB11014141,417,"COLEGIUL NAȚIONAL ""GHEORGHE LAZĂR"" SIBIU",8.65,-,-,9.15,-,-,-,-,-,-,8.90
418,SB11116641,418,"COLEGIUL NAȚIONAL ""GHEORGHE LAZĂR"" SIBIU",8.60,-,-,9.20,-,-,-,-,-,-,8.90
419,SB10486964,419,"LICEUL TEORETIC ""ONISIFOR GHIBU"" SIBIU",8.55,-,-,9.25,-,-,Limba germana,9.05,8.90,8.90,8.90
420,SB10989540,420,"ŞCOALA GIMNAZIALĂ ""ION LUCA CARAGIALE"" SIBIU",9.40,-,-,8.75,-,-,Limba germana,8.50,-,-,8.88
421,SB10175183,421,"COLEGIUL NAȚIONAL ""SAMUEL VON BRUKENTHAL"" SIBIU",8.95,-,-,8.60,-,-,Limba germana,9.10,-,-,8.88
422,SB10106409,422,"COLEGIUL NAȚIONAL ""SAMUEL VON BRUKENTHAL"" SIBIU",8.50,-,-,8.55,-,-,Limba germana,9.60,-,-,8.88
423,SB10572424,423,ŞCOALA GIMNAZIALĂ NR. 12 SIBIU,9.55,-,-,8.20,-,-,-,-,-,-,8.87
424,SB10400086,424,"ŞCOALA GIMNAZIALĂ ""NICOLAE IORGA"" SIBIU",9.45,-,-,8.30,-,-,-,-,-,-,8.87
425,SB9065608,425,ŞCOALA GIMNAZIALĂ NR. 4 SIBIU,9.35,-,-,8.40,-,-,-,-,-,-,8.87
426,SB10492398,426,"ŞCOALA GIMNAZIALĂ ""ION LUCA CARAGIALE"" SIBIU",9.20,-,-,8.55,-,-,-,-,-,-,8.87
427,SB8252313,427,"ŞCOALA GIMNAZIALĂ ""SAMUIL MICU"" SADU",9.15,-,-,8.60,-,-,-,-,-,-,8.87
428,SB9673912,428,ŞCOALA GIMNAZIALĂ NR. 8 SIBIU,9.05,-,-,8.70,-,-,-,-,-,-,8.87
429,SB7897855,429,"ŞCOALA GIMNAZIALĂ ""IOAN BAN - DASCĂLU"" POIANA SIBIULUI",9.00,-,-,8.75,-,-,-,-,-,-,8.87
430,SB10506509,430,"LICEUL TEORETIC ""CONSTANTIN NOICA"" SIBIU",8.90,-,-,8.85,-,-,-,-,-,-,8.87
431,SB10331741,431,"COLEGIUL NAȚIONAL ""OCTAVIAN GOGA"" SIBIU",8.85,-,-,8.90,-,-,-,-,-,-,8.87
432,SB9975639,432,"LICEUL TEHNOLOGIC ""IOAN LUPAŞ"" SĂLIŞTE",8.85,-,-,8.90,-,-,-,-,-,-,8.87
433,SB10084141,433,"LICEUL TEHNOLOGIC ""JOHANNES LEBEL"" TĂLMACIU",8.75,-,-,9.00,-,-,-,-,-,-,8.87
434,SB12067451,434,ŞCOALA GIMNAZIALĂ LOAMNEŞ,8.70,-,-,9.05,-,-,-,-,-,-,8.87
435,SB10105955,435,"COLEGIUL NAȚIONAL ""GHEORGHE LAZĂR"" SIBIU",8.60,-,-,9.15,-,-,-,-,-,-,8.87
436,SB10421969,436,"COLEGIUL NAȚIONAL ""GHEORGHE LAZĂR"" SIBIU",8.45,-,-,9.30,-,-,-,-,-,-,8.87
437,SB10045965,437,"ŞCOALA GIMNAZIALĂ ""RADU SELEJAN"" SIBIU",8.35,-,-,9.40,-,-,-,-,-,-,8.87
438,SB12619705,438,LICEUL ROMÂNO - FINLANDEZ ERI SIBIU,8.10,8.50,8.50,9.25,-,-,-,-,-,-,8.87
439,SB9639878,439,"COLEGIUL NAȚIONAL ""SAMUEL VON BRUKENTHAL"" SIBIU",9.45,-,-,8.05,-,-,Limba germana,9.10,-,-,8.86
440,SB10545976,440,"LICEUL TEORETIC ""GUSTAV GÜNDISCH"" CISNĂDIE",9.25,-,-,8.80,-,-,Limba germana,8.55,-,-,8.86
441,SB10548577,441,"ŞCOALA GIMNAZIALĂ ""NICOLAE IORGA"" SIBIU",8.90,9.00,9.00,8.90,-,-,Limba germana,8.00,8.70,8.70,8.86
442,SB8542541,442,"COLEGIUL NAȚIONAL ""SAMUEL VON BRUKENTHAL"" SIBIU",8.85,-,-,8.80,-,-,Limba germana,8.95,-,-,8.86
443,SB8541303,443,"ŞCOALA GIMNAZIALĂ ""NICOLAE IORGA"" SIBIU",8.80,-,-,8.40,-,-,Limba germana,9.40,-,-,8.86
444,SB9807216,444,"COLEGIUL NAȚIONAL ""SAMUEL VON BRUKENTHAL"" SIBIU",8.70,-,-,8.30,-,-,Limba germana,9.60,-,-,8.86
445,SB8995148,445,"COLEGIUL NAȚIONAL ""OCTAVIAN GOGA"" SIBIU",9.45,-,-,8.25,-,-,-,-,-,-,8.85
446,SB10301388,446,ŞCOALA GIMNAZIALĂ NR. 1 SIBIU,9.30,-,-,8.40,-,-,-,-,-,-,8.85
447,SB8100406,447,"ŞCOALA GIMNAZIALĂ ""REGINA MARIA"" SIBIU",9.30,-,-,8.40,-,-,-,-,-,-,8.85
448,SB9975552,448,ŞCOALA GIMNAZIALĂ NR. 3 CISNĂDIE,9.20,-,-,8.50,-,-,-,-,-,-,8.85
449,SB10427511,449,"COLEGIUL NAȚIONAL ""SAMUEL VON BRUKENTHAL"" SIBIU",9.20,-,-,8.45,-,-,Limba germana,8.90,-,-,8.85
450,SB9065329,450,"ŞCOALA GIMNAZIALĂ ""NICOLAE IORGA"" SIBIU",9.15,-,-,8.55,-,-,-,-,-,-,8.85
451,SB9081219,451,"ŞCOALA GIMNAZIALĂ ""OCTAVIAN GOGA"" RĂŞINARI",9.10,-,-,8.60,-,-,-,-,-,-,8.85
452,SB10326801,452,"LICEUL TEHNOLOGIC ""ILIE MĂCELARIU"" MIERCUREA SIBIULUI",9.00,-,-,8.70,-,-,-,-,-,-,8.85
453,SB9898735,453,"ŞCOALA GIMNAZIALĂ ""NICOLAE IORGA"" SIBIU",9.00,-,-,8.70,-,-,-,-,-,-,8.85
454,SB10096035,454,"LICEUL TEORETIC ""ROTH - OBERTH"" MEDIAŞ",9.00,-,-,8.10,8.30,8.30,Limba germana,9.25,-,-,8.85
455,SB10537296,455,ŞCOALA GIMNAZIALĂ NR. 21 SIBIU,8.95,-,-,8.75,-,-,-,-,-,-,8.85
456,SB9604750,456,"LICEUL TEORETIC ""GUSTAV GÜNDISCH"" CISNĂDIE",8.85,-,-,8.90,-,-,Limba germana,8.80,-,-,8.85
457,SB10353563,457,ŞCOALA GIMNAZIALĂ NR. 3 CISNĂDIE,8.80,-,-,8.90,-,-,-,-,-,-,8.85
458,SB10423645,458,ŞCOALA GIMNAZIALĂ NR. 8 SIBIU,8.45,-,-,9.25,-,-,-,-,-,-,8.85
459,SB10407787,459,"ŞCOALA GIMNAZIALĂ ""NICOLAE IORGA"" SIBIU",8.45,-,-,9.05,-,-,Limba germana,8.65,9.05,9.05,8.85
460,SB10465932,460,"COLEGIUL NAȚIONAL ""OCTAVIAN GOGA"" SIBIU",8.40,-,-,9.30,-,-,-,-,-,-,8.85
461,SB9103752,461,"COLEGIUL NAȚIONAL ""OCTAVIAN GOGA"" SIBIU",8.30,-,-,9.40,-,-,-,-,-,-,8.85
462,SB11079089,462,"COLEGIUL NAȚIONAL ""OCTAVIAN GOGA"" SIBIU",9.40,-,-,8.40,-,-,Limba germana,8.70,-,-,8.83
463,SB10465694,463,"ŞCOALA GIMNAZIALĂ ""NICOLAE IORGA"" SIBIU",8.15,-,-,8.65,-,-,Limba germana,9.70,-,-,8.83
464,SB10406223,464,"ŞCOALA GIMNAZIALĂ ""RADU SELEJAN"" SIBIU",9.40,-,-,8.25,-,-,-,-,-,-,8.82
465,SB11073494,465,"ŞCOALA GIMNAZIALĂ ""REGINA MARIA"" SIBIU",9.35,-,-,8.30,-,-,-,-,-,-,8.82
466,SB10297489,466,"ŞCOALA GIMNAZIALĂ ""CONSTANTIN IOAN MOTAŞ"" MEDIAŞ",9.30,-,-,8.35,-,-,-,-,-,-,8.82
467,SB9931009,467,"LICEUL TEHNOLOGIC ""JOHANNES LEBEL"" TĂLMACIU",9.20,-,-,8.45,-,-,-,-,-,-,8.82
468,SB10123342,468,"ŞCOALA GIMNAZIALĂ ""REGINA MARIA"" SIBIU",9.10,-,-,8.55,-,-,-,-,-,-,8.82
469,SB10386609,469,"COLEGIUL NAȚIONAL ""OCTAVIAN GOGA"" SIBIU",9.00,-,-,8.65,-,-,-,-,-,-,8.82
470,SB7897552,470,"ŞCOALA GIMNAZIALĂ ""IOAN BAN - DASCĂLU"" POIANA SIBIULUI",8.85,-,-,8.80,-,-,-,-,-,-,8.82
471,SB9076404,471,"ŞCOALA GIMNAZIALĂ ""REGINA MARIA"" SIBIU",8.85,-,-,8.80,-,-,-,-,-,-,8.82
472,SB12297695,472,"ŞCOALA GIMNAZIALĂ ""IOAN SLAVICI"" SIBIU",8.65,-,-,9.00,-,-,-,-,-,-,8.82
473,SB9821839,473,"ŞCOALA GIMNAZIALĂ ""MIHAI VITEAZU"" ŞELIMBĂR",8.60,-,-,9.25,9.05,9.05,-,-,-,-,8.82
474,SB8994682,474,"COLEGIUL NAȚIONAL ""OCTAVIAN GOGA"" SIBIU",9.15,-,-,7.70,-,-,Limba germana,9.60,-,-,8.81
475,SB10174943,475,"COLEGIUL NAȚIONAL ""SAMUEL VON BRUKENTHAL"" SIBIU",8.70,-,-,9.10,-,-,Limba germana,8.65,-,-,8.81
476,SB10487818,476,ŞCOALA GIMNAZIALĂ NR. 4 SIBIU,8.35,8.25,8.25,9.40,-,-,Limba germana,8.80,-,-,8.81
477,SB2693651,477,"LICEUL TEORETIC ""GUSTAV GÜNDISCH"" CISNĂDIE",9.65,-,-,7.95,-,-,-,-,-,-,8.80
478,SB10295118,478,"ŞCOALA GIMNAZIALĂ ""RADU SELEJAN"" SIBIU",9.55,-,-,8.05,-,-,-,-,-,-,8.80
479,SB866151,479,"COLEGIUL NAȚIONAL ""OCTAVIAN GOGA"" SIBIU",9.40,-,-,8.20,-,-,-,-,-,-,8.80
480,SB9727226,480,ŞCOALA GIMNAZIALĂ CRISTIAN,9.20,-,-,8.40,-,-,-,-,-,-,8.80
481,SB9675023,481,"ŞCOALA GIMNAZIALĂ ""IOAN SLAVICI"" SIBIU",9.15,-,-,8.45,-,-,-,-,-,-,8.80
482,SB11013868,482,"COLEGIUL NAȚIONAL ""SAMUEL VON BRUKENTHAL"" SIBIU",9.10,-,-,7.50,-,-,Limba germana,9.80,-,-,8.80
483,SB10360159,483,ŞCOALA GIMNAZIALĂ TILIŞCA,9.05,-,-,8.55,-,-,-,-,-,-,8.80
484,SB9093950,484,"ŞCOALA GIMNAZIALĂ ""SAVA POPOVICI BARCIANU"" RĂŞINARI",9.00,-,-,8.60,-,-,-,-,-,-,8.80
485,SB12615868,485,ŞCOALA GIMNAZIALĂ NR. 4 SIBIU,8.95,-,-,8.65,-,-,-,-,-,-,8.80
486,SB9674992,486,ŞCOALA GIMNAZIALĂ NR. 8 SIBIU,8.90,-,-,8.70,-,-,-,-,-,-,8.80
487,SB8562875,487,"ŞCOALA GIMNAZIALĂ ""ION LUCA CARAGIALE"" SIBIU",8.80,8.60,8.60,8.45,-,-,Limba germana,9.35,-,-,8.80
488,SB12323928,488,"COLEGIUL NAȚIONAL ""SAMUEL VON BRUKENTHAL"" SIBIU",8.70,-,-,8.15,-,-,Limba germana,9.55,-,-,8.80
489,SB641051,489,"ŞCOALA GIMNAZIALĂ ""REGINA MARIA"" SIBIU",8.65,-,-,8.95,-,-,-,-,-,-,8.80
490,SB8672090,490,"LICEUL ""AUGUST TREBONIU LAURIAN"" AGNITA",8.65,-,-,8.95,-,-,-,-,-,-,8.80
491,SB10464366,491,"COLEGIUL NAȚIONAL PEDAGOGIC ""ANDREI ŞAGUNA"" SIBIU",8.50,-,-,9.10,-,-,-,-,-,-,8.80
492,SB10598853,492,ŞCOALA GIMNAZIALĂ NR. 3 CISNĂDIE,8.50,-,-,9.10,-,-,-,-,-,-,8.80
493,SB8997416,493,"COLEGIUL NAȚIONAL ""GHEORGHE LAZĂR"" SIBIU",8.50,-,-,9.10,-,-,-,-,-,-,8.80
494,SB9909043,494,"LICEUL TEHNOLOGIC ""IOAN LUPAŞ"" SĂLIŞTE",8.50,-,-,9.10,-,-,-,-,-,-,8.80
495,SB10407994,495,ŞCOALA GIMNAZIALĂ NR. 25 SIBIU,8.45,-,-,9.15,-,-,-,-,-,-,8.80
496,SB10383498,496,"COLEGIUL NAȚIONAL ""GHEORGHE LAZĂR"" SIBIU",8.45,8.55,8.55,8.90,9.05,9.05,-,-,-,-,8.80
497,SB10681371,497,ŞCOALA GIMNAZIALĂ NR. 21 SIBIU,8.40,-,-,9.20,-,-,-,-,-,-,8.80
498,SB10097441,498,"COLEGIUL NAȚIONAL ""SAMUEL VON BRUKENTHAL"" SIBIU",9.40,-,-,8.10,-,-,Limba germana,8.85,-,-,8.78
499,SB12321786,499,"COLEGIUL NAȚIONAL ""SAMUEL VON BRUKENTHAL"" SIBIU",8.90,-,-,7.80,7.85,7.85,Limba germana,9.50,9.60,9.60,8.78
500,SB10408662,500,"COLEGIUL NAȚIONAL ""SAMUEL VON BRUKENTHAL"" SIBIU",8.15,-,-,8.90,-,-,Limba germana,9.30,-,-,8.78
501,SB10294081,501,"ŞCOALA GIMNAZIALĂ ""REGELE FERDINAND"" SIBIU",9.40,-,-,8.15,-,-,-,-,-,-,8.77
502,SB9130348,502,"ŞCOALA GIMNAZIALĂ ""OCTAVIAN GOGA"" RĂŞINARI",9.15,-,-,8.40,-,-,-,-,-,-,8.77
503,SB11173306,503,"COLEGIUL NAȚIONAL ""GHEORGHE LAZĂR"" SIBIU",9.10,-,-,8.45,-,-,-,-,-,-,8.77
504,SB10348819,504,"COLEGIUL NAȚIONAL ""OCTAVIAN GOGA"" SIBIU",9.05,-,-,8.50,-,-,-,-,-,-,8.77
505,SB10348915,505,"COLEGIUL NAȚIONAL ""OCTAVIAN GOGA"" SIBIU",9.05,-,-,8.50,-,-,-,-,-,-,8.77
506,SB14991111,506,LICEUL ROMÂNO - FINLANDEZ ERI SIBIU,9.05,-,-,8.50,-,-,-,-,-,-,8.77
507,SB9938195,507,"ŞCOALA GIMNAZIALĂ ""RADU SELEJAN"" SIBIU",9.05,-,-,8.50,-,-,-,-,-,-,8.77
508,SB10824502,508,"ŞCOALA GIMNAZIALĂ ""ION LUCA CARAGIALE"" SIBIU",9.00,-,-,8.55,-,-,-,-,-,-,8.77
509,SB8876104,509,"ŞCOALA GIMNAZIALĂ ""MIHAI VITEAZU"" ŞELIMBĂR",9.00,-,-,8.55,-,-,-,-,-,-,8.77
510,SB12016761,510,ŞCOALA GIMNAZIALĂ NR. 4 SIBIU,8.95,-,-,8.50,8.60,8.60,-,-,-,-,8.77
511,SB2523851,511,ŞCOALA GIMNAZIALĂ NR. 2 CISNĂDIE,8.90,-,-,8.65,-,-,-,-,-,-,8.77
512,SB8251806,512,"ŞCOALA GIMNAZIALĂ ""SAMUIL MICU"" SADU",8.85,-,-,8.70,-,-,-,-,-,-,8.77
513,SB10495507,513,ŞCOALA GIMNAZIALĂ NR. 4 MEDIAŞ,8.75,-,-,8.80,-,-,-,-,-,-,8.77
514,SB9083257,514,"COLEGIUL NAȚIONAL ""OCTAVIAN GOGA"" SIBIU",8.70,-,-,8.85,-,-,-,-,-,-,8.77
515,SB638551,515,ŞCOALA GIMNAZIALĂ NR. 1 SIBIU,8.65,-,-,8.90,-,-,-,-,-,-,8.77
516,SB12613935,516,ŞCOALA GIMNAZIALĂ NR. 18 SIBIU,8.50,8.65,8.65,8.90,-,-,-,-,-,-,8.77
517,SB8398188,517,ŞCOALA GIMNAZIALĂ RACOVIŢA,8.45,-,-,9.10,-,-,-,-,-,-,8.77
518,SB11075466,518,"ŞCOALA GIMNAZIALĂ ""NICOLAE IORGA"" SIBIU",8.70,-,-,8.75,-,-,Limba germana,8.85,-,-,8.76
519,SB9588615,519,"LICEUL TEORETIC ""GUSTAV GÜNDISCH"" CISNĂDIE",8.45,-,-,9.15,-,-,Limba germana,8.70,-,-,8.76
520,SB10046043,520,"ŞCOALA GIMNAZIALĂ ""RADU SELEJAN"" SIBIU",9.60,-,-,7.90,-,-,-,-,-,-,8.75
521,SB13169375,521,ŞCOALA GIMNAZIALĂ NR. 25 SIBIU,9.55,-,-,7.95,-,-,-,-,-,-,8.75
522,SB10448097,522,ŞCOALA GIMNAZIALĂ NR. 4 SIBIU,9.35,-,-,8.15,-,-,-,-,-,-,8.75
523,SB6269551,523,"LICEUL TEORETIC ""ONISIFOR GHIBU"" SIBIU",9.30,-,-,7.35,-,-,Limba germana,9.60,-,-,8.75
524,SB11078093,524,"ŞCOALA GIMNAZIALĂ ""CIREŞARII"" MEDIAŞ",9.10,-,-,8.40,-,-,-,-,-,-,8.75
525,SB11159456,525,ŞCOALA GIMNAZIALĂ CRISTIAN,9.10,-,-,8.40,-,-,-,-,-,-,8.75
526,SB9726749,526,LICEUL DE ARTĂ SIBIU,9.05,-,-,8.45,-,-,-,-,-,-,8.75
527,SB8885141,527,"ŞCOALA GIMNAZIALĂ ""MIHAI VITEAZU"" ŞELIMBĂR",9.00,-,-,8.50,-,-,-,-,-,-,8.75
528,SB10327915,528,"ŞCOALA GIMNAZIALĂ ""CIREŞARII"" MEDIAŞ",8.95,-,-,8.55,-,-,-,-,-,-,8.75
529,SB10960329,529,"COLEGIUL NAȚIONAL ""GHEORGHE LAZĂR"" SIBIU",8.95,-,-,8.55,-,-,-,-,-,-,8.75
530,SB646251,530,ŞCOALA GIMNAZIALĂ NR. 1 SIBIU,8.95,-,-,8.55,-,-,-,-,-,-,8.75
531,SB12297588,531,"LICEUL TEORETIC ""CONSTANTIN NOICA"" SIBIU",8.85,-,-,8.65,-,-,-,-,-,-,8.75
532,SB9859885,532,"ŞCOALA GIMNAZIALĂ ""RADU SELEJAN"" SIBIU",8.85,-,-,8.65,-,-,-,-,-,-,8.75
533,SB10848316,533,ŞCOALA GIMNAZIALĂ NR. 18 SIBIU,8.75,-,-,8.75,-,-,-,-,-,-,8.75
534,SB10439961,534,ŞCOALA GIMNAZIALĂ NR. 4 SIBIU,8.60,-,-,8.90,-,-,-,-,-,-,8.75
535,SB10522875,535,"ŞCOALA GIMNAZIALĂ ""ION LUCA CARAGIALE"" SIBIU",8.60,-,-,8.90,-,-,-,-,-,-,8.75
536,SB10723191,536,"ŞCOALA GIMNAZIALĂ ""NICOLAE IORGA"" SIBIU",8.40,-,-,8.90,9.10,9.10,-,-,-,-,8.75
537,SB10087379,537,"ŞCOALA GIMNAZIALĂ ""NICOLAE IORGA"" SIBIU",8.40,-,-,8.40,-,-,Limba germana,9.00,9.45,9.45,8.75
538,SB10349297,538,"COLEGIUL NAȚIONAL ""OCTAVIAN GOGA"" SIBIU",8.20,8.15,8.15,9.35,-,-,-,-,-,-,8.75
539,SB9804923,539,ŞCOALA GIMNAZIALĂ NR. 2 SIBIU,8.20,8.65,8.65,8.85,-,-,-,-,-,-,8.75
540,SB8548022,540,ŞCOALA GIMNAZIALĂ NR. 4 SIBIU,8.40,-,-,8.95,-,-,Limba germana,8.85,-,-,8.73
541,SB10547541,541,ŞCOALA GIMNAZIALĂ NR. 4 SIBIU,8.30,-,-,8.75,-,-,Limba germana,9.15,-,-,8.73
542,SB10545096,542,"LICEUL TEORETIC ""GUSTAV GÜNDISCH"" CISNĂDIE",8.25,-,-,9.20,-,-,Limba germana,8.75,-,-,8.73
543,SB9101378,543,ŞCOALA GIMNAZIALĂ NR. 25 SIBIU,9.55,-,-,7.90,-,-,-,-,-,-,8.72
544,SB9375719,544,ŞCOALA GIMNAZIALĂ NR. 1 SIBIU,9.05,-,-,8.40,-,-,-,-,-,-,8.72
545,SB9682953,545,"LICEUL TEORETIC ""CONSTANTIN NOICA"" SIBIU",9.05,-,-,8.40,-,-,-,-,-,-,8.72
546,SB10521963,546,ŞCOALA GIMNAZIALĂ NR. 13 SIBIU,9.00,-,-,8.45,-,-,-,-,-,-,8.72
547,SB12118723,547,"COLEGIUL NAȚIONAL ""OCTAVIAN GOGA"" SIBIU",9.00,-,-,8.45,-,-,-,-,-,-,8.72
548,SB10348494,548,"ŞCOALA GIMNAZIALĂ ""REGINA MARIA"" SIBIU",8.70,-,-,8.75,-,-,-,-,-,-,8.72
549,SB10309939,549,"LICEUL TEORETIC ""ROTH - OBERTH"" MEDIAŞ",9.25,-,-,8.70,8.95,8.95,Limba germana,8.70,7.95,7.95,8.71
550,SB9807064,550,ŞCOALA GIMNAZIALĂ NR. 8 SIBIU,9.35,-,-,8.05,-,-,-,-,-,-,8.70
551,SB9530419,551,ŞCOALA GIMNAZIALĂ NR. 8 SIBIU,9.25,-,-,8.15,-,-,-,-,-,-,8.70
552,SB12297719,552,"COLEGIUL NAȚIONAL ""SAMUEL VON BRUKENTHAL"" SIBIU",9.25,-,-,7.10,-,-,Limba germana,9.75,-,-,8.70
553,SB10844091,553,"LICEUL TEORETIC ""CONSTANTIN NOICA"" SIBIU",9.05,-,-,8.35,-,-,-,-,-,-,8.70
554,SB10341113,554,ŞCOALA GIMNAZIALĂ NR. 4 SIBIU,8.80,-,-,8.60,-,-,-,-,-,-,8.70
555,SB9005164,555,"ŞCOALA GIMNAZIALĂ ""REGINA MARIA"" SIBIU",8.80,-,-,8.60,-,-,-,-,-,-,8.70
556,SB7905315,556,"ŞCOALA GIMNAZIALĂ ""IOAN BAN - DASCĂLU"" POIANA SIBIULUI",8.65,-,-,8.75,-,-,-,-,-,-,8.70
557,SB12297700,557,"ŞCOALA GIMNAZIALĂ ""IOAN SLAVICI"" SIBIU",8.60,-,-,8.80,-,-,-,-,-,-,8.70
558,SB9991239,558,ŞCOALA GIMNAZIALĂ NR. 4 SIBIU,8.50,-,-,8.90,-,-,-,-,-,-,8.70
559,SB658751,559,"COLEGIUL NAȚIONAL ""SAMUEL VON BRUKENTHAL"" SIBIU",8.50,8.55,8.55,8.35,-,-,Limba germana,9.20,-,-,8.70
560,SB10175358,560,"COLEGIUL NAȚIONAL ""SAMUEL VON BRUKENTHAL"" SIBIU",9.40,-,-,7.40,7.35,7.35,Limba germana,9.30,-,-,8.68
561,SB12615694,561,"ŞCOALA GIMNAZIALĂ ""NICOLAE IORGA"" SIBIU",9.15,-,-,8.20,-,-,Limba germana,8.70,-,-,8.68
562,SB14740397,562,"LICEUL TEORETIC ""GUSTAV GÜNDISCH"" CISNĂDIE",8.70,-,-,8.70,-,-,Limba germana,8.65,-,-,8.68
563,SB10487189,563,"COLEGIUL NAȚIONAL ""OCTAVIAN GOGA"" SIBIU",8.60,-,-,8.40,-,-,Limba germana,9.05,-,-,8.68
564,SB8724131,564,"ŞCOALA GIMNAZIALĂ ""NICOLAE IORGA"" SIBIU",8.30,-,-,8.45,-,-,Limba germana,9.30,-,-,8.68
565,SB10126859,565,ŞCOALA GIMNAZIALĂ NR. 1 SIBIU,9.25,-,-,8.10,-,-,-,-,-,-,8.67
566,SB10412515,566,"ŞCOALA GIMNAZIALĂ ""ION POP RETEGANUL"" ORLAT",9.00,-,-,8.35,-,-,-,-,-,-,8.67
567,SB10399778,567,ŞCOALA GIMNAZIALĂ NR. 1 SIBIU,8.90,-,-,8.45,-,-,-,-,-,-,8.67
568,SB3980601,568,ŞCOALA GIMNAZIALĂ NR. 4 SIBIU,8.85,-,-,8.50,-,-,-,-,-,-,8.67
569,SB9529758,569,"ŞCOALA GIMNAZIALĂ ""NICOLAE IORGA"" SIBIU",8.80,-,-,8.55,-,-,-,-,-,-,8.67
570,SB9674139,570,ŞCOALA GIMNAZIALĂ NR. 8 SIBIU,8.65,-,-,8.70,-,-,-,-,-,-,8.67
571,SB9942203,571,"LICEUL TEHNOLOGIC ""IOAN LUPAŞ"" SĂLIŞTE",8.65,-,-,8.70,-,-,-,-,-,-,8.67
572,SB9277760,572,ŞCOALA GIMNAZIALĂ NR. 25 SIBIU,8.60,-,-,8.75,-,-,-,-,-,-,8.67
573,SB10321485,573,ŞCOALA GIMNAZIALĂ NR. 7 MEDIAŞ,8.55,-,-,8.80,-,-,-,-,-,-,8.67
574,SB11008867,574,ŞCOALA GIMNAZIALĂ NR. 18 SIBIU,8.55,-,-,8.80,-,-,-,-,-,-,8.67
575,SB12098341,575,"ŞCOALA GIMNAZIALĂ ""REGINA MARIA"" SIBIU",8.55,-,-,8.80,-,-,-,-,-,-,8.67
576,SB12099971,576,"ŞCOALA GIMNAZIALĂ ""REGINA MARIA"" SIBIU",8.30,-,-,9.05,-,-,-,-,-,-,8.67
577,SB3978501,577,ŞCOALA GIMNAZIALĂ NR. 18 SIBIU,8.30,-,-,9.05,-,-,-,-,-,-,8.67
578,SB8547347,578,ŞCOALA GIMNAZIALĂ NR. 8 SIBIU,8.25,-,-,9.10,-,-,-,-,-,-,8.67
579,SB10423008,579,"ŞCOALA GIMNAZIALĂ ""NICOLAE IORGA"" SIBIU",8.70,-,-,8.75,-,-,Limba germana,8.55,-,-,8.66
580,SB10408203,580,"ŞCOALA GIMNAZIALĂ ""ION LUCA CARAGIALE"" SIBIU",8.25,8.95,8.95,8.00,-,-,Limba germana,9.05,-,-,8.66
581,SB10400183,581,ŞCOALA GIMNAZIALĂ NR. 13 SIBIU,9.20,-,-,8.10,-,-,-,-,-,-,8.65
582,SB7504101,582,ŞCOALA GIMNAZIALĂ NR. 21 SIBIU,9.20,-,-,8.10,-,-,-,-,-,-,8.65
583,SB9005001,583,ŞCOALA GIMNAZIALĂ NR. 8 SIBIU,9.20,-,-,8.10,-,-,-,-,-,-,8.65
584,SB11009295,584,"COLEGIUL NAȚIONAL ""GHEORGHE LAZĂR"" SIBIU",9.20,-,-,7.95,8.10,8.10,-,-,-,-,8.65
585,SB12009570,585,"COLEGIUL NAȚIONAL ""GHEORGHE LAZĂR"" SIBIU",9.05,-,-,8.25,-,-,-,-,-,-,8.65
586,SB13963353,586,"ŞCOALA GIMNAZIALĂ ""OCTAVIAN GOGA"" RĂŞINARI",9.05,-,-,8.25,-,-,-,-,-,-,8.65
587,SB10115760,587,ŞCOALA GIMNAZIALĂ NR. 13 SIBIU,9.05,9.25,9.25,8.05,-,-,-,-,-,-,8.65
588,SB10408620,588,"COLEGIUL NAȚIONAL ""SAMUEL VON BRUKENTHAL"" SIBIU",8.95,-,-,8.30,-,-,Limba germana,8.70,-,-,8.65
589,SB12015641,589,ŞCOALA GIMNAZIALĂ NR. 25 SIBIU,8.70,-,-,8.60,-,-,-,-,-,-,8.65
590,SB14748591,590,"ŞCOALA GIMNAZIALĂ ""MIHAI EMINESCU"" MEDIAŞ",8.70,-,-,8.60,-,-,-,-,-,-,8.65
591,SB9147785,591,"ŞCOALA GIMNAZIALĂ ""MATEI BASARAB"" TURNU ROŞU",8.55,8.75,8.75,8.80,8.55,8.55,-,-,-,-,8.65
592,SB9902244,592,ŞCOALA GIMNAZIALĂ NR. 21 SIBIU,8.50,8.45,8.45,8.85,-,-,-,-,-,-,8.65
593,SB8227129,593,"ŞCOALA GIMNAZIALĂ ""SAMUIL MICU"" SADU",8.45,-,-,8.85,-,-,-,-,-,-,8.65
594,SB12616624,594,"ŞCOALA GIMNAZIALĂ ""REGELE FERDINAND"" SIBIU",8.40,-,-,8.90,-,-,-,-,-,-,8.65
595,SB9818195,595,"LICEUL TEORETIC ""GHEORGHE LAZĂR"" AVRIG",8.40,-,-,8.90,-,-,-,-,-,-,8.65
596,SB12823434,596,"COLEGIUL NAȚIONAL ""OCTAVIAN GOGA"" SIBIU",8.80,-,-,8.95,-,-,Limba germana,8.15,-,-,8.63
597,SB8428901,597,ŞCOALA GIMNAZIALĂ NR. 4 SIBIU,8.75,-,-,9.40,-,-,Limba germana,7.75,-,-,8.63
598,SB10021600,598,ŞCOALA GIMNAZIALĂ NR. 13 SIBIU,9.45,-,-,7.80,-,-,-,-,-,-,8.62
599,SB8036772,599,"ŞCOALA GIMNAZIALĂ ""REGINA MARIA"" SIBIU",9.25,-,-,8.00,-,-,-,-,-,-,8.62
600,SB10072757,600,"ŞCOALA GIMNAZIALĂ ""CIREŞARII"" MEDIAŞ",9.05,-,-,8.20,-,-,-,-,-,-,8.62
601,SB10342606,601,"ŞCOALA GIMNAZIALĂ ""CONSTANTIN IOAN MOTAŞ"" MEDIAŞ",9.00,-,-,8.25,-,-,-,-,-,-,8.62
602,SB12083583,602,"ŞCOALA GIMNAZIALĂ ""REGINA MARIA"" SIBIU",8.95,-,-,8.30,-,-,-,-,-,-,8.62
603,SB10302206,603,"ŞCOALA GIMNAZIALĂ ""RADU SELEJAN"" SIBIU",8.85,-,-,8.40,-,-,-,-,-,-,8.62
604,SB7897617,604,"ŞCOALA GIMNAZIALĂ ""IOAN BAN - DASCĂLU"" POIANA SIBIULUI",8.85,-,-,8.40,-,-,-,-,-,-,8.62
605,SB9838350,605,ŞCOALA GIMNAZIALĂ LOAMNEŞ,8.85,-,-,8.40,-,-,-,-,-,-,8.62
606,SB12574083,606,"ŞCOALA GIMNAZIALĂ ""NICOLAE IORGA"" SIBIU",8.65,-,-,8.60,-,-,-,-,-,-,8.62
607,SB10458568,607,"ŞCOALA GIMNAZIALĂ ""REGINA MARIA"" SIBIU",8.55,-,-,8.70,-,-,-,-,-,-,8.62
608,SB10563929,608,ŞCOALA GIMNAZIALĂ NR. 18 SIBIU,8.50,-,-,8.75,-,-,-,-,-,-,8.62
609,SB3979051,609,ŞCOALA GIMNAZIALĂ NR. 18 SIBIU,8.30,-,-,8.95,-,-,-,-,-,-,8.62
610,SB10124384,610,"ŞCOALA GIMNAZIALĂ ""NICOLAE IORGA"" SIBIU",8.25,-,-,9.00,-,-,-,-,-,-,8.62
611,SB10325538,611,"ŞCOALA GIMNAZIALĂ ""CIREŞARII"" MEDIAŞ",8.25,-,-,9.00,-,-,-,-,-,-,8.62
612,SB12615336,612,"ŞCOALA GIMNAZIALĂ ""NICOLAE IORGA"" SIBIU",8.85,8.95,8.95,7.10,7.00,7.00,Limba germana,9.90,-,-,8.61
613,SB8419891,613,ŞCOALA GIMNAZIALĂ NR. 4 SIBIU,8.35,-,-,8.95,-,-,Limba germana,8.55,-,-,8.61
614,SB9131544,614,ŞCOALA GIMNAZIALĂ NR. 25 SIBIU,8.90,-,-,8.30,-,-,-,-,-,-,8.60
615,SB12616718,615,"COLEGIUL NAȚIONAL ""SAMUEL VON BRUKENTHAL"" SIBIU",8.90,8.75,8.75,7.40,-,-,Limba germana,9.65,-,-,8.60
616,SB11156704,616,"LICEUL TEORETIC ""GUSTAV GÜNDISCH"" CISNĂDIE",8.75,-,-,9.10,-,-,Limba germana,7.95,-,-,8.60
617,SB6499451,617,"ŞCOALA GIMNAZIALĂ ""REGINA MARIA"" SIBIU",8.70,-,-,8.50,-,-,-,-,-,-,8.60
618,SB7890127,618,"COLEGIUL NAȚIONAL ""OCTAVIAN GOGA"" SIBIU",8.65,-,-,8.55,-,-,-,-,-,-,8.60
619,SB9538445,619,ŞCOALA GIMNAZIALĂ NR. 8 SIBIU,8.55,-,-,8.65,-,-,-,-,-,-,8.60
620,SB9804984,620,"ŞCOALA GIMNAZIALĂ ""IOAN SLAVICI"" SIBIU",8.50,-,-,8.70,-,-,-,-,-,-,8.60
621,SB10110541,621,ŞCOALA GIMNAZIALĂ NR. 13 SIBIU,8.45,-,-,8.75,-,-,-,-,-,-,8.60
622,SB12055936,622,"COLEGIUL NAȚIONAL ""OCTAVIAN GOGA"" SIBIU",8.35,-,-,8.85,-,-,-,-,-,-,8.60
623,SB10499656,623,"ŞCOALA GIMNAZIALĂ ""NICOLAE IORGA"" SIBIU",8.25,-,-,8.95,-,-,-,-,-,-,8.60
624,SB9529540,624,"ŞCOALA GIMNAZIALĂ ""IOAN SLAVICI"" SIBIU",8.25,-,-,8.95,-,-,-,-,-,-,8.60
625,SB7903914,625,"ŞCOALA GIMNAZIALĂ ""IOAN BAN - DASCĂLU"" POIANA SIBIULUI",8.10,-,-,9.10,-,-,-,-,-,-,8.60
626,SB10687061,626,"ŞCOALA GIMNAZIALĂ ""IOAN SLAVICI"" SIBIU",8.10,8.90,8.90,8.30,-,-,-,-,-,-,8.60
627,SB9082983,627,"LICEUL TEORETIC ""ONISIFOR GHIBU"" SIBIU",8.75,-,-,7.85,-,-,Limba germana,9.15,-,-,8.58
628,SB10351536,628,"ŞCOALA GIMNAZIALĂ ""NICOLAE IORGA"" SIBIU",8.00,-,-,8.65,-,-,Limba germana,9.10,-,-,8.58
629,SB7896780,629,"ŞCOALA GIMNAZIALĂ ""RADU SELEJAN"" SIBIU",9.65,-,-,7.50,-,-,-,-,-,-,8.57
630,SB9680911,630,"ŞCOALA GIMNAZIALĂ ""VIOREL CUCU PALTIN"" ARPAȘU DE JOS",9.20,-,-,7.95,-,-,-,-,-,-,8.57
631,SB10465999,631,"ŞCOALA GIMNAZIALĂ ""REGINA MARIA"" SIBIU",9.15,-,-,8.00,-,-,-,-,-,-,8.57
632,SB10806877,632,"LICEUL TEHNOLOGIC ""IOAN LUPAŞ"" SĂLIŞTE",9.05,-,-,8.10,-,-,-,-,-,-,8.57
633,SB9527256,633,ŞCOALA GIMNAZIALĂ NR. 4 SIBIU,8.80,-,-,8.35,-,-,-,-,-,-,8.57
634,SB687401,634,"ŞCOALA GIMNAZIALĂ ""REGINA MARIA"" SIBIU",8.50,-,-,8.65,-,-,-,-,-,-,8.57
635,SB9003800,635,"COLEGIUL NAȚIONAL ""OCTAVIAN GOGA"" SIBIU",8.40,-,-,8.75,-,-,-,-,-,-,8.57
636,SB10113089,636,ŞCOALA GIMNAZIALĂ NR. 1 SIBIU,8.25,-,-,8.90,-,-,-,-,-,-,8.57
637,SB10413853,637,ŞCOALA GIMNAZIALĂ NR. 4 MEDIAŞ,8.20,-,-,8.95,-,-,-,-,-,-,8.57
638,SB9342815,638,"LICEUL TEORETIC ""CONSTANTIN NOICA"" SIBIU",8.10,-,-,9.05,-,-,-,-,-,-,8.57
639,SB10264853,639,ŞCOALA GIMNAZIALĂ NR. 18 SIBIU,8.05,-,-,9.10,-,-,-,-,-,-,8.57
640,SB10513006,640,ŞCOALA GIMNAZIALĂ NR. 18 SIBIU,7.80,-,-,9.35,-,-,-,-,-,-,8.57
641,SB8255557,641,"ŞCOALA GIMNAZIALĂ ""SAMUIL MICU"" SADU",7.65,-,-,9.50,-,-,-,-,-,-,8.57
642,SB10067761,642,"LICEUL TEORETIC ""ROTH - OBERTH"" MEDIAŞ",9.10,-,-,7.20,-,-,Limba germana,9.40,-,-,8.56
643,SB11075425,643,"COLEGIUL NAȚIONAL ""SAMUEL VON BRUKENTHAL"" SIBIU",8.85,-,-,9.10,-,-,Limba germana,7.75,-,-,8.56
644,SB8724968,644,"COLEGIUL NAȚIONAL ""SAMUEL VON BRUKENTHAL"" SIBIU",8.80,8.30,8.30,7.75,-,-,Limba germana,9.65,-,-,8.56
645,SB11165855,645,"COLEGIUL NAȚIONAL ""OCTAVIAN GOGA"" SIBIU",8.05,-,-,8.55,-,-,Limba germana,9.10,-,-,8.56
646,SB10346170,646,"LICEUL TEORETIC ""GUSTAV GÜNDISCH"" CISNĂDIE",9.30,-,-,9.05,-,-,Limba germana,7.30,-,-,8.55
647,SB10114668,647,"ŞCOALA GIMNAZIALĂ ""REGINA MARIA"" SIBIU",9.10,-,-,8.00,-,-,-,-,-,-,8.55
648,SB9139187,648,"ŞCOALA GIMNAZIALĂ ""OCTAVIAN GOGA"" RĂŞINARI",9.10,9.70,9.70,7.35,7.40,7.40,-,-,-,-,8.55
649,SB10456100,649,"COLEGIUL NAȚIONAL ""OCTAVIAN GOGA"" SIBIU",9.05,-,-,8.05,-,-,-,-,-,-,8.55
650,SB10101449,650,LICEUL DE ARTĂ SIBIU,8.90,-,-,8.20,-,-,-,-,-,-,8.55
651,SB10310269,651,"ŞCOALA GIMNAZIALĂ ""ION LUCA CARAGIALE"" SIBIU",8.85,-,-,8.25,-,-,-,-,-,-,8.55
652,SB7501901,652,"ŞCOALA GIMNAZIALĂ ""NICOLAE IORGA"" SIBIU",8.80,-,-,8.30,-,-,-,-,-,-,8.55
653,SB10448170,653,"ŞCOALA GIMNAZIALĂ ""RADU SELEJAN"" SIBIU",8.75,-,-,8.35,-,-,-,-,-,-,8.55
654,SB10406872,654,ŞCOALA GIMNAZIALĂ NR. 21 SIBIU,8.70,-,-,8.40,-,-,-,-,-,-,8.55
655,SB10296694,655,"ŞCOALA GIMNAZIALĂ ""RADU SELEJAN"" SIBIU",8.50,-,-,8.60,-,-,-,-,-,-,8.55
656,SB10464710,656,ŞCOALA GIMNAZIALĂ NR. 13 SIBIU,8.40,-,-,8.70,-,-,-,-,-,-,8.55
657,SB9835051,657,ŞCOALA GIMNAZIALĂ NR. 8 SIBIU,8.20,-,-,8.90,-,-,-,-,-,-,8.55
658,SB9806765,658,"COLEGIUL NAȚIONAL ""SAMUEL VON BRUKENTHAL"" SIBIU",8.20,-,-,8.45,-,-,Limba germana,9.00,-,-,8.55
659,SB10132372,659,"COLEGIUL NAȚIONAL ""SAMUEL VON BRUKENTHAL"" SIBIU",7.95,8.80,8.80,7.55,-,-,Limba germana,9.30,-,-,8.55
660,SB10090787,660,ŞCOALA GIMNAZIALĂ NR. 18 SIBIU,7.80,8.45,8.45,8.65,-,-,-,-,-,-,8.55
661,SB9605700,661,"LICEUL TEORETIC ""GUSTAV GÜNDISCH"" CISNĂDIE",7.70,-,-,8.50,-,-,Limba germana,9.45,-,-,8.55
662,SB11076240,662,"ŞCOALA GIMNAZIALĂ ""NICOLAE IORGA"" SIBIU",8.75,-,-,8.90,-,-,Limba germana,7.65,7.95,7.95,8.53
663,SB10127558,663,"COLEGIUL NAȚIONAL ""SAMUEL VON BRUKENTHAL"" SIBIU",8.15,-,-,8.30,-,-,Limba germana,9.15,-,-,8.53
664,SB10306828,664,"ŞCOALA GIMNAZIALĂ ""BATHORY ISTVAN"" MEDIAŞ",7.30,8.30,8.30,8.05,-,-,Limba maghiara,9.25,-,-,8.53
665,SB6273451,665,"ŞCOALA GIMNAZIALĂ ""RADU SELEJAN"" SIBIU",9.15,-,-,7.90,-,-,-,-,-,-,8.52
666,SB10110774,666,ŞCOALA GIMNAZIALĂ NR. 13 SIBIU,9.10,-,-,7.95,-,-,-,-,-,-,8.52
667,SB9081330,667,"ŞCOALA GIMNAZIALĂ ""OCTAVIAN GOGA"" RĂŞINARI",8.85,-,-,8.20,-,-,-,-,-,-,8.52
668,SB12297628,668,"ŞCOALA GIMNAZIALĂ ""IOAN SLAVICI"" SIBIU",8.80,-,-,8.25,-,-,-,-,-,-,8.52
669,SB10092048,669,"LICEUL TEHNOLOGIC ""JOHANNES LEBEL"" TĂLMACIU",8.65,8.95,8.95,8.10,-,-,-,-,-,-,8.52
670,SB10472864,670,"ŞCOALA GIMNAZIALĂ ""REGELE FERDINAND"" SIBIU",8.60,-,-,8.45,-,-,-,-,-,-,8.52
671,SB10319224,671,"ŞCOALA GIMNAZIALĂ ""MIHAI EMINESCU"" MEDIAŞ",8.55,-,-,8.50,-,-,-,-,-,-,8.52
672,SB9536335,672,"ŞCOALA GIMNAZIALĂ ""REGINA MARIA"" SIBIU",8.55,8.50,8.50,8.40,8.55,8.55,-,-,-,-,8.52
673,SB12065131,673,ŞCOALA GIMNAZIALĂ NR. 25 SIBIU,8.45,-,-,8.60,-,-,-,-,-,-,8.52
674,SB10107647,674,"ŞCOALA GIMNAZIALĂ ""NICOLAE IORGA"" SIBIU",8.40,-,-,8.65,-,-,-,-,-,-,8.52
675,SB10400227,675,ŞCOALA GIMNAZIALĂ NR. 25 SIBIU,8.40,-,-,8.65,-,-,-,-,-,-,8.52
676,SB10502226,676,"ŞCOALA GIMNAZIALĂ ""NICOLAE IORGA"" SIBIU",8.30,-,-,8.75,-,-,-,-,-,-,8.52
677,SB11075611,677,"ŞCOALA GIMNAZIALĂ ""REGINA MARIA"" SIBIU",8.30,-,-,8.75,-,-,-,-,-,-,8.52
678,SB10465923,678,"ŞCOALA GIMNAZIALĂ ""NICOLAE IORGA"" SIBIU",7.95,-,-,9.10,-,-,-,-,-,-,8.52
679,SB12347795,679,"ŞCOALA GIMNAZIALĂ ""NICOLAE IORGA"" SIBIU",8.35,-,-,8.15,-,-,Limba germana,9.05,-,-,8.51
680,SB10465919,680,LICEUL DE ARTĂ SIBIU,9.75,-,-,7.25,-,-,-,-,-,-,8.50
681,SB10329430,681,"ŞCOALA GIMNAZIALĂ ""CONSTANTIN IOAN MOTAŞ"" MEDIAŞ",9.55,-,-,7.45,-,-,-,-,-,-,8.50
682,SB659701,682,"COLEGIUL NAȚIONAL ""OCTAVIAN GOGA"" SIBIU",9.00,-,-,8.00,-,-,-,-,-,-,8.50
683,SB12002163,683,"ŞCOALA GIMNAZIALĂ ""RADU SELEJAN"" SIBIU",8.95,-,-,8.05,-,-,-,-,-,-,8.50
684,SB10465926,684,"LICEUL TEORETIC ""CONSTANTIN NOICA"" SIBIU",8.85,-,-,8.15,-,-,-,-,-,-,8.50
685,SB10502605,685,"ŞCOALA GIMNAZIALĂ ""ION LUCA CARAGIALE"" SIBIU",8.80,8.50,8.50,8.40,8.50,8.50,-,-,-,-,8.50
686,SB10465753,686,"COLEGIUL NAȚIONAL ""OCTAVIAN GOGA"" SIBIU",8.80,-,-,8.20,-,-,-,-,-,-,8.50
687,SB10310435,687,"ŞCOALA GIMNAZIALĂ ""ION LUCA CARAGIALE"" SIBIU",8.70,-,-,8.30,-,-,-,-,-,-,8.50
688,SB12616141,688,ŞCOALA GIMNAZIALĂ NR. 4 SIBIU,8.60,-,-,9.20,-,-,Limba germana,7.70,7.70,7.70,8.50
689,SB10453332,689,"LICEUL TEORETIC ""CONSTANTIN NOICA"" SIBIU",8.60,-,-,8.40,-,-,-,-,-,-,8.50
690,SB9083302,690,"COLEGIUL NAȚIONAL ""OCTAVIAN GOGA"" SIBIU",8.60,-,-,8.40,-,-,-,-,-,-,8.50
691,SB10045714,691,"ŞCOALA GIMNAZIALĂ ""RADU SELEJAN"" SIBIU",8.55,-,-,8.45,-,-,-,-,-,-,8.50
692,SB9537279,692,"ŞCOALA GIMNAZIALĂ ""AUREL DECEI"" GURA RÂULUI",8.50,-,-,8.50,-,-,-,-,-,-,8.50
693,SB4644851,693,"ŞCOALA GIMNAZIALĂ ""MIHAI VITEAZU"" ŞELIMBĂR",8.50,-,-,8.45,8.50,8.50,-,-,-,-,8.50
694,SB10464188,694,"ŞCOALA GIMNAZIALĂ ""REGINA MARIA"" SIBIU",8.45,-,-,8.55,-,-,-,-,-,-,8.50
695,SB10175190,695,"ŞCOALA GIMNAZIALĂ ""REGINA MARIA"" SIBIU",8.40,-,-,8.60,-,-,-,-,-,-,8.50
696,SB8885043,696,ŞCOALA GIMNAZIALĂ NR. 4 SIBIU,8.40,-,-,8.60,-,-,-,-,-,-,8.50
697,SB9806497,697,ŞCOALA GIMNAZIALĂ NR. 4 SIBIU,8.35,8.85,8.85,8.45,-,-,Limba germana,8.20,-,-,8.50
698,SB9817506,698,"LICEUL TEORETIC ""GHEORGHE LAZĂR"" AVRIG",8.10,8.50,8.50,8.50,-,-,-,-,-,-,8.50
699,SB10408313,699,"LICEUL TEORETIC ""ONISIFOR GHIBU"" SIBIU",7.85,-,-,9.30,-,-,Limba germana,8.35,-,-,8.50
700,SB8722212,700,"COLEGIUL NAȚIONAL ""SAMUEL VON BRUKENTHAL"" SIBIU",8.85,-,-,7.60,-,-,Limba germana,9.00,-,-,8.48
701,SB9597730,701,ŞCOALA GIMNAZIALĂ NR. 4 SIBIU,8.60,9.45,9.45,8.15,8.50,8.50,Limba germana,7.55,7.50,7.50,8.48
702,SB10308329,702,"ŞCOALA GIMNAZIALĂ ""BATHORY ISTVAN"" MEDIAŞ",8.45,-,-,8.25,-,-,Limba maghiara,8.75,-,-,8.48
703,SB11116409,703,"ŞCOALA GIMNAZIALĂ ""ION LUCA CARAGIALE"" SIBIU",8.40,-,-,8.15,-,-,Limba germana,8.90,-,-,8.48
704,SB10319772,704,"ŞCOALA GIMNAZIALĂ ""CIREŞARII"" MEDIAŞ",9.80,-,-,7.15,-,-,-,-,-,-,8.47
705,SB10323752,705,"ŞCOALA GIMNAZIALĂ ""CIREŞARII"" MEDIAŞ",9.15,-,-,7.80,-,-,-,-,-,-,8.47
706,SB10329265,706,"ŞCOALA GIMNAZIALĂ ""CONSTANTIN IOAN MOTAŞ"" MEDIAŞ",8.95,-,-,8.00,-,-,-,-,-,-,8.47
707,SB9841005,707,ŞCOALA GIMNAZIALĂ LOAMNEŞ,8.95,-,-,8.00,-,-,-,-,-,-,8.47
708,SB10391667,708,ŞCOALA GIMNAZIALĂ POPLACA,8.90,-,-,8.05,-,-,-,-,-,-,8.47
709,SB9989734,709,ŞCOALA GIMNAZIALĂ NR. 13 SIBIU,8.90,-,-,8.05,-,-,-,-,-,-,8.47
710,SB10492947,710,"ŞCOALA GIMNAZIALĂ ""REGINA MARIA"" SIBIU",8.80,-,-,8.15,-,-,-,-,-,-,8.47
711,SB8251454,711,"ŞCOALA GIMNAZIALĂ ""SAMUIL MICU"" SADU",8.80,-,-,8.15,-,-,-,-,-,-,8.47
712,SB10543656,712,"ŞCOALA GIMNAZIALĂ ""NICOLAE IORGA"" SIBIU",8.75,-,-,8.20,-,-,-,-,-,-,8.47
713,SB10400531,713,ŞCOALA GIMNAZIALĂ NR. 4 SIBIU,8.65,-,-,8.30,-,-,-,-,-,-,8.47
714,SB9990100,714,"ŞCOALA GIMNAZIALĂ ""REGELE FERDINAND"" SIBIU",8.55,-,-,8.40,-,-,-,-,-,-,8.47
715,SB10105657,715,"LICEUL TEORETIC ""CONSTANTIN NOICA"" SIBIU",8.45,-,-,8.50,-,-,-,-,-,-,8.47
716,SB12277567,716,LICEUL ROMÂNO - FINLANDEZ ERI SIBIU,8.45,-,-,8.50,-,-,-,-,-,-,8.47
717,SB10296580,717,"LICEUL ""AUGUST TREBONIU LAURIAN"" AGNITA",8.30,-,-,8.65,-,-,-,-,-,-,8.47
718,SB9539611,718,"ŞCOALA GIMNAZIALĂ ""AUREL DECEI"" GURA RÂULUI",8.25,-,-,8.70,-,-,-,-,-,-,8.47
719,SB660101,719,ŞCOALA GIMNAZIALĂ NR. 1 SIBIU,8.20,-,-,8.75,-,-,-,-,-,-,8.47
720,SB10020982,720,ŞCOALA GIMNAZIALĂ NR. 18 SIBIU,8.10,8.60,8.60,8.35,-,-,-,-,-,-,8.47
721,SB9712573,721,ŞCOALA GIMNAZIALĂ TĂLMACIU,8.05,-,-,8.90,-,-,-,-,-,-,8.47
722,SB10085850,722,"COLEGIUL NAȚIONAL PEDAGOGIC ""ANDREI ŞAGUNA"" SIBIU",8.00,-,-,8.95,-,-,-,-,-,-,8.47
723,SB10974581,723,ŞCOALA GIMNAZIALĂ NR. 1 SIBIU,7.75,-,-,9.20,-,-,-,-,-,-,8.47
724,SB9925060,724,ŞCOALA GIMNAZIALĂ NR. 3 CISNĂDIE,7.70,8.30,8.30,8.65,-,-,-,-,-,-,8.47
725,SB10547260,725,ŞCOALA GIMNAZIALĂ NR. 18 SIBIU,9.40,-,-,7.50,-,-,-,-,-,-,8.45
726,SB8996084,726,"COLEGIUL NAȚIONAL ""OCTAVIAN GOGA"" SIBIU",9.05,-,-,8.05,-,-,Limba germana,8.25,-,-,8.45
727,SB10348686,727,"ŞCOALA GIMNAZIALĂ ""REGINA MARIA"" SIBIU",9.00,-,-,7.90,-,-,-,-,-,-,8.45
728,SB10332409,728,"ŞCOALA GIMNAZIALĂ ""CONSTANTIN IOAN MOTAŞ"" MEDIAŞ",8.95,-,-,7.95,-,-,-,-,-,-,8.45
729,SB10498987,729,"ŞCOALA GIMNAZIALĂ ""NICOLAE IORGA"" SIBIU",8.85,-,-,8.05,-,-,-,-,-,-,8.45
730,SB9004204,730,ŞCOALA GIMNAZIALĂ NR. 2 SIBIU,8.75,-,-,8.15,-,-,-,-,-,-,8.45
731,SB10107058,731,"ŞCOALA GIMNAZIALĂ ""ION LUCA CARAGIALE"" SIBIU",8.60,8.70,8.70,8.20,-,-,-,-,-,-,8.45
732,SB10351153,732,"COLEGIUL NAȚIONAL ""GHEORGHE LAZĂR"" SIBIU",8.55,8.85,8.85,7.85,8.05,8.05,-,-,-,-,8.45
733,SB10080673,733,ŞCOALA GIMNAZIALĂ NR. 1 SIBIU,8.00,-,-,8.90,-,-,-,-,-,-,8.45
734,SB10501021,734,"ŞCOALA GIMNAZIALĂ ""ION LUCA CARAGIALE"" SIBIU",7.95,-,-,8.95,-,-,-,-,-,-,8.45
735,SB10352180,735,"COLEGIUL NAȚIONAL ""SAMUEL VON BRUKENTHAL"" SIBIU",9.05,-,-,7.90,-,-,Limba germana,8.20,8.35,8.35,8.43
736,SB9072764,736,ŞCOALA GIMNAZIALĂ NR. 10 SIBIU,9.20,-,-,7.65,-,-,-,-,-,-,8.42
737,SB10399822,737,ŞCOALA GIMNAZIALĂ NR. 25 SIBIU,9.20,-,-,7.55,7.65,7.65,-,-,-,-,8.42
738,SB9238879,738,ŞCOALA GIMNAZIALĂ ŞEICA MARE,8.75,-,-,8.10,-,-,-,-,-,-,8.42
739,SB4060951,739,ŞCOALA GIMNAZIALĂ NR. 18 SIBIU,8.60,-,-,8.25,8.25,8.25,-,-,-,-,8.42
740,SB10522676,740,"ŞCOALA GIMNAZIALĂ ""ION LUCA CARAGIALE"" SIBIU",8.55,-,-,8.30,-,-,-,-,-,-,8.42
741,SB12067926,741,"ŞCOALA GIMNAZIALĂ ""REGINA MARIA"" SIBIU",8.40,-,-,8.45,-,-,-,-,-,-,8.42
742,SB12454827,742,LICEUL ROMÂNO - FINLANDEZ ERI SIBIU,8.35,-,-,8.50,-,-,-,-,-,-,8.42
743,SB6274651,743,"ŞCOALA GIMNAZIALĂ ""REGELE FERDINAND"" SIBIU",8.35,-,-,8.50,-,-,-,-,-,-,8.42
744,SB12318805,744,"ŞCOALA GIMNAZIALĂ ""ION LUCA CARAGIALE"" SIBIU",9.45,-,-,6.75,-,-,Limba germana,9.05,-,-,8.41
745,SB9530172,745,"COLEGIUL NAȚIONAL ""SAMUEL VON BRUKENTHAL"" SIBIU",8.70,-,-,8.00,-,-,Limba germana,8.55,-,-,8.41
746,SB10348418,746,ŞCOALA GIMNAZIALĂ NR. 4 SIBIU,9.20,-,-,7.60,-,-,-,-,-,-,8.40
747,SB9841134,747,ŞCOALA GIMNAZIALĂ LOAMNEŞ,9.20,-,-,7.60,-,-,-,-,-,-,8.40
748,SB9818213,748,"LICEUL TEORETIC ""GHEORGHE LAZĂR"" AVRIG",9.20,9.30,9.30,7.50,-,-,-,-,-,-,8.40
749,SB10299541,749,"LICEUL TEORETIC ""ROTH - OBERTH"" MEDIAŞ",9.10,-,-,7.95,-,-,Limba germana,8.15,-,-,8.40
750,SB638401,750,ŞCOALA GIMNAZIALĂ NR. 25 SIBIU,8.90,-,-,7.90,-,-,-,-,-,-,8.40
751,SB9936061,751,"LICEUL TEHNOLOGIC ""JOHANNES LEBEL"" TĂLMACIU",8.85,-,-,7.95,-,-,-,-,-,-,8.40
752,SB10486437,752,"ŞCOALA GIMNAZIALĂ ""NICOLAE IORGA"" SIBIU",8.80,-,-,7.60,-,-,Limba germana,8.80,-,-,8.40
753,SB11076949,753,"ŞCOALA GIMNAZIALĂ ""CIREŞARII"" MEDIAŞ",8.70,-,-,8.10,-,-,-,-,-,-,8.40
754,SB12297143,754,ŞCOALA GIMNAZIALĂ NR. 4 SIBIU,8.30,-,-,8.50,-,-,-,-,-,-,8.40
755,SB12271174,755,ŞCOALA GIMNAZIALĂ NR. 18 SIBIU,8.20,-,-,8.60,-,-,-,-,-,-,8.40
756,SB8008474,756,ŞCOALA GIMNAZIALĂ AGÂRBICIU,8.20,-,-,8.60,-,-,-,-,-,-,8.40
757,SB12056884,757,"LICEUL TEORETIC ""ONISIFOR GHIBU"" SIBIU",7.95,-,-,8.50,-,-,Limba germana,8.75,-,-,8.40
758,SB9072381,758,ŞCOALA GIMNAZIALĂ NR. 1 SIBIU,7.90,-,-,8.90,-,-,-,-,-,-,8.40
759,SB660401,759,"LICEUL TEORETIC ""ONISIFOR GHIBU"" SIBIU",8.60,-,-,7.95,-,-,Limba germana,8.80,8.60,8.60,8.38
760,SB10455800,760,"ŞCOALA GIMNAZIALĂ ""ION LUCA CARAGIALE"" SIBIU",7.50,8.15,8.15,7.80,-,-,Limba germana,9.20,-,-,8.38
761,SB9384516,761,ŞCOALA GIMNAZIALĂ NR. 4 SIBIU,9.40,-,-,7.35,-,-,-,-,-,-,8.37
762,SB9986748,762,"ŞCOALA GIMNAZIALĂ ""RADU SELEJAN"" SIBIU",9.30,-,-,7.45,-,-,-,-,-,-,8.37
763,SB10408881,763,"COLEGIUL NAȚIONAL ""GHEORGHE LAZĂR"" SIBIU",9.05,-,-,7.70,-,-,-,-,-,-,8.37
764,SB9240133,764,ŞCOALA GIMNAZIALĂ ŞEICA MARE,8.95,-,-,7.80,-,-,-,-,-,-,8.37
765,SB10601428,765,"LICEUL ""TIMOTEI CIPARIU"" DUMBRĂVENI",8.90,-,-,7.85,-,-,-,-,-,-,8.37
766,SB1153601,766,ŞCOALA GIMNAZIALĂ NR. 4 SIBIU,8.90,-,-,7.85,-,-,-,-,-,-,8.37
767,SB10399701,767,"LICEUL TEORETIC ""CONSTANTIN NOICA"" SIBIU",8.75,-,-,8.00,-,-,-,-,-,-,8.37
768,SB10296816,768,"ŞCOALA GIMNAZIALĂ ""CIREŞARII"" MEDIAŞ",8.70,-,-,8.05,-,-,-,-,-,-,8.37
769,SB10562929,769,"ŞCOALA GIMNAZIALĂ ""AUREL DECEI"" GURA RÂULUI",8.70,-,-,8.05,-,-,-,-,-,-,8.37
770,SB10400252,770,ŞCOALA GIMNAZIALĂ NR. 1 SIBIU,8.45,-,-,8.30,-,-,-,-,-,-,8.37
771,SB10960573,771,"LICEUL TEORETIC ""CONSTANTIN NOICA"" SIBIU",8.30,-,-,8.45,-,-,-,-,-,-,8.37
772,SB10327552,772,"ŞCOALA GIMNAZIALĂ ""CONSTANTIN IOAN MOTAŞ"" MEDIAŞ",8.15,-,-,8.60,-,-,-,-,-,-,8.37
773,SB12319324,773,ŞCOALA GIMNAZIALĂ NR. 4 SIBIU,8.05,-,-,8.70,-,-,-,-,-,-,8.37
774,SB10430719,774,ŞCOALA GIMNAZIALĂ RUŞI,7.90,-,-,8.85,-,-,-,-,-,-,8.37
775,SB10743892,775,ŞCOALA GIMNAZIALĂ NR. 21 SIBIU,7.90,-,-,8.85,-,-,-,-,-,-,8.37
776,SB12056545,776,ŞCOALA GIMNAZIALĂ BRADU,7.85,-,-,8.90,-,-,-,-,-,-,8.37
777,SB10466016,777,ŞCOALA GIMNAZIALĂ NR. 21 SIBIU,7.65,-,-,9.10,-,-,-,-,-,-,8.37
778,SB11075763,778,"LICEUL TEORETIC ""ONISIFOR GHIBU"" SIBIU",9.50,-,-,6.55,-,-,Limba germana,9.05,-,-,8.36
779,SB10452874,779,"LICEUL TEORETIC ""ONISIFOR GHIBU"" SIBIU",8.65,-,-,7.35,-,-,Limba germana,9.10,-,-,8.36
780,SB9606266,780,"LICEUL TEORETIC ""GUSTAV GÜNDISCH"" CISNĂDIE",8.30,-,-,8.45,8.65,8.65,Limba germana,8.15,-,-,8.36
781,SB8575047,781,ŞCOALA GIMNAZIALĂ NR. 4 SIBIU,7.95,8.55,8.55,8.40,-,-,Limba germana,8.15,-,-,8.36
782,SB12067689,782,ŞCOALA GIMNAZIALĂ NR. 25 SIBIU,9.35,-,-,7.35,-,-,-,-,-,-,8.35
783,SB6698151,783,"ŞCOALA GIMNAZIALĂ ""ION LUCA CARAGIALE"" SIBIU",9.05,-,-,7.65,-,-,-,-,-,-,8.35
784,SB10348474,784,"COLEGIUL NAȚIONAL PEDAGOGIC ""ANDREI ŞAGUNA"" SIBIU",9.00,-,-,7.50,7.70,7.70,-,-,-,-,8.35
785,SB7904999,785,"ŞCOALA GIMNAZIALĂ ""IOAN BAN - DASCĂLU"" POIANA SIBIULUI",8.95,-,-,7.75,-,-,-,-,-,-,8.35
786,SB10464972,786,"ŞCOALA GIMNAZIALĂ ""ION LUCA CARAGIALE"" SIBIU",8.90,-,-,7.85,-,-,Limba germana,8.00,8.30,8.30,8.35
787,SB12614391,787,"COLEGIUL NAȚIONAL ""GHEORGHE LAZĂR"" SIBIU",8.90,-,-,7.80,-,-,-,-,-,-,8.35
788,SB9990440,788,"ŞCOALA GIMNAZIALĂ ""NICOLAE IORGA"" SIBIU",8.90,-,-,7.80,-,-,-,-,-,-,8.35
789,SB10024775,789,ŞCOALA GIMNAZIALĂ AVRIG,8.85,-,-,7.85,-,-,-,-,-,-,8.35
790,SB9004016,790,"COLEGIUL NAȚIONAL ""OCTAVIAN GOGA"" SIBIU",8.85,-,-,7.85,-,-,-,-,-,-,8.35
791,SB9527635,791,"COLEGIUL NAȚIONAL ""SAMUEL VON BRUKENTHAL"" SIBIU",8.75,9.00,9.00,7.45,-,-,Limba germana,8.60,-,-,8.35
792,SB10530511,792,"LICEUL TEORETIC ""CONSTANTIN NOICA"" SIBIU",8.65,-,-,8.05,-,-,-,-,-,-,8.35
793,SB10293050,793,"LICEUL TEORETIC ""ROTH - OBERTH"" MEDIAŞ",8.60,-,-,7.70,-,-,Limba germana,8.75,-,-,8.35
794,SB10351069,794,"ŞCOALA GIMNAZIALĂ ""NICOLAE IORGA"" SIBIU",8.55,8.45,8.45,8.50,8.25,8.25,-,-,-,-,8.35
795,SB9987578,795,"ŞCOALA GIMNAZIALĂ ""REGELE FERDINAND"" SIBIU",8.55,8.65,8.65,8.20,8.05,8.05,-,-,-,-,8.35
796,SB12200833,796,"ŞCOALA GIMNAZIALĂ ""REGINA MARIA"" SIBIU",8.55,-,-,8.15,-,-,-,-,-,-,8.35
797,SB10297640,797,"ŞCOALA GIMNAZIALĂ ""CIREŞARII"" MEDIAŞ",8.30,-,-,8.40,-,-,-,-,-,-,8.35
798,SB12019850,798,LICEUL ROMÂNO - FINLANDEZ ERI SIBIU,8.25,-,-,8.45,-,-,-,-,-,-,8.35
799,SB9331966,799,ŞCOALA GIMNAZIALĂ NR. 18 SIBIU,8.15,-,-,8.55,-,-,-,-,-,-,8.35
800,SB9782250,800,ŞCOALA GIMNAZIALĂ NR. 4 SIBIU,8.10,7.95,7.95,9.25,9.25,9.25,Limba germana,8.45,7.85,7.85,8.35
801,SB7108751,801,ŞCOALA GIMNAZIALĂ TĂLMACIU,8.00,-,-,8.70,-,-,-,-,-,-,8.35
802,SB4063551,802,ŞCOALA GIMNAZIALĂ NR. 18 SIBIU,7.95,-,-,8.75,-,-,-,-,-,-,8.35
803,SB12614253,803,ŞCOALA GIMNAZIALĂ NR. 21 SIBIU,7.60,-,-,9.10,-,-,-,-,-,-,8.35
804,SB10063212,804,ŞCOALA GIMNAZIALĂ AVRIG,7.40,-,-,9.30,-,-,-,-,-,-,8.35
805,SB8544365,805,ŞCOALA GIMNAZIALĂ NR. 4 SIBIU,8.20,-,-,8.60,-,-,Limba germana,8.20,-,-,8.33
806,SB7904725,806,"ŞCOALA GIMNAZIALĂ ""IOAN BAN - DASCĂLU"" POIANA SIBIULUI",8.90,-,-,7.75,-,-,-,-,-,-,8.32
807,SB10439974,807,"LICEUL TEORETIC ""CONSTANTIN NOICA"" SIBIU",8.80,-,-,7.85,-,-,-,-,-,-,8.32
808,SB12794461,808,"LICEUL ""AUGUST TREBONIU LAURIAN"" AGNITA",8.40,-,-,8.25,-,-,-,-,-,-,8.32
809,SB10538759,809,ŞCOALA GIMNAZIALĂ NR. 13 SIBIU,8.25,-,-,8.40,-,-,-,-,-,-,8.32
810,SB9786551,810,"ŞCOALA GIMNAZIALĂ ""RADU SELEJAN"" SIBIU",8.25,-,-,8.40,-,-,-,-,-,-,8.32
811,SB10407687,811,"LICEUL TEORETIC ""CONSTANTIN NOICA"" SIBIU",8.25,8.60,8.60,8.05,-,-,-,-,-,-,8.32
812,SB9805128,812,"ŞCOALA GIMNAZIALĂ ""IOAN SLAVICI"" SIBIU",8.10,-,-,8.55,-,-,-,-,-,-,8.32
813,SB10005506,813,"LICEUL TEORETIC ""GHEORGHE LAZĂR"" AVRIG",8.05,-,-,8.60,-,-,-,-,-,-,8.32
814,SB10091823,814,"LICEUL TEORETIC ""CONSTANTIN NOICA"" SIBIU",8.05,-,-,8.60,-,-,-,-,-,-,8.32
815,SB10012077,815,ŞCOALA GIMNAZIALĂ SĂCEL,8.00,-,-,8.65,-,-,-,-,-,-,8.32
816,SB10332077,816,"ŞCOALA GIMNAZIALĂ ""CONSTANTIN IOAN MOTAŞ"" MEDIAŞ",8.00,-,-,8.65,-,-,-,-,-,-,8.32
817,SB12318803,817,"ŞCOALA GIMNAZIALĂ ""ION LUCA CARAGIALE"" SIBIU",7.55,-,-,9.10,-,-,-,-,-,-,8.32
818,SB686551,818,"COLEGIUL NAȚIONAL ""OCTAVIAN GOGA"" SIBIU",9.05,-,-,7.90,-,-,Limba germana,8.00,-,-,8.31
819,SB9143267,819,"ŞCOALA GIMNAZIALĂ ""NICOLAE IORGA"" SIBIU",7.60,-,-,7.65,-,-,Limba germana,9.70,-,-,8.31
820,SB661001,820,ŞCOALA GIMNAZIALĂ NR. 25 SIBIU,9.25,-,-,7.35,-,-,-,-,-,-,8.30
821,SB10847995,821,"ŞCOALA GIMNAZIALĂ ""REGINA MARIA"" SIBIU",9.10,-,-,7.50,-,-,-,-,-,-,8.30
822,SB9806616,822,ŞCOALA GIMNAZIALĂ NR. 18 SIBIU,8.65,-,-,7.95,-,-,-,-,-,-,8.30
823,SB8931612,823,"ŞCOALA GIMNAZIALĂ ""RADU SELEJAN"" SIBIU",8.60,-,-,8.00,-,-,-,-,-,-,8.30
824,SB9005746,824,ŞCOALA GIMNAZIALĂ NR. 4 SIBIU,8.60,-,-,8.00,-,-,-,-,-,-,8.30
825,SB9164184,825,"ŞCOALA GIMNAZIALĂ ""MATEI BASARAB"" TURNU ROŞU",8.30,-,-,8.30,-,-,-,-,-,-,8.30
826,SB12616325,826,"ŞCOALA GIMNAZIALĂ ""REGINA MARIA"" SIBIU",8.25,-,-,8.35,-,-,-,-,-,-,8.30
827,SB8399026,827,ŞCOALA GIMNAZIALĂ RACOVIŢA,8.10,-,-,8.50,-,-,-,-,-,-,8.30
828,SB10710096,828,"LICEUL TEORETIC ""CONSTANTIN NOICA"" SIBIU",8.05,8.10,8.10,8.50,-,-,-,-,-,-,8.30
829,SB10298538,829,"ŞCOALA GIMNAZIALĂ ""MIHAI EMINESCU"" MEDIAŞ",7.60,-,-,9.00,-,-,-,-,-,-,8.30
830,SB10173080,830,"COLEGIUL NAȚIONAL ""SAMUEL VON BRUKENTHAL"" SIBIU",8.95,-,-,7.15,-,-,Limba germana,8.75,-,-,8.28
831,SB9806121,831,"COLEGIUL NAȚIONAL ""SAMUEL VON BRUKENTHAL"" SIBIU",8.65,-,-,7.75,-,-,Limba germana,8.45,-,-,8.28
832,SB14721125,832,"COLEGIUL NAȚIONAL ""SAMUEL VON BRUKENTHAL"" SIBIU",7.85,-,-,7.65,-,-,Limba germana,9.35,-,-,8.28
833,SB12033859,833,"ŞCOALA GIMNAZIALĂ ""GEORGE POPA"" MEDIAŞ",9.25,-,-,7.30,-,-,-,-,-,-,8.27
834,SB10328596,834,"LICEUL TEHNOLOGIC ""ILIE MĂCELARIU"" MIERCUREA SIBIULUI",8.95,-,-,7.60,-,-,-,-,-,-,8.27
835,SB7481801,835,"ŞCOALA GIMNAZIALĂ ""MIHAI VITEAZU"" ŞELIMBĂR",8.95,-,-,7.60,-,-,-,-,-,-,8.27
836,SB10088420,836,ŞCOALA GIMNAZIALĂ NR. 7 MEDIAŞ,8.70,-,-,7.85,-,-,-,-,-,-,8.27
837,SB9138838,837,"ŞCOALA GIMNAZIALĂ ""OCTAVIAN GOGA"" RĂŞINARI",8.65,-,-,7.90,-,-,-,-,-,-,8.27
838,SB14348665,838,ŞCOALA GIMNAZIALĂ NR. 13 SIBIU,8.60,8.20,8.20,8.35,-,-,-,-,-,-,8.27
839,SB11073311,839,LICEUL DE ARTĂ SIBIU,8.55,-,-,8.00,-,-,-,-,-,-,8.27
840,SB8356058,840,ŞCOALA GIMNAZIALĂ NR. 13 SIBIU,8.55,-,-,8.00,-,-,-,-,-,-,8.27
841,SB2531351,841,ŞCOALA GIMNAZIALĂ NR. 2 CISNĂDIE,8.40,-,-,8.15,-,-,-,-,-,-,8.27
842,SB6699451,842,ŞCOALA GIMNAZIALĂ NR. 21 SIBIU,8.35,8.55,8.55,8.00,-,-,-,-,-,-,8.27
843,SB11154898,843,ŞCOALA GIMNAZIALĂ NR. 4 SIBIU,8.25,-,-,8.30,-,-,-,-,-,-,8.27
844,SB9539274,844,"ŞCOALA GIMNAZIALĂ ""AUREL DECEI"" GURA RÂULUI",8.10,-,-,8.45,-,-,-,-,-,-,8.27
845,SB12618362,845,ŞCOALA GIMNAZIALĂ NR. 4 SIBIU,8.05,-,-,8.50,-,-,-,-,-,-,8.27
846,SB12352432,846,"ŞCOALA GIMNAZIALĂ ""MIHAI VITEAZU"" ŞELIMBĂR",7.90,-,-,8.65,-,-,-,-,-,-,8.27
847,SB10274602,847,ŞCOALA GIMNAZIALĂ NR. 1 SIBIU,7.60,-,-,8.95,-,-,-,-,-,-,8.27
848,SB9076664,848,"COLEGIUL NAȚIONAL ""SAMUEL VON BRUKENTHAL"" SIBIU",8.45,-,-,7.60,-,-,Limba germana,8.75,-,-,8.26
849,SB13470534,849,ŞCOALA GIMNAZIALĂ BÂRGHIŞ,9.45,-,-,7.05,-,-,-,-,-,-,8.25
850,SB10019486,850,ŞCOALA GIMNAZIALĂ NR. 13 SIBIU,9.30,-,-,7.20,-,-,-,-,-,-,8.25
851,SB11156908,851,"ŞCOALA GIMNAZIALĂ ""REGINA MARIA"" SIBIU",9.20,-,-,7.30,-,-,-,-,-,-,8.25
852,SB7904063,852,"ŞCOALA GIMNAZIALĂ ""IOAN BAN - DASCĂLU"" POIANA SIBIULUI",9.10,-,-,7.40,-,-,-,-,-,-,8.25
853,SB10321177,853,"ŞCOALA GIMNAZIALĂ ""GEORGE POPA"" MEDIAŞ",8.85,-,-,7.65,-,-,-,-,-,-,8.25
854,SB9712306,854,"LICEUL TEHNOLOGIC ""JOHANNES LEBEL"" TĂLMACIU",8.70,-,-,7.80,-,-,-,-,-,-,8.25
855,SB8881775,855,"ŞCOALA GIMNAZIALĂ ""MIHAI VITEAZU"" ŞELIMBĂR",8.30,-,-,8.20,-,-,-,-,-,-,8.25
856,SB10320559,856,"COLEGIUL NAȚIONAL ""SAMUEL VON BRUKENTHAL"" SIBIU",8.30,-,-,7.00,-,-,Limba germana,9.45,-,-,8.25
857,SB9072598,857,"COLEGIUL NAȚIONAL ""OCTAVIAN GOGA"" SIBIU",8.25,-,-,8.25,-,-,-,-,-,-,8.25
858,SB10085329,858,"ŞCOALA GIMNAZIALĂ ""REGELE FERDINAND"" SIBIU",8.20,-,-,8.30,-,-,-,-,-,-,8.25
859,SB12614433,859,"ŞCOALA GIMNAZIALĂ ""RADU SELEJAN"" SIBIU",8.20,8.50,8.50,8.00,-,-,-,-,-,-,8.25
860,SB10971694,860,ŞCOALA GIMNAZIALĂ NR. 13 SIBIU,7.90,-,-,8.60,-,-,-,-,-,-,8.25
861,SB10108712,861,"LICEUL TEORETIC ""CONSTANTIN NOICA"" SIBIU",7.85,-,-,8.65,-,-,-,-,-,-,8.25
862,SB10847428,862,"LICEUL TEORETIC ""CONSTANTIN NOICA"" SIBIU",7.85,-,-,8.65,-,-,-,-,-,-,8.25
863,SB10448538,863,ŞCOALA GIMNAZIALĂ DAIA,7.75,-,-,8.75,-,-,-,-,-,-,8.25
864,SB3978851,864,ŞCOALA GIMNAZIALĂ NR. 18 SIBIU,7.55,-,-,8.95,-,-,-,-,-,-,8.25
865,SB10464496,865,"COLEGIUL NAȚIONAL ""OCTAVIAN GOGA"" SIBIU",8.15,-,-,8.90,-,-,Limba germana,7.10,7.65,7.65,8.23
866,SB10849215,866,"ŞCOALA GIMNAZIALĂ ""ION LUCA CARAGIALE"" SIBIU",8.90,-,-,7.55,-,-,-,-,-,-,8.22
867,SB11013721,867,LICEUL DE ARTĂ SIBIU,8.75,-,-,7.70,-,-,-,-,-,-,8.22
868,SB9536404,868,"ŞCOALA GIMNAZIALĂ ""AUREL DECEI"" GURA RÂULUI",8.75,-,-,7.70,-,-,-,-,-,-,8.22
869,SB9082250,869,"ŞCOALA GIMNAZIALĂ ""OCTAVIAN GOGA"" RĂŞINARI",8.70,-,-,7.75,-,-,-,-,-,-,8.22
870,SB9818439,870,"LICEUL TEORETIC ""GHEORGHE LAZĂR"" AVRIG",8.70,-,-,7.75,-,-,-,-,-,-,8.22
871,SB10599800,871,ŞCOALA GIMNAZIALĂ NR. 3 CISNĂDIE,8.65,-,-,7.80,-,-,-,-,-,-,8.22
872,SB10665028,872,"ŞCOALA GIMNAZIALĂ ""NICOLAE IORGA"" SIBIU",8.45,8.65,8.65,7.80,-,-,-,-,-,-,8.22
873,SB10481033,873,"ŞCOALA GIMNAZIALĂ ""MIHAI VITEAZU"" ŞELIMBĂR",8.35,-,-,8.10,-,-,-,-,-,-,8.22
874,SB647801,874,ŞCOALA GIMNAZIALĂ NR. 1 SIBIU,8.25,-,-,8.20,-,-,-,-,-,-,8.22
875,SB10295624,875,"LICEUL ""AUGUST TREBONIU LAURIAN"" AGNITA",8.20,-,-,8.25,-,-,-,-,-,-,8.22
876,SB10278533,876,"ŞCOALA GIMNAZIALĂ ""GEORG DANIEL TEUTSCH"" AGNITA",8.15,-,-,8.30,-,-,-,-,-,-,8.22
877,SB9990837,877,"ŞCOALA GIMNAZIALĂ ""REGELE FERDINAND"" SIBIU",7.70,8.45,8.45,8.00,8.00,8.00,-,-,-,-,8.22
878,SB14990326,878,"LICEUL TEORETIC ""GUSTAV GÜNDISCH"" CISNĂDIE",8.10,8.90,8.90,8.10,7.85,7.85,Limba germana,7.60,7.90,7.90,8.21
879,SB9988503,879,"LICEUL TEHNOLOGIC ""IOAN LUPAŞ"" SĂLIŞTE",9.05,-,-,7.45,7.35,7.35,-,-,-,-,8.20
880,SB6686751,880,ŞCOALA GIMNAZIALĂ NR. 4 SIBIU,8.90,-,-,7.50,-,-,-,-,-,-,8.20
881,SB12732119,881,"ŞCOALA GIMNAZIALĂ ""CIREŞARII"" MEDIAŞ",8.85,-,-,7.55,-,-,-,-,-,-,8.20
882,SB10431902,882,"COLEGIUL NAȚIONAL ""SAMUEL VON BRUKENTHAL"" SIBIU",8.85,-,-,6.85,-,-,Limba germana,8.90,-,-,8.20
883,SB9511155,883,ŞCOALA GIMNAZIALĂ NR. 25 SIBIU,8.65,-,-,7.75,-,-,-,-,-,-,8.20
884,SB13972292,884,"LICEUL TEORETIC ""GUSTAV GÜNDISCH"" CISNĂDIE",8.50,-,-,7.90,-,-,-,-,-,-,8.20
885,SB9684700,885,ŞCOALA GIMNAZIALĂ CRISTIAN,8.45,-,-,7.95,-,-,-,-,-,-,8.20
886,SB13883998,886,"LICEUL ""AUGUST TREBONIU LAURIAN"" AGNITA",8.40,-,-,8.00,-,-,-,-,-,-,8.20
887,SB10351177,887,ŞCOALA GIMNAZIALĂ NR. 4 SIBIU,8.30,-,-,8.40,-,-,Limba germana,7.90,-,-,8.20
888,SB10511575,888,"ŞCOALA GIMNAZIALĂ ""NICOLAE IORGA"" SIBIU",8.30,-,-,8.10,-,-,-,-,-,-,8.20
889,SB10568667,889,"COLEGIUL NAȚIONAL PEDAGOGIC ""ANDREI ŞAGUNA"" SIBIU",8.20,-,-,8.20,-,-,-,-,-,-,8.20
890,SB12616541,890,"ŞCOALA GIMNAZIALĂ ""NICOLAE IORGA"" SIBIU",8.15,-,-,8.35,-,-,Limba germana,8.10,-,-,8.20
891,SB10336082,891,"ŞCOALA GIMNAZIALĂ ""CIREŞARII"" MEDIAŞ",8.10,8.30,8.30,8.10,-,-,-,-,-,-,8.20
892,SB9741879,892,"ŞCOALA GIMNAZIALĂ ""OCTAVIAN GOGA"" RĂŞINARI",7.85,-,-,8.55,-,-,-,-,-,-,8.20
893,SB10420472,893,"LICEUL TEORETIC ""GUSTAV GÜNDISCH"" CISNĂDIE",7.85,-,-,8.35,-,-,Limba germana,8.40,-,-,8.20
894,SB10500739,894,"ŞCOALA GIMNAZIALĂ ""NICOLAE IORGA"" SIBIU",7.80,-,-,8.60,-,-,-,-,-,-,8.20
895,SB9554586,895,ŞCOALA GIMNAZIALĂ NR. 8 SIBIU,7.75,-,-,8.65,-,-,-,-,-,-,8.20
896,SB9807109,896,"COLEGIUL NAȚIONAL ""SAMUEL VON BRUKENTHAL"" SIBIU",7.75,-,-,8.35,-,-,Limba germana,8.50,-,-,8.20
897,SB9103711,897,"COLEGIUL NAȚIONAL ""OCTAVIAN GOGA"" SIBIU",8.55,-,-,7.55,-,-,Limba germana,8.45,-,-,8.18
898,SB9990197,898,ŞCOALA GIMNAZIALĂ NR. 3 CISNĂDIE,8.10,-,-,8.25,-,-,-,-,-,-,8.17
899,SB10080979,899,ŞCOALA GIMNAZIALĂ NR. 1 SIBIU,7.90,-,-,8.45,-,-,-,-,-,-,8.17
900,SB10567669,900,"ŞCOALA GIMNAZIALĂ ""NICOLAE IORGA"" SIBIU",7.85,7.75,7.75,8.60,-,-,-,-,-,-,8.17
901,SB726751,901,"ŞCOALA GIMNAZIALĂ ""NICOLAE IORGA"" SIBIU",7.85,7.95,7.95,8.40,-,-,-,-,-,-,8.17
902,SB10173587,902,ŞCOALA GIMNAZIALĂ NR. 8 SIBIU,7.70,-,-,8.65,-,-,-,-,-,-,8.17
903,SB9989994,903,ŞCOALA GIMNAZIALĂ NR. 21 SIBIU,7.55,-,-,8.80,-,-,-,-,-,-,8.17
904,SB851151,904,"ŞCOALA GIMNAZIALĂ ""ION LUCA CARAGIALE"" SIBIU",7.35,8.00,8.00,8.35,-,-,-,-,-,-,8.17
905,SB9543199,905,"ŞCOALA GIMNAZIALĂ ""AUREL DECEI"" GURA RÂULUI",9.15,-,-,7.15,-,-,-,-,-,-,8.15
906,SB10150100,906,ŞCOALA GIMNAZIALĂ NR. 21 SIBIU,8.85,-,-,7.45,-,-,-,-,-,-,8.15
907,SB10060084,907,"COLEGIUL NAȚIONAL ""OCTAVIAN GOGA"" SIBIU",8.60,-,-,7.70,-,-,-,-,-,-,8.15
908,SB12323920,908,"LICEUL TEORETIC ""CONSTANTIN NOICA"" SIBIU",8.50,-,-,7.80,-,-,-,-,-,-,8.15
909,SB10331912,909,"ŞCOALA GIMNAZIALĂ ""CIREŞARII"" MEDIAŞ",8.45,-,-,7.85,-,-,-,-,-,-,8.15
910,SB10458787,910,"COLEGIUL NAȚIONAL ""OCTAVIAN GOGA"" SIBIU",8.45,-,-,7.10,-,-,Limba germana,8.90,-,-,8.15
911,SB10315884,911,"ŞCOALA GIMNAZIALĂ ""CIREŞARII"" MEDIAŞ",8.40,-,-,7.90,-,-,-,-,-,-,8.15
912,SB10399620,912,"ŞCOALA GIMNAZIALĂ ""REGINA MARIA"" SIBIU",8.35,-,-,7.95,-,-,-,-,-,-,8.15
913,SB13422832,913,"ŞCOALA GIMNAZIALĂ ""RADU SELEJAN"" SIBIU",8.35,8.70,8.70,7.60,-,-,-,-,-,-,8.15
914,SB9083435,914,ŞCOALA GIMNAZIALĂ NR. 1 SIBIU,8.30,-,-,8.00,-,-,-,-,-,-,8.15
915,SB9997478,915,"LICEUL TEORETIC ""ONISIFOR GHIBU"" SIBIU",8.25,-,-,7.55,-,-,Limba germana,8.65,-,-,8.15
916,SB10092605,916,"ŞCOALA GIMNAZIALĂ ""RADU SELEJAN"" SIBIU",8.15,-,-,8.15,-,-,-,-,-,-,8.15
917,SB9189329,917,"ŞCOALA GIMNAZIALĂ ""REGINA MARIA"" SIBIU",7.95,-,-,8.35,-,-,-,-,-,-,8.15
918,SB10021476,918,ŞCOALA GIMNAZIALĂ NR. 13 SIBIU,7.85,-,-,8.45,-,-,-,-,-,-,8.15
919,SB10407894,919,ŞCOALA GIMNAZIALĂ NR. 25 SIBIU,7.85,-,-,8.45,-,-,-,-,-,-,8.15
920,SB10264789,920,ŞCOALA GIMNAZIALĂ NR. 18 SIBIU,7.70,-,-,8.60,-,-,-,-,-,-,8.15
921,SB8996183,921,ŞCOALA GIMNAZIALĂ NR. 4 SIBIU,7.70,-,-,8.60,-,-,-,-,-,-,8.15
922,SB10044254,922,ŞCOALA GIMNAZIALĂ NR. 18 SIBIU,7.45,7.60,7.60,8.70,-,-,-,-,-,-,8.15
923,SB4856451,923,ŞCOALA GIMNAZIALĂ NR. 18 SIBIU,7.30,-,-,9.00,-,-,-,-,-,-,8.15
924,SB9385774,924,ŞCOALA GIMNAZIALĂ NR. 3 CISNĂDIE,7.25,7.75,7.75,8.55,-,-,-,-,-,-,8.15
925,SB10453924,925,"LICEUL TEORETIC ""ONISIFOR GHIBU"" SIBIU",8.00,-,-,6.85,-,-,Limba germana,9.55,-,-,8.13
926,SB14960273,926,"LICEUL TEORETIC ""ONISIFOR GHIBU"" SIBIU",7.85,-,-,6.70,-,-,Limba germana,9.85,-,-,8.13
927,SB9684395,927,ŞCOALA GIMNAZIALĂ CRISTIAN,8.85,-,-,7.40,-,-,-,-,-,-,8.12
928,SB10336198,928,"ŞCOALA GIMNAZIALĂ ""CONSTANTIN IOAN MOTAŞ"" MEDIAŞ",8.60,-,-,7.65,-,-,-,-,-,-,8.12
929,SB9510638,929,ŞCOALA GIMNAZIALĂ NR. 25 SIBIU,8.45,-,-,7.85,7.80,7.80,-,-,-,-,8.12
930,SB10335616,930,"ŞCOALA GIMNAZIALĂ ""CONSTANTIN IOAN MOTAŞ"" MEDIAŞ",8.20,8.50,8.50,7.75,-,-,-,-,-,-,8.12
931,SB9591541,931,"ŞCOALA GIMNAZIALĂ ""MIHAI VITEAZU"" ŞELIMBĂR",8.10,-,-,8.15,-,-,-,-,-,-,8.12
932,SB10411885,932,ŞCOALA GIMNAZIALĂ NR. 4 SIBIU,7.90,-,-,8.35,-,-,-,-,-,-,8.12
933,SB10264811,933,ŞCOALA GIMNAZIALĂ NR. 18 SIBIU,7.60,-,-,8.65,-,-,-,-,-,-,8.12
934,SB9269996,934,ŞCOALA GIMNAZIALĂ NR. 4 SIBIU,7.55,7.45,7.45,8.80,-,-,-,-,-,-,8.12
935,SB10383445,935,"ŞCOALA GIMNAZIALĂ ""ION LUCA CARAGIALE"" SIBIU",7.55,7.85,7.85,8.40,-,-,-,-,-,-,8.12
936,SB4075351,936,"COLEGIUL NAȚIONAL ""SAMUEL VON BRUKENTHAL"" SIBIU",8.75,-,-,7.50,-,-,Limba germana,8.05,-,-,8.10
937,SB9817532,937,"ŞCOALA GIMNAZIALĂ ""IOAN SLAVICI"" SIBIU",8.65,-,-,7.55,-,-,-,-,-,-,8.10
938,SB8466495,938,ŞCOALA GIMNAZIALĂ NR. 21 SIBIU,8.45,-,-,7.75,-,-,-,-,-,-,8.10
939,SB10399792,939,ŞCOALA GIMNAZIALĂ NR. 13 SIBIU,8.35,-,-,7.85,-,-,-,-,-,-,8.10
940,SB12297413,940,ŞCOALA GIMNAZIALĂ NR. 8 SIBIU,8.25,-,-,7.95,-,-,-,-,-,-,8.10
941,SB10024646,941,ŞCOALA GIMNAZIALĂ AVRIG,8.20,8.00,8.00,8.20,-,-,-,-,-,-,8.10
942,SB10104017,942,ŞCOALA GIMNAZIALĂ NR. 18 SIBIU,8.15,-,-,8.05,-,-,-,-,-,-,8.10
943,SB9880100,943,"ŞCOALA GIMNAZIALĂ ""ION POP RETEGANUL"" ORLAT",7.95,-,-,8.25,-,-,-,-,-,-,8.10
944,SB10325043,944,"ŞCOALA GIMNAZIALĂ ""CONSTANTIN IOAN MOTAŞ"" MEDIAŞ",7.90,7.85,7.85,8.35,-,-,-,-,-,-,8.10
945,SB10019105,945,"COLEGIUL NAȚIONAL ""OCTAVIAN GOGA"" SIBIU",7.85,-,-,8.35,-,-,-,-,-,-,8.10
946,SB12098441,946,ŞCOALA GIMNAZIALĂ NR. 21 SIBIU,7.80,-,-,8.40,-,-,-,-,-,-,8.10
947,SB7890118,947,ŞCOALA GIMNAZIALĂ NR. 21 SIBIU,7.80,-,-,8.25,8.40,8.40,-,-,-,-,8.10
948,SB645701,948,ŞCOALA GIMNAZIALĂ NR. 1 SIBIU,7.40,-,-,8.80,-,-,-,-,-,-,8.10
949,SB7506701,949,ŞCOALA GIMNAZIALĂ NR. 21 SIBIU,7.35,-,-,8.85,-,-,-,-,-,-,8.10
950,SB12553116,950,"COLEGIUL NAȚIONAL ""SAMUEL VON BRUKENTHAL"" SIBIU",8.10,-,-,6.80,-,-,Limba germana,9.35,-,-,8.08
951,SB10315485,951,"LICEUL TEORETIC ""ROTH - OBERTH"" MEDIAŞ",8.05,-,-,7.40,-,-,Limba germana,8.80,-,-,8.08
952,SB12346495,952,"COLEGIUL NAȚIONAL ""SAMUEL VON BRUKENTHAL"" SIBIU",7.65,-,-,7.25,-,-,Limba germana,9.35,-,-,8.08
953,SB10512117,953,"LICEUL TEORETIC ""CONSTANTIN NOICA"" SIBIU",8.70,-,-,7.45,-,-,-,-,-,-,8.07
954,SB10847245,954,"ŞCOALA GIMNAZIALĂ ""REGINA MARIA"" SIBIU",8.25,-,-,7.90,-,-,-,-,-,-,8.07
955,SB11073141,955,"ŞCOALA GIMNAZIALĂ ""REGINA MARIA"" SIBIU",8.20,-,-,7.95,-,-,-,-,-,-,8.07
956,SB10391244,956,ŞCOALA GIMNAZIALĂ POPLACA,8.10,-,-,8.05,-,-,-,-,-,-,8.07
957,SB10305830,957,"ŞCOALA GIMNAZIALĂ ""CONSTANTIN IOAN MOTAŞ"" MEDIAŞ",8.00,7.80,7.80,8.35,-,-,-,-,-,-,8.07
958,SB10464967,958,LICEUL DE ARTĂ SIBIU,8.00,-,-,8.15,-,-,-,-,-,-,8.07
959,SB10267994,959,"LICEUL ""AUGUST TREBONIU LAURIAN"" AGNITA",7.95,-,-,8.20,-,-,-,-,-,-,8.07
960,SB9824431,960,ŞCOALA GIMNAZIALĂ NR. 18 SIBIU,7.90,-,-,8.25,-,-,-,-,-,-,8.07
961,SB4093501,961,ŞCOALA GIMNAZIALĂ NR. 18 SIBIU,7.80,-,-,8.35,-,-,-,-,-,-,8.07
962,SB9990533,962,"ŞCOALA GIMNAZIALĂ ""NICOLAE IORGA"" SIBIU",7.80,8.50,8.50,7.65,-,-,-,-,-,-,8.07
963,SB10568472,963,"COLEGIUL NAȚIONAL ""OCTAVIAN GOGA"" SIBIU",7.50,-,-,8.65,-,-,-,-,-,-,8.07
964,SB10426995,964,"ŞCOALA GIMNAZIALĂ ""ION LUCA CARAGIALE"" SIBIU",7.90,-,-,7.85,-,-,Limba germana,8.45,-,-,8.06
965,SB10317780,965,ŞCOALA GIMNAZIALĂ NR. 18 SIBIU,8.70,-,-,7.40,-,-,-,-,-,-,8.05
966,SB9667894,966,"ŞCOALA GIMNAZIALĂ ""BADEA CÎRŢAN"" CÂRŢIŞOARA",8.50,-,-,7.60,-,-,-,-,-,-,8.05
967,SB10293841,967,"ŞCOALA GIMNAZIALĂ ""ION LUCA CARAGIALE"" SIBIU",8.45,7.90,7.90,8.20,-,-,-,-,-,-,8.05
968,SB8870936,968,ŞCOALA GIMNAZIALĂ NR. 4 SIBIU,8.45,-,-,7.65,-,-,-,-,-,-,8.05
969,SB12297709,969,"ŞCOALA GIMNAZIALĂ ""RADU SELEJAN"" SIBIU",8.30,-,-,7.80,-,-,-,-,-,-,8.05
970,SB640351,970,ŞCOALA GIMNAZIALĂ NR. 25 SIBIU,8.15,-,-,7.95,-,-,-,-,-,-,8.05
971,SB8875628,971,"ŞCOALA GIMNAZIALĂ ""MIHAI VITEAZU"" ŞELIMBĂR",8.05,8.20,8.20,7.90,-,-,-,-,-,-,8.05
972,SB10095653,972,LICEUL ROMÂNO - FINLANDEZ ERI SIBIU,8.00,-,-,8.10,-,-,-,-,-,-,8.05
973,SB10400413,973,ŞCOALA GIMNAZIALĂ NR. 25 SIBIU,8.00,-,-,8.10,-,-,-,-,-,-,8.05
974,SB10464177,974,"ŞCOALA GIMNAZIALĂ ""NICOLAE IORGA"" SIBIU",8.00,-,-,8.10,-,-,-,-,-,-,8.05
975,SB10091775,975,"COLEGIUL NAȚIONAL ""SAMUEL VON BRUKENTHAL"" SIBIU",7.80,7.45,7.45,7.55,-,-,Limba germana,9.15,-,-,8.05
976,SB8788409,976,ŞCOALA GIMNAZIALĂ ŞEICA MARE,7.60,-,-,8.50,-,-,-,-,-,-,8.05
977,SB12297701,977,"ŞCOALA GIMNAZIALĂ ""IOAN SLAVICI"" SIBIU",7.45,-,-,8.65,-,-,-,-,-,-,8.05
978,SB9807023,978,"COLEGIUL NAȚIONAL ""SAMUEL VON BRUKENTHAL"" SIBIU",6.90,7.00,7.00,7.80,-,-,Limba germana,9.35,-,-,8.05
979,SB10298704,979,"LICEUL TEORETIC ""ROTH - OBERTH"" MEDIAŞ",8.60,-,-,6.80,-,-,Limba germana,8.70,-,-,8.03
980,SB9806847,980,"COLEGIUL NAȚIONAL ""SAMUEL VON BRUKENTHAL"" SIBIU",8.35,-,-,8.50,-,-,Limba germana,7.40,7.25,7.25,8.03
981,SB10327014,981,"ŞCOALA GIMNAZIALĂ ""CIREŞARII"" MEDIAŞ",8.95,-,-,7.10,-,-,-,-,-,-,8.02
982,SB10087979,982,ŞCOALA GIMNAZIALĂ NR. 7 MEDIAŞ,8.65,-,-,7.40,-,-,-,-,-,-,8.02
983,SB626201,983,LICEUL DE ARTĂ SIBIU,8.65,-,-,7.40,-,-,-,-,-,-,8.02
984,SB9376430,984,ŞCOALA GIMNAZIALĂ NR. 2 CISNĂDIE,8.35,-,-,7.70,-,-,-,-,-,-,8.02
985,SB9003720,985,"ŞCOALA GIMNAZIALĂ ""IOAN SLAVICI"" SIBIU",8.25,-,-,7.80,-,-,-,-,-,-,8.02
986,SB10298816,986,ŞCOALA GIMNAZIALĂ NR. 18 SIBIU,8.20,-,-,7.85,-,-,-,-,-,-,8.02
987,SB11077920,987,"ŞCOALA GIMNAZIALĂ ""REGINA MARIA"" SIBIU",8.15,-,-,7.90,-,-,-,-,-,-,8.02
988,SB12188237,988,"COLEGIUL NAȚIONAL ""OCTAVIAN GOGA"" SIBIU",8.15,8.65,8.65,7.40,-,-,-,-,-,-,8.02
989,SB9141069,989,"ŞCOALA GIMNAZIALĂ ""OCTAVIAN GOGA"" RĂŞINARI",8.00,-,-,8.05,-,-,-,-,-,-,8.02
990,SB11073655,990,ŞCOALA GIMNAZIALĂ NR. 1 SIBIU,7.85,-,-,8.20,-,-,-,-,-,-,8.02
991,SB10076867,991,ŞCOALA GIMNAZIALĂ NR. 18 SIBIU,7.65,-,-,8.40,-,-,-,-,-,-,8.02
992,SB9870693,992,ŞCOALA GIMNAZIALĂ NR. 4 MEDIAŞ,7.60,-,-,8.45,-,-,-,-,-,-,8.02
993,SB10109503,993,"COLEGIUL NAȚIONAL ""OCTAVIAN GOGA"" SIBIU",7.35,-,-,8.70,-,-,-,-,-,-,8.02
994,SB9908458,994,"LICEUL TEHNOLOGIC ""IOAN LUPAŞ"" SĂLIŞTE",7.05,7.60,7.60,8.45,-,-,-,-,-,-,8.02
995,SB10125459,995,"LICEUL TEORETIC ""ONISIFOR GHIBU"" SIBIU",7.90,-,-,8.80,-,-,Limba germana,7.35,-,-,8.01
996,SB7503301,996,"ŞCOALA GIMNAZIALĂ ""NICOLAE IORGA"" SIBIU",7.75,7.95,7.95,7.65,7.90,7.90,Limba germana,8.20,-,-,8.01
997,SB10270829,997,"LICEUL TEORETIC ""GHEORGHE LAZĂR"" AVRIG",8.90,-,-,7.10,-,-,-,-,-,-,8.00
998,SB13418703,998,ŞCOALA GIMNAZIALĂ NR. 4 SIBIU,8.90,-,-,7.10,-,-,-,-,-,-,8.00
999,SB8877237,999,"ŞCOALA GIMNAZIALĂ ""MIHAI VITEAZU"" ŞELIMBĂR",8.75,-,-,7.25,-,-,-,-,-,-,8.00
1000,SB10488492,1000,"ŞCOALA GIMNAZIALĂ ""ION LUCA CARAGIALE"" SIBIU",8.70,-,-,7.20,7.30,7.30,-,-,-,-,8.00
1001,SB10510650,1001,"LICEUL TEORETIC ""ROTH - OBERTH"" MEDIAŞ",8.45,-,-,6.60,-,-,Limba germana,8.95,-,-,8.00
1002,SB9726822,1002,ŞCOALA GIMNAZIALĂ CRISTIAN,8.40,-,-,7.60,-,-,-,-,-,-,8.00
1003,SB9996795,1003,"ŞCOALA GIMNAZIALĂ ""NICOLAE IORGA"" SIBIU",8.40,-,-,7.60,-,-,-,-,-,-,8.00
1004,SB10465966,1004,"COLEGIUL NAȚIONAL PEDAGOGIC ""ANDREI ŞAGUNA"" SIBIU",8.15,-,-,7.85,-,-,-,-,-,-,8.00
1005,SB12153006,1005,ŞCOALA GIMNAZIALĂ ŞEICA MARE,8.10,-,-,7.90,-,-,-,-,-,-,8.00
1006,SB14725029,1006,"ŞCOALA GIMNAZIALĂ ""MIHAI VITEAZU"" ŞELIMBĂR",8.10,-,-,7.90,-,-,-,-,-,-,8.00
1007,SB10046197,1007,"ŞCOALA GIMNAZIALĂ ""NICOLAE IORGA"" SIBIU",8.05,-,-,7.95,-,-,-,-,-,-,8.00
1008,SB10059903,1008,"ŞCOALA GIMNAZIALĂ ""IOAN SLAVICI"" SIBIU",7.70,-,-,8.30,-,-,-,-,-,-,8.00
1009,SB10318740,1009,"ŞCOALA GIMNAZIALĂ ""MIHAI EMINESCU"" MEDIAŞ",7.70,-,-,8.30,-,-,-,-,-,-,8.00
1010,SB9065617,1010,"ŞCOALA GIMNAZIALĂ ""NICOLAE IORGA"" SIBIU",7.60,-,-,8.40,-,-,-,-,-,-,8.00
1011,SB9587151,1011,"LICEUL TEORETIC ""GUSTAV GÜNDISCH"" CISNĂDIE",7.60,7.80,7.80,8.10,-,-,Limba germana,8.10,-,-,8.00
1012,SB10269242,1012,"ŞCOALA GIMNAZIALĂ ""GEORG DANIEL TEUTSCH"" AGNITA",7.50,-,-,8.50,-,-,-,-,-,-,8.00
1013,SB10048836,1013,ŞCOALA GIMNAZIALĂ NR. 12 SIBIU,7.40,-,-,8.60,-,-,-,-,-,-,8.00
1014,SB9136847,1014,"ŞCOALA GIMNAZIALĂ ""SAVA POPOVICI BARCIANU"" RĂŞINARI",7.20,-,-,8.80,-,-,-,-,-,-,8.00
1015,SB11076023,1015,"LICEUL TEORETIC ""ROTH - OBERTH"" MEDIAŞ",8.00,-,-,7.65,-,-,Limba germana,8.30,-,-,7.98
1016,SB10963123,1016,"LICEUL TEORETIC ""GUSTAV GÜNDISCH"" CISNĂDIE",7.65,-,-,8.70,-,-,Limba germana,7.60,-,-,7.98
1017,SB10399970,1017,"ŞCOALA GIMNAZIALĂ ""REGELE FERDINAND"" SIBIU",8.60,8.80,8.80,7.15,-,-,-,-,-,-,7.97
1018,SB10305796,1018,ŞCOALA GIMNAZIALĂ NR. 4 MEDIAŞ,8.50,-,-,7.45,-,-,-,-,-,-,7.97
1019,SB10353542,1019,"ŞCOALA GIMNAZIALĂ ""REGINA MARIA"" SIBIU",8.45,-,-,7.50,-,-,-,-,-,-,7.97
1020,SB10824966,1020,"ŞCOALA GIMNAZIALĂ ""ION LUCA CARAGIALE"" SIBIU",8.45,-,-,7.50,-,-,-,-,-,-,7.97
1021,SB12409910,1021,ŞCOALA GIMNAZIALĂ NR. 18 SIBIU,8.35,8.00,8.00,7.95,-,-,-,-,-,-,7.97
1022,SB11010428,1022,ŞCOALA GIMNAZIALĂ NR. 25 SIBIU,8.20,-,-,7.75,-,-,-,-,-,-,7.97
1023,SB10106868,1023,ŞCOALA GIMNAZIALĂ NR. 13 SIBIU,8.05,-,-,7.90,-,-,-,-,-,-,7.97
1024,SB10464946,1024,LICEUL DE ARTĂ SIBIU,8.05,-,-,7.90,-,-,-,-,-,-,7.97
1025,SB9104038,1025,"COLEGIUL NAȚIONAL ""OCTAVIAN GOGA"" SIBIU",8.00,-,-,7.95,-,-,-,-,-,-,7.97
1026,SB9083168,1026,ŞCOALA GIMNAZIALĂ NR. 1 SIBIU,7.95,8.60,8.60,7.35,-,-,-,-,-,-,7.97
1027,SB14740455,1027,ŞCOALA GIMNAZIALĂ AVRIG,7.65,7.90,7.90,8.05,-,-,-,-,-,-,7.97
1028,SB10367589,1028,LICEUL ROMÂNO - FINLANDEZ ERI SIBIU,7.65,8.05,8.05,7.90,-,-,-,-,-,-,7.97
1029,SB9083653,1029,ŞCOALA GIMNAZIALĂ NR. 4 SIBIU,7.65,8.05,8.05,7.90,-,-,-,-,-,-,7.97
1030,SB10465062,1030,"ŞCOALA GIMNAZIALĂ ""NICOLAE IORGA"" SIBIU",7.60,-,-,8.35,-,-,-,-,-,-,7.97
1031,SB10424720,1031,"ŞCOALA GIMNAZIALĂ ""ION LUCA CARAGIALE"" SIBIU",7.40,-,-,8.55,-,-,-,-,-,-,7.97
1032,SB12614783,1032,"ŞCOALA GIMNAZIALĂ ""ION LUCA CARAGIALE"" SIBIU",8.50,-,-,7.45,-,-,Limba germana,7.95,-,-,7.96
1033,SB9103822,1033,"COLEGIUL NAȚIONAL ""OCTAVIAN GOGA"" SIBIU",9.25,-,-,6.65,-,-,-,-,-,-,7.95
1034,SB10002877,1034,"ŞCOALA GIMNAZIALĂ ""RADU SELEJAN"" SIBIU",8.70,-,-,7.20,-,-,-,-,-,-,7.95
1035,SB9824944,1035,"ŞCOALA GIMNAZIALĂ ""RADU SELEJAN"" SIBIU",8.35,-,-,7.55,-,-,-,-,-,-,7.95
1036,SB10069507,1036,ŞCOALA GIMNAZIALĂ NR. 4 MEDIAŞ,8.05,-,-,7.85,-,-,-,-,-,-,7.95
1037,SB10121310,1037,ŞCOALA GIMNAZIALĂ NR. 8 SIBIU,8.00,-,-,7.90,-,-,-,-,-,-,7.95
1038,SB12066981,1038,"ŞCOALA GIMNAZIALĂ ""ION ALBESCU"" BOIŢA",7.95,-,-,7.95,-,-,-,-,-,-,7.95
1039,SB12615370,1039,ŞCOALA GIMNAZIALĂ TILIŞCA,7.95,-,-,7.95,-,-,-,-,-,-,7.95
1040,SB9674183,1040,"ŞCOALA GIMNAZIALĂ ""IOAN SLAVICI"" SIBIU",7.80,-,-,8.10,-,-,-,-,-,-,7.95
1041,SB10600156,1041,"LICEUL TEORETIC ""GUSTAV GÜNDISCH"" CISNĂDIE",7.70,-,-,8.20,-,-,-,-,-,-,7.95
1042,SB10020664,1042,"ŞCOALA GIMNAZIALĂ ""CONSTANTIN IOAN MOTAŞ"" MEDIAŞ",7.65,-,-,8.25,-,-,-,-,-,-,7.95
1043,SB10307274,1043,ŞCOALA GIMNAZIALĂ NR. 1 SIBIU,7.50,-,-,8.40,-,-,-,-,-,-,7.95
1044,SB9886457,1044,ŞCOALA GIMNAZIALĂ SLIMNIC,7.30,-,-,8.60,-,-,-,-,-,-,7.95
1045,SB10294173,1045,"COLEGIUL NAȚIONAL ""OCTAVIAN GOGA"" SIBIU",9.05,-,-,8.20,-,-,Limba germana,6.55,-,-,7.93
1046,SB10158590,1046,"LICEUL TEORETIC ""ONISIFOR GHIBU"" SIBIU",8.45,-,-,7.20,-,-,Limba germana,8.15,-,-,7.93
1047,SB13421137,1047,"LICEUL TEORETIC ""GUSTAV GÜNDISCH"" CISNĂDIE",7.70,-,-,7.90,-,-,Limba germana,8.20,-,-,7.93
1048,SB10407741,1048,ŞCOALA GIMNAZIALĂ NR. 25 SIBIU,9.10,-,-,6.75,-,-,-,-,-,-,7.92
1049,SB10412755,1049,ŞCOALA GIMNAZIALĂ NR. 4 MEDIAŞ,8.65,-,-,7.20,-,-,-,-,-,-,7.92
1050,SB12615767,1050,ŞCOALA GIMNAZIALĂ NR. 13 SIBIU,8.55,-,-,7.30,-,-,-,-,-,-,7.92
1051,SB10363172,1051,"LICEUL TEORETIC ""CONSTANTIN NOICA"" SIBIU",8.40,-,-,7.55,7.45,7.45,-,-,-,-,7.92
1052,SB10511343,1052,"ŞCOALA GIMNAZIALĂ ""NICOLAE IORGA"" SIBIU",8.30,-,-,7.55,-,-,-,-,-,-,7.92
1053,SB10492064,1053,"ŞCOALA GIMNAZIALĂ ""CIREŞARII"" MEDIAŞ",8.15,-,-,7.70,-,-,-,-,-,-,7.92
1054,SB9815747,1054,"LICEUL TEORETIC ""GHEORGHE LAZĂR"" AVRIG",8.15,-,-,7.70,-,-,-,-,-,-,7.92
1055,SB8876416,1055,"COLEGIUL NAȚIONAL ""OCTAVIAN GOGA"" SIBIU",8.10,-,-,7.75,-,-,-,-,-,-,7.92
1056,SB10094847,1056,"ŞCOALA GIMNAZIALĂ ""MIHAI EMINESCU"" MEDIAŞ",8.05,-,-,7.80,-,-,-,-,-,-,7.92
1057,SB10546805,1057,ŞCOALA GIMNAZIALĂ NR. 3 CISNĂDIE,7.85,8.65,8.65,7.05,7.20,7.20,-,-,-,-,7.92
1058,SB10123797,1058,ŞCOALA GIMNAZIALĂ NR. 12 SIBIU,7.80,-,-,8.05,-,-,-,-,-,-,7.92
1059,SB10542473,1059,ŞCOALA GIMNAZIALĂ NR. 3 CISNĂDIE,7.65,-,-,8.20,-,-,-,-,-,-,7.92
1060,SB9626631,1060,"ŞCOALA GIMNAZIALĂ ""VIOREL CUCU PALTIN"" ARPAȘU DE JOS",7.25,-,-,8.60,-,-,-,-,-,-,7.92
1061,SB9009450,1061,"LICEUL TEORETIC ""CONSTANTIN NOICA"" SIBIU",7.25,7.75,7.75,8.10,-,-,-,-,-,-,7.92
1062,SB10458741,1062,"ŞCOALA GIMNAZIALĂ ""REGINA MARIA"" SIBIU",8.90,-,-,6.90,-,-,-,-,-,-,7.90
1063,SB13585537,1063,"ŞCOALA GIMNAZIALĂ ""REGINA MARIA"" SIBIU",8.30,-,-,7.50,-,-,-,-,-,-,7.90
1064,SB12297906,1064,LICEUL DE ARTĂ SIBIU,8.15,-,-,7.65,-,-,-,-,-,-,7.90
1065,SB10002144,1065,"ŞCOALA GIMNAZIALĂ ""MIHAI VITEAZU"" ŞELIMBĂR",7.95,-,-,7.85,-,-,-,-,-,-,7.90
1066,SB4074501,1066,ŞCOALA GIMNAZIALĂ NR. 18 SIBIU,7.90,7.95,7.95,7.85,-,-,-,-,-,-,7.90
1067,SB10006579,1067,"LICEUL TEORETIC ""GHEORGHE LAZĂR"" AVRIG",7.60,7.60,7.60,8.20,-,-,-,-,-,-,7.90
1068,SB10350821,1068,"ŞCOALA GIMNAZIALĂ ""NICOLAE IORGA"" SIBIU",7.50,-,-,8.30,-,-,-,-,-,-,7.90
1069,SB10320597,1069,"ŞCOALA GIMNAZIALĂ ""CONSTANTIN IOAN MOTAŞ"" MEDIAŞ",7.50,7.95,7.95,7.85,-,-,-,-,-,-,7.90
1070,SB10264679,1070,ŞCOALA GIMNAZIALĂ NR. 13 SIBIU,7.40,-,-,8.20,8.40,8.40,-,-,-,-,7.90
1071,SB10123565,1071,"ŞCOALA GIMNAZIALĂ ""ANDREI ȘAGUNA"" ŞURA MARE",6.95,7.45,7.45,8.35,-,-,-,-,-,-,7.90
1072,SB9588131,1072,"LICEUL TEORETIC ""GUSTAV GÜNDISCH"" CISNĂDIE",8.60,-,-,7.40,-,-,Limba germana,7.95,7.65,7.65,7.88
1073,SB14308791,1073,"COLEGIUL NAȚIONAL ""SAMUEL VON BRUKENTHAL"" SIBIU",6.80,-,-,7.15,-,-,Limba germana,9.70,-,-,7.88
1074,SB10344461,1074,"ŞCOALA GIMNAZIALĂ ""RADU SELEJAN"" SIBIU",9.00,-,-,6.75,-,-,-,-,-,-,7.87
1075,SB10299995,1075,"ŞCOALA GIMNAZIALĂ ""MIHAI EMINESCU"" MEDIAŞ",8.85,-,-,6.90,-,-,-,-,-,-,7.87
1076,SB10467986,1076,ŞCOALA GIMNAZIALĂ NR. 7 MEDIAŞ,8.40,-,-,7.35,-,-,-,-,-,-,7.87
1077,SB9378516,1077,ŞCOALA GIMNAZIALĂ NR. 3 CISNĂDIE,8.35,-,-,7.40,-,-,-,-,-,-,7.87
1078,SB10399662,1078,"COLEGIUL NAȚIONAL ""OCTAVIAN GOGA"" SIBIU",8.30,-,-,7.45,-,-,-,-,-,-,7.87
1079,SB13048047,1079,ŞCOALA GIMNAZIALĂ NR. 1 SIBIU,8.20,-,-,7.55,-,-,-,-,-,-,7.87
1080,SB9474793,1080,"ŞCOALA GIMNAZIALĂ ""AUREL DECEI"" GURA RÂULUI",8.20,-,-,7.55,-,-,-,-,-,-,7.87
1081,SB10321521,1081,"ŞCOALA GIMNAZIALĂ ""CONSTANTIN IOAN MOTAŞ"" MEDIAŞ",8.15,-,-,7.60,-,-,-,-,-,-,7.87
1082,SB10116988,1082,ŞCOALA GIMNAZIALĂ NR. 18 SIBIU,8.05,-,-,7.70,-,-,-,-,-,-,7.87
1083,SB10600357,1083,"COLEGIUL NAȚIONAL ""GHEORGHE LAZĂR"" SIBIU",8.00,-,-,7.75,-,-,-,-,-,-,7.87
1084,SB9674938,1084,"ŞCOALA GIMNAZIALĂ ""IOAN SLAVICI"" SIBIU",8.00,-,-,7.75,-,-,-,-,-,-,7.87
1085,SB10049239,1085,"ŞCOALA GIMNAZIALĂ ""MIHAI EMINESCU"" MEDIAŞ",7.95,-,-,7.80,-,-,-,-,-,-,7.87
1086,SB9005323,1086,"ŞCOALA GIMNAZIALĂ ""MIHAI VITEAZU"" ŞELIMBĂR",7.90,-,-,7.85,-,-,-,-,-,-,7.87
1087,SB13099729,1087,"COLEGIUL NAȚIONAL PEDAGOGIC ""ANDREI ŞAGUNA"" SIBIU",7.85,-,-,7.90,-,-,-,-,-,-,7.87
1088,SB10088767,1088,ŞCOALA GIMNAZIALĂ NR. 7 MEDIAŞ,7.75,-,-,8.00,-,-,-,-,-,-,7.87
1089,SB10351317,1089,ŞCOALA GIMNAZIALĂ NR. 21 SIBIU,7.60,-,-,8.15,-,-,-,-,-,-,7.87
1090,SB10077591,1090,"ŞCOALA GIMNAZIALĂ ""NICOLAE IORGA"" SIBIU",7.50,-,-,8.25,-,-,-,-,-,-,7.87
1091,SB10568178,1091,ŞCOALA GIMNAZIALĂ NR. 4 SIBIU,7.20,7.30,7.30,8.45,-,-,-,-,-,-,7.87
1092,SB11169653,1092,"ŞCOALA GIMNAZIALĂ ""ION LUCA CARAGIALE"" SIBIU",7.15,-,-,8.60,-,-,-,-,-,-,7.87
1093,SB10592744,1093,ŞCOALA GIMNAZIALĂ NR. 3 CISNĂDIE,6.35,7.10,7.10,8.65,-,-,-,-,-,-,7.87
1094,SB8467225,1094,ŞCOALA GIMNAZIALĂ NR. 4 SIBIU,7.70,-,-,7.40,7.45,7.45,Limba germana,8.45,-,-,7.86
1095,SB8966665,1095,ŞCOALA GIMNAZIALĂ BAZNA,9.45,-,-,6.25,-,-,-,-,-,-,7.85
1096,SB10433701,1096,"LICEUL TEORETIC ""ROTH - OBERTH"" MEDIAŞ",9.25,-,-,7.05,-,-,Limba germana,7.25,-,-,7.85
1097,SB10329224,1097,"ŞCOALA GIMNAZIALĂ ""CIREŞARII"" MEDIAŞ",9.00,-,-,6.70,-,-,-,-,-,-,7.85
1098,SB9439919,1098,ŞCOALA GIMNAZIALĂ ALĂMOR,8.90,-,-,6.80,-,-,-,-,-,-,7.85
1099,SB10330476,1099,"ŞCOALA GIMNAZIALĂ ""CIREŞARII"" MEDIAŞ",8.50,-,-,7.20,-,-,-,-,-,-,7.85
1100,SB10022132,1100,ŞCOALA GIMNAZIALĂ NR. 18 SIBIU,8.35,-,-,7.35,-,-,-,-,-,-,7.85
1101,SB10486523,1101,"ŞCOALA GIMNAZIALĂ ""IOAN BAN - DASCĂLU"" POIANA SIBIULUI",8.25,-,-,7.45,-,-,-,-,-,-,7.85
1102,SB9386787,1102,ŞCOALA GIMNAZIALĂ NR. 3 CISNĂDIE,8.05,-,-,7.65,-,-,-,-,-,-,7.85
1103,SB9071760,1103,"COLEGIUL NAȚIONAL ""OCTAVIAN GOGA"" SIBIU",7.85,-,-,7.75,-,-,Limba germana,7.95,-,-,7.85
1104,SB10571155,1104,ŞCOALA GIMNAZIALĂ NR. 25 SIBIU,7.75,-,-,7.95,-,-,-,-,-,-,7.85
1105,SB9818169,1105,"LICEUL TEORETIC ""GHEORGHE LAZĂR"" AVRIG",7.25,7.50,7.50,8.20,-,-,-,-,-,-,7.85
1106,SB10108000,1106,"ŞCOALA GIMNAZIALĂ ""NICOLAE IORGA"" SIBIU",7.10,-,-,8.60,-,-,-,-,-,-,7.85
1107,SB12618433,1107,ŞCOALA GIMNAZIALĂ NR. 4 SIBIU,6.65,-,-,8.20,-,-,Limba germana,8.70,-,-,7.85
1108,SB10072738,1108,"ŞCOALA GIMNAZIALĂ ""BATHORY ISTVAN"" MEDIAŞ",8.70,-,-,6.05,-,-,Limba maghiara,8.75,-,-,7.83
1109,SB9587659,1109,"LICEUL TEORETIC ""GUSTAV GÜNDISCH"" CISNĂDIE",8.05,-,-,8.00,-,-,Limba germana,7.45,-,-,7.83
1110,SB10499461,1110,"ŞCOALA GIMNAZIALĂ ""GEORG DANIEL TEUTSCH"" AGNITA",7.90,-,-,7.65,-,-,Limba germana,7.95,-,-,7.83
1111,SB10119965,1111,ŞCOALA GIMNAZIALĂ NR. 4 SIBIU,7.50,-,-,8.65,-,-,Limba germana,7.35,-,-,7.83
1112,SB4069951,1112,ŞCOALA GIMNAZIALĂ NR. 18 SIBIU,8.80,8.65,8.65,7.00,-,-,-,-,-,-,7.82
1113,SB9943507,1113,"LICEUL TEHNOLOGIC ""IOAN LUPAŞ"" SĂLIŞTE",8.70,-,-,6.95,-,-,-,-,-,-,7.82
1114,SB10293713,1114,ŞCOALA GIMNAZIALĂ NR. 25 SIBIU,8.55,8.45,8.45,7.20,-,-,-,-,-,-,7.82
1115,SB13640620,1115,"LICEUL TEORETIC ""GUSTAV GÜNDISCH"" CISNĂDIE",8.50,-,-,7.15,-,-,-,-,-,-,7.82
1116,SB9113288,1116,ŞCOALA GIMNAZIALĂ NR. 7 MEDIAŞ,8.45,-,-,7.20,-,-,-,-,-,-,7.82
1117,SB13136726,1117,ŞCOALA GIMNAZIALĂ CRISTIAN,8.35,-,-,7.30,-,-,-,-,-,-,7.82
1118,SB10407843,1118,ŞCOALA GIMNAZIALĂ NR. 25 SIBIU,8.20,-,-,7.45,-,-,-,-,-,-,7.82
1119,SB9082705,1119,"COLEGIUL NAȚIONAL ""OCTAVIAN GOGA"" SIBIU",8.20,-,-,7.45,-,-,-,-,-,-,7.82
1120,SB12297711,1120,ŞCOALA GIMNAZIALĂ NR. 18 SIBIU,7.85,-,-,7.80,-,-,-,-,-,-,7.82
1121,SB9741552,1121,"ŞCOALA GIMNAZIALĂ ""SAVA POPOVICI BARCIANU"" RĂŞINARI",7.70,-,-,7.95,-,-,-,-,-,-,7.82
1122,SB12060821,1122,ŞCOALA GIMNAZIALĂ NR. 13 SIBIU,7.55,-,-,8.10,-,-,-,-,-,-,7.82
1123,SB9815770,1123,"LICEUL TEORETIC ""GHEORGHE LAZĂR"" AVRIG",7.55,-,-,8.10,-,-,-,-,-,-,7.82
1124,SB9804953,1124,ŞCOALA GIMNAZIALĂ NR. 8 SIBIU,7.45,-,-,8.20,-,-,-,-,-,-,7.82
1125,SB10660805,1125,ŞCOALA GIMNAZIALĂ APOLDU DE JOS,7.00,-,-,8.65,-,-,-,-,-,-,7.82
1126,SB10542096,1126,ŞCOALA GIMNAZIALĂ NR. 3 CISNĂDIE,6.85,7.55,7.55,8.10,8.10,8.10,-,-,-,-,7.82
1127,SB10527895,1127,"LICEUL TEORETIC ""ONISIFOR GHIBU"" SIBIU",8.55,-,-,7.70,-,-,Limba germana,6.75,7.20,7.20,7.81
1128,SB12102253,1128,"COLEGIUL NAȚIONAL ""SAMUEL VON BRUKENTHAL"" SIBIU",8.30,-,-,8.40,-,-,Limba germana,6.75,-,-,7.81
1129,SB12210594,1129,ŞCOALA GIMNAZIALĂ NR. 4 SIBIU,8.95,-,-,6.65,-,-,-,-,-,-,7.80
1130,SB10298495,1130,"ŞCOALA GIMNAZIALĂ ""REGELE FERDINAND"" SIBIU",8.75,-,-,6.85,-,-,-,-,-,-,7.80
1131,SB10129290,1131,"COLEGIUL NAȚIONAL ""OCTAVIAN GOGA"" SIBIU",8.60,-,-,7.10,-,-,Limba germana,7.70,-,-,7.80
1132,SB9626685,1132,LICEUL DE ARTĂ SIBIU,8.55,-,-,7.05,-,-,-,-,-,-,7.80
1133,SB10333860,1133,"ŞCOALA GIMNAZIALĂ ""CONSTANTIN IOAN MOTAŞ"" MEDIAŞ",8.50,-,-,7.10,-,-,-,-,-,-,7.80
1134,SB9474724,1134,"ŞCOALA GIMNAZIALĂ ""AUREL DECEI"" GURA RÂULUI",8.50,-,-,7.10,-,-,-,-,-,-,7.80
1135,SB12028540,1135,LICEUL ROMÂNO - FINLANDEZ ERI SIBIU,8.40,-,-,7.20,-,-,-,-,-,-,7.80
1136,SB10492683,1136,"LICEUL TEORETIC ""CONSTANTIN NOICA"" SIBIU",8.30,-,-,7.30,-,-,-,-,-,-,7.80
1137,SB10524765,1137,"COLEGIUL NAȚIONAL ""OCTAVIAN GOGA"" SIBIU",8.10,-,-,7.05,-,-,Limba maghiara,8.25,-,-,7.80
1138,SB10318924,1138,ŞCOALA GIMNAZIALĂ NR. 13 SIBIU,8.05,-,-,7.55,-,-,-,-,-,-,7.80
1139,SB9988760,1139,"LICEUL TEHNOLOGIC ""IOAN LUPAŞ"" SĂLIŞTE",7.85,8.05,8.05,7.55,-,-,-,-,-,-,7.80
1140,SB8400902,1140,ŞCOALA GIMNAZIALĂ RACOVIŢA,7.80,-,-,7.80,-,-,-,-,-,-,7.80
1141,SB10596045,1141,ŞCOALA GIMNAZIALĂ NR. 7 MEDIAŞ,7.50,-,-,8.10,-,-,-,-,-,-,7.80
1142,SB10400155,1142,ŞCOALA GIMNAZIALĂ NR. 25 SIBIU,7.35,-,-,8.25,-,-,-,-,-,-,7.80
1143,SB10329993,1143,"ŞCOALA GIMNAZIALĂ ""CONSTANTIN IOAN MOTAŞ"" MEDIAŞ",7.00,-,-,8.60,-,-,-,-,-,-,7.80
1144,SB10383795,1144,ŞCOALA GIMNAZIALĂ NR. 18 SIBIU,7.00,-,-,8.60,-,-,-,-,-,-,7.80
1145,SB10114185,1145,ŞCOALA GIMNAZIALĂ NR. 1 SIBIU,6.95,-,-,8.65,-,-,-,-,-,-,7.80
1146,SB12368229,1146,"LICEUL TEORETIC ""ONISIFOR GHIBU"" SIBIU",6.85,-,-,8.60,-,-,Limba germana,7.95,-,-,7.80
1147,SB10528890,1147,ŞCOALA GIMNAZIALĂ NR. 21 SIBIU,8.40,-,-,7.15,-,-,-,-,-,-,7.77
1148,SB10383957,1148,LICEUL DE ARTĂ SIBIU,8.35,-,-,7.20,-,-,-,-,-,-,7.77
1149,SB9623870,1149,ŞCOALA GIMNAZIALĂ NR. 25 SIBIU,8.30,-,-,7.25,-,-,-,-,-,-,7.77
1150,SB12733399,1150,"ŞCOALA GIMNAZIALĂ ""AVIATOR IOAN SAVA"" ALŢINA",8.05,-,-,7.50,-,-,-,-,-,-,7.77
1151,SB8252007,1151,"ŞCOALA GIMNAZIALĂ ""SAMUIL MICU"" SADU",8.00,-,-,7.55,-,-,-,-,-,-,7.77
1152,SB10331395,1152,"ŞCOALA GIMNAZIALĂ ""CIREŞARII"" MEDIAŞ",7.95,-,-,7.60,-,-,-,-,-,-,7.77
1153,SB9538853,1153,"LICEUL TEORETIC ""CONSTANTIN NOICA"" SIBIU",7.85,8.35,8.35,7.20,-,-,-,-,-,-,7.77
1154,SB10425721,1154,"LICEUL TEORETIC ""CONSTANTIN NOICA"" SIBIU",7.80,8.20,8.20,7.35,-,-,-,-,-,-,7.77
1155,SB10002205,1155,"ŞCOALA GIMNAZIALĂ ""ION LUCA CARAGIALE"" SIBIU",7.75,-,-,7.80,-,-,-,-,-,-,7.77
1156,SB10600601,1156,ŞCOALA GIMNAZIALĂ NR. 3 CISNĂDIE,7.75,-,-,7.80,-,-,-,-,-,-,7.77
1157,SB9187568,1157,"ŞCOALA GIMNAZIALĂ ""NICOLAE IORGA"" SIBIU",7.60,7.90,7.90,7.65,-,-,-,-,-,-,7.77
1158,SB9805093,1158,"ŞCOALA GIMNAZIALĂ ""IOAN SLAVICI"" SIBIU",7.40,-,-,8.15,-,-,-,-,-,-,7.77
1159,SB10421618,1159,"LICEUL TEORETIC ""CONSTANTIN NOICA"" SIBIU",6.60,6.50,6.50,9.05,-,-,-,-,-,-,7.77
1160,SB10328948,1160,"ŞCOALA GIMNAZIALĂ ""CONSTANTIN IOAN MOTAŞ"" MEDIAŞ",8.65,-,-,6.85,-,-,-,-,-,-,7.75
1161,SB8545506,1161,ŞCOALA GIMNAZIALĂ NR. 7 MEDIAŞ,8.60,-,-,6.90,-,-,-,-,-,-,7.75
1162,SB9975074,1162,"LICEUL TEHNOLOGIC ""IOAN LUPAŞ"" SĂLIŞTE",8.40,-,-,7.10,-,-,-,-,-,-,7.75
1163,SB7905046,1163,"ŞCOALA GIMNAZIALĂ ""IOAN BAN - DASCĂLU"" POIANA SIBIULUI",8.05,-,-,7.45,-,-,-,-,-,-,7.75
1164,SB9933305,1164,"ŞCOALA GIMNAZIALĂ ""CONSTANTIN IOAN MOTAŞ"" MEDIAŞ",8.05,-,-,7.45,-,-,-,-,-,-,7.75
1165,SB9094000,1165,"ŞCOALA GIMNAZIALĂ ""OCTAVIAN GOGA"" RĂŞINARI",7.85,-,-,7.65,-,-,-,-,-,-,7.75
1166,SB11072323,1166,ŞCOALA GIMNAZIALĂ NR. 13 SIBIU,7.80,-,-,7.70,-,-,-,-,-,-,7.75
1167,SB9915487,1167,"ŞCOALA GIMNAZIALĂ ""IOAN SLAVICI"" SIBIU",7.30,-,-,8.20,-,-,-,-,-,-,7.75
1168,SB9064814,1168,"ŞCOALA GIMNAZIALĂ ""REGINA MARIA"" SIBIU",7.25,7.75,7.75,7.75,-,-,-,-,-,-,7.75
1169,SB12619518,1169,LICEUL DE ARTĂ SIBIU,7.20,-,-,8.30,-,-,-,-,-,-,7.75
1170,SB12652942,1170,"COLEGIUL NAȚIONAL ""GHEORGHE LAZĂR"" SIBIU",6.65,-,-,8.85,-,-,-,-,-,-,7.75
1171,SB12615964,1171,"COLEGIUL NAȚIONAL ""SAMUEL VON BRUKENTHAL"" SIBIU",8.85,-,-,7.15,-,-,Limba germana,7.40,7.20,7.20,7.73
1172,SB10072250,1172,"ŞCOALA GIMNAZIALĂ ""BATHORY ISTVAN"" MEDIAŞ",8.40,-,-,6.55,-,-,Limba maghiara,8.25,-,-,7.73
1173,SB10514671,1173,"COLEGIUL NAȚIONAL ""SAMUEL VON BRUKENTHAL"" SIBIU",8.10,-,-,7.05,7.25,7.25,Limba germana,7.85,-,-,7.73
1174,SB10100648,1174,"ŞCOALA GIMNAZIALĂ ""GEORGE POPA"" MEDIAŞ",8.60,-,-,6.85,-,-,-,-,-,-,7.72
1175,SB9232507,1175,ŞCOALA GIMNAZIALĂ NR. 2 CISNĂDIE,8.50,-,-,6.95,-,-,-,-,-,-,7.72
1176,SB10109484,1176,ŞCOALA GIMNAZIALĂ NR. 18 SIBIU,8.30,-,-,7.15,-,-,-,-,-,-,7.72
1177,SB10344099,1177,"ŞCOALA GIMNAZIALĂ ""MIHAI VITEAZU"" ŞELIMBĂR",8.20,8.15,8.15,7.30,-,-,-,-,-,-,7.72
1178,SB10563329,1178,"COLEGIUL NAȚIONAL PEDAGOGIC ""ANDREI ŞAGUNA"" SIBIU",8.15,-,-,7.30,-,-,-,-,-,-,7.72
1179,SB9382539,1179,"LICEUL TEORETIC ""GUSTAV GÜNDISCH"" CISNĂDIE",8.10,7.95,7.95,7.50,-,-,-,-,-,-,7.72
1180,SB8952838,1180,"ŞCOALA GIMNAZIALĂ ""CIREŞARII"" MEDIAŞ",8.00,-,-,7.45,-,-,-,-,-,-,7.72
1181,SB10464456,1181,"COLEGIUL NAȚIONAL PEDAGOGIC ""ANDREI ŞAGUNA"" SIBIU",7.90,8.25,8.25,7.20,-,-,-,-,-,-,7.72
1182,SB10745823,1182,"ŞCOALA GIMNAZIALĂ ""NICOLAE IORGA"" SIBIU",7.80,7.75,7.75,7.70,-,-,-,-,-,-,7.72
1183,SB8870683,1183,"COLEGIUL NAȚIONAL ""OCTAVIAN GOGA"" SIBIU",7.60,7.60,7.60,7.85,-,-,-,-,-,-,7.72
1184,SB3977051,1184,ŞCOALA GIMNAZIALĂ NR. 18 SIBIU,7.45,-,-,8.00,-,-,-,-,-,-,7.72
1185,SB12615742,1185,"LICEUL TEHNOLOGIC ""IOAN LUPAŞ"" SĂLIŞTE",7.35,7.80,7.80,7.65,-,-,-,-,-,-,7.72
1186,SB9975674,1186,"LICEUL TEHNOLOGIC ""IOAN LUPAŞ"" SĂLIŞTE",7.30,-,-,8.15,-,-,-,-,-,-,7.72
1187,SB10064500,1187,ŞCOALA GIMNAZIALĂ NR. 25 SIBIU,7.05,7.10,7.10,8.35,-,-,-,-,-,-,7.72
1188,SB10321576,1188,"ŞCOALA GIMNAZIALĂ ""CONSTANTIN IOAN MOTAŞ"" MEDIAŞ",6.80,-,-,8.65,-,-,-,-,-,-,7.72
1189,SB10279068,1189,"ŞCOALA GIMNAZIALĂ ""GEORG DANIEL TEUTSCH"" AGNITA",7.95,-,-,7.15,-,-,Limba germana,8.05,-,-,7.71
1190,SB10109967,1190,"COLEGIUL NAȚIONAL ""SAMUEL VON BRUKENTHAL"" SIBIU",6.90,7.40,7.40,7.10,-,-,Limba germana,8.65,-,-,7.71
1191,SB8128394,1191,ŞCOALA GIMNAZIALĂ NR. 4 SIBIU,8.15,-,-,7.25,-,-,-,-,-,-,7.70
1192,SB9843510,1192,ŞCOALA GIMNAZIALĂ LOAMNEŞ,8.15,-,-,7.25,-,-,-,-,-,-,7.70
1193,SB14675303,1193,ŞCOALA GIMNAZIALĂ NR. 7 MEDIAŞ,8.10,-,-,7.30,-,-,-,-,-,-,7.70
1194,SB11073806,1194,ŞCOALA GIMNAZIALĂ NR. 18 SIBIU,8.05,-,-,7.35,-,-,-,-,-,-,7.70
1195,SB10585146,1195,"ŞCOALA GIMNAZIALĂ ""MIHAI EMINESCU"" MEDIAŞ",7.95,-,-,7.45,-,-,-,-,-,-,7.70
1196,SB10322051,1196,"ŞCOALA GIMNAZIALĂ ""MIHAI EMINESCU"" MEDIAŞ",7.75,-,-,7.65,-,-,-,-,-,-,7.70
1197,SB9626770,1197,"ŞCOALA GIMNAZIALĂ ""VIOREL CUCU PALTIN"" ARPAȘU DE JOS",7.70,-,-,7.70,-,-,-,-,-,-,7.70
1198,SB10352091,1198,"COLEGIUL NAȚIONAL ""SAMUEL VON BRUKENTHAL"" SIBIU",7.65,7.60,7.60,6.85,6.90,6.90,Limba germana,8.85,8.60,8.60,7.70
1199,SB8994812,1199,"COLEGIUL NAȚIONAL ""OCTAVIAN GOGA"" SIBIU",7.45,-,-,7.95,-,-,-,-,-,-,7.70
1200,SB10126035,1200,ŞCOALA GIMNAZIALĂ NR. 18 SIBIU,6.80,-,-,8.60,-,-,-,-,-,-,7.70
1201,SB9901405,1201,"ŞCOALA GIMNAZIALĂ ""ION POP RETEGANUL"" ORLAT",6.20,7.00,7.00,8.40,-,-,-,-,-,-,7.70
1202,SB10313843,1202,"LICEUL TEORETIC ""ROTH - OBERTH"" MEDIAŞ",9.00,-,-,5.10,-,-,Limba germana,8.95,-,-,7.68
1203,SB9593800,1203,ŞCOALA GIMNAZIALĂ NR. 4 SIBIU,8.10,-,-,7.95,-,-,Limba germana,7.40,7.00,7.00,7.68
1204,SB11076342,1204,ŞCOALA GIMNAZIALĂ NR. 4 SIBIU,7.35,7.80,7.80,7.80,-,-,Limba germana,7.60,7.45,7.45,7.68
1205,SB10566543,1205,"COLEGIUL NAȚIONAL PEDAGOGIC ""ANDREI ŞAGUNA"" SIBIU",8.95,-,-,6.40,-,-,-,-,-,-,7.67
1206,SB7862509,1206,ŞCOALA GIMNAZIALĂ NR. 7 MEDIAŞ,8.75,-,-,6.60,-,-,-,-,-,-,7.67
1207,SB12106667,1207,"ŞCOALA GIMNAZIALĂ ""RADU SELEJAN"" SIBIU",8.50,-,-,6.85,-,-,-,-,-,-,7.67
1208,SB10448824,1208,ŞCOALA GIMNAZIALĂ BÂRGHIŞ,8.40,-,-,6.95,-,-,-,-,-,-,7.67
1209,SB9963038,1209,"ŞCOALA GIMNAZIALĂ ""NICOLAE IORGA"" SIBIU",8.20,-,-,7.15,-,-,-,-,-,-,7.67
1210,SB12098325,1210,ŞCOALA GIMNAZIALĂ NR. 3 COPȘA MICĂ,8.15,-,-,7.20,-,-,-,-,-,-,7.67
1211,SB10384287,1211,ŞCOALA GIMNAZIALĂ NR. 1 SIBIU,8.10,-,-,7.25,-,-,-,-,-,-,7.67
1212,SB8209693,1212,"ŞCOALA GIMNAZIALĂ ""ANDREI ȘAGUNA"" ŞURA MARE",8.05,-,-,7.30,-,-,-,-,-,-,7.67
1213,SB10176680,1213,"ŞCOALA GIMNAZIALĂ ""NICOLAE IORGA"" SIBIU",7.95,-,-,7.40,-,-,-,-,-,-,7.67
1214,SB9129850,1214,"ŞCOALA GIMNAZIALĂ ""OCTAVIAN GOGA"" RĂŞINARI",7.75,-,-,7.60,-,-,-,-,-,-,7.67
1215,SB12049383,1215,"LICEUL TEHNOLOGIC ""IOAN LUPAŞ"" SĂLIŞTE",7.35,-,-,8.00,-,-,-,-,-,-,7.67
1216,SB9804909,1216,ŞCOALA GIMNAZIALĂ NR. 8 SIBIU,7.35,-,-,8.00,-,-,-,-,-,-,7.67
1217,SB10115908,1217,"LICEUL TEORETIC ""ROTH - OBERTH"" MEDIAŞ",8.05,-,-,6.90,-,-,Limba germana,8.05,-,-,7.66
1218,SB10069598,1218,"LICEUL TEORETIC ""ROTH - OBERTH"" MEDIAŞ",7.40,-,-,8.50,-,-,Limba germana,7.10,-,-,7.66
1219,SB12259871,1219,ŞCOALA GIMNAZIALĂ NOCRICH,8.40,-,-,6.90,-,-,-,-,-,-,7.65
1220,SB10420476,1220,"ŞCOALA GIMNAZIALĂ ""ION LUCA CARAGIALE"" SIBIU",8.05,-,-,7.35,7.25,7.25,-,-,-,-,7.65
1221,SB12259986,1221,ŞCOALA GIMNAZIALĂ NR. 25 SIBIU,8.05,-,-,7.25,-,-,-,-,-,-,7.65
1222,SB8128472,1222,ŞCOALA GIMNAZIALĂ BOIAN,7.90,-,-,7.40,-,-,-,-,-,-,7.65
1223,SB10600485,1223,"COLEGIUL NAȚIONAL ""GHEORGHE LAZĂR"" SIBIU",7.75,-,-,7.60,7.55,7.55,-,-,-,-,7.65
1224,SB9531002,1224,ŞCOALA GIMNAZIALĂ NR. 2 SIBIU,7.75,-,-,7.55,-,-,-,-,-,-,7.65
1225,SB9536223,1225,"COLEGIUL NAȚIONAL PEDAGOGIC ""ANDREI ŞAGUNA"" SIBIU",7.65,6.85,6.85,8.45,-,-,-,-,-,-,7.65
1226,SB8578209,1226,"ŞCOALA GIMNAZIALĂ ""NICOLAE IORGA"" SIBIU",7.30,-,-,6.85,-,-,Limba germana,8.80,-,-,7.65
1227,SB8908919,1227,ŞCOALA GIMNAZIALĂ NR. 21 SIBIU,7.10,-,-,8.20,-,-,-,-,-,-,7.65
1228,SB9103846,1228,"COLEGIUL NAȚIONAL ""SAMUEL VON BRUKENTHAL"" SIBIU",7.95,-,-,6.75,-,-,Limba germana,7.55,8.20,8.20,7.63
1229,SB10303187,1229,"LICEUL TEORETIC ""ROTH - OBERTH"" MEDIAŞ",7.70,8.25,8.25,6.40,-,-,Limba germana,8.35,8.25,8.25,7.63
1230,SB10122429,1230,"COLEGIUL NAȚIONAL ""OCTAVIAN GOGA"" SIBIU",7.30,-,-,7.30,-,-,Limba germana,8.30,-,-,7.63
1231,SB10408775,1231,"ŞCOALA GIMNAZIALĂ ""ION LUCA CARAGIALE"" SIBIU",7.25,-,-,7.80,-,-,Limba germana,7.85,-,-,7.63
1232,SB12060111,1232,"ŞCOALA GIMNAZIALĂ ""CIREŞARII"" MEDIAŞ",8.25,-,-,7.00,-,-,-,-,-,-,7.62
1233,SB9682946,1233,ŞCOALA GIMNAZIALĂ CRISTIAN,8.15,-,-,7.10,-,-,-,-,-,-,7.62
1234,SB9805400,1234,ŞCOALA GIMNAZIALĂ NR. 4 SIBIU,8.00,-,-,7.25,-,-,-,-,-,-,7.62
1235,SB9004793,1235,"ŞCOALA GIMNAZIALĂ ""REGINA MARIA"" SIBIU",7.80,-,-,7.45,-,-,-,-,-,-,7.62
1236,SB12303517,1236,"ŞCOALA GIMNAZIALĂ ""REGELE FERDINAND"" SIBIU",7.55,-,-,7.70,-,-,-,-,-,-,7.62
1237,SB8880726,1237,"ŞCOALA GIMNAZIALĂ ""MIHAI VITEAZU"" ŞELIMBĂR",7.45,-,-,7.80,-,-,-,-,-,-,7.62
1238,SB9093036,1238,"ŞCOALA GIMNAZIALĂ ""ION LUCA CARAGIALE"" SIBIU",7.35,-,-,7.90,-,-,-,-,-,-,7.62
1239,SB10507098,1239,"ŞCOALA GIMNAZIALĂ ""ION LUCA CARAGIALE"" SIBIU",6.85,-,-,8.40,-,-,-,-,-,-,7.62
1240,SB9172217,1240,"LICEUL TEORETIC ""GUSTAV GÜNDISCH"" CISNĂDIE",7.60,-,-,8.20,8.50,8.50,Limba germana,5.90,6.75,6.75,7.61
1241,SB12017308,1241,ŞCOALA GIMNAZIALĂ NR. 18 SIBIU,8.20,-,-,7.00,-,-,-,-,-,-,7.60
1242,SB10847451,1242,"ŞCOALA GIMNAZIALĂ ""ION LUCA CARAGIALE"" SIBIU",8.10,-,-,7.10,-,-,-,-,-,-,7.60
1243,SB9594521,1243,"ŞCOALA GIMNAZIALĂ ""STEPHAN LUDWIG ROTH"" MOŞNA",8.10,-,-,7.10,-,-,-,-,-,-,7.60
1244,SB10547167,1244,ŞCOALA GIMNAZIALĂ NR. 3 CISNĂDIE,7.90,-,-,7.30,-,-,-,-,-,-,7.60
1245,SB9587384,1245,"ŞCOALA GIMNAZIALĂ ""NICOLAE IORGA"" SIBIU",7.85,-,-,7.35,-,-,-,-,-,-,7.60
1246,SB10546521,1246,ŞCOALA GIMNAZIALĂ NR. 3 CISNĂDIE,7.80,-,-,7.30,7.40,7.40,-,-,-,-,7.60
1247,SB12291760,1247,"COLEGIUL NAȚIONAL PEDAGOGIC ""ANDREI ŞAGUNA"" SIBIU",7.75,7.15,7.15,8.05,-,-,-,-,-,-,7.60
1248,SB10104915,1248,"ŞCOALA GIMNAZIALĂ ""ION ALBESCU"" BOIŢA",7.70,-,-,7.50,-,-,-,-,-,-,7.60
1249,SB10983143,1249,"ŞCOALA GIMNAZIALĂ ""NICOLAE IORGA"" SIBIU",7.70,8.05,8.05,7.15,-,-,-,-,-,-,7.60
1250,SB10085661,1250,"ŞCOALA GIMNAZIALĂ ""NICOLAE IORGA"" SIBIU",7.65,-,-,7.30,7.55,7.55,-,-,-,-,7.60
1251,SB10298097,1251,ŞCOALA GIMNAZIALĂ NR. 4 MEDIAŞ,7.50,-,-,7.70,-,-,-,-,-,-,7.60
1252,SB8430029,1252,"COLEGIUL NAȚIONAL ""SAMUEL VON BRUKENTHAL"" SIBIU",7.50,7.65,7.65,6.75,-,-,Limba germana,8.40,-,-,7.60
1253,SB666601,1253,"ŞCOALA GIMNAZIALĂ ""REGINA MARIA"" SIBIU",7.40,-,-,7.80,-,-,-,-,-,-,7.60
1254,SB8881013,1254,"ŞCOALA GIMNAZIALĂ ""ION LUCA CARAGIALE"" SIBIU",6.45,-,-,8.75,-,-,-,-,-,-,7.60
1255,SB10306593,1255,"ŞCOALA GIMNAZIALĂ ""BATHORY ISTVAN"" MEDIAŞ",7.05,-,-,6.35,-,-,Limba maghiara,9.35,-,-,7.58
1256,SB10442482,1256,ŞCOALA GIMNAZIALĂ NR. 7 MEDIAŞ,8.95,-,-,6.20,-,-,-,-,-,-,7.57
1257,SB9474746,1257,"ŞCOALA GIMNAZIALĂ ""AUREL DECEI"" GURA RÂULUI",8.20,8.15,8.15,7.10,7.00,7.00,-,-,-,-,7.57
1258,SB10318639,1258,"ŞCOALA GIMNAZIALĂ ""GEORGE POPA"" MEDIAŞ",8.20,-,-,6.95,-,-,-,-,-,-,7.57
1259,SB11076899,1259,"ŞCOALA GIMNAZIALĂ ""IOAN SLAVICI"" SIBIU",7.90,-,-,7.25,-,-,-,-,-,-,7.57
1260,SB12249543,1260,ŞCOALA GIMNAZIALĂ NR. 1 SIBIU,7.75,-,-,7.40,-,-,-,-,-,-,7.57
1261,SB9674815,1261,"ŞCOALA GIMNAZIALĂ ""IOAN SLAVICI"" SIBIU",7.60,-,-,7.55,-,-,-,-,-,-,7.57
1262,SB10297967,1262,ŞCOALA GIMNAZIALĂ NR. 2 CISNĂDIE,7.35,7.90,7.90,7.25,-,-,-,-,-,-,7.57
1263,SB10419833,1263,ŞCOALA GIMNAZIALĂ NR. 8 SIBIU,7.25,-,-,7.90,-,-,-,-,-,-,7.57
1264,SB10478693,1264,"ŞCOALA GIMNAZIALĂ ""MIHAI EMINESCU"" MEDIAŞ",7.20,-,-,7.95,-,-,-,-,-,-,7.57
1265,SB9837805,1265,ŞCOALA GIMNAZIALĂ LOAMNEŞ,6.75,7.75,7.75,7.40,-,-,-,-,-,-,7.57
1266,SB10045688,1266,"ŞCOALA GIMNAZIALĂ ""RADU SELEJAN"" SIBIU",8.50,-,-,6.60,-,-,-,-,-,-,7.55
1267,SB10846979,1267,"LICEUL TEORETIC ""CONSTANTIN NOICA"" SIBIU",8.25,-,-,6.85,-,-,-,-,-,-,7.55
1268,SB9531689,1268,ŞCOALA GIMNAZIALĂ NR. 8 SIBIU,8.05,-,-,7.05,-,-,-,-,-,-,7.55
1269,SB10281525,1269,"ŞCOALA GIMNAZIALĂ ""GEORG DANIEL TEUTSCH"" AGNITA",7.90,7.30,7.30,8.45,-,-,Limba germana,6.90,-,-,7.55
1270,SB10570104,1270,"ŞCOALA GIMNAZIALĂ ""MIHAI VITEAZU"" ŞELIMBĂR",7.90,-,-,7.20,-,-,-,-,-,-,7.55
1271,SB8837308,1271,"COLEGIUL NAȚIONAL ""OCTAVIAN GOGA"" SIBIU",7.90,-,-,7.20,-,-,-,-,-,-,7.55
1272,SB9626482,1272,"ŞCOALA GIMNAZIALĂ ""VIOREL CUCU PALTIN"" ARPAȘU DE JOS",7.70,-,-,7.40,-,-,-,-,-,-,7.55
1273,SB4856851,1273,ŞCOALA GIMNAZIALĂ NR. 18 SIBIU,7.65,-,-,7.45,-,-,-,-,-,-,7.55
1274,SB4601901,1274,ŞCOALA GIMNAZIALĂ OCNA SIBIULUI,7.40,-,-,7.70,-,-,-,-,-,-,7.55
1275,SB12438738,1275,ŞCOALA GIMNAZIALĂ NR. 18 SIBIU,7.30,-,-,7.80,-,-,-,-,-,-,7.55
1276,SB9817224,1276,ŞCOALA GIMNAZIALĂ NR. 21 SIBIU,7.25,-,-,7.85,-,-,-,-,-,-,7.55
1277,SB10389393,1277,ŞCOALA GIMNAZIALĂ NR. 25 SIBIU,7.05,-,-,8.05,-,-,-,-,-,-,7.55
1278,SB9134214,1278,"ŞCOALA GIMNAZIALĂ ""NICOLAE IORGA"" SIBIU",6.80,-,-,8.30,-,-,-,-,-,-,7.55
1279,SB10825209,1279,"ŞCOALA GIMNAZIALĂ ""ION LUCA CARAGIALE"" SIBIU",6.50,-,-,8.60,-,-,-,-,-,-,7.55
1280,SB9172127,1280,"ŞCOALA GIMNAZIALĂ ""NICOLAE IORGA"" SIBIU",8.45,-,-,6.40,-,-,Limba germana,7.75,-,-,7.53
1281,SB7904106,1281,"ŞCOALA GIMNAZIALĂ ""IOAN BAN - DASCĂLU"" POIANA SIBIULUI",9.20,-,-,5.95,5.85,5.85,-,-,-,-,7.52
1282,SB12442390,1282,LICEUL DE ARTĂ SIBIU,8.50,-,-,6.55,-,-,-,-,-,-,7.52
1283,SB8398725,1283,ŞCOALA GIMNAZIALĂ RACOVIŢA,8.45,-,-,6.60,-,-,-,-,-,-,7.52
1284,SB10710425,1284,"LICEUL TEORETIC ""CONSTANTIN NOICA"" SIBIU",8.40,-,-,6.65,-,-,-,-,-,-,7.52
1285,SB4108701,1285,ŞCOALA GIMNAZIALĂ NR. 18 SIBIU,8.35,-,-,6.70,-,-,-,-,-,-,7.52
1286,SB12438739,1286,ŞCOALA GIMNAZIALĂ NR. 23 SIBIU,7.95,-,-,7.10,-,-,-,-,-,-,7.52
1287,SB10057842,1287,"COLEGIUL NAȚIONAL ""OCTAVIAN GOGA"" SIBIU",7.85,-,-,7.20,-,-,-,-,-,-,7.52
1288,SB645951,1288,"ŞCOALA GIMNAZIALĂ ""REGELE FERDINAND"" SIBIU",7.80,-,-,7.25,-,-,-,-,-,-,7.52
1289,SB10329831,1289,"LICEUL TEHNOLOGIC ""ILIE MĂCELARIU"" MIERCUREA SIBIULUI",7.70,-,-,7.35,-,-,-,-,-,-,7.52
1290,SB10465930,1290,LICEUL DE ARTĂ SIBIU,7.60,8.00,8.00,7.20,7.05,7.05,-,-,-,-,7.52
1291,SB9834800,1291,ŞCOALA GIMNAZIALĂ PORUMBACU DE JOS,7.55,-,-,7.50,-,-,-,-,-,-,7.52
1292,SB10400362,1292,"COLEGIUL NAȚIONAL ""OCTAVIAN GOGA"" SIBIU",7.45,-,-,7.60,-,-,-,-,-,-,7.52
1293,SB7109301,1293,ŞCOALA GIMNAZIALĂ NR. 4 SIBIU,7.45,-,-,7.60,-,-,-,-,-,-,7.52
1294,SB9239748,1294,"ŞCOALA GIMNAZIALĂ ""REGINA MARIA"" SIBIU",7.35,-,-,7.70,-,-,-,-,-,-,7.52
1295,SB10400079,1295,ŞCOALA GIMNAZIALĂ NR. 25 SIBIU,7.15,-,-,7.90,-,-,-,-,-,-,7.52
1296,SB657801,1296,ŞCOALA GIMNAZIALĂ NR. 25 SIBIU,7.10,-,-,7.95,-,-,-,-,-,-,7.52
1297,SB10349852,1297,ŞCOALA GIMNAZIALĂ NR. 4 SIBIU,7.05,-,-,8.00,-,-,-,-,-,-,7.52
1298,SB12442980,1298,ŞCOALA GIMNAZIALĂ NR. 7 MEDIAŞ,6.75,-,-,8.30,-,-,-,-,-,-,7.52
1299,SB9803084,1299,ŞCOALA GIMNAZIALĂ TĂLMACIU,6.70,-,-,8.35,-,-,-,-,-,-,7.52
1300,SB10301804,1300,"LICEUL TEORETIC ""ROTH - OBERTH"" MEDIAŞ",7.30,-,-,6.30,-,-,Limba germana,8.95,-,-,7.51
1301,SB10005108,1301,"LICEUL TEORETIC ""GHEORGHE LAZĂR"" AVRIG",8.75,-,-,6.25,-,-,-,-,-,-,7.50
1302,SB9805584,1302,ŞCOALA GIMNAZIALĂ TĂLMACIU,8.55,-,-,6.45,-,-,-,-,-,-,7.50
1303,SB10161502,1303,LICEUL ROMÂNO - FINLANDEZ ERI SIBIU,8.50,9.05,9.05,5.95,-,-,-,-,-,-,7.50
1304,SB10490239,1304,"ŞCOALA GIMNAZIALĂ ""CORNELIU PĂCURARIU"" MICĂSASA",7.90,-,-,7.10,-,-,-,-,-,-,7.50
1305,SB9005423,1305,LICEUL DE ARTĂ SIBIU,7.85,-,-,7.15,-,-,-,-,-,-,7.50
1306,SB12297713,1306,"ŞCOALA GIMNAZIALĂ ""IOAN SLAVICI"" SIBIU",7.65,-,-,7.15,7.35,7.35,-,-,-,-,7.50
1307,SB10514113,1307,ŞCOALA GIMNAZIALĂ NR. 18 SIBIU,7.55,-,-,7.45,-,-,-,-,-,-,7.50
1308,SB8954969,1308,"ŞCOALA GIMNAZIALĂ ""CONSTANTIN IOAN MOTAŞ"" MEDIAŞ",7.40,7.20,7.20,7.80,-,-,-,-,-,-,7.50
1309,SB4856251,1309,ŞCOALA GIMNAZIALĂ NR. 18 SIBIU,7.40,-,-,7.60,-,-,-,-,-,-,7.50
1310,SB10561268,1310,ŞCOALA GIMNAZIALĂ NR. 4 SIBIU,7.35,-,-,7.65,-,-,-,-,-,-,7.50
1311,SB11999478,1311,ŞCOALA GIMNAZIALĂ NR. 21 SIBIU,7.25,-,-,7.75,-,-,-,-,-,-,7.50
1312,SB8874231,1312,"ŞCOALA GIMNAZIALĂ ""NICOLAE IORGA"" SIBIU",7.20,-,-,7.80,-,-,-,-,-,-,7.50
1313,SB13939198,1313,"ŞCOALA GIMNAZIALĂ ""CONSTANTIN IOAN MOTAŞ"" MEDIAŞ",7.05,-,-,7.95,-,-,-,-,-,-,7.50
1314,SB12478371,1314,"LICEUL ""AUGUST TREBONIU LAURIAN"" AGNITA",6.85,-,-,8.15,-,-,-,-,-,-,7.50
1315,SB7890264,1315,"ŞCOALA GIMNAZIALĂ ""NICOLAE IORGA"" SIBIU",6.85,-,-,8.15,-,-,-,-,-,-,7.50
1316,SB10399827,1316,"ŞCOALA GIMNAZIALĂ ""ION LUCA CARAGIALE"" SIBIU",8.10,-,-,5.50,-,-,Limba germana,8.85,-,-,7.48
1317,SB4070701,1317,"ŞCOALA GIMNAZIALĂ ""RADU SELEJAN"" SIBIU",8.60,-,-,6.35,-,-,-,-,-,-,7.47
1318,SB12327224,1318,"ŞCOALA GIMNAZIALĂ ""IOAN SLAVICI"" SIBIU",7.55,-,-,7.40,-,-,-,-,-,-,7.47
1319,SB7503101,1319,ŞCOALA GIMNAZIALĂ NR. 8 SIBIU,7.55,-,-,7.40,-,-,-,-,-,-,7.47
1320,SB10488239,1320,"ŞCOALA GIMNAZIALĂ ""ION LUCA CARAGIALE"" SIBIU",7.50,-,-,7.45,-,-,-,-,-,-,7.47
1321,SB3978451,1321,ŞCOALA GIMNAZIALĂ NR. 18 SIBIU,7.50,-,-,7.45,-,-,-,-,-,-,7.47
1322,SB8355604,1322,"ŞCOALA GIMNAZIALĂ ""ANDREI ȘAGUNA"" ŞURA MARE",7.15,-,-,7.80,-,-,-,-,-,-,7.47
1323,SB9385683,1323,ŞCOALA GIMNAZIALĂ NR. 3 CISNĂDIE,7.05,-,-,7.90,-,-,-,-,-,-,7.47
1324,SB12063993,1324,"ŞCOALA GIMNAZIALĂ ""NICOLAE IORGA"" SIBIU",6.95,-,-,8.00,-,-,-,-,-,-,7.47
1325,SB9376504,1325,ŞCOALA GIMNAZIALĂ NR. 3 CISNĂDIE,6.90,-,-,8.05,-,-,-,-,-,-,7.47
1326,SB10294216,1326,"LICEUL TEORETIC ""ROTH - OBERTH"" MEDIAŞ",7.35,-,-,8.00,-,-,Limba germana,7.05,-,-,7.46
1327,SB10399498,1327,"ŞCOALA GIMNAZIALĂ ""NICOLAE IORGA"" SIBIU",8.95,-,-,5.95,-,-,-,-,-,-,7.45
1328,SB10162674,1328,"COLEGIUL NAȚIONAL ""OCTAVIAN GOGA"" SIBIU",8.90,-,-,6.00,-,-,-,-,-,-,7.45
1329,SB12094078,1329,LICEUL TEHNOLOGIC MÂRŞA,8.90,-,-,6.00,-,-,-,-,-,-,7.45
1330,SB10458640,1330,"COLEGIUL NAȚIONAL ""OCTAVIAN GOGA"" SIBIU",8.30,-,-,6.60,-,-,-,-,-,-,7.45
1331,SB9886539,1331,ŞCOALA GIMNAZIALĂ SLIMNIC,8.05,-,-,6.85,-,-,-,-,-,-,7.45
1332,SB10092668,1332,"COLEGIUL NAȚIONAL ""OCTAVIAN GOGA"" SIBIU",8.00,-,-,6.90,-,-,-,-,-,-,7.45
1333,SB10488811,1333,"LICEUL TEORETIC ""ONISIFOR GHIBU"" SIBIU",7.60,-,-,7.95,-,-,Limba germana,7.20,6.80,6.80,7.45
1334,SB9741578,1334,"ŞCOALA GIMNAZIALĂ ""SAVA POPOVICI BARCIANU"" RĂŞINARI",7.55,-,-,7.35,-,-,-,-,-,-,7.45
1335,SB10433665,1335,"LICEUL TEORETIC ""ROTH - OBERTH"" MEDIAŞ",7.50,-,-,6.90,-,-,Limba germana,7.95,-,-,7.45
1336,SB10327413,1336,"ŞCOALA GIMNAZIALĂ ""REGELE FERDINAND"" SIBIU",7.45,-,-,7.45,-,-,-,-,-,-,7.45
1337,SB10045591,1337,"ŞCOALA GIMNAZIALĂ ""MIHAI VITEAZU"" ŞELIMBĂR",7.35,-,-,7.55,-,-,-,-,-,-,7.45
1338,SB10299292,1338,"ŞCOALA GIMNAZIALĂ ""MIHAI EMINESCU"" MEDIAŞ",7.35,-,-,7.55,-,-,-,-,-,-,7.45
1339,SB9138152,1339,"ŞCOALA GIMNAZIALĂ ""OCTAVIAN GOGA"" RĂŞINARI",7.10,-,-,7.80,-,-,-,-,-,-,7.45
1340,SB10399612,1340,"ŞCOALA GIMNAZIALĂ ""NICOLAE IORGA"" SIBIU",6.80,-,-,8.10,-,-,-,-,-,-,7.45
1341,SB10784693,1341,ŞCOALA GIMNAZIALĂ NR. 25 SIBIU,6.75,-,-,8.15,-,-,-,-,-,-,7.45
1342,SB8020503,1342,"LICEUL ""TIMOTEI CIPARIU"" DUMBRĂVENI",6.65,-,-,8.25,-,-,-,-,-,-,7.45
1343,SB10327267,1343,"ŞCOALA GIMNAZIALĂ ""CIREŞARII"" MEDIAŞ",6.60,-,-,8.30,-,-,-,-,-,-,7.45
1344,SB10295936,1344,"ŞCOALA GIMNAZIALĂ ""CONSTANTIN IOAN MOTAŞ"" MEDIAŞ",8.40,-,-,6.45,-,-,-,-,-,-,7.42
1345,SB1139901,1345,ŞCOALA GIMNAZIALĂ NR. 1 SIBIU,8.30,-,-,6.55,-,-,-,-,-,-,7.42
1346,SB10451457,1346,ŞCOALA GIMNAZIALĂ BÂRGHIŞ,8.20,-,-,6.65,-,-,-,-,-,-,7.42
1347,SB10159886,1347,LICEUL DE ARTĂ SIBIU,8.10,-,-,6.75,-,-,-,-,-,-,7.42
1348,SB9942734,1348,"LICEUL TEHNOLOGIC ""IOAN LUPAŞ"" SĂLIŞTE",8.05,-,-,6.80,-,-,-,-,-,-,7.42
1349,SB9536692,1349,"ŞCOALA GIMNAZIALĂ ""AUREL DECEI"" GURA RÂULUI",8.00,-,-,6.85,-,-,-,-,-,-,7.42
1350,SB10756104,1350,"ŞCOALA GIMNAZIALĂ ""RADU SELEJAN"" SIBIU",7.95,-,-,6.90,-,-,-,-,-,-,7.42
1351,SB7904876,1351,"ŞCOALA GIMNAZIALĂ ""IOAN BAN - DASCĂLU"" POIANA SIBIULUI",7.65,-,-,7.20,-,-,-,-,-,-,7.42
1352,SB10264766,1352,ŞCOALA GIMNAZIALĂ NR. 18 SIBIU,7.40,-,-,7.45,-,-,-,-,-,-,7.42
1353,SB10599571,1353,ŞCOALA GIMNAZIALĂ NR. 3 CISNĂDIE,7.40,-,-,7.45,-,-,-,-,-,-,7.42
1354,SB4093551,1354,ŞCOALA GIMNAZIALĂ NR. 18 SIBIU,7.10,-,-,7.75,-,-,-,-,-,-,7.42
1355,SB10308704,1355,ŞCOALA GIMNAZIALĂ NR. 1 SIBIU,6.85,-,-,8.00,-,-,-,-,-,-,7.42
1356,SB10848146,1356,"LICEUL TEORETIC ""CONSTANTIN NOICA"" SIBIU",6.55,-,-,8.30,-,-,-,-,-,-,7.42
1357,SB10070668,1357,"LICEUL TEORETIC ""ROTH - OBERTH"" MEDIAŞ",7.75,-,-,5.80,-,-,Limba germana,8.70,-,-,7.41
1358,SB9806137,1358,"COLEGIUL NAȚIONAL ""SAMUEL VON BRUKENTHAL"" SIBIU",7.50,-,-,7.35,-,-,Limba germana,7.40,-,-,7.41
1359,SB9723437,1359,"LICEUL TEORETIC ""ROTH - OBERTH"" MEDIAŞ",7.05,-,-,7.00,-,-,Limba germana,8.20,-,-,7.41
1360,SB10431790,1360,ŞCOALA GIMNAZIALĂ NR. 4 SIBIU,6.85,-,-,7.85,-,-,Limba germana,7.55,-,-,7.41
1361,SB12385390,1361,ŞCOALA GIMNAZIALĂ PĂUCA,9.00,-,-,5.80,-,-,-,-,-,-,7.40
1362,SB10824425,1362,LICEUL DE ARTĂ SIBIU,8.60,-,-,6.20,-,-,-,-,-,-,7.40
1363,SB10025548,1363,LICEUL TEHNOLOGIC MÂRŞA,8.40,-,-,6.40,-,-,-,-,-,-,7.40
1364,SB8223346,1364,"ŞCOALA GIMNAZIALĂ ""SAMUIL MICU"" SADU",8.10,-,-,6.70,-,-,-,-,-,-,7.40
1365,SB10463799,1365,"ŞCOALA GIMNAZIALĂ ""REGINA MARIA"" SIBIU",7.75,-,-,7.05,-,-,-,-,-,-,7.40
1366,SB10678655,1366,"ŞCOALA GIMNAZIALĂ ""RADU SELEJAN"" SIBIU",7.65,-,-,7.15,-,-,-,-,-,-,7.40
1367,SB7890187,1367,ŞCOALA GIMNAZIALĂ NR. 21 SIBIU,7.55,-,-,7.25,-,-,-,-,-,-,7.40
1368,SB10541681,1368,ŞCOALA GIMNAZIALĂ NR. 3 CISNĂDIE,7.35,-,-,7.45,-,-,-,-,-,-,7.40
1369,SB10586932,1369,"ŞCOALA GIMNAZIALĂ ""ION ALBESCU"" BOIŢA",7.35,-,-,7.45,-,-,-,-,-,-,7.40
1370,SB9941955,1370,"LICEUL TEHNOLOGIC ""IOAN LUPAŞ"" SĂLIŞTE",7.25,-,-,7.55,-,-,-,-,-,-,7.40
1371,SB8398468,1371,ŞCOALA GIMNAZIALĂ RACOVIŢA,7.15,-,-,7.65,-,-,-,-,-,-,7.40
1372,SB10104700,1372,"COLEGIUL NAȚIONAL ""SAMUEL VON BRUKENTHAL"" SIBIU",7.05,7.15,7.15,7.20,7.40,7.40,Limba germana,7.45,7.60,7.60,7.38
1373,SB9664191,1373,ŞCOALA GIMNAZIALĂ ŞEICA MARE,8.45,-,-,6.30,-,-,-,-,-,-,7.37
1374,SB10466046,1374,"ŞCOALA GIMNAZIALĂ ""NICOLAE IORGA"" SIBIU",8.35,8.15,8.15,6.60,-,-,-,-,-,-,7.37
1375,SB11026698,1375,LICEUL ROMÂNO - FINLANDEZ ERI SIBIU,8.35,-,-,6.40,-,-,-,-,-,-,7.37
1376,SB4555651,1376,ŞCOALA GIMNAZIALĂ OCNA SIBIULUI,8.15,-,-,6.60,-,-,-,-,-,-,7.37
1377,SB9657422,1377,ŞCOALA GIMNAZIALĂ ŞEICA MARE,7.85,-,-,6.90,-,-,-,-,-,-,7.37
1378,SB659501,1378,ŞCOALA GIMNAZIALĂ NR. 1 SIBIU,7.65,-,-,7.10,-,-,-,-,-,-,7.37
1379,SB10540381,1379,ŞCOALA GIMNAZIALĂ NR. 18 SIBIU,7.60,-,-,7.10,7.15,7.15,-,-,-,-,7.37
1380,SB9848989,1380,"ŞCOALA GIMNAZIALĂ ""MIHAI EMINESCU"" MEDIAŞ",7.35,-,-,7.40,-,-,-,-,-,-,7.37
1381,SB8879587,1381,"ŞCOALA GIMNAZIALĂ ""MIHAI VITEAZU"" ŞELIMBĂR",7.00,-,-,7.75,-,-,-,-,-,-,7.37
1382,SB10167272,1382,ŞCOALA GIMNAZIALĂ SLIMNIC,6.95,-,-,7.80,-,-,-,-,-,-,7.37
1383,SB10320903,1383,"LICEUL TEORETIC ""ROTH - OBERTH"" MEDIAŞ",7.50,-,-,5.45,-,-,Limba germana,9.15,-,-,7.36
1384,SB10070243,1384,"LICEUL TEORETIC ""ROTH - OBERTH"" MEDIAŞ",7.35,-,-,6.70,-,-,Limba germana,8.05,-,-,7.36
1385,SB11076370,1385,"ŞCOALA GIMNAZIALĂ ""REGINA MARIA"" SIBIU",8.50,-,-,6.20,-,-,-,-,-,-,7.35
1386,SB9008243,1386,"ŞCOALA GIMNAZIALĂ ""RADU SELEJAN"" SIBIU",8.30,-,-,6.40,-,-,-,-,-,-,7.35
1387,SB10494051,1387,"ŞCOALA GIMNAZIALĂ ""REGELE FERDINAND"" SIBIU",8.15,-,-,6.55,-,-,-,-,-,-,7.35
1388,SB10440719,1388,ŞCOALA GIMNAZIALĂ NR. 7 MEDIAŞ,8.00,-,-,6.70,-,-,-,-,-,-,7.35
1389,SB4856951,1389,"ŞCOALA GIMNAZIALĂ ""RADU SELEJAN"" SIBIU",7.85,-,-,6.60,6.85,6.85,-,-,-,-,7.35
1390,SB12321014,1390,"ŞCOALA GIMNAZIALĂ ""REGINA MARIA"" SIBIU",7.80,-,-,6.90,-,-,-,-,-,-,7.35
1391,SB9238095,1391,ŞCOALA GIMNAZIALĂ ŞEICA MARE,7.80,-,-,6.90,-,-,-,-,-,-,7.35
1392,SB9928292,1392,"ŞCOALA GIMNAZIALĂ ""ION ALBESCU"" BOIŢA",7.75,-,-,6.95,-,-,-,-,-,-,7.35
1393,SB12408511,1393,"ŞCOALA GIMNAZIALĂ ""AUREL DECEI"" GURA RÂULUI",7.65,-,-,7.05,-,-,-,-,-,-,7.35
1394,SB12616167,1394,"ŞCOALA GIMNAZIALĂ ""REGINA MARIA"" SIBIU",7.50,-,-,7.20,-,-,-,-,-,-,7.35
1395,SB7960444,1395,"ŞCOALA GIMNAZIALĂ ""IOAN BAN - DASCĂLU"" POIANA SIBIULUI",7.45,-,-,7.25,-,-,-,-,-,-,7.35
1396,SB11073028,1396,ŞCOALA GIMNAZIALĂ NR. 18 SIBIU,7.35,-,-,7.35,-,-,-,-,-,-,7.35
1397,SB10477041,1397,"ŞCOALA GIMNAZIALĂ ""NICOLAE IORGA"" SIBIU",7.25,-,-,7.45,-,-,-,-,-,-,7.35
1398,SB10426720,1398,"COLEGIUL NAȚIONAL PEDAGOGIC ""ANDREI ŞAGUNA"" SIBIU",7.05,-,-,7.65,-,-,-,-,-,-,7.35
1399,SB13186714,1399,"LICEUL TEORETIC ""CONSTANTIN NOICA"" SIBIU",6.75,-,-,7.95,-,-,-,-,-,-,7.35
1400,SB9674918,1400,"ŞCOALA GIMNAZIALĂ ""IOAN SLAVICI"" SIBIU",5.85,6.60,6.60,8.10,-,-,-,-,-,-,7.35
1401,SB10071785,1401,"LICEUL TEORETIC ""ROTH - OBERTH"" MEDIAŞ",7.30,-,-,6.65,-,-,Limba germana,8.05,-,-,7.33
1402,SB10744160,1402,ŞCOALA GIMNAZIALĂ VURPĂR,8.00,-,-,6.65,-,-,-,-,-,-,7.32
1403,SB13608452,1403,ŞCOALA GIMNAZIALĂ NR. 8 SIBIU,8.00,-,-,6.65,-,-,-,-,-,-,7.32
1404,SB2829851,1404,"ŞCOALA GIMNAZIALĂ ""RADU SELEJAN"" SIBIU",7.90,-,-,6.75,-,-,-,-,-,-,7.32
1405,SB10301824,1405,ŞCOALA GIMNAZIALĂ NR. 1 SIBIU,7.70,-,-,6.95,-,-,-,-,-,-,7.32
1406,SB10125948,1406,"COLEGIUL NAȚIONAL ""OCTAVIAN GOGA"" SIBIU",7.65,-,-,7.00,-,-,-,-,-,-,7.32
1407,SB10662460,1407,"ŞCOALA GIMNAZIALĂ ""REGINA MARIA"" SIBIU",7.15,-,-,7.50,-,-,-,-,-,-,7.32
1408,SB9076495,1408,"ŞCOALA GIMNAZIALĂ ""REGINA MARIA"" SIBIU",7.00,-,-,7.65,-,-,-,-,-,-,7.32
1409,SB10045244,1409,ŞCOALA GIMNAZIALĂ NR. 18 SIBIU,6.95,-,-,7.70,-,-,-,-,-,-,7.32
1410,SB2521501,1410,"LICEUL TEHNOLOGIC ""JOHANNES LEBEL"" TĂLMACIU",6.90,-,-,7.75,-,-,-,-,-,-,7.32
1411,SB12121012,1411,"LICEUL TEORETIC ""ROTH - OBERTH"" MEDIAŞ",7.30,-,-,5.85,-,-,Limba germana,8.80,-,-,7.31
1412,SB9589197,1412,"LICEUL TEORETIC ""GUSTAV GÜNDISCH"" CISNĂDIE",8.05,-,-,8.35,-,-,Limba germana,5.50,-,-,7.30
1413,SB10384763,1413,"LICEUL ""AUGUST TREBONIU LAURIAN"" AGNITA",7.90,-,-,6.70,-,-,-,-,-,-,7.30
1414,SB10113871,1414,ŞCOALA GIMNAZIALĂ NR. 21 SIBIU,7.80,-,-,6.80,-,-,-,-,-,-,7.30
1415,SB9148809,1415,"ŞCOALA GIMNAZIALĂ ""MATEI BASARAB"" TURNU ROŞU",7.45,-,-,7.15,-,-,-,-,-,-,7.30
1416,SB9538879,1416,"ŞCOALA GIMNAZIALĂ ""IOAN SLAVICI"" SIBIU",7.40,-,-,7.20,-,-,-,-,-,-,7.30
1417,SB10383853,1417,"COLEGIUL NAȚIONAL ""OCTAVIAN GOGA"" SIBIU",7.35,-,-,7.25,-,-,-,-,-,-,7.30
1418,SB10750716,1418,"ŞCOALA GIMNAZIALĂ ""MIHAI VITEAZU"" ŞELIMBĂR",7.35,-,-,7.25,-,-,-,-,-,-,7.30
1419,SB9474770,1419,"ŞCOALA GIMNAZIALĂ ""AUREL DECEI"" GURA RÂULUI",7.15,-,-,7.45,-,-,-,-,-,-,7.30
1420,SB10275195,1420,"COLEGIUL NAȚIONAL ""SAMUEL VON BRUKENTHAL"" SIBIU",7.10,-,-,6.90,-,-,Limba germana,7.90,-,-,7.30
1421,SB9741573,1421,"ŞCOALA GIMNAZIALĂ ""SAVA POPOVICI BARCIANU"" RĂŞINARI",6.85,-,-,7.75,-,-,-,-,-,-,7.30
1422,SB10424694,1422,ŞCOALA GIMNAZIALĂ NR. 25 SIBIU,6.50,-,-,8.10,-,-,-,-,-,-,7.30
1423,SB10665909,1423,ŞCOALA GIMNAZIALĂ NR. 3 COPȘA MICĂ,6.20,-,-,8.40,-,-,-,-,-,-,7.30
1424,SB10098726,1424,"COLEGIUL NAȚIONAL ""OCTAVIAN GOGA"" SIBIU",8.55,-,-,8.40,-,-,Limba germana,4.90,-,-,7.28
1425,SB10326641,1425,"ŞCOALA GIMNAZIALĂ ""CIREŞARII"" MEDIAŞ",8.35,-,-,6.20,-,-,-,-,-,-,7.27
1426,SB10608562,1426,ŞCOALA GIMNAZIALĂ NR. 2 SIBIU,8.25,-,-,6.30,-,-,-,-,-,-,7.27
1427,SB10089336,1427,"ŞCOALA GIMNAZIALĂ ""MIHAI EMINESCU"" MEDIAŞ",7.75,-,-,6.80,-,-,-,-,-,-,7.27
1428,SB7504351,1428,ŞCOALA GIMNAZIALĂ NR. 21 SIBIU,7.65,-,-,6.90,-,-,-,-,-,-,7.27
1429,SB9004129,1429,"COLEGIUL NAȚIONAL ""OCTAVIAN GOGA"" SIBIU",7.55,-,-,7.00,-,-,-,-,-,-,7.27
1430,SB8987503,1430,"COLEGIUL NAȚIONAL PEDAGOGIC ""ANDREI ŞAGUNA"" SIBIU",7.50,-,-,7.05,-,-,-,-,-,-,7.27
1431,SB8873866,1431,"ŞCOALA GIMNAZIALĂ ""RADU SELEJAN"" SIBIU",7.35,-,-,7.20,-,-,-,-,-,-,7.27
1432,SB10295319,1432,ŞCOALA GIMNAZIALĂ NR. 7 MEDIAŞ,7.15,-,-,7.40,-,-,-,-,-,-,7.27
1433,SB9806052,1433,"ŞCOALA GIMNAZIALĂ ""NICOLAE IORGA"" SIBIU",7.05,6.80,6.80,7.75,-,-,-,-,-,-,7.27
1434,SB9474838,1434,"ŞCOALA GIMNAZIALĂ ""AUREL DECEI"" GURA RÂULUI",7.00,-,-,7.55,-,-,-,-,-,-,7.27
1435,SB4109151,1435,ŞCOALA GIMNAZIALĂ NR. 18 SIBIU,6.90,-,-,7.65,-,-,-,-,-,-,7.27
1436,SB9102383,1436,ŞCOALA GIMNAZIALĂ NR. 25 SIBIU,6.85,-,-,7.70,-,-,-,-,-,-,7.27
1437,SB10124574,1437,ŞCOALA GIMNAZIALĂ NR. 12 SIBIU,6.50,-,-,8.05,-,-,-,-,-,-,7.27
1438,SB10431047,1438,"ŞCOALA GIMNAZIALĂ ""ION LUCA CARAGIALE"" SIBIU",7.15,-,-,6.95,-,-,Limba germana,7.70,-,-,7.26
1439,SB10591073,1439,"LICEUL TEORETIC ""ROTH - OBERTH"" MEDIAŞ",6.05,-,-,8.55,-,-,Limba germana,7.20,-,-,7.26
1440,SB9658573,1440,"COLEGIUL NAȚIONAL PEDAGOGIC ""ANDREI ŞAGUNA"" SIBIU",8.50,-,-,6.00,-,-,-,-,-,-,7.25
1441,SB9137834,1441,"ŞCOALA GIMNAZIALĂ ""OCTAVIAN GOGA"" RĂŞINARI",8.15,-,-,6.35,-,-,-,-,-,-,7.25
1442,SB3979751,1442,ŞCOALA GIMNAZIALĂ NR. 13 SIBIU,7.80,-,-,6.70,-,-,-,-,-,-,7.25
1443,SB12616514,1443,LICEUL ROMÂNO - FINLANDEZ ERI SIBIU,7.65,-,-,6.85,-,-,-,-,-,-,7.25
1444,SB3976801,1444,ŞCOALA GIMNAZIALĂ NR. 18 SIBIU,7.60,-,-,6.90,-,-,-,-,-,-,7.25
1445,SB10529449,1445,"COLEGIUL NAȚIONAL ""OCTAVIAN GOGA"" SIBIU",7.55,-,-,6.95,-,-,-,-,-,-,7.25
1446,SB12094458,1446,ŞCOALA GIMNAZIALĂ NR. 21 SIBIU,7.55,-,-,6.95,-,-,-,-,-,-,7.25
1447,SB10587581,1447,"LICEUL ""TIMOTEI CIPARIU"" DUMBRĂVENI",7.45,-,-,7.05,-,-,-,-,-,-,7.25
1448,SB9474627,1448,"ŞCOALA GIMNAZIALĂ ""AUREL DECEI"" GURA RÂULUI",7.20,-,-,7.30,-,-,-,-,-,-,7.25
1449,SB10307150,1449,"ŞCOALA GIMNAZIALĂ ""BATHORY ISTVAN"" MEDIAŞ",8.60,-,-,4.70,-,-,Limba maghiara,8.40,-,-,7.23
1450,SB10301565,1450,"LICEUL TEORETIC ""ROTH - OBERTH"" MEDIAŞ",7.90,-,-,6.40,-,-,Limba germana,7.40,-,-,7.23
1451,SB12056777,1451,"ŞCOALA GIMNAZIALĂ ""NICOLAE IORGA"" SIBIU",7.55,-,-,6.65,-,-,Limba germana,7.50,-,-,7.23
1452,SB10299056,1452,"LICEUL TEORETIC ""ROTH - OBERTH"" MEDIAŞ",7.45,-,-,6.75,-,-,Limba germana,7.50,-,-,7.23
1453,SB643251,1453,"COLEGIUL NAȚIONAL ""OCTAVIAN GOGA"" SIBIU",8.45,-,-,6.00,-,-,-,-,-,-,7.22
1454,SB4069851,1454,ŞCOALA GIMNAZIALĂ NR. 13 SIBIU,7.90,-,-,6.55,-,-,-,-,-,-,7.22
1455,SB10294359,1455,ŞCOALA GIMNAZIALĂ NR. 25 SIBIU,7.80,-,-,6.65,-,-,-,-,-,-,7.22
1456,SB10176757,1456,ŞCOALA GIMNAZIALĂ NR. 18 SIBIU,7.55,-,-,6.90,-,-,-,-,-,-,7.22
1457,SB10019875,1457,"ŞCOALA GIMNAZIALĂ ""MIHAI EMINESCU"" MEDIAŞ",7.25,-,-,7.20,-,-,-,-,-,-,7.22
1458,SB4535551,1458,ŞCOALA GIMNAZIALĂ OCNA SIBIULUI,7.20,-,-,7.25,-,-,-,-,-,-,7.22
1459,SB9184297,1459,"ŞCOALA GIMNAZIALĂ ""REGELE FERDINAND"" SIBIU",7.20,-,-,7.25,-,-,-,-,-,-,7.22
1460,SB7505901,1460,ŞCOALA GIMNAZIALĂ NR. 21 SIBIU,6.50,-,-,7.95,-,-,-,-,-,-,7.22
1461,SB10269262,1461,ŞCOALA GIMNAZIALĂ ŞURA MICĂ,7.95,-,-,6.45,-,-,-,-,-,-,7.20
1462,SB10825385,1462,"LICEUL TEORETIC ""CONSTANTIN NOICA"" SIBIU",7.80,-,-,6.60,-,-,-,-,-,-,7.20
1463,SB9352947,1463,"LICEUL TEHNOLOGIC ""JOHANNES LEBEL"" TĂLMACIU",7.50,-,-,6.90,-,-,-,-,-,-,7.20
1464,SB12616136,1464,ŞCOALA GIMNAZIALĂ NR. 18 SIBIU,7.35,8.10,8.10,6.30,-,-,-,-,-,-,7.20
1465,SB6699951,1465,ŞCOALA GIMNAZIALĂ NR. 21 SIBIU,7.30,-,-,7.10,-,-,-,-,-,-,7.20
1466,SB10301969,1466,"ŞCOALA GIMNAZIALĂ ""REGELE FERDINAND"" SIBIU",7.15,-,-,7.25,-,-,-,-,-,-,7.20
1467,SB12066424,1467,"ŞCOALA GIMNAZIALĂ ""IOAN SLAVICI"" SIBIU",7.15,-,-,7.25,-,-,-,-,-,-,7.20
1468,SB9933679,1468,"LICEUL TEHNOLOGIC ""JOHANNES LEBEL"" TĂLMACIU",6.65,-,-,7.75,-,-,-,-,-,-,7.20
1469,SB10466030,1469,ŞCOALA GIMNAZIALĂ NR. 4 SIBIU,6.50,6.35,6.35,8.05,-,-,-,-,-,-,7.20
1470,SB10298810,1470,"LICEUL TEORETIC ""ROTH - OBERTH"" MEDIAŞ",7.80,-,-,6.35,-,-,Limba germana,7.40,-,-,7.18
1471,SB11074572,1471,"COLEGIUL NAȚIONAL ""SAMUEL VON BRUKENTHAL"" SIBIU",7.70,-,-,6.50,-,-,Limba germana,7.35,-,-,7.18
1472,SB8474966,1472,"ŞCOALA GIMNAZIALĂ ""REGINA MARIA"" SIBIU",9.00,-,-,5.35,-,-,-,-,-,-,7.17
1473,SB10117519,1473,ŞCOALA GIMNAZIALĂ NR. 13 SIBIU,8.60,-,-,5.75,-,-,-,-,-,-,7.17
1474,SB10637121,1474,"LICEUL ""TIMOTEI CIPARIU"" DUMBRĂVENI",7.90,-,-,6.45,-,-,-,-,-,-,7.17
1475,SB10295418,1475,"ŞCOALA GIMNAZIALĂ ""RADU SELEJAN"" SIBIU",7.85,-,-,6.50,6.50,6.50,-,-,-,-,7.17
1476,SB10735220,1476,"ŞCOALA GIMNAZIALĂ ""BADEA CÎRŢAN"" CÂRŢIŞOARA",7.65,-,-,6.70,-,-,-,-,-,-,7.17
1477,SB9841845,1477,ŞCOALA GIMNAZIALĂ PORUMBACU DE JOS,7.55,-,-,6.80,-,-,-,-,-,-,7.17
1478,SB10399744,1478,ŞCOALA GIMNAZIALĂ NR. 25 SIBIU,7.45,-,-,6.90,-,-,-,-,-,-,7.17
1479,SB13992970,1479,ŞCOALA GIMNAZIALĂ NR. 3 COPȘA MICĂ,7.45,-,-,6.90,-,-,-,-,-,-,7.17
1480,SB10421678,1480,"LICEUL TEORETIC ""CONSTANTIN NOICA"" SIBIU",7.35,-,-,7.00,-,-,-,-,-,-,7.17
1481,SB10123618,1481,"ŞCOALA GIMNAZIALĂ ""NICOLAE IORGA"" SIBIU",7.30,-,-,7.05,-,-,-,-,-,-,7.17
1482,SB10431159,1482,ŞCOALA GIMNAZIALĂ NR. 13 SIBIU,6.90,-,-,7.45,-,-,-,-,-,-,7.17
1483,SB10506620,1483,"ŞCOALA GIMNAZIALĂ ""ION LUCA CARAGIALE"" SIBIU",6.90,-,-,7.45,-,-,-,-,-,-,7.17
1484,SB12442060,1484,"COLEGIUL NAȚIONAL ""OCTAVIAN GOGA"" SIBIU",6.85,6.45,6.45,7.90,-,-,-,-,-,-,7.17
1485,SB9173122,1485,"LICEUL TEORETIC ""GUSTAV GÜNDISCH"" CISNĂDIE",6.40,-,-,7.95,-,-,-,-,-,-,7.17
1486,SB10446711,1486,ŞCOALA GIMNAZIALĂ NR. 4 SIBIU,8.40,8.80,8.80,5.95,5.50,5.50,-,-,-,-,7.15
1487,SB9044455,1487,"COLEGIUL NAȚIONAL ""OCTAVIAN GOGA"" SIBIU",8.30,-,-,6.00,-,-,-,-,-,-,7.15
1488,SB10330718,1488,"ŞCOALA GIMNAZIALĂ ""CIREŞARII"" MEDIAŞ",7.85,-,-,6.45,-,-,-,-,-,-,7.15
1489,SB10280327,1489,"COLEGIUL NAȚIONAL ""OCTAVIAN GOGA"" SIBIU",7.70,-,-,6.60,-,-,-,-,-,-,7.15
1490,SB10175023,1490,"ŞCOALA GIMNAZIALĂ ""NICOLAE IORGA"" SIBIU",7.65,7.85,7.85,7.00,7.05,7.05,Limba germana,6.55,-,-,7.15
1491,SB10120926,1491,ŞCOALA GIMNAZIALĂ NR. 21 SIBIU,7.60,-,-,6.70,-,-,-,-,-,-,7.15
1492,SB10305721,1492,"ŞCOALA GIMNAZIALĂ ""BATHORY ISTVAN"" MEDIAŞ",7.55,-,-,5.65,-,-,Limba maghiara,8.25,-,-,7.15
1493,SB10106897,1493,"ŞCOALA GIMNAZIALĂ ""MIHAI VITEAZU"" ŞELIMBĂR",7.50,-,-,6.80,-,-,-,-,-,-,7.15
1494,SB10384489,1494,ŞCOALA GIMNAZIALĂ NR. 8 SIBIU,7.25,-,-,7.05,-,-,-,-,-,-,7.15
1495,SB8998075,1495,LICEUL DE ARTĂ SIBIU,7.20,-,-,7.10,-,-,-,-,-,-,7.15
1496,SB9109119,1496,"ŞCOALA GIMNAZIALĂ ""MARȚIAN NEGREA"" VALEA VIILOR",7.05,-,-,7.25,-,-,-,-,-,-,7.15
1497,SB8873662,1497,"LICEUL TEORETIC ""CONSTANTIN NOICA"" SIBIU",6.75,7.70,7.70,6.60,-,-,-,-,-,-,7.15
1498,SB10410568,1498,ŞCOALA GIMNAZIALĂ NR. 2 SIBIU,6.70,-,-,7.60,-,-,-,-,-,-,7.15
1499,SB10003088,1499,"ŞCOALA GIMNAZIALĂ ""RADU SELEJAN"" SIBIU",6.60,-,-,7.70,-,-,-,-,-,-,7.15
1500,SB9132208,1500,"ŞCOALA GIMNAZIALĂ ""OCTAVIAN GOGA"" RĂŞINARI",6.50,-,-,7.80,-,-,-,-,-,-,7.15
1501,SB12618682,1501,ŞCOALA GIMNAZIALĂ NR. 13 SIBIU,6.20,-,-,8.10,-,-,-,-,-,-,7.15
1502,SB9593357,1502,ŞCOALA GIMNAZIALĂ NR. 4 SIBIU,8.05,-,-,7.60,-,-,Limba germana,5.95,5.75,5.75,7.13
1503,SB12616581,1503,ŞCOALA GIMNAZIALĂ NR. 25 SIBIU,8.25,-,-,6.00,-,-,-,-,-,-,7.12
1504,SB1988101,1504,"ŞCOALA GIMNAZIALĂ ""NICOLAE IORGA"" SIBIU",7.75,-,-,6.50,-,-,-,-,-,-,7.12
1505,SB9817817,1505,"LICEUL TEORETIC ""GHEORGHE LAZĂR"" AVRIG",7.75,-,-,6.50,-,-,-,-,-,-,7.12
1506,SB11008877,1506,"COLEGIUL NAȚIONAL ""OCTAVIAN GOGA"" SIBIU",7.70,-,-,6.55,-,-,-,-,-,-,7.12
1507,SB9858358,1507,"ŞCOALA GIMNAZIALĂ ""STEPHAN LUDWIG ROTH"" MOŞNA",7.55,-,-,6.70,-,-,-,-,-,-,7.12
1508,SB10045450,1508,"ŞCOALA GIMNAZIALĂ ""REGELE FERDINAND"" SIBIU",7.30,-,-,6.95,-,-,-,-,-,-,7.12
1509,SB12071131,1509,"ŞCOALA GIMNAZIALĂ ""MIHAI EMINESCU"" MEDIAŞ",6.70,-,-,7.55,-,-,-,-,-,-,7.12
1510,SB10297612,1510,LICEUL DE ARTĂ SIBIU,6.35,-,-,7.90,-,-,-,-,-,-,7.12
1511,SB10666107,1511,ŞCOALA GIMNAZIALĂ NR. 3 COPȘA MICĂ,6.25,-,-,8.00,-,-,-,-,-,-,7.12
1512,SB9535416,1512,"COLEGIUL NAȚIONAL PEDAGOGIC ""ANDREI ŞAGUNA"" SIBIU",6.25,-,-,8.00,-,-,-,-,-,-,7.12
1513,SB11059789,1513,"ŞCOALA GIMNAZIALĂ ""NICOLAE IORGA"" SIBIU",7.25,-,-,8.50,-,-,Limba germana,5.60,-,-,7.11
1514,SB10418652,1514,ŞCOALA GIMNAZIALĂ NR. 25 SIBIU,8.45,-,-,5.75,-,-,-,-,-,-,7.10
1515,SB12270293,1515,ŞCOALA GIMNAZIALĂ NR. 1 SIBIU,8.40,-,-,5.80,-,-,-,-,-,-,7.10
1516,SB10408762,1516,ŞCOALA GIMNAZIALĂ NR. 1 SIBIU,7.85,-,-,6.35,-,-,-,-,-,-,7.10
1517,SB10175249,1517,"COLEGIUL NAȚIONAL ""SAMUEL VON BRUKENTHAL"" SIBIU",7.60,7.50,7.50,6.40,-,-,Limba germana,6.85,7.40,7.40,7.10
1518,SB10294757,1518,"ŞCOALA GIMNAZIALĂ ""MIHAI EMINESCU"" MEDIAŞ",7.45,-,-,6.75,-,-,-,-,-,-,7.10
1519,SB12793214,1519,ŞCOALA GIMNAZIALĂ NR. 18 SIBIU,7.40,-,-,6.80,-,-,-,-,-,-,7.10
1520,SB10046248,1520,LICEUL DE ARTĂ SIBIU,7.35,-,-,6.85,-,-,-,-,-,-,7.10
1521,SB7506401,1521,ŞCOALA GIMNAZIALĂ NR. 21 SIBIU,7.35,-,-,6.85,-,-,-,-,-,-,7.10
1522,SB12375245,1522,"ŞCOALA GIMNAZIALĂ ""ION LUCA CARAGIALE"" SIBIU",7.20,-,-,7.00,-,-,-,-,-,-,7.10
1523,SB10391388,1523,ŞCOALA GIMNAZIALĂ POPLACA,6.35,6.80,6.80,7.50,7.40,7.40,-,-,-,-,7.10
1524,SB10348563,1524,ŞCOALA GIMNAZIALĂ NR. 1 SIBIU,6.15,-,-,8.05,-,-,-,-,-,-,7.10
1525,SB12615230,1525,"ŞCOALA GIMNAZIALĂ ""ION LUCA CARAGIALE"" SIBIU",6.10,7.10,7.10,6.40,-,-,Limba germana,7.80,-,-,7.10
1526,SB9815643,1526,ŞCOALA GIMNAZIALĂ AVRIG,7.50,-,-,6.65,-,-,-,-,-,-,7.07
1527,SB12915093,1527,ŞCOALA GIMNAZIALĂ ŞEICA MARE,7.40,-,-,6.75,-,-,-,-,-,-,7.07
1528,SB8996643,1528,"ŞCOALA GIMNAZIALĂ ""NICOLAE IORGA"" SIBIU",7.40,-,-,6.75,-,-,-,-,-,-,7.07
1529,SB13189507,1529,"LICEUL TEORETIC ""CONSTANTIN NOICA"" SIBIU",7.35,-,-,6.80,-,-,-,-,-,-,7.07
1530,SB12387398,1530,ŞCOALA GIMNAZIALĂ NR. 21 SIBIU,7.25,7.85,7.85,6.30,-,-,-,-,-,-,7.07
1531,SB9006399,1531,"ŞCOALA GIMNAZIALĂ ""IOAN SLAVICI"" SIBIU",7.05,7.45,7.45,6.70,-,-,-,-,-,-,7.07
1532,SB9004449,1532,ŞCOALA GIMNAZIALĂ NR. 12 SIBIU,6.95,-,-,7.20,-,-,-,-,-,-,7.07
1533,SB9836930,1533,"ŞCOALA GIMNAZIALĂ ""OCTAVIAN GOGA"" RĂŞINARI",6.90,-,-,7.25,-,-,-,-,-,-,7.07
1534,SB10070147,1534,"LICEUL TEORETIC ""ROTH - OBERTH"" MEDIAŞ",8.20,-,-,5.55,-,-,Limba germana,7.45,-,-,7.06
1535,SB10298336,1535,"LICEUL TEORETIC ""ROTH - OBERTH"" MEDIAŞ",7.35,-,-,6.90,-,-,Limba germana,6.20,6.95,6.95,7.06
1536,SB9237965,1536,ŞCOALA GIMNAZIALĂ ŞEICA MARE,8.00,-,-,6.10,-,-,-,-,-,-,7.05
1537,SB9093175,1537,"ŞCOALA GIMNAZIALĂ ""SAVA POPOVICI BARCIANU"" RĂŞINARI",7.85,-,-,6.25,-,-,-,-,-,-,7.05
1538,SB11090380,1538,"COLEGIUL NAȚIONAL PEDAGOGIC ""ANDREI ŞAGUNA"" SIBIU",7.80,-,-,6.30,-,-,-,-,-,-,7.05
1539,SB10464820,1539,"COLEGIUL NAȚIONAL ""OCTAVIAN GOGA"" SIBIU",7.40,-,-,7.95,-,-,Limba germana,5.80,-,-,7.05
1540,SB12093676,1540,LICEUL TEHNOLOGIC IACOBENI,7.40,-,-,6.70,-,-,-,-,-,-,7.05
1541,SB12211212,1541,ŞCOALA GIMNAZIALĂ AVRIG,7.30,-,-,6.80,-,-,-,-,-,-,7.05
1542,SB8605446,1542,ŞCOALA GIMNAZIALĂ NR. 10 SIBIU,7.30,-,-,6.80,-,-,-,-,-,-,7.05
1543,SB9108964,1543,"ŞCOALA GIMNAZIALĂ ""MARȚIAN NEGREA"" VALEA VIILOR",7.10,-,-,7.00,-,-,-,-,-,-,7.05
1544,SB11013645,1544,"ŞCOALA GIMNAZIALĂ ""NICOLAE IORGA"" SIBIU",7.00,-,-,6.70,-,-,Limba germana,7.45,-,-,7.05
1545,SB1140201,1545,ŞCOALA GIMNAZIALĂ NR. 1 SIBIU,6.70,-,-,7.40,-,-,-,-,-,-,7.05
1546,SB10077389,1546,ŞCOALA GIMNAZIALĂ NR. 1 SIBIU,5.30,-,-,8.80,-,-,-,-,-,-,7.05
1547,SB10173486,1547,"COLEGIUL NAȚIONAL ""OCTAVIAN GOGA"" SIBIU",7.90,-,-,5.50,-,-,Limba germana,7.70,-,-,7.03
1548,SB10408358,1548,"ŞCOALA GIMNAZIALĂ ""ION LUCA CARAGIALE"" SIBIU",7.80,8.15,8.15,5.30,5.25,5.25,Limba germana,7.70,-,-,7.03
1549,SB10122983,1549,"COLEGIUL NAȚIONAL ""OCTAVIAN GOGA"" SIBIU",7.35,-,-,6.50,-,-,Limba maghiara,7.25,-,-,7.03
1550,SB12037936,1550,"ŞCOALA GIMNAZIALĂ ""AVIATOR IOAN SAVA"" ALŢINA",8.10,-,-,5.95,-,-,-,-,-,-,7.02
1551,SB10744097,1551,ŞCOALA GIMNAZIALĂ VURPĂR,7.80,-,-,6.25,-,-,-,-,-,-,7.02
1552,SB10547003,1552,ŞCOALA GIMNAZIALĂ NR. 3 CISNĂDIE,7.35,-,-,6.70,-,-,-,-,-,-,7.02
1553,SB10359968,1553,ŞCOALA GIMNAZIALĂ TILIŞCA,7.10,7.05,7.05,7.00,7.00,7.00,-,-,-,-,7.02
1554,SB10341160,1554,ŞCOALA GIMNAZIALĂ NR. 2 SIBIU,7.05,-,-,7.00,-,-,-,-,-,-,7.02
1555,SB10011079,1555,ŞCOALA GIMNAZIALĂ SĂCEL,6.85,-,-,7.20,-,-,-,-,-,-,7.02
1556,SB10428594,1556,ŞCOALA GIMNAZIALĂ NR. 13 SIBIU,6.75,-,-,7.30,-,-,-,-,-,-,7.02
1557,SB10446819,1557,ŞCOALA GIMNAZIALĂ NR. 13 SIBIU,6.75,-,-,7.30,-,-,-,-,-,-,7.02
1558,SB10445744,1558,ŞCOALA GIMNAZIALĂ NR. 4 SIBIU,6.70,-,-,7.35,-,-,-,-,-,-,7.02
1559,SB14748606,1559,"ŞCOALA GIMNAZIALĂ ""MIHAI EMINESCU"" MEDIAŞ",6.45,-,-,7.60,-,-,-,-,-,-,7.02
1560,SB10952763,1560,"ŞCOALA GIMNAZIALĂ ""MIHAI VITEAZU"" ŞELIMBĂR",6.35,-,-,7.70,-,-,-,-,-,-,7.02
1561,SB12412498,1561,"ŞCOALA GIMNAZIALĂ ""REGELE FERDINAND"" SIBIU",6.30,-,-,7.75,-,-,-,-,-,-,7.02
1562,SB10432630,1562,"LICEUL TEORETIC ""ONISIFOR GHIBU"" SIBIU",8.05,-,-,7.10,-,-,Limba germana,5.90,-,-,7.01
1563,SB10352075,1563,"ŞCOALA GIMNAZIALĂ ""NICOLAE IORGA"" SIBIU",7.05,-,-,8.15,-,-,Limba germana,5.85,-,-,7.01
1564,SB9990265,1564,"ŞCOALA GIMNAZIALĂ ""NICOLAE IORGA"" SIBIU",8.05,7.45,7.45,6.40,6.55,6.55,-,-,-,-,7.00
1565,SB12536796,1565,ŞCOALA GIMNAZIALĂ CRISTIAN,8.00,-,-,6.00,-,-,-,-,-,-,7.00
1566,SB10816602,1566,"ŞCOALA GIMNAZIALĂ ""NICOLAE IORGA"" SIBIU",7.95,-,-,6.05,-,-,-,-,-,-,7.00
1567,SB8225006,1567,"LICEUL TEHNOLOGIC ""JOHANNES LEBEL"" TĂLMACIU",7.75,-,-,6.25,-,-,-,-,-,-,7.00
1568,SB6698601,1568,ŞCOALA GIMNAZIALĂ NR. 21 SIBIU,7.55,-,-,6.45,-,-,-,-,-,-,7.00
1569,SB8714461,1569,"ŞCOALA GIMNAZIALĂ ""NICOLAE IORGA"" SIBIU",7.45,-,-,6.55,-,-,-,-,-,-,7.00
1570,SB10496753,1570,"ŞCOALA GIMNAZIALĂ ""NICOLAE IORGA"" SIBIU",7.35,-,-,6.65,-,-,-,-,-,-,7.00
1571,SB10290323,1571,ŞCOALA GIMNAZIALĂ NR. 25 SIBIU,7.25,-,-,6.75,-,-,-,-,-,-,7.00
1572,SB10465928,1572,ŞCOALA GIMNAZIALĂ NR. 21 SIBIU,7.25,-,-,6.75,-,-,-,-,-,-,7.00
1573,SB14363953,1573,ŞCOALA GIMNAZIALĂ NR. 7 MEDIAŞ,7.20,-,-,6.80,-,-,-,-,-,-,7.00
1574,SB10320738,1574,"LICEUL ""AUGUST TREBONIU LAURIAN"" AGNITA",7.05,-,-,6.95,-,-,-,-,-,-,7.00
1575,SB9149768,1575,"ŞCOALA GIMNAZIALĂ ""MATEI BASARAB"" TURNU ROŞU",6.95,-,-,7.05,-,-,-,-,-,-,7.00
1576,SB10437792,1576,ŞCOALA GIMNAZIALĂ NR. 8 SIBIU,6.85,6.45,6.45,7.55,-,-,-,-,-,-,7.00
1577,SB12047208,1577,ŞCOALA GIMNAZIALĂ NR. 13 SIBIU,6.75,-,-,7.25,-,-,-,-,-,-,7.00
1578,SB9899659,1578,"ŞCOALA GIMNAZIALĂ ""ION POP RETEGANUL"" ORLAT",6.40,-,-,7.60,-,-,-,-,-,-,7.00
1579,SB10513953,1579,"ŞCOALA GIMNAZIALĂ ""NICOLAE IORGA"" SIBIU",6.20,6.50,6.50,7.50,-,-,-,-,-,-,7.00
1580,SB10279701,1580,"ŞCOALA GIMNAZIALĂ ""GEORG DANIEL TEUTSCH"" AGNITA",8.20,-,-,5.75,-,-,-,-,-,-,6.97
1581,SB12614641,1581,ŞCOALA GIMNAZIALĂ NR. 1 SIBIU,7.35,-,-,6.60,-,-,-,-,-,-,6.97
1582,SB10325610,1582,"ŞCOALA GIMNAZIALĂ ""CONSTANTIN IOAN MOTAŞ"" MEDIAŞ",7.20,-,-,6.75,-,-,-,-,-,-,6.97
1583,SB12329720,1583,LICEUL DE ARTĂ SIBIU,7.00,-,-,6.95,-,-,-,-,-,-,6.97
1584,SB10498250,1584,"LICEUL TEORETIC ""CONSTANTIN NOICA"" SIBIU",6.95,-,-,7.00,-,-,-,-,-,-,6.97
1585,SB10321010,1585,"ŞCOALA GIMNAZIALĂ ""CONSTANTIN IOAN MOTAŞ"" MEDIAŞ",6.40,-,-,7.55,-,-,-,-,-,-,6.97
1586,SB10340751,1586,"ŞCOALA GIMNAZIALĂ ""CONSTANTIN IOAN MOTAŞ"" MEDIAŞ",6.20,-,-,7.75,-,-,-,-,-,-,6.97
1587,SB10692315,1587,"ŞCOALA GIMNAZIALĂ ""RADU SELEJAN"" SIBIU",7.80,-,-,5.95,6.10,6.10,-,-,-,-,6.95
1588,SB9683477,1588,ŞCOALA GIMNAZIALĂ CRISTIAN,7.75,-,-,6.15,-,-,-,-,-,-,6.95
1589,SB1140901,1589,"ŞCOALA GIMNAZIALĂ ""REGINA MARIA"" SIBIU",7.45,-,-,6.20,6.45,6.45,-,-,-,-,6.95
1590,SB10435003,1590,"ŞCOALA GIMNAZIALĂ ""IOAN SLAVICI"" SIBIU",7.25,-,-,6.65,-,-,-,-,-,-,6.95
1591,SB10391185,1591,ŞCOALA GIMNAZIALĂ POPLACA,6.95,-,-,6.95,-,-,-,-,-,-,6.95
1592,SB10591664,1592,"LICEUL TEORETIC ""GUSTAV GÜNDISCH"" CISNĂDIE",6.90,-,-,7.00,-,-,-,-,-,-,6.95
1593,SB13110524,1593,ŞCOALA GIMNAZIALĂ NR. 4 SIBIU,7.35,-,-,7.40,-,-,Limba germana,6.05,-,-,6.93
1594,SB9633491,1594,"COLEGIUL NAȚIONAL ""SAMUEL VON BRUKENTHAL"" SIBIU",6.10,-,-,6.35,-,-,Limba germana,8.35,-,-,6.93
1595,SB4638001,1595,"ŞCOALA GIMNAZIALĂ ""REGINA MARIA"" SIBIU",8.35,-,-,5.50,-,-,-,-,-,-,6.92
1596,SB12384626,1596,ŞCOALA GIMNAZIALĂ PĂUCA,8.00,-,-,5.85,-,-,-,-,-,-,6.92
1597,SB10665449,1597,ŞCOALA GIMNAZIALĂ NR. 3 COPȘA MICĂ,7.60,-,-,6.25,-,-,-,-,-,-,6.92
1598,SB6687651,1598,"LICEUL TEORETIC ""CONSTANTIN NOICA"" SIBIU",7.50,-,-,6.35,-,-,-,-,-,-,6.92
1599,SB10444429,1599,"ŞCOALA GIMNAZIALĂ ""RADU SELEJAN"" SIBIU",7.30,-,-,6.55,-,-,-,-,-,-,6.92
1600,SB10587122,1600,"ŞCOALA GIMNAZIALĂ ""ION ALBESCU"" BOIŢA",7.25,-,-,6.60,-,-,-,-,-,-,6.92
1601,SB9985678,1601,LICEUL TEHNOLOGIC IACOBENI,7.15,-,-,6.70,-,-,-,-,-,-,6.92
1602,SB9673968,1602,"ŞCOALA GIMNAZIALĂ ""IOAN SLAVICI"" SIBIU",7.10,-,-,6.75,-,-,-,-,-,-,6.92
1603,SB7885551,1603,"ŞCOALA GIMNAZIALĂ ""RADU SELEJAN"" SIBIU",6.85,-,-,7.00,-,-,-,-,-,-,6.92
1604,SB10709884,1604,"LICEUL TEORETIC ""CONSTANTIN NOICA"" SIBIU",6.75,-,-,7.10,-,-,-,-,-,-,6.92
1605,SB659551,1605,ŞCOALA GIMNAZIALĂ NR. 4 SIBIU,6.35,-,-,7.50,-,-,-,-,-,-,6.92
1606,SB10295643,1606,"LICEUL TEORETIC ""ROTH - OBERTH"" MEDIAŞ",6.85,-,-,8.35,-,-,Limba germana,5.55,-,-,6.91
1607,SB10095928,1607,ŞCOALA GIMNAZIALĂ NR. 18 SIBIU,7.25,-,-,6.55,-,-,-,-,-,-,6.90
1608,SB636551,1608,"ŞCOALA GIMNAZIALĂ ""REGINA MARIA"" SIBIU",6.70,-,-,7.10,-,-,-,-,-,-,6.90
1609,SB10020752,1609,"ŞCOALA GIMNAZIALĂ ""MIHAI EMINESCU"" MEDIAŞ",6.55,-,-,7.25,-,-,-,-,-,-,6.90
1610,SB10092738,1610,ŞCOALA GIMNAZIALĂ NR. 18 SIBIU,6.40,-,-,7.40,-,-,-,-,-,-,6.90
1611,SB7505201,1611,ŞCOALA GIMNAZIALĂ NR. 21 SIBIU,6.20,6.55,6.55,7.25,-,-,-,-,-,-,6.90
1612,SB10301733,1612,ŞCOALA GIMNAZIALĂ NR. 7 MEDIAŞ,7.60,-,-,6.15,-,-,-,-,-,-,6.87
1613,SB12297697,1613,"COLEGIUL NAȚIONAL ""OCTAVIAN GOGA"" SIBIU",7.55,-,-,6.20,-,-,-,-,-,-,6.87
1614,SB9741671,1614,"ŞCOALA GIMNAZIALĂ ""SAVA POPOVICI BARCIANU"" RĂŞINARI",7.10,-,-,6.45,6.65,6.65,-,-,-,-,6.87
1615,SB9066364,1615,ŞCOALA GIMNAZIALĂ SLIMNIC,6.90,6.70,6.70,7.05,-,-,-,-,-,-,6.87
1616,SB9669576,1616,"ŞCOALA GIMNAZIALĂ ""VIOREL CUCU PALTIN"" ARPAȘU DE JOS",6.85,-,-,6.90,-,-,-,-,-,-,6.87
1617,SB11078819,1617,ŞCOALA GIMNAZIALĂ NR. 23 SIBIU,8.10,-,-,5.60,-,-,-,-,-,-,6.85
1618,SB10298553,1618,"LICEUL TEORETIC ""ROTH - OBERTH"" MEDIAŞ",7.65,-,-,5.35,-,-,Limba germana,7.55,-,-,6.85
1619,SB12613941,1619,LICEUL DE ARTĂ SIBIU,7.45,-,-,6.25,-,-,-,-,-,-,6.85
1620,SB4563101,1620,ŞCOALA GIMNAZIALĂ NR. 13 SIBIU,7.45,-,-,6.25,-,-,-,-,-,-,6.85
1621,SB9899994,1621,"ŞCOALA GIMNAZIALĂ ""ION POP RETEGANUL"" ORLAT",7.35,-,-,6.35,-,-,-,-,-,-,6.85
1622,SB9163977,1622,"ŞCOALA GIMNAZIALĂ ""MATEI BASARAB"" TURNU ROŞU",7.35,-,-,6.15,6.35,6.35,-,-,-,-,6.85
1623,SB10278463,1623,"ŞCOALA GIMNAZIALĂ ""CIREŞARII"" MEDIAŞ",6.95,-,-,6.75,-,-,-,-,-,-,6.85
1624,SB10330982,1624,"ŞCOALA GIMNAZIALĂ ""MIHAI EMINESCU"" MEDIAŞ",6.95,7.80,7.80,5.90,-,-,-,-,-,-,6.85
1625,SB12059499,1625,ŞCOALA GIMNAZIALĂ BAZNA,6.85,-,-,6.85,-,-,-,-,-,-,6.85
1626,SB9538229,1626,ŞCOALA GIMNAZIALĂ NR. 8 SIBIU,6.75,-,-,6.95,-,-,-,-,-,-,6.85
1627,SB12101739,1627,"LICEUL TEORETIC ""GHEORGHE LAZĂR"" AVRIG",6.40,-,-,7.30,-,-,-,-,-,-,6.85
1628,SB10045521,1628,ŞCOALA GIMNAZIALĂ NR. 8 SIBIU,6.35,-,-,7.35,-,-,-,-,-,-,6.85
1629,SB10522489,1629,ŞCOALA GIMNAZIALĂ NR. 3 CISNĂDIE,6.30,-,-,7.40,-,-,-,-,-,-,6.85
1630,SB9673843,1630,ŞCOALA GIMNAZIALĂ NR. 8 SIBIU,6.15,-,-,7.55,-,-,-,-,-,-,6.85
1631,SB10122889,1631,"ŞCOALA GIMNAZIALĂ ""RADU SELEJAN"" SIBIU",6.05,-,-,7.65,-,-,-,-,-,-,6.85
1632,SB10124738,1632,LICEUL DE ARTĂ SIBIU,6.00,-,-,7.70,-,-,-,-,-,-,6.85
1633,SB9535628,1633,ŞCOALA GIMNAZIALĂ NR. 8 SIBIU,7.75,-,-,5.90,-,-,-,-,-,-,6.82
1634,SB642701,1634,ŞCOALA GIMNAZIALĂ NR. 1 SIBIU,7.65,-,-,5.75,6.00,6.00,-,-,-,-,6.82
1635,SB10328248,1635,"ŞCOALA GIMNAZIALĂ ""CIREŞARII"" MEDIAŞ",7.45,-,-,6.20,-,-,-,-,-,-,6.82
1636,SB9569070,1636,ŞCOALA GIMNAZIALĂ AGÂRBICIU,7.25,-,-,6.40,-,-,-,-,-,-,6.82
1637,SB10599980,1637,ŞCOALA GIMNAZIALĂ NR. 2 CISNĂDIE,7.00,-,-,6.65,-,-,-,-,-,-,6.82
1638,SB10465434,1638,"COLEGIUL NAȚIONAL ""SAMUEL VON BRUKENTHAL"" SIBIU",7.20,-,-,4.80,4.80,4.80,Limba germana,7.75,8.45,8.45,6.81
1639,SB10447666,1639,ŞCOALA GIMNAZIALĂ BÂRGHIŞ,8.50,-,-,5.10,-,-,-,-,-,-,6.80
1640,SB8402025,1640,ŞCOALA GIMNAZIALĂ RACOVIŢA,8.30,-,-,5.30,-,-,-,-,-,-,6.80
1641,SB10381346,1641,"ŞCOALA GIMNAZIALĂ ""MIHAI EMINESCU"" MEDIAŞ",7.85,-,-,5.75,-,-,-,-,-,-,6.80
1642,SB9378029,1642,"COLEGIUL NAȚIONAL ""OCTAVIAN GOGA"" SIBIU",6.75,-,-,6.85,-,-,-,-,-,-,6.80
1643,SB10709993,1643,"LICEUL TEORETIC ""CONSTANTIN NOICA"" SIBIU",6.70,-,-,6.90,-,-,-,-,-,-,6.80
1644,SB10513207,1644,ŞCOALA GIMNAZIALĂ NR. 8 SIBIU,6.25,-,-,7.35,-,-,-,-,-,-,6.80
1645,SB9974907,1645,"LICEUL TEHNOLOGIC ""IOAN LUPAŞ"" SĂLIŞTE",6.15,6.70,6.70,6.90,-,-,-,-,-,-,6.80
1646,SB11076976,1646,ŞCOALA GIMNAZIALĂ NR. 4 SIBIU,6.70,-,-,6.60,-,-,Limba germana,7.05,-,-,6.78
1647,SB9538529,1647,"ŞCOALA GIMNAZIALĂ ""AUREL DECEI"" GURA RÂULUI",7.60,-,-,5.95,-,-,-,-,-,-,6.77
1648,SB10399436,1648,"ŞCOALA GIMNAZIALĂ ""IOAN SLAVICI"" SIBIU",7.30,-,-,6.25,-,-,-,-,-,-,6.77
1649,SB10058343,1649,ŞCOALA GIMNAZIALĂ OCNA SIBIULUI,7.15,-,-,6.40,-,-,-,-,-,-,6.77
1650,SB10102312,1650,ŞCOALA GIMNAZIALĂ NR. 4 SIBIU,7.10,-,-,6.45,-,-,-,-,-,-,6.77
1651,SB10112858,1651,ŞCOALA GIMNAZIALĂ NR. 13 SIBIU,6.95,-,-,6.60,-,-,-,-,-,-,6.77
1652,SB10329619,1652,"ŞCOALA GIMNAZIALĂ ""MIHAI EMINESCU"" MEDIAŞ",6.80,-,-,6.75,-,-,-,-,-,-,6.77
1653,SB12763332,1653,ŞCOALA GIMNAZIALĂ NR. 13 SIBIU,6.70,6.30,6.30,7.25,-,-,-,-,-,-,6.77
1654,SB10348605,1654,"COLEGIUL NAȚIONAL ""OCTAVIAN GOGA"" SIBIU",6.70,-,-,6.85,-,-,-,-,-,-,6.77
1655,SB9135818,1655,"COLEGIUL NAȚIONAL ""OCTAVIAN GOGA"" SIBIU",6.25,6.25,6.25,7.30,-,-,-,-,-,-,6.77
1656,SB4562551,1656,ŞCOALA GIMNAZIALĂ OCNA SIBIULUI,8.05,-,-,5.50,5.45,5.45,-,-,-,-,6.75
1657,SB10306868,1657,ŞCOALA GIMNAZIALĂ NR. 7 MEDIAŞ,7.70,-,-,5.80,-,-,-,-,-,-,6.75
1658,SB9908274,1658,"LICEUL TEHNOLOGIC ""IOAN LUPAŞ"" SĂLIŞTE",7.35,-,-,6.15,6.15,6.15,-,-,-,-,6.75
1659,SB9989651,1659,"ŞCOALA GIMNAZIALĂ ""MATEI BASARAB"" TURNU ROŞU",7.20,-,-,6.40,6.30,6.30,-,-,-,-,6.75
1660,SB10464415,1660,"ŞCOALA GIMNAZIALĂ ""REGINA MARIA"" SIBIU",6.60,-,-,6.90,-,-,-,-,-,-,6.75
1661,SB14918878,1661,ŞCOALA GIMNAZIALĂ CRISTIAN,6.50,-,-,7.00,-,-,-,-,-,-,6.75
1662,SB9187808,1662,"ŞCOALA GIMNAZIALĂ ""NICOLAE IORGA"" SIBIU",6.30,-,-,6.55,-,-,Limba germana,7.40,-,-,6.75
1663,SB10332120,1663,"ŞCOALA GIMNAZIALĂ ""CONSTANTIN IOAN MOTAŞ"" MEDIAŞ",6.20,-,-,7.30,-,-,-,-,-,-,6.75
1664,SB10650864,1664,ŞCOALA GIMNAZIALĂ APOLDU DE SUS,6.55,7.50,7.50,7.00,-,-,Limba germana,5.60,5.70,5.70,6.73
1665,SB10420058,1665,ŞCOALA GIMNAZIALĂ CRISTIAN,8.40,-,-,5.05,-,-,-,-,-,-,6.72
1666,SB9901114,1666,"ŞCOALA GIMNAZIALĂ ""ION POP RETEGANUL"" ORLAT",8.15,-,-,5.30,-,-,-,-,-,-,6.72
1667,SB10447260,1667,LICEUL TEHNOLOGIC MÂRŞA,8.10,-,-,5.35,-,-,-,-,-,-,6.72
1668,SB11059580,1668,LICEUL ROMÂNO - FINLANDEZ ERI SIBIU,7.65,-,-,5.80,-,-,-,-,-,-,6.72
1669,SB12332854,1669,"COLEGIUL NAȚIONAL ""OCTAVIAN GOGA"" SIBIU",7.50,-,-,5.45,5.95,5.95,-,-,-,-,6.72
1670,SB10277871,1670,"ŞCOALA GIMNAZIALĂ ""GEORGE POPA"" MEDIAŞ",7.45,-,-,6.00,-,-,-,-,-,-,6.72
1671,SB10314788,1671,ŞCOALA GIMNAZIALĂ NR. 23 SIBIU,7.40,-,-,6.05,-,-,-,-,-,-,6.72
1672,SB10268249,1672,"ŞCOALA GIMNAZIALĂ ""GEORG DANIEL TEUTSCH"" AGNITA",7.15,-,-,6.30,-,-,-,-,-,-,6.72
1673,SB10046068,1673,"ŞCOALA GIMNAZIALĂ ""RADU SELEJAN"" SIBIU",6.55,-,-,6.90,-,-,-,-,-,-,6.72
1674,SB10660684,1674,ŞCOALA GIMNAZIALĂ ŞURA MICĂ,6.55,-,-,6.90,-,-,-,-,-,-,6.72
1675,SB11023602,1675,ŞCOALA GIMNAZIALĂ NR. 13 SIBIU,6.25,-,-,7.20,-,-,-,-,-,-,6.72
1676,SB12026754,1676,"ŞCOALA GIMNAZIALĂ ""MIHAI EMINESCU"" MEDIAŞ",6.20,-,-,7.25,-,-,-,-,-,-,6.72
1677,SB14986971,1677,"ŞCOALA GIMNAZIALĂ ""REGELE FERDINAND"" SIBIU",5.95,5.85,5.85,7.60,-,-,-,-,-,-,6.72
1678,SB12841633,1678,"ŞCOALA GIMNAZIALĂ ""ION POP RETEGANUL"" ORLAT",7.70,7.90,7.90,5.50,-,-,-,-,-,-,6.70
1679,SB10539860,1679,"ŞCOALA GIMNAZIALĂ ""NICOLAE IORGA"" SIBIU",7.65,-,-,5.75,-,-,-,-,-,-,6.70
1680,SB10006656,1680,ŞCOALA GIMNAZIALĂ NR. 1 SIBIU,7.60,-,-,5.80,-,-,-,-,-,-,6.70
1681,SB10467641,1681,ŞCOALA GIMNAZIALĂ NR. 7 MEDIAŞ,7.50,7.40,7.40,6.20,6.00,6.00,-,-,-,-,6.70
1682,SB10092502,1682,"LICEUL TEHNOLOGIC ""JOHANNES LEBEL"" TĂLMACIU",7.50,-,-,5.90,-,-,-,-,-,-,6.70
1683,SB10465901,1683,"ŞCOALA GIMNAZIALĂ ""NICOLAE IORGA"" SIBIU",7.50,-,-,5.90,-,-,-,-,-,-,6.70
1684,SB10092523,1684,ŞCOALA GIMNAZIALĂ NR. 4 MEDIAŞ,7.10,-,-,6.30,-,-,-,-,-,-,6.70
1685,SB10492538,1685,"ŞCOALA GIMNAZIALĂ ""MIHAI EMINESCU"" MEDIAŞ",7.00,-,-,6.40,-,-,-,-,-,-,6.70
1686,SB3980051,1686,ŞCOALA GIMNAZIALĂ NR. 8 SIBIU,6.25,-,-,7.15,-,-,-,-,-,-,6.70
1687,SB9072670,1687,ŞCOALA GIMNAZIALĂ NR. 13 SIBIU,6.25,-,-,7.15,-,-,-,-,-,-,6.70
1688,SB9184540,1688,"ŞCOALA GIMNAZIALĂ ""REGINA MARIA"" SIBIU",6.25,-,-,7.15,-,-,-,-,-,-,6.70
1689,SB10327670,1689,"LICEUL TEHNOLOGIC ""ILIE MĂCELARIU"" MIERCUREA SIBIULUI",7.65,-,-,5.70,-,-,-,-,-,-,6.67
1690,SB9065444,1690,ŞCOALA GIMNAZIALĂ NOCRICH,7.65,-,-,5.70,-,-,-,-,-,-,6.67
1691,SB9650111,1691,"ŞCOALA GIMNAZIALĂ ""MARȚIAN NEGREA"" VALEA VIILOR",7.50,-,-,5.85,-,-,-,-,-,-,6.67
1692,SB9139531,1692,"ŞCOALA GIMNAZIALĂ ""OCTAVIAN GOGA"" RĂŞINARI",7.45,-,-,5.90,-,-,-,-,-,-,6.67
1693,SB10022008,1693,ŞCOALA GIMNAZIALĂ NR. 13 SIBIU,7.30,-,-,6.05,-,-,-,-,-,-,6.67
1694,SB9818303,1694,ŞCOALA GIMNAZIALĂ NR. 12 SIBIU,7.10,-,-,6.25,-,-,-,-,-,-,6.67
1695,SB8997190,1695,"ŞCOALA GIMNAZIALĂ ""ANDREI ȘAGUNA"" ŞURA MARE",6.90,-,-,6.45,-,-,-,-,-,-,6.67
1696,SB10271944,1696,ŞCOALA GIMNAZIALĂ ŞURA MICĂ,6.75,-,-,6.60,-,-,-,-,-,-,6.67
1697,SB10587337,1697,"ŞCOALA GIMNAZIALĂ ""ION ALBESCU"" BOIŢA",6.60,-,-,6.75,-,-,-,-,-,-,6.67
1698,SB8924350,1698,ŞCOALA GIMNAZIALĂ NR. 25 SIBIU,6.15,-,-,7.20,-,-,-,-,-,-,6.67
1699,SB9626995,1699,"ŞCOALA GIMNAZIALĂ ""VIOREL CUCU PALTIN"" ARPAȘU DE JOS",6.15,-,-,7.20,-,-,-,-,-,-,6.67
1700,SB10296743,1700,"LICEUL ""AUGUST TREBONIU LAURIAN"" AGNITA",6.10,-,-,7.25,-,-,-,-,-,-,6.67
1701,SB10311039,1701,"ŞCOALA GIMNAZIALĂ ""GEORGE POPA"" MEDIAŞ",8.35,-,-,4.95,-,-,-,-,-,-,6.65
1702,SB10298310,1702,"ŞCOALA GIMNAZIALĂ ""REGELE FERDINAND"" SIBIU",7.40,-,-,5.90,-,-,-,-,-,-,6.65
1703,SB12496773,1703,ŞCOALA GIMNAZIALĂ BUZD,7.40,-,-,5.90,-,-,-,-,-,-,6.65
1704,SB9818182,1704,"LICEUL TEORETIC ""GHEORGHE LAZĂR"" AVRIG",7.10,-,-,6.20,-,-,-,-,-,-,6.65
1705,SB10021793,1705,ŞCOALA GIMNAZIALĂ NR. 18 SIBIU,6.90,-,-,6.40,-,-,-,-,-,-,6.65
1706,SB10597589,1706,"ŞCOALA GIMNAZIALĂ ""ION ALBESCU"" BOIŢA",6.80,-,-,6.50,-,-,-,-,-,-,6.65
1707,SB10046487,1707,ŞCOALA GIMNAZIALĂ NR. 18 SIBIU,6.15,-,-,7.15,-,-,-,-,-,-,6.65
1708,SB10318776,1708,"LICEUL TEORETIC ""ONISIFOR GHIBU"" SIBIU",6.00,-,-,7.45,-,-,Limba germana,6.50,-,-,6.65
1709,SB10426265,1709,"LICEUL TEORETIC ""CONSTANTIN NOICA"" SIBIU",5.85,-,-,7.45,-,-,-,-,-,-,6.65
1710,SB10388329,1710,"LICEUL TEORETIC ""GUSTAV GÜNDISCH"" CISNĂDIE",7.25,-,-,5.50,-,-,Limba germana,7.15,-,-,6.63
1711,SB10111301,1711,"ŞCOALA GIMNAZIALĂ ""ION LUCA CARAGIALE"" SIBIU",5.70,-,-,6.35,-,-,Limba germana,7.85,-,-,6.63
1712,SB32051,1712,"COLEGIUL NAȚIONAL ""OCTAVIAN GOGA"" SIBIU",8.05,-,-,5.20,-,-,-,-,-,-,6.62
1713,SB8224787,1713,"ŞCOALA GIMNAZIALĂ ""SAMUIL MICU"" SADU",7.85,-,-,5.40,-,-,-,-,-,-,6.62
1714,SB12056321,1714,ŞCOALA GIMNAZIALĂ ŞURA MICĂ,7.80,-,-,5.45,-,-,-,-,-,-,6.62
1715,SB8251815,1715,"ŞCOALA GIMNAZIALĂ ""SAMUIL MICU"" SADU",7.75,-,-,5.50,-,-,-,-,-,-,6.62
1716,SB4069701,1716,"ŞCOALA GIMNAZIALĂ ""ANDREI ȘAGUNA"" ŞURA MARE",7.20,-,-,6.05,-,-,-,-,-,-,6.62
1717,SB10359992,1717,ŞCOALA GIMNAZIALĂ TILIŞCA,7.15,-,-,6.10,-,-,-,-,-,-,6.62
1718,SB10468022,1718,ŞCOALA GIMNAZIALĂ NR. 4 MEDIAŞ,7.15,-,-,6.10,-,-,-,-,-,-,6.62
1719,SB10306936,1719,ŞCOALA GIMNAZIALĂ NR. 1 SIBIU,7.05,-,-,6.20,-,-,-,-,-,-,6.62
1720,SB10305429,1720,"ŞCOALA GIMNAZIALĂ ""MIHAI EMINESCU"" MEDIAŞ",6.95,-,-,6.30,-,-,-,-,-,-,6.62
1721,SB10075049,1721,ŞCOALA GIMNAZIALĂ NR. 13 SIBIU,6.85,-,-,6.40,-,-,-,-,-,-,6.62
1722,SB9805253,1722,LICEUL DE ARTĂ SIBIU,6.80,-,-,6.45,-,-,-,-,-,-,6.62
1723,SB13358743,1723,"ŞCOALA GIMNAZIALĂ ""REGELE FERDINAND"" SIBIU",5.80,-,-,7.45,-,-,-,-,-,-,6.62
1724,SB10312765,1724,"LICEUL TEORETIC ""ROTH - OBERTH"" MEDIAŞ",6.80,-,-,6.15,-,-,Limba germana,6.90,-,-,6.61
1725,SB9886864,1725,ŞCOALA GIMNAZIALĂ SLIMNIC,7.80,-,-,5.40,-,-,-,-,-,-,6.60
1726,SB10073726,1726,"ŞCOALA GIMNAZIALĂ ""BATHORY ISTVAN"" MEDIAŞ",7.15,-,-,5.35,-,-,Limba maghiara,7.30,-,-,6.60
1727,SB10400485,1727,ŞCOALA GIMNAZIALĂ NR. 1 SIBIU,6.95,-,-,6.25,-,-,-,-,-,-,6.60
1728,SB8875870,1728,"ŞCOALA GIMNAZIALĂ ""MIHAI VITEAZU"" ŞELIMBĂR",6.95,-,-,6.25,-,-,-,-,-,-,6.60
1729,SB10124824,1729,"ŞCOALA GIMNAZIALĂ ""NICOLAE IORGA"" SIBIU",6.85,-,-,6.35,-,-,-,-,-,-,6.60
1730,SB12336844,1730,"ŞCOALA GIMNAZIALĂ ""NICOLAE IORGA"" SIBIU",6.80,-,-,6.40,-,-,-,-,-,-,6.60
1731,SB10415623,1731,"COLEGIUL NAȚIONAL ""OCTAVIAN GOGA"" SIBIU",6.60,-,-,6.60,-,-,-,-,-,-,6.60
1732,SB9815669,1732,ŞCOALA GIMNAZIALĂ AVRIG,6.50,-,-,6.70,-,-,-,-,-,-,6.60
1733,SB13350470,1733,"COLEGIUL NAȚIONAL ""SAMUEL VON BRUKENTHAL"" SIBIU",6.30,-,-,5.85,-,-,Limba germana,7.65,-,-,6.60
1734,SB10360210,1734,ŞCOALA GIMNAZIALĂ TILIŞCA,6.25,-,-,6.95,-,-,-,-,-,-,6.60
1735,SB14777541,1735,"ŞCOALA GIMNAZIALĂ ""RADU SELEJAN"" SIBIU",6.25,-,-,6.95,-,-,-,-,-,-,6.60
1736,SB10709081,1736,"LICEUL TEORETIC ""CONSTANTIN NOICA"" SIBIU",6.00,-,-,7.20,-,-,-,-,-,-,6.60
1737,SB9474491,1737,"ŞCOALA GIMNAZIALĂ ""AUREL DECEI"" GURA RÂULUI",5.90,-,-,7.30,-,-,-,-,-,-,6.60
1738,SB10045321,1738,"ŞCOALA GIMNAZIALĂ ""REGINA MARIA"" SIBIU",7.25,-,-,5.90,-,-,-,-,-,-,6.57
1739,SB10173836,1739,ŞCOALA GIMNAZIALĂ RUŞI,7.05,-,-,6.10,-,-,-,-,-,-,6.57
1740,SB9252719,1740,"ŞCOALA GIMNAZIALĂ ""BADEA CÎRŢAN"" CÂRŢIŞOARA",7.00,-,-,6.15,-,-,-,-,-,-,6.57
1741,SB9787005,1741,"LICEUL TEORETIC ""GHEORGHE LAZĂR"" AVRIG",6.80,-,-,6.35,-,-,-,-,-,-,6.57
1742,SB9902033,1742,"ŞCOALA GIMNAZIALĂ ""ION POP RETEGANUL"" ORLAT",6.80,-,-,6.35,-,-,-,-,-,-,6.57
1743,SB10465987,1743,"ŞCOALA GIMNAZIALĂ ""REGINA MARIA"" SIBIU",6.55,-,-,6.60,-,-,-,-,-,-,6.57
1744,SB10390348,1744,"ŞCOALA GIMNAZIALĂ ""GEORG DANIEL TEUTSCH"" AGNITA",6.45,-,-,6.70,-,-,-,-,-,-,6.57
1745,SB10350920,1745,"ŞCOALA GIMNAZIALĂ ""REGINA MARIA"" SIBIU",5.70,-,-,7.45,-,-,-,-,-,-,6.57
1746,SB10408473,1746,"ŞCOALA GIMNAZIALĂ ""NICOLAE IORGA"" SIBIU",6.85,6.90,6.90,5.35,-,-,Limba germana,7.45,-,-,6.56
1747,SB9385894,1747,ŞCOALA GIMNAZIALĂ NR. 2 CISNĂDIE,8.10,-,-,5.00,-,-,-,-,-,-,6.55
1748,SB10415468,1748,ŞCOALA GIMNAZIALĂ NR. 25 SIBIU,7.40,-,-,5.70,-,-,-,-,-,-,6.55
1749,SB10095557,1749,ŞCOALA GIMNAZIALĂ NR. 8 SIBIU,7.25,-,-,5.85,-,-,-,-,-,-,6.55
1750,SB10108091,1750,ŞCOALA GIMNAZIALĂ NR. 18 SIBIU,7.20,-,-,5.90,-,-,-,-,-,-,6.55
1751,SB10686884,1751,"ŞCOALA GIMNAZIALĂ ""SAMUIL MICU"" SADU",7.15,-,-,5.95,-,-,-,-,-,-,6.55
1752,SB12057343,1752,"LICEUL TEHNOLOGIC ""JOHANNES LEBEL"" TĂLMACIU",7.15,-,-,5.95,-,-,-,-,-,-,6.55
1753,SB11080119,1753,"LICEUL TEORETIC ""GUSTAV GÜNDISCH"" CISNĂDIE",7.05,-,-,6.50,-,-,Limba germana,6.10,-,-,6.55
1754,SB2531651,1754,"LICEUL TEORETIC ""GUSTAV GÜNDISCH"" CISNĂDIE",6.50,-,-,6.60,-,-,-,-,-,-,6.55
1755,SB10599037,1755,ŞCOALA GIMNAZIALĂ NR. 3 CISNĂDIE,6.35,-,-,6.75,-,-,-,-,-,-,6.55
1756,SB10115327,1756,"ŞCOALA GIMNAZIALĂ ""ION LUCA CARAGIALE"" SIBIU",6.20,-,-,5.45,-,-,Limba germana,8.00,-,-,6.55
1757,SB12537016,1757,"LICEUL TEORETIC ""GUSTAV GÜNDISCH"" CISNĂDIE",6.05,-,-,6.40,-,-,Limba germana,7.20,-,-,6.55
1758,SB8995386,1758,"ŞCOALA GIMNAZIALĂ ""REGINA MARIA"" SIBIU",7.95,-,-,5.10,-,-,-,-,-,-,6.52
1759,SB10971541,1759,"ŞCOALA GIMNAZIALĂ ""AVIATOR IOAN SAVA"" ALŢINA",7.65,-,-,5.40,-,-,-,-,-,-,6.52
1760,SB9161690,1760,"ŞCOALA GIMNAZIALĂ ""OCTAVIAN GOGA"" RĂŞINARI",7.50,-,-,5.55,-,-,-,-,-,-,6.52
1761,SB10542573,1761,ŞCOALA GIMNAZIALĂ NR. 3 CISNĂDIE,7.25,-,-,5.80,-,-,-,-,-,-,6.52
1762,SB10406957,1762,"ŞCOALA GIMNAZIALĂ ""RADU SELEJAN"" SIBIU",7.20,-,-,5.85,-,-,-,-,-,-,6.52
1763,SB10341046,1763,"ŞCOALA GIMNAZIALĂ ""RADU SELEJAN"" SIBIU",7.10,-,-,5.95,-,-,-,-,-,-,6.52
1764,SB10112616,1764,ŞCOALA GIMNAZIALĂ NR. 13 SIBIU,6.15,-,-,6.90,-,-,-,-,-,-,6.52
1765,SB10111074,1765,ŞCOALA GIMNAZIALĂ NR. 13 SIBIU,6.10,-,-,6.95,-,-,-,-,-,-,6.52
1766,SB11077869,1766,"ŞCOALA GIMNAZIALĂ ""REGINA MARIA"" SIBIU",6.00,-,-,6.75,7.05,7.05,-,-,-,-,6.52
1767,SB10269453,1767,"ŞCOALA GIMNAZIALĂ ""GEORG DANIEL TEUTSCH"" AGNITA",5.60,-,-,7.45,-,-,-,-,-,-,6.52
1768,SB12060262,1768,"COLEGIUL NAȚIONAL ""SAMUEL VON BRUKENTHAL"" SIBIU",6.05,6.65,6.65,6.95,-,-,Limba germana,5.95,-,-,6.51
1769,SB8222797,1769,"ŞCOALA GIMNAZIALĂ ""SAMUIL MICU"" SADU",8.30,-,-,4.70,-,-,-,-,-,-,6.50
1770,SB10464725,1770,LICEUL DE ARTĂ SIBIU,7.50,7.50,7.50,5.40,5.50,5.50,-,-,-,-,6.50
1771,SB12325903,1771,"ŞCOALA GIMNAZIALĂ ""RADU SELEJAN"" SIBIU",7.30,-,-,5.70,-,-,-,-,-,-,6.50
1772,SB9082805,1772,ŞCOALA GIMNAZIALĂ NR. 18 SIBIU,7.30,-,-,5.70,-,-,-,-,-,-,6.50
1773,SB12239964,1773,ŞCOALA GIMNAZIALĂ NR. 21 SIBIU,6.90,-,-,6.10,-,-,-,-,-,-,6.50
1774,SB9843755,1774,ŞCOALA GIMNAZIALĂ NR. 21 SIBIU,6.90,-,-,6.10,-,-,-,-,-,-,6.50
1775,SB12442406,1775,ŞCOALA GIMNAZIALĂ NR. 18 SIBIU,6.80,-,-,6.20,-,-,-,-,-,-,6.50
1776,SB10025153,1776,ŞCOALA GIMNAZIALĂ VEŞTEM,6.65,-,-,6.35,-,-,-,-,-,-,6.50
1777,SB9880538,1777,LICEUL DE ARTĂ SIBIU,6.40,-,-,6.60,-,-,-,-,-,-,6.50
1778,SB10111871,1778,ŞCOALA GIMNAZIALĂ NR. 13 SIBIU,6.20,-,-,6.80,-,-,-,-,-,-,6.50
1779,SB12001541,1779,"ŞCOALA GIMNAZIALĂ ""MIHAI VITEAZU"" ŞELIMBĂR",6.20,-,-,6.80,-,-,-,-,-,-,6.50
1780,SB11013785,1780,ŞCOALA GIMNAZIALĂ NR. 4 SIBIU,6.85,-,-,6.10,-,-,Limba germana,6.50,-,-,6.48
1781,SB10299842,1781,"ŞCOALA GIMNAZIALĂ ""ION LUCA CARAGIALE"" SIBIU",7.85,-,-,5.10,-,-,-,-,-,-,6.47
1782,SB10489913,1782,"ŞCOALA GIMNAZIALĂ ""CORNELIU PĂCURARIU"" MICĂSASA",7.85,-,-,5.10,-,-,-,-,-,-,6.47
1783,SB10887890,1783,ŞCOALA GIMNAZIALĂ NR. 25 SIBIU,7.75,-,-,5.20,-,-,-,-,-,-,6.47
1784,SB646451,1784,ŞCOALA GIMNAZIALĂ NR. 1 SIBIU,7.45,-,-,5.50,-,-,-,-,-,-,6.47
1785,SB9815868,1785,ŞCOALA GIMNAZIALĂ AVRIG,7.45,-,-,5.50,-,-,-,-,-,-,6.47
1786,SB10335893,1786,"ŞCOALA GIMNAZIALĂ ""CONSTANTIN IOAN MOTAŞ"" MEDIAŞ",7.10,-,-,5.85,-,-,-,-,-,-,6.47
1787,SB9417660,1787,ŞCOALA GIMNAZIALĂ NR. 1 SIBIU,6.95,-,-,6.00,-,-,-,-,-,-,6.47
1788,SB3977151,1788,ŞCOALA GIMNAZIALĂ NR. 21 SIBIU,6.65,-,-,6.30,-,-,-,-,-,-,6.47
1789,SB8990937,1789,ŞCOALA GIMNAZIALĂ VEŞTEM,6.20,-,-,6.75,-,-,-,-,-,-,6.47
1790,SB10273849,1790,"ŞCOALA GIMNAZIALĂ ""GEORG DANIEL TEUTSCH"" AGNITA",6.00,-,-,6.95,-,-,-,-,-,-,6.47
1791,SB6696601,1791,ŞCOALA GIMNAZIALĂ NR. 13 SIBIU,5.80,-,-,7.15,-,-,-,-,-,-,6.47
1792,SB10687468,1792,ŞCOALA GIMNAZIALĂ RÂU SADULUI,5.70,-,-,7.25,-,-,-,-,-,-,6.47
1793,SB10351900,1793,"ŞCOALA GIMNAZIALĂ ""NICOLAE IORGA"" SIBIU",5.25,5.85,5.85,7.10,-,-,-,-,-,-,6.47
1794,SB8128949,1794,ŞCOALA GIMNAZIALĂ BOIAN,7.65,-,-,5.25,-,-,-,-,-,-,6.45
1795,SB8008935,1795,ŞCOALA GIMNAZIALĂ AGÂRBICIU,7.25,-,-,5.65,-,-,-,-,-,-,6.45
1796,SB10602423,1796,"LICEUL TEORETIC ""ROTH - OBERTH"" MEDIAŞ",7.25,-,-,5.60,-,-,Limba germana,6.50,-,-,6.45
1797,SB7890207,1797,"ŞCOALA GIMNAZIALĂ ""REGELE FERDINAND"" SIBIU",7.15,-,-,5.75,-,-,-,-,-,-,6.45
1798,SB9858519,1798,"ŞCOALA GIMNAZIALĂ ""STEPHAN LUDWIG ROTH"" MOŞNA",6.95,-,-,5.95,-,-,-,-,-,-,6.45
1799,SB10091787,1799,"LICEUL TEHNOLOGIC ""JOHANNES LEBEL"" TĂLMACIU",6.75,-,-,6.15,-,-,-,-,-,-,6.45
1800,SB10264875,1800,"ŞCOALA GIMNAZIALĂ ""RADU SELEJAN"" SIBIU",6.40,-,-,6.50,-,-,-,-,-,-,6.45
1801,SB10712618,1801,ŞCOALA GIMNAZIALĂ RUŞI,6.40,-,-,6.50,-,-,-,-,-,-,6.45
1802,SB12583364,1802,"ŞCOALA GIMNAZIALĂ ""IOAN SLAVICI"" SIBIU",6.40,-,-,6.50,-,-,-,-,-,-,6.45
1803,SB10514126,1803,"ŞCOALA GIMNAZIALĂ ""ION LUCA CARAGIALE"" SIBIU",6.15,-,-,7.20,-,-,Limba germana,6.00,-,-,6.45
1804,SB12588784,1804,ŞCOALA GIMNAZIALĂ NOIŞTAT,5.95,-,-,6.95,-,-,-,-,-,-,6.45
1805,SB9609220,1805,ŞCOALA GIMNAZIALĂ RUŞI,5.90,-,-,7.00,-,-,-,-,-,-,6.45
1806,SB10267495,1806,"ŞCOALA GIMNAZIALĂ ""GEORG DANIEL TEUTSCH"" AGNITA",8.20,-,-,5.40,-,-,Limba germana,5.70,-,-,6.43
1807,SB9684536,1807,ŞCOALA GIMNAZIALĂ CRISTIAN,8.35,-,-,4.50,-,-,-,-,-,-,6.42
1808,SB9234569,1808,"LICEUL TEORETIC ""GUSTAV GÜNDISCH"" CISNĂDIE",7.95,-,-,4.90,-,-,-,-,-,-,6.42
1809,SB10320724,1809,"ŞCOALA GIMNAZIALĂ ""CIREŞARII"" MEDIAŞ",7.65,-,-,5.20,-,-,-,-,-,-,6.42
1810,SB9805042,1810,ŞCOALA GIMNAZIALĂ ȘEICA MICĂ,7.25,-,-,5.60,-,-,-,-,-,-,6.42
1811,SB10399673,1811,ŞCOALA GIMNAZIALĂ NR. 25 SIBIU,6.70,-,-,6.15,-,-,-,-,-,-,6.42
1812,SB9422812,1812,"LICEUL ""AUGUST TREBONIU LAURIAN"" AGNITA",6.30,-,-,6.55,-,-,-,-,-,-,6.42
1813,SB12336327,1813,"ŞCOALA GIMNAZIALĂ ""GEORG DANIEL TEUTSCH"" AGNITA",6.25,-,-,6.60,-,-,-,-,-,-,6.42
1814,SB12043749,1814,"LICEUL TEORETIC ""CONSTANTIN NOICA"" SIBIU",6.20,-,-,6.65,-,-,-,-,-,-,6.42
1815,SB10324691,1815,ŞCOALA GIMNAZIALĂ NR. 7 MEDIAŞ,6.15,-,-,6.70,-,-,-,-,-,-,6.42
1816,SB10021898,1816,"ŞCOALA GIMNAZIALĂ ""ANDREI ȘAGUNA"" ŞURA MARE",6.00,-,-,6.85,-,-,-,-,-,-,6.42
1817,SB10586879,1817,"ŞCOALA GIMNAZIALĂ ""ION ALBESCU"" BOIŢA",5.60,-,-,7.25,-,-,-,-,-,-,6.42
1818,SB10593598,1818,"ŞCOALA GIMNAZIALĂ ""ION ALBESCU"" BOIŢA",5.55,-,-,7.30,-,-,-,-,-,-,6.42
1819,SB10549920,1819,ŞCOALA GIMNAZIALĂ NR. 4 SIBIU,7.10,-,-,8.35,-,-,Limba germana,3.80,-,-,6.41
1820,SB10592832,1820,ŞCOALA GIMNAZIALĂ NR. 2 CISNĂDIE,7.80,-,-,5.00,-,-,-,-,-,-,6.40
1821,SB9674430,1821,"ŞCOALA GIMNAZIALĂ ""IOAN SLAVICI"" SIBIU",7.60,-,-,5.20,-,-,-,-,-,-,6.40
1822,SB10335807,1822,"ŞCOALA GIMNAZIALĂ ""CONSTANTIN IOAN MOTAŞ"" MEDIAŞ",7.40,-,-,5.40,-,-,-,-,-,-,6.40
1823,SB9876207,1823,"ŞCOALA GIMNAZIALĂ ""ION POP RETEGANUL"" ORLAT",7.35,-,-,5.45,-,-,-,-,-,-,6.40
1824,SB12059462,1824,"LICEUL TEHNOLOGIC ""JOHANNES LEBEL"" TĂLMACIU",7.30,-,-,5.50,-,-,-,-,-,-,6.40
1825,SB8128865,1825,ŞCOALA GIMNAZIALĂ BOIAN,7.30,-,-,5.50,-,-,-,-,-,-,6.40
1826,SB8992946,1826,"ŞCOALA GIMNAZIALĂ ""MIHAI VITEAZU"" ŞELIMBĂR",7.30,-,-,5.50,-,-,-,-,-,-,6.40
1827,SB3975451,1827,ŞCOALA GIMNAZIALĂ NR. 18 SIBIU,7.25,-,-,5.55,-,-,-,-,-,-,6.40
1828,SB9599321,1828,"ŞCOALA GIMNAZIALĂ ""STEPHAN LUDWIG ROTH"" MOŞNA",7.10,-,-,5.70,-,-,-,-,-,-,6.40
1829,SB10488127,1829,"ŞCOALA GIMNAZIALĂ ""ION LUCA CARAGIALE"" SIBIU",7.05,-,-,5.75,-,-,-,-,-,-,6.40
1830,SB10012175,1830,ŞCOALA GIMNAZIALĂ SĂCEL,6.90,-,-,5.90,-,-,-,-,-,-,6.40
1831,SB9939317,1831,"LICEUL TEHNOLOGIC ""IOAN LUPAŞ"" SĂLIŞTE",6.80,-,-,6.00,-,-,-,-,-,-,6.40
1832,SB10071050,1832,ŞCOALA GIMNAZIALĂ NR. 4 MEDIAŞ,6.50,-,-,6.30,-,-,-,-,-,-,6.40
1833,SB10328481,1833,"ŞCOALA GIMNAZIALĂ ""CIREŞARII"" MEDIAŞ",5.80,-,-,7.00,-,-,-,-,-,-,6.40
1834,SB9623693,1834,"ŞCOALA GIMNAZIALĂ ""ION LUCA CARAGIALE"" SIBIU",5.80,-,-,7.00,-,-,-,-,-,-,6.40
1835,SB11145678,1835,"COLEGIUL NAȚIONAL ""SAMUEL VON BRUKENTHAL"" SIBIU",6.70,6.05,6.05,4.70,5.00,5.00,Limba germana,8.10,-,-,6.38
1836,SB10325845,1836,ŞCOALA GIMNAZIALĂ NR. 4 MEDIAŞ,7.25,-,-,5.50,-,-,-,-,-,-,6.37
1837,SB12000773,1837,ŞCOALA GIMNAZIALĂ NR. 21 SIBIU,6.60,-,-,6.15,-,-,-,-,-,-,6.37
1838,SB10057139,1838,ŞCOALA GIMNAZIALĂ NR. 8 SIBIU,6.10,-,-,6.65,-,-,-,-,-,-,6.37
1839,SB12297149,1839,ŞCOALA GIMNAZIALĂ NR. 8 SIBIU,5.95,-,-,6.80,-,-,-,-,-,-,6.37
1840,SB9741807,1840,"ŞCOALA GIMNAZIALĂ ""OCTAVIAN GOGA"" RĂŞINARI",5.95,6.60,6.60,6.15,-,-,-,-,-,-,6.37
1841,SB12046419,1841,ŞCOALA GIMNAZIALĂ ŞEICA MARE,7.70,-,-,5.00,-,-,-,-,-,-,6.35
1842,SB12615419,1842,"COLEGIUL NAȚIONAL ""OCTAVIAN GOGA"" SIBIU",7.55,-,-,5.15,-,-,-,-,-,-,6.35
1843,SB10301801,1843,"LICEUL TEORETIC ""ROTH - OBERTH"" MEDIAŞ",7.45,-,-,5.40,-,-,Limba germana,6.20,-,-,6.35
1844,SB10319909,1844,"ŞCOALA GIMNAZIALĂ ""MIHAI EMINESCU"" MEDIAŞ",7.40,-,-,5.30,-,-,-,-,-,-,6.35
1845,SB10568291,1845,"ŞCOALA GIMNAZIALĂ ""ION LUCA CARAGIALE"" SIBIU",7.40,-,-,5.30,-,-,-,-,-,-,6.35
1846,SB8967221,1846,ŞCOALA GIMNAZIALĂ BAZNA,7.10,-,-,5.60,-,-,-,-,-,-,6.35
1847,SB647201,1847,ŞCOALA GIMNAZIALĂ NR. 1 SIBIU,7.00,-,-,5.70,-,-,-,-,-,-,6.35
1848,SB10294435,1848,"LICEUL ""AUGUST TREBONIU LAURIAN"" AGNITA",6.95,-,-,5.75,-,-,-,-,-,-,6.35
1849,SB10327432,1849,"ŞCOALA GIMNAZIALĂ ""MIHAI VITEAZU"" ŞELIMBĂR",6.90,-,-,5.80,-,-,-,-,-,-,6.35
1850,SB10100107,1850,"ŞCOALA GIMNAZIALĂ ""MIHAI EMINESCU"" MEDIAŞ",6.75,-,-,5.95,-,-,-,-,-,-,6.35
1851,SB10709832,1851,LICEUL DE ARTĂ SIBIU,6.65,-,-,6.05,-,-,-,-,-,-,6.35
1852,SB7506601,1852,ŞCOALA GIMNAZIALĂ NR. 21 SIBIU,6.65,-,-,6.05,-,-,-,-,-,-,6.35
1853,SB10286215,1853,"ŞCOALA GIMNAZIALĂ ""GEORG DANIEL TEUTSCH"" AGNITA",6.55,-,-,6.15,-,-,-,-,-,-,6.35
1854,SB10391861,1854,ŞCOALA GIMNAZIALĂ POPLACA,6.45,-,-,6.25,-,-,-,-,-,-,6.35
1855,SB12044496,1855,"ŞCOALA GIMNAZIALĂ ""ANDREI ȘAGUNA"" ŞURA MARE",6.45,-,-,6.25,-,-,-,-,-,-,6.35
1856,SB8548555,1856,"ŞCOALA GIMNAZIALĂ ""NICOLAE IORGA"" SIBIU",6.20,-,-,7.00,-,-,Limba germana,5.85,-,-,6.35
1857,SB10311714,1857,"ŞCOALA GIMNAZIALĂ ""CIREŞARII"" MEDIAŞ",6.20,-,-,6.50,-,-,-,-,-,-,6.35
1858,SB9928097,1858,"LICEUL TEHNOLOGIC ""JOHANNES LEBEL"" TĂLMACIU",6.10,-,-,6.60,-,-,-,-,-,-,6.35
1859,SB9510559,1859,ŞCOALA GIMNAZIALĂ NR. 25 SIBIU,5.85,6.10,6.10,6.60,-,-,-,-,-,-,6.35
1860,SB10298684,1860,"LICEUL TEORETIC ""ROTH - OBERTH"" MEDIAŞ",7.45,-,-,5.60,-,-,Limba germana,5.95,-,-,6.33
1861,SB10121020,1861,ŞCOALA GIMNAZIALĂ NR. 21 SIBIU,7.50,-,-,5.15,-,-,-,-,-,-,6.32
1862,SB10007256,1862,"COLEGIUL NAȚIONAL ""OCTAVIAN GOGA"" SIBIU",7.25,-,-,5.40,-,-,-,-,-,-,6.32
1863,SB9180840,1863,"ŞCOALA GIMNAZIALĂ ""MIHAI VITEAZU"" ŞELIMBĂR",6.80,-,-,5.85,-,-,-,-,-,-,6.32
1864,SB7505001,1864,"ŞCOALA GIMNAZIALĂ ""RADU SELEJAN"" SIBIU",6.75,6.75,6.75,5.90,-,-,-,-,-,-,6.32
1865,SB8442465,1865,"ŞCOALA GIMNAZIALĂ ""CONSTANTIN IOAN MOTAŞ"" MEDIAŞ",6.75,-,-,5.90,-,-,-,-,-,-,6.32
1866,SB10603978,1866,"LICEUL ""TIMOTEI CIPARIU"" DUMBRĂVENI",6.70,-,-,5.95,-,-,-,-,-,-,6.32
1867,SB9805071,1867,"ŞCOALA GIMNAZIALĂ ""IOAN SLAVICI"" SIBIU",6.60,-,-,6.05,-,-,-,-,-,-,6.32
1868,SB12070540,1868,"LICEUL TEHNOLOGIC ""JOHANNES LEBEL"" TĂLMACIU",6.50,-,-,6.15,-,-,-,-,-,-,6.32
1869,SB9900818,1869,"ŞCOALA GIMNAZIALĂ ""MIHAI VITEAZU"" ŞELIMBĂR",6.50,-,-,6.15,-,-,-,-,-,-,6.32
1870,SB10295938,1870,ŞCOALA GIMNAZIALĂ NR. 4 SIBIU,6.40,-,-,6.25,-,-,-,-,-,-,6.32
1871,SB10723628,1871,ŞCOALA GIMNAZIALĂ NR. 21 SIBIU,6.40,-,-,6.25,-,-,-,-,-,-,6.32
1872,SB9886831,1872,ŞCOALA GIMNAZIALĂ SLIMNIC,6.15,-,-,6.50,-,-,-,-,-,-,6.32
1873,SB10011367,1873,"LICEUL TEHNOLOGIC ""IOAN LUPAŞ"" SĂLIŞTE",7.05,-,-,5.55,-,-,-,-,-,-,6.30
1874,SB10383960,1874,"COLEGIUL NAȚIONAL ""OCTAVIAN GOGA"" SIBIU",6.80,-,-,5.80,-,-,-,-,-,-,6.30
1875,SB686501,1875,"ŞCOALA GIMNAZIALĂ ""REGINA MARIA"" SIBIU",6.75,-,-,5.85,-,-,-,-,-,-,6.30
1876,SB9815600,1876,ŞCOALA GIMNAZIALĂ AVRIG,6.30,6.25,6.25,6.35,-,-,-,-,-,-,6.30
1877,SB12119954,1877,ŞCOALA GIMNAZIALĂ NR. 1 SIBIU,6.25,-,-,6.35,-,-,-,-,-,-,6.30
1878,SB9375943,1878,"ŞCOALA GIMNAZIALĂ ""ION LUCA CARAGIALE"" SIBIU",6.20,-,-,6.40,-,-,-,-,-,-,6.30
1879,SB10394024,1879,"LICEUL TEHNOLOGIC ""IOAN LUPAŞ"" SĂLIŞTE",6.05,-,-,6.55,-,-,-,-,-,-,6.30
1880,SB8970180,1880,ŞCOALA GIMNAZIALĂ IGHIŞU NOU,5.80,-,-,6.80,-,-,-,-,-,-,6.30
1881,SB9511188,1881,ŞCOALA GIMNAZIALĂ NR. 23 SIBIU,7.95,-,-,4.60,-,-,-,-,-,-,6.27
1882,SB7903986,1882,"ŞCOALA GIMNAZIALĂ ""IOAN BAN - DASCĂLU"" POIANA SIBIULUI",7.70,-,-,4.85,-,-,-,-,-,-,6.27
1883,SB10712507,1883,"ŞCOALA GIMNAZIALĂ ""REGINA MARIA"" SIBIU",7.35,-,-,5.20,-,-,-,-,-,-,6.27
1884,SB9815718,1884,"LICEUL TEORETIC ""GHEORGHE LAZĂR"" AVRIG",7.35,-,-,5.20,-,-,-,-,-,-,6.27
1885,SB12575208,1885,"ŞCOALA GIMNAZIALĂ ""REGELE FERDINAND"" SIBIU",7.30,-,-,5.25,-,-,-,-,-,-,6.27
1886,SB11023451,1886,ŞCOALA GIMNAZIALĂ SLIMNIC,7.00,-,-,5.55,-,-,-,-,-,-,6.27
1887,SB9215017,1887,ŞCOALA GIMNAZIALĂ BIERTAN,6.75,-,-,5.80,-,-,-,-,-,-,6.27
1888,SB12442547,1888,ŞCOALA GIMNAZIALĂ NR. 23 SIBIU,6.50,7.10,7.10,5.45,-,-,-,-,-,-,6.27
1889,SB10476082,1889,ŞCOALA GIMNAZIALĂ NR. 25 SIBIU,6.40,-,-,6.15,-,-,-,-,-,-,6.27
1890,SB7924186,1890,"LICEUL ""AUGUST TREBONIU LAURIAN"" AGNITA",6.30,-,-,6.25,-,-,-,-,-,-,6.27
1891,SB657651,1891,ŞCOALA GIMNAZIALĂ NR. 1 SIBIU,6.10,-,-,6.45,-,-,-,-,-,-,6.27
1892,SB10340688,1892,"ŞCOALA GIMNAZIALĂ ""CONSTANTIN IOAN MOTAŞ"" MEDIAŞ",5.95,-,-,6.60,-,-,-,-,-,-,6.27
1893,SB12615975,1893,"ŞCOALA GIMNAZIALĂ ""ION LUCA CARAGIALE"" SIBIU",5.45,5.70,5.70,6.85,-,-,-,-,-,-,6.27
1894,SB10095080,1894,ŞCOALA GIMNAZIALĂ NR. 4 SIBIU,6.30,6.65,6.65,7.35,-,-,Limba germana,4.80,-,-,6.26
1895,SB9817284,1895,ŞCOALA GIMNAZIALĂ NR. 25 SIBIU,7.30,-,-,5.20,-,-,-,-,-,-,6.25
1896,SB10549808,1896,"LICEUL TEHNOLOGIC ""JOHANNES LEBEL"" TĂLMACIU",7.05,-,-,5.45,-,-,-,-,-,-,6.25
1897,SB9252784,1897,"ŞCOALA GIMNAZIALĂ ""BADEA CÎRŢAN"" CÂRŢIŞOARA",6.90,-,-,5.60,-,-,-,-,-,-,6.25
1898,SB9439938,1898,ŞCOALA GIMNAZIALĂ ALĂMOR,6.85,-,-,5.65,-,-,-,-,-,-,6.25
1899,SB10646838,1899,ŞCOALA GIMNAZIALĂ NR. 3 COPȘA MICĂ,6.80,-,-,5.70,-,-,-,-,-,-,6.25
1900,SB12211904,1900,ŞCOALA GIMNAZIALĂ POPLACA,6.70,-,-,5.80,-,-,-,-,-,-,6.25
1901,SB10019653,1901,"ŞCOALA GIMNAZIALĂ ""MIHAI EMINESCU"" MEDIAŞ",6.55,-,-,5.95,-,-,-,-,-,-,6.25
1902,SB11131305,1902,ŞCOALA GIMNAZIALĂ NR. 4 SIBIU,6.40,-,-,6.10,-,-,-,-,-,-,6.25
1903,SB9109339,1903,"ŞCOALA GIMNAZIALĂ ""MARȚIAN NEGREA"" VALEA VIILOR",6.20,-,-,6.30,-,-,-,-,-,-,6.25
1904,SB14363939,1904,ŞCOALA GIMNAZIALĂ NR. 7 MEDIAŞ,5.75,-,-,6.75,-,-,-,-,-,-,6.25
1905,SB10317326,1905,"ŞCOALA GIMNAZIALĂ ""GEORGE POPA"" MEDIAŞ",7.25,-,-,5.20,-,-,-,-,-,-,6.22
1906,SB10005013,1906,ŞCOALA GIMNAZIALĂ AVRIG,7.20,-,-,5.25,-,-,-,-,-,-,6.22
1907,SB8402389,1907,ŞCOALA GIMNAZIALĂ RACOVIŢA,7.15,-,-,5.30,-,-,-,-,-,-,6.22
1908,SB9822262,1908,ŞCOALA GIMNAZIALĂ NR. 2 SIBIU,7.15,-,-,5.30,-,-,-,-,-,-,6.22
1909,SB9818244,1909,"LICEUL TEORETIC ""GHEORGHE LAZĂR"" AVRIG",6.95,-,-,5.50,-,-,-,-,-,-,6.22
1910,SB7503201,1910,"ŞCOALA GIMNAZIALĂ ""REGINA MARIA"" SIBIU",6.75,-,-,5.70,-,-,-,-,-,-,6.22
1911,SB9841486,1911,"LICEUL TEORETIC ""CONSTANTIN NOICA"" SIBIU",6.75,-,-,5.70,-,-,-,-,-,-,6.22
1912,SB10063926,1912,"LICEUL TEORETIC ""GHEORGHE LAZĂR"" AVRIG",6.70,-,-,5.75,-,-,-,-,-,-,6.22
1913,SB10107233,1913,LICEUL DE ARTĂ SIBIU,6.70,-,-,5.75,-,-,-,-,-,-,6.22
1914,SB10351944,1914,ŞCOALA GIMNAZIALĂ NR. 4 SIBIU,6.70,-,-,5.75,-,-,-,-,-,-,6.22
1915,SB10046135,1915,"ŞCOALA GIMNAZIALĂ ""MIHAI VITEAZU"" ŞELIMBĂR",6.35,-,-,6.10,-,-,-,-,-,-,6.22
1916,SB13152415,1916,"ŞCOALA GIMNAZIALĂ ""GEORG DANIEL TEUTSCH"" AGNITA",6.35,-,-,6.10,-,-,-,-,-,-,6.22
1917,SB9900726,1917,"ŞCOALA GIMNAZIALĂ ""ION POP RETEGANUL"" ORLAT",6.25,7.10,7.10,5.35,-,-,-,-,-,-,6.22
1918,SB10422985,1918,ŞCOALA GIMNAZIALĂ NR. 8 SIBIU,6.15,-,-,6.30,-,-,-,-,-,-,6.22
1919,SB7890102,1919,ŞCOALA GIMNAZIALĂ NR. 21 SIBIU,6.05,-,-,6.40,-,-,-,-,-,-,6.22
1920,SB9975048,1920,LICEUL TEHNOLOGIC IACOBENI,5.95,-,-,6.50,-,-,-,-,-,-,6.22
1921,SB4074101,1921,ŞCOALA GIMNAZIALĂ NR. 13 SIBIU,5.75,-,-,6.70,-,-,-,-,-,-,6.22
1922,SB13888016,1922,ŞCOALA GIMNAZIALĂ NR. 18 SIBIU,5.65,-,-,6.80,-,-,-,-,-,-,6.22
1923,SB12380185,1923,ŞCOALA GIMNAZIALĂ NR. 4 SIBIU,5.25,-,-,7.20,-,-,-,-,-,-,6.22
1924,SB10107518,1924,"ŞCOALA GIMNAZIALĂ ""ION LUCA CARAGIALE"" SIBIU",7.30,-,-,5.10,-,-,-,-,-,-,6.20
1925,SB10543549,1925,"ŞCOALA GIMNAZIALĂ ""SAMUIL MICU"" SADU",7.30,-,-,5.10,-,-,-,-,-,-,6.20
1926,SB10426157,1926,"ŞCOALA GIMNAZIALĂ ""NICOLAE IORGA"" SIBIU",7.10,-,-,5.30,-,-,-,-,-,-,6.20
1927,SB10320030,1927,"ŞCOALA GIMNAZIALĂ ""MIHAI EMINESCU"" MEDIAŞ",6.80,-,-,5.60,-,-,-,-,-,-,6.20
1928,SB9878721,1928,"ŞCOALA GIMNAZIALĂ ""ION POP RETEGANUL"" ORLAT",6.70,-,-,5.70,-,-,-,-,-,-,6.20
1929,SB9252821,1929,"ŞCOALA GIMNAZIALĂ ""BADEA CÎRŢAN"" CÂRŢIŞOARA",6.65,-,-,5.75,-,-,-,-,-,-,6.20
1930,SB10020817,1930,"ŞCOALA GIMNAZIALĂ ""MIHAI EMINESCU"" MEDIAŞ",6.50,-,-,5.90,-,-,-,-,-,-,6.20
1931,SB9232849,1931,ŞCOALA GIMNAZIALĂ NR. 3 CISNĂDIE,6.00,-,-,6.40,-,-,-,-,-,-,6.20
1932,SB14971065,1932,"ŞCOALA GIMNAZIALĂ ""ION LUCA CARAGIALE"" SIBIU",5.45,-,-,6.95,-,-,-,-,-,-,6.20
1933,SB9805469,1933,ŞCOALA GIMNAZIALĂ TĂLMACIU,7.10,-,-,5.25,-,-,-,-,-,-,6.17
1934,SB10109690,1934,"ŞCOALA GIMNAZIALĂ ""NICOLAE IORGA"" SIBIU",6.85,-,-,5.50,-,-,-,-,-,-,6.17
1935,SB10299108,1935,"ŞCOALA GIMNAZIALĂ ""REGELE FERDINAND"" SIBIU",6.75,-,-,5.60,-,-,-,-,-,-,6.17
1936,SB10760799,1936,"COLEGIUL NAȚIONAL PEDAGOGIC ""ANDREI ŞAGUNA"" SIBIU",6.65,-,-,5.70,-,-,-,-,-,-,6.17
1937,SB10650814,1937,ŞCOALA GIMNAZIALĂ NR. 3 COPȘA MICĂ,6.55,-,-,5.80,-,-,-,-,-,-,6.17
1938,SB9611160,1938,ŞCOALA GIMNAZIALĂ BRATEIU,6.55,-,-,5.80,-,-,-,-,-,-,6.17
1939,SB9943362,1939,"LICEUL TEHNOLOGIC ""IOAN LUPAŞ"" SĂLIŞTE",6.30,-,-,6.05,-,-,-,-,-,-,6.17
1940,SB10287439,1940,"ŞCOALA GIMNAZIALĂ ""GEORG DANIEL TEUTSCH"" AGNITA",6.10,-,-,6.25,-,-,-,-,-,-,6.17
1941,SB2685301,1941,"LICEUL TEORETIC ""GUSTAV GÜNDISCH"" CISNĂDIE",5.85,-,-,6.50,-,-,-,-,-,-,6.17
1942,SB9676013,1942,"ŞCOALA GIMNAZIALĂ ""IOAN SLAVICI"" SIBIU",5.70,6.05,6.05,6.20,6.30,6.30,-,-,-,-,6.17
1943,SB9818478,1943,ŞCOALA GIMNAZIALĂ AVRIG,8.00,-,-,4.30,-,-,-,-,-,-,6.15
1944,SB10085359,1944,"LICEUL TEHNOLOGIC ""JOHANNES LEBEL"" TĂLMACIU",7.40,-,-,4.90,-,-,-,-,-,-,6.15
1945,SB10003337,1945,"LICEUL TEORETIC ""GUSTAV GÜNDISCH"" CISNĂDIE",6.85,-,-,5.70,-,-,Limba germana,5.90,-,-,6.15
1946,SB10602210,1946,"LICEUL ""TIMOTEI CIPARIU"" DUMBRĂVENI",5.90,-,-,6.40,-,-,-,-,-,-,6.15
1947,SB8498950,1947,ŞCOALA GIMNAZIALĂ RACOVIŢA,5.90,-,-,6.40,-,-,-,-,-,-,6.15
1948,SB9931870,1948,"LICEUL TEHNOLOGIC ""JOHANNES LEBEL"" TĂLMACIU",5.75,-,-,6.55,-,-,-,-,-,-,6.15
1949,SB10174153,1949,ŞCOALA GIMNAZIALĂ NR. 4 SIBIU,5.60,-,-,6.70,-,-,-,-,-,-,6.15
1950,SB7926098,1950,"LICEUL ""AUGUST TREBONIU LAURIAN"" AGNITA",5.20,-,-,7.10,-,-,-,-,-,-,6.15
1951,SB10348355,1951,ŞCOALA GIMNAZIALĂ NR. 21 SIBIU,5.05,-,-,7.25,-,-,-,-,-,-,6.15
1952,SB9818421,1952,ŞCOALA GIMNAZIALĂ AVRIG,7.45,-,-,4.80,-,-,-,-,-,-,6.12
1953,SB8885869,1953,"ŞCOALA GIMNAZIALĂ ""REGELE FERDINAND"" SIBIU",7.40,-,-,4.85,-,-,-,-,-,-,6.12
1954,SB10367962,1954,"ŞCOALA GIMNAZIALĂ ""NICOLAE IORGA"" SIBIU",6.80,-,-,5.45,-,-,-,-,-,-,6.12
1955,SB12090980,1955,ŞCOALA GIMNAZIALĂ ȘEICA MICĂ,6.60,-,-,5.65,-,-,-,-,-,-,6.12
1956,SB9146960,1956,"ŞCOALA GIMNAZIALĂ ""ION ALBESCU"" BOIŢA",6.55,-,-,5.70,-,-,-,-,-,-,6.12
1957,SB10012847,1957,"LICEUL TEHNOLOGIC ""ILIE MĂCELARIU"" MIERCUREA SIBIULUI",6.50,6.50,6.50,5.75,5.75,5.75,-,-,-,-,6.12
1958,SB9606413,1958,ŞCOALA GIMNAZIALĂ NR. 3 CISNĂDIE,6.50,-,-,5.75,-,-,-,-,-,-,6.12
1959,SB9997618,1959,"ŞCOALA GIMNAZIALĂ ""RADU SELEJAN"" SIBIU",6.30,-,-,5.95,-,-,-,-,-,-,6.12
1960,SB9741466,1960,"ŞCOALA GIMNAZIALĂ ""SAVA POPOVICI BARCIANU"" RĂŞINARI",7.15,-,-,5.05,-,-,-,-,-,-,6.10
1961,SB10021057,1961,ŞCOALA GIMNAZIALĂ NR. 12 SIBIU,6.70,-,-,5.50,-,-,-,-,-,-,6.10
1962,SB12043638,1962,"COLEGIUL NAȚIONAL PEDAGOGIC ""ANDREI ŞAGUNA"" SIBIU",6.70,-,-,5.50,-,-,-,-,-,-,6.10
1963,SB9420479,1963,ŞCOALA GIMNAZIALĂ BRADU,6.60,-,-,5.60,-,-,-,-,-,-,6.10
1964,SB10096298,1964,ŞCOALA GIMNAZIALĂ ŞURA MICĂ,5.70,-,-,6.50,-,-,-,-,-,-,6.10
1965,SB10094700,1965,"ŞCOALA GIMNAZIALĂ ""MIHAI EMINESCU"" MEDIAŞ",7.00,-,-,5.15,-,-,-,-,-,-,6.07
1966,SB10061131,1966,ŞCOALA GIMNAZIALĂ SĂCEL,6.65,-,-,5.50,-,-,-,-,-,-,6.07
1967,SB9420964,1967,ŞCOALA GIMNAZIALĂ BRADU,6.30,-,-,5.85,-,-,-,-,-,-,6.07
1968,SB9944727,1968,LICEUL TEHNOLOGIC CISNĂDIE,6.30,-,-,5.85,-,-,-,-,-,-,6.07
1969,SB10360031,1969,"ŞCOALA GIMNAZIALĂ ""REGINA MARIA"" SIBIU",5.95,-,-,6.20,-,-,-,-,-,-,6.07
1970,SB13691049,1970,"ŞCOALA GIMNAZIALĂ ""VIOREL CUCU PALTIN"" ARPAȘU DE JOS",5.50,-,-,6.65,-,-,-,-,-,-,6.07
1971,SB9939280,1971,"ŞCOALA GIMNAZIALĂ ""MIHAI VITEAZU"" ŞELIMBĂR",5.15,-,-,7.00,-,-,-,-,-,-,6.07
1972,SB10302461,1972,"LICEUL TEORETIC ""ROTH - OBERTH"" MEDIAŞ",7.00,-,-,5.70,-,-,Limba germana,5.45,-,-,6.05
1973,SB10431117,1973,ŞCOALA GIMNAZIALĂ ROŞIA,7.00,-,-,5.10,-,-,-,-,-,-,6.05
1974,SB5072301,1974,ŞCOALA GIMNAZIALĂ NR. 12 SIBIU,6.95,-,-,4.95,5.15,5.15,-,-,-,-,6.05
1975,SB9439993,1975,ŞCOALA GIMNAZIALĂ ALĂMOR,6.50,-,-,5.60,-,-,-,-,-,-,6.05
1976,SB9726909,1976,ŞCOALA GIMNAZIALĂ CRISTIAN,6.45,-,-,5.65,-,-,-,-,-,-,6.05
1977,SB9741618,1977,"ŞCOALA GIMNAZIALĂ ""OCTAVIAN GOGA"" RĂŞINARI",6.40,6.25,6.25,5.85,-,-,-,-,-,-,6.05
1978,SB12172233,1978,ŞCOALA GIMNAZIALĂ NR. 3 CISNĂDIE,6.30,-,-,5.80,-,-,-,-,-,-,6.05
1979,SB12017679,1979,"LICEUL TEORETIC ""CONSTANTIN NOICA"" SIBIU",6.10,-,-,6.00,-,-,-,-,-,-,6.05
1980,SB9982847,1980,ŞCOALA GIMNAZIALĂ NR. 3 CISNĂDIE,5.80,-,-,6.30,-,-,-,-,-,-,6.05
1981,SB10294544,1981,ŞCOALA GIMNAZIALĂ NR. 4 SIBIU,5.60,-,-,6.50,-,-,-,-,-,-,6.05
1982,SB12614075,1982,"COLEGIUL NAȚIONAL ""SAMUEL VON BRUKENTHAL"" SIBIU",6.90,-,-,5.05,-,-,Limba germana,6.15,-,-,6.03
1983,SB9690424,1983,ŞCOALA GIMNAZIALĂ CRISTIAN,7.50,-,-,4.55,-,-,-,-,-,-,6.02
1984,SB8398614,1984,ŞCOALA GIMNAZIALĂ RACOVIŢA,7.30,-,-,4.75,-,-,-,-,-,-,6.02
1985,SB10620320,1985,LICEUL TEHNOLOGIC MÂRŞA,7.10,-,-,4.95,-,-,-,-,-,-,6.02
1986,SB9188163,1986,"ŞCOALA GIMNAZIALĂ ""RADU SELEJAN"" SIBIU",6.55,-,-,5.50,-,-,-,-,-,-,6.02
1987,SB12092595,1987,ŞCOALA GIMNAZIALĂ NR. 10 SIBIU,6.15,-,-,5.90,-,-,-,-,-,-,6.02
1988,SB10367546,1988,"ŞCOALA GIMNAZIALĂ ""REGINA MARIA"" SIBIU",6.10,6.25,6.25,5.85,5.80,5.80,-,-,-,-,6.02
1989,SB9886766,1989,ŞCOALA GIMNAZIALĂ SLIMNIC,6.05,-,-,6.00,-,-,-,-,-,-,6.02
1990,SB10400470,1990,ŞCOALA GIMNAZIALĂ NR. 1 SIBIU,5.80,6.25,6.25,5.80,-,-,-,-,-,-,6.02
1991,SB10327957,1991,"LICEUL TEHNOLOGIC ""ILIE MĂCELARIU"" MIERCUREA SIBIULUI",5.65,-,-,6.40,-,-,-,-,-,-,6.02
1992,SB12392018,1992,"ŞCOALA GIMNAZIALĂ ""CONSTANTIN IOAN MOTAŞ"" MEDIAŞ",5.65,-,-,6.40,-,-,-,-,-,-,6.02
1993,SB9929187,1993,"LICEUL TEHNOLOGIC ""JOHANNES LEBEL"" TĂLMACIU",5.35,-,-,6.70,-,-,-,-,-,-,6.02
1994,SB9602022,1994,"ŞCOALA GIMNAZIALĂ ""NICOLAE IORGA"" SIBIU",5.05,-,-,7.00,-,-,-,-,-,-,6.02
1995,SB6232551,1995,"COLEGIUL NAȚIONAL ""OCTAVIAN GOGA"" SIBIU",6.90,-,-,7.20,-,-,Limba germana,3.95,-,-,6.01
1996,SB10399537,1996,"LICEUL TEORETIC ""CONSTANTIN NOICA"" SIBIU",7.85,-,-,4.15,-,-,-,-,-,-,6.00
1997,SB10448653,1997,ŞCOALA GIMNAZIALĂ BÂRGHIŞ,7.25,-,-,4.75,-,-,-,-,-,-,6.00
1998,SB9590128,1998,"ŞCOALA GIMNAZIALĂ ""STEPHAN LUDWIG ROTH"" MOŞNA",7.20,-,-,4.80,-,-,-,-,-,-,6.00
1999,SB10433458,1999,"LICEUL TEORETIC ""ROTH - OBERTH"" MEDIAŞ",6.70,-,-,5.10,-,-,Limba germana,6.20,-,-,6.00
2000,SB9975276,2000,"LICEUL TEHNOLOGIC ""IOAN LUPAŞ"" SĂLIŞTE",6.10,-,-,5.90,-,-,-,-,-,-,6.00
2001,SB10293754,2001,"LICEUL ""AUGUST TREBONIU LAURIAN"" AGNITA",6.00,-,-,6.00,-,-,-,-,-,-,6.00
2002,SB7960342,2002,"ŞCOALA GIMNAZIALĂ ""RADU SELEJAN"" SIBIU",5.95,-,-,6.05,-,-,-,-,-,-,6.00
2003,SB8355638,2003,"ŞCOALA GIMNAZIALĂ ""ANDREI ȘAGUNA"" ŞURA MARE",5.95,-,-,6.05,-,-,-,-,-,-,6.00
2004,SB8932128,2004,ŞCOALA GIMNAZIALĂ ŞAROŞ PE TÂRNAVE,5.70,-,-,6.30,-,-,-,-,-,-,6.00
2005,SB10275964,2005,"ŞCOALA GIMNAZIALĂ ""GEORG DANIEL TEUTSCH"" AGNITA",5.60,-,-,6.40,-,-,-,-,-,-,6.00
2006,SB12619169,2006,ŞCOALA GIMNAZIALĂ NR. 2 CISNĂDIE,5.50,-,-,6.50,-,-,-,-,-,-,6.00
2007,SB9081385,2007,"ŞCOALA GIMNAZIALĂ ""OCTAVIAN GOGA"" RĂŞINARI",5.20,-,-,6.80,-,-,-,-,-,-,6.00
2008,SB10476849,2008,"LICEUL ""AUGUST TREBONIU LAURIAN"" AGNITA",4.95,-,-,7.05,-,-,-,-,-,-,6.00
2009,SB10087603,2009,"ŞCOALA GIMNAZIALĂ ""IOAN SLAVICI"" SIBIU",4.55,-,-,7.45,-,-,-,-,-,-,6.00
2010,SB8996537,2010,ŞCOALA GIMNAZIALĂ VEŞTEM,6.65,-,-,5.30,-,-,-,-,-,-,5.97
2011,SB8132299,2011,"COLEGIUL NAȚIONAL PEDAGOGIC ""ANDREI ŞAGUNA"" SIBIU",6.65,7.30,7.30,4.65,-,-,-,-,-,-,5.97
2012,SB9706764,2012,ŞCOALA GIMNAZIALĂ AŢEL,6.55,-,-,5.40,-,-,-,-,-,-,5.97
2013,SB10387468,2013,"ŞCOALA GIMNAZIALĂ ""REGINA MARIA"" SIBIU",6.45,-,-,5.50,-,-,-,-,-,-,5.97
2014,SB10049103,2014,ŞCOALA GIMNAZIALĂ CURCIU,6.40,-,-,5.55,-,-,-,-,-,-,5.97
2015,SB9990408,2015,"LICEUL TEORETIC ""GUSTAV GÜNDISCH"" CISNĂDIE",6.25,-,-,5.65,5.70,5.70,-,-,-,-,5.97
2016,SB10292258,2016,"ŞCOALA GIMNAZIALĂ ""ION LUCA CARAGIALE"" SIBIU",6.15,-,-,5.80,5.80,5.80,-,-,-,-,5.97
2017,SB10390532,2017,ŞCOALA GIMNAZIALĂ NOIŞTAT,5.10,-,-,6.85,-,-,-,-,-,-,5.97
2018,SB9991508,2018,ŞCOALA GIMNAZIALĂ NR. 4 SIBIU,7.20,-,-,4.70,-,-,-,-,-,-,5.95
2019,SB9741227,2019,"ŞCOALA GIMNAZIALĂ ""SAVA POPOVICI BARCIANU"" RĂŞINARI",6.40,-,-,5.40,5.50,5.50,-,-,-,-,5.95
2020,SB10586421,2020,ŞCOALA GIMNAZIALĂ TĂLMACIU,6.35,-,-,5.55,-,-,-,-,-,-,5.95
2021,SB9674274,2021,ŞCOALA GIMNAZIALĂ NR. 8 SIBIU,6.25,-,-,5.65,-,-,-,-,-,-,5.95
2022,SB9688200,2022,ŞCOALA GIMNAZIALĂ CRISTIAN,6.10,-,-,5.80,-,-,-,-,-,-,5.95
2023,SB12122409,2023,ŞCOALA GIMNAZIALĂ NR. 23 SIBIU,5.90,-,-,6.00,-,-,-,-,-,-,5.95
2024,SB10022638,2024,ŞCOALA GIMNAZIALĂ NR. 12 SIBIU,5.85,-,-,6.05,-,-,-,-,-,-,5.95
2025,SB7890179,2025,ŞCOALA GIMNAZIALĂ NR. 21 SIBIU,5.15,-,-,6.75,-,-,-,-,-,-,5.95
2026,SB10269021,2026,"ŞCOALA GIMNAZIALĂ ""GEORG DANIEL TEUTSCH"" AGNITA",4.95,-,-,6.95,-,-,-,-,-,-,5.95
2027,SB15018089,2027,LICEUL TEHNOLOGIC MÂRŞA,8.10,-,-,3.75,-,-,-,-,-,-,5.92
2028,SB10319087,2028,"ŞCOALA GIMNAZIALĂ ""GEORGE POPA"" MEDIAŞ",7.70,-,-,4.15,-,-,-,-,-,-,5.92
2029,SB10280850,2029,"ŞCOALA GIMNAZIALĂ ""GEORGE POPA"" MEDIAŞ",7.55,-,-,4.30,-,-,-,-,-,-,5.92
2030,SB10431518,2030,ŞCOALA GIMNAZIALĂ ROŞIA,7.35,-,-,4.50,-,-,-,-,-,-,5.92
2031,SB10432056,2031,ŞCOALA GIMNAZIALĂ ROŞIA,7.15,-,-,4.70,-,-,-,-,-,-,5.92
2032,SB10744120,2032,ŞCOALA GIMNAZIALĂ VURPĂR,6.65,6.70,6.70,5.15,-,-,-,-,-,-,5.92
2033,SB10728779,2033,ŞCOALA GIMNAZIALĂ NR. 3 CISNĂDIE,6.60,-,-,5.25,-,-,-,-,-,-,5.92
2034,SB10101134,2034,ŞCOALA GIMNAZIALĂ NR. 7 MEDIAŞ,6.05,-,-,5.80,-,-,-,-,-,-,5.92
2035,SB10399566,2035,ŞCOALA GIMNAZIALĂ NR. 25 SIBIU,5.95,-,-,5.90,-,-,-,-,-,-,5.92
2036,SB8530580,2036,ŞCOALA GIMNAZIALĂ AGÂRBICIU,5.75,-,-,6.10,-,-,-,-,-,-,5.92
2037,SB11072657,2037,ŞCOALA GIMNAZIALĂ NR. 18 SIBIU,7.50,-,-,4.30,-,-,-,-,-,-,5.90
2038,SB10444382,2038,ŞCOALA GIMNAZIALĂ NR. 4 SIBIU,7.25,7.25,7.25,4.55,-,-,-,-,-,-,5.90
2039,SB8532597,2039,ŞCOALA GIMNAZIALĂ AXENTE SEVER,7.20,-,-,4.60,-,-,-,-,-,-,5.90
2040,SB9081277,2040,"ŞCOALA GIMNAZIALĂ ""OCTAVIAN GOGA"" RĂŞINARI",7.15,-,-,4.65,-,-,-,-,-,-,5.90
2041,SB10446172,2041,ŞCOALA GIMNAZIALĂ NR. 4 SIBIU,6.90,-,-,4.90,-,-,-,-,-,-,5.90
2042,SB10450895,2042,ŞCOALA GIMNAZIALĂ BÂRGHIŞ,6.80,-,-,5.00,-,-,-,-,-,-,5.90
2043,SB12276469,2043,"ŞCOALA GIMNAZIALĂ ""LUCIAN BOLOGA"" MARPOD",6.40,-,-,5.40,-,-,-,-,-,-,5.90
2044,SB12122345,2044,ŞCOALA GIMNAZIALĂ JINA,6.30,-,-,5.50,-,-,-,-,-,-,5.90
2045,SB7503051,2045,ŞCOALA GIMNAZIALĂ NR. 21 SIBIU,5.80,-,-,6.00,-,-,-,-,-,-,5.90
2046,SB8994267,2046,ŞCOALA GIMNAZIALĂ RACOVIŢA,5.70,-,-,6.10,-,-,-,-,-,-,5.90
2047,SB9988408,2047,"LICEUL TEHNOLOGIC ""IOAN LUPAŞ"" SĂLIŞTE",5.65,-,-,6.15,-,-,-,-,-,-,5.90
2048,SB10330815,2048,"ŞCOALA GIMNAZIALĂ ""CONSTANTIN IOAN MOTAŞ"" MEDIAŞ",5.30,-,-,6.50,-,-,-,-,-,-,5.90
2049,SB10839598,2049,"ŞCOALA GIMNAZIALĂ ""GEORG DANIEL TEUTSCH"" AGNITA",5.30,-,-,6.50,-,-,-,-,-,-,5.90
2050,SB10359866,2050,ŞCOALA GIMNAZIALĂ TILIŞCA,4.85,-,-,6.95,-,-,-,-,-,-,5.90
2051,SB4635101,2051,ŞCOALA GIMNAZIALĂ OCNA SIBIULUI,4.60,-,-,7.20,-,-,-,-,-,-,5.90
2052,SB10332230,2052,ŞCOALA GIMNAZIALĂ NR. 18 SIBIU,7.55,-,-,4.20,-,-,-,-,-,-,5.87
2053,SB638751,2053,LICEUL DE ARTĂ SIBIU,6.90,-,-,4.85,-,-,-,-,-,-,5.87
2054,SB8684655,2054,"ŞCOALA GIMNAZIALĂ ""NICOLAE IORGA"" SIBIU",6.75,-,-,5.00,-,-,-,-,-,-,5.87
2055,SB10326879,2055,ŞCOALA GIMNAZIALĂ NR. 25 SIBIU,6.45,-,-,5.30,-,-,-,-,-,-,5.87
2056,SB10125957,2056,"ŞCOALA GIMNAZIALĂ ""NICOLAE IORGA"" SIBIU",6.35,-,-,5.40,-,-,-,-,-,-,5.87
2057,SB10712365,2057,"COLEGIUL NAȚIONAL PEDAGOGIC ""ANDREI ŞAGUNA"" SIBIU",5.95,-,-,5.80,-,-,-,-,-,-,5.87
2058,SB10844173,2058,"LICEUL TEORETIC ""CONSTANTIN NOICA"" SIBIU",5.95,6.40,6.40,5.40,5.35,5.35,-,-,-,-,5.87
2059,SB9129661,2059,"ŞCOALA GIMNAZIALĂ ""OCTAVIAN GOGA"" RĂŞINARI",5.80,-,-,6.10,5.95,5.95,-,-,-,-,5.87
2060,SB9239578,2060,ŞCOALA GIMNAZIALĂ ŞEICA MARE,5.15,-,-,6.60,-,-,-,-,-,-,5.87
2061,SB14279202,2061,ŞCOALA GIMNAZIALĂ NR. 21 SIBIU,5.05,-,-,6.70,-,-,-,-,-,-,5.87
2062,SB9423169,2062,ŞCOALA GIMNAZIALĂ AVRIG,6.80,-,-,4.90,-,-,-,-,-,-,5.85
2063,SB12296931,2063,ŞCOALA GIMNAZIALĂ NR. 3 CISNĂDIE,6.50,-,-,5.20,-,-,-,-,-,-,5.85
2064,SB12067762,2064,LICEUL ROMÂNO - FINLANDEZ ERI SIBIU,6.40,-,-,5.30,-,-,-,-,-,-,5.85
2065,SB8996391,2065,ŞCOALA GIMNAZIALĂ VEŞTEM,6.20,-,-,5.50,-,-,-,-,-,-,5.85
2066,SB9252742,2066,"ŞCOALA GIMNAZIALĂ ""BADEA CÎRŢAN"" CÂRŢIŞOARA",6.15,-,-,5.55,-,-,-,-,-,-,5.85
2067,SB10384422,2067,"COLEGIUL NAȚIONAL ""OCTAVIAN GOGA"" SIBIU",6.00,-,-,5.70,-,-,-,-,-,-,5.85
2068,SB9595124,2068,"ŞCOALA GIMNAZIALĂ ""MIHAI EMINESCU"" MEDIAŞ",5.80,-,-,5.90,-,-,-,-,-,-,5.85
2069,SB8906234,2069,"LICEUL TEORETIC ""CONSTANTIN NOICA"" SIBIU",5.20,-,-,6.50,-,-,-,-,-,-,5.85
2070,SB10546142,2070,"LICEUL TEORETIC ""GUSTAV GÜNDISCH"" CISNĂDIE",6.05,-,-,5.80,-,-,Limba germana,5.65,-,-,5.83
2071,SB9125055,2071,"ŞCOALA GIMNAZIALĂ ""MARȚIAN NEGREA"" VALEA VIILOR",7.20,-,-,4.45,-,-,-,-,-,-,5.82
2072,SB8232475,2072,"ŞCOALA GIMNAZIALĂ ""SAMUIL MICU"" SADU",7.15,-,-,4.50,-,-,-,-,-,-,5.82
2073,SB10689696,2073,"ŞCOALA GIMNAZIALĂ ""ION ALBESCU"" BOIŢA",6.60,-,-,5.05,-,-,-,-,-,-,5.82
2074,SB12615342,2074,"ŞCOALA GIMNAZIALĂ ""AVIATOR IOAN SAVA"" ALŢINA",5.15,-,-,6.50,-,-,-,-,-,-,5.82
2075,SB9076171,2075,"COLEGIUL NAȚIONAL ""SAMUEL VON BRUKENTHAL"" SIBIU",6.35,-,-,5.45,-,-,Limba germana,5.65,-,-,5.81
2076,SB9838601,2076,"LICEUL TEORETIC ""GUSTAV GÜNDISCH"" CISNĂDIE",5.75,-,-,5.40,-,-,Limba germana,6.30,-,-,5.81
2077,SB8935045,2077,"ŞCOALA GIMNAZIALĂ ""GEORGE POPA"" MEDIAŞ",7.30,-,-,4.30,-,-,-,-,-,-,5.80
2078,SB9887024,2078,ŞCOALA GIMNAZIALĂ SLIMNIC,7.20,-,-,4.40,-,-,-,-,-,-,5.80
2079,SB8296204,2079,ŞCOALA GIMNAZIALĂ BOIAN,7.10,-,-,4.50,-,-,-,-,-,-,5.80
2080,SB9383804,2080,"ŞCOALA GIMNAZIALĂ ""AVIATOR IOAN SAVA"" ALŢINA",6.95,-,-,4.65,-,-,-,-,-,-,5.80
2081,SB12028957,2081,ŞCOALA GIMNAZIALĂ BOIAN,6.60,-,-,5.00,-,-,-,-,-,-,5.80
2082,SB9807640,2082,"COLEGIUL NAȚIONAL ""SAMUEL VON BRUKENTHAL"" SIBIU",6.15,6.05,6.05,6.55,-,-,Limba germana,4.80,4.80,4.80,5.80
2083,SB10825145,2083,LICEUL DE ARTĂ SIBIU,6.10,-,-,5.50,-,-,-,-,-,-,5.80
2084,SB10348172,2084,ŞCOALA GIMNAZIALĂ NR. 4 SIBIU,6.05,6.10,6.10,6.95,7.45,7.45,Limba germana,5.20,3.85,3.85,5.80
2085,SB12331987,2085,LICEUL DE ARTĂ SIBIU,6.00,-,-,5.60,-,-,-,-,-,-,5.80
2086,SB9988567,2086,"LICEUL TEHNOLOGIC ""IOAN LUPAŞ"" SĂLIŞTE",5.95,-,-,5.65,-,-,-,-,-,-,5.80
2087,SB7109801,2087,ŞCOALA GIMNAZIALĂ NR. 21 SIBIU,5.90,-,-,5.70,-,-,-,-,-,-,5.80
2088,SB11078767,2088,ŞCOALA GIMNAZIALĂ NR. 12 SIBIU,5.80,-,-,5.80,-,-,-,-,-,-,5.80
2089,SB12538191,2089,"ŞCOALA GIMNAZIALĂ ""MIHAI VITEAZU"" ŞELIMBĂR",5.75,-,-,5.85,-,-,-,-,-,-,5.80
2090,SB10063584,2090,"LICEUL TEORETIC ""GHEORGHE LAZĂR"" AVRIG",5.40,-,-,6.20,-,-,-,-,-,-,5.80
2091,SB2528951,2091,"ŞCOALA GIMNAZIALĂ ""MIHAI VITEAZU"" ŞELIMBĂR",5.35,-,-,6.25,6.25,6.25,-,-,-,-,5.80
2092,SB340601,2092,"COLEGIUL NAȚIONAL ""OCTAVIAN GOGA"" SIBIU",5.25,-,-,6.35,-,-,-,-,-,-,5.80
2093,SB12118773,2093,LICEUL DE ARTĂ SIBIU,7.15,-,-,4.40,-,-,-,-,-,-,5.77
2094,SB4074201,2094,ŞCOALA GIMNAZIALĂ NR. 13 SIBIU,6.65,-,-,4.90,-,-,-,-,-,-,5.77
2095,SB10406304,2095,ŞCOALA GIMNAZIALĂ NR. 10 SIBIU,6.60,-,-,4.95,-,-,-,-,-,-,5.77
2096,SB10479874,2096,ŞCOALA GIMNAZIALĂ NR. 7 MEDIAŞ,5.80,-,-,5.75,-,-,-,-,-,-,5.77
2097,SB9687835,2097,ŞCOALA GIMNAZIALĂ CRISTIAN,5.10,-,-,6.45,-,-,-,-,-,-,5.77
2098,SB12258908,2098,ŞCOALA GIMNAZIALĂ CRISTIAN,7.15,-,-,4.35,-,-,-,-,-,-,5.75
2099,SB10173874,2099,ŞCOALA GIMNAZIALĂ RUŞI,6.30,-,-,5.20,-,-,-,-,-,-,5.75
2100,SB8972072,2100,ŞCOALA GIMNAZIALĂ BOIAN,6.30,-,-,5.20,-,-,-,-,-,-,5.75
2101,SB9900977,2101,"ŞCOALA GIMNAZIALĂ ""ION POP RETEGANUL"" ORLAT",6.20,-,-,5.30,-,-,-,-,-,-,5.75
2102,SB14024384,2102,"LICEUL TEORETIC ""GUSTAV GÜNDISCH"" CISNĂDIE",6.20,-,-,3.70,-,-,Limba germana,7.35,-,-,5.75
2103,SB10529521,2103,"COLEGIUL NAȚIONAL PEDAGOGIC ""ANDREI ŞAGUNA"" SIBIU",6.00,-,-,5.50,-,-,-,-,-,-,5.75
2104,SB10439735,2104,ŞCOALA GIMNAZIALĂ POPLACA,5.90,-,-,5.60,-,-,-,-,-,-,5.75
2105,SB12800428,2105,ŞCOALA GIMNAZIALĂ NR. 25 SIBIU,5.80,-,-,5.70,-,-,-,-,-,-,5.75
2106,SB9684269,2106,ŞCOALA GIMNAZIALĂ CRISTIAN,5.75,-,-,5.75,-,-,-,-,-,-,5.75
2107,SB9939644,2107,"LICEUL TEHNOLOGIC ""IOAN LUPAŞ"" SĂLIŞTE",5.45,-,-,6.05,-,-,-,-,-,-,5.75
2108,SB10575921,2108,"ŞCOALA GIMNAZIALĂ ""NICOLAE IORGA"" SIBIU",5.00,-,-,6.50,-,-,-,-,-,-,5.75
2109,SB11145684,2109,"LICEUL TEORETIC ""GHEORGHE LAZĂR"" AVRIG",7.35,-,-,4.10,-,-,-,-,-,-,5.72
2110,SB9474813,2110,"ŞCOALA GIMNAZIALĂ ""AUREL DECEI"" GURA RÂULUI",7.25,-,-,4.20,-,-,-,-,-,-,5.72
2111,SB9626655,2111,"ŞCOALA GIMNAZIALĂ ""VIOREL CUCU PALTIN"" ARPAȘU DE JOS",7.15,-,-,4.30,-,-,-,-,-,-,5.72
2112,SB9577187,2112,"COLEGIUL NAȚIONAL PEDAGOGIC ""ANDREI ŞAGUNA"" SIBIU",6.35,-,-,5.10,-,-,-,-,-,-,5.72
2113,SB13917766,2113,"LICEUL TEORETIC ""GHEORGHE LAZĂR"" AVRIG",5.95,-,-,5.50,-,-,-,-,-,-,5.72
2114,SB9833971,2114,ŞCOALA GIMNAZIALĂ PORUMBACU DE JOS,5.70,-,-,5.75,-,-,-,-,-,-,5.72
2115,SB6146951,2115,ŞCOALA GIMNAZIALĂ NR. 25 SIBIU,5.20,-,-,6.25,-,-,-,-,-,-,5.72
2116,SB9605507,2116,"LICEUL TEORETIC ""GUSTAV GÜNDISCH"" CISNĂDIE",5.80,-,-,3.15,-,-,Limba germana,8.20,-,-,5.71
2117,SB10665266,2117,"ŞCOALA GIMNAZIALĂ ""MIHAI EMINESCU"" MEDIAŞ",6.65,-,-,4.75,-,-,-,-,-,-,5.70
2118,SB638051,2118,"ŞCOALA GIMNAZIALĂ ""ION LUCA CARAGIALE"" SIBIU",6.55,-,-,4.90,4.85,4.85,-,-,-,-,5.70
2119,SB8535293,2119,ŞCOALA GIMNAZIALĂ AXENTE SEVER,6.40,-,-,5.00,-,-,-,-,-,-,5.70
2120,SB9683944,2120,ŞCOALA GIMNAZIALĂ CRISTIAN,6.35,-,-,5.05,-,-,-,-,-,-,5.70
2121,SB8851333,2121,ŞCOALA GIMNAZIALĂ NR. 4 SIBIU,6.20,-,-,5.20,-,-,-,-,-,-,5.70
2122,SB8788411,2122,ŞCOALA GIMNAZIALĂ ŞEICA MARE,5.90,-,-,5.50,-,-,-,-,-,-,5.70
2123,SB10091390,2123,ŞCOALA GIMNAZIALĂ NR. 1 SIBIU,5.85,-,-,5.55,-,-,-,-,-,-,5.70
2124,SB8449592,2124,"ŞCOALA GIMNAZIALĂ ""ANDREI ȘAGUNA"" ŞURA MARE",5.55,-,-,5.85,-,-,-,-,-,-,5.70
2125,SB12789154,2125,ŞCOALA GIMNAZIALĂ AVRIG,4.90,-,-,6.50,-,-,-,-,-,-,5.70
2126,SB8857477,2126,ŞCOALA GIMNAZIALĂ AŢEL,4.85,-,-,6.55,-,-,-,-,-,-,5.70
2127,SB10009870,2127,ŞCOALA GIMNAZIALĂ NR. 2 SIBIU,6.65,-,-,4.70,-,-,-,-,-,-,5.67
2128,SB10466010,2128,"ŞCOALA GIMNAZIALĂ ""REGINA MARIA"" SIBIU",6.50,-,-,4.85,-,-,-,-,-,-,5.67
2129,SB10476749,2129,"LICEUL ""AUGUST TREBONIU LAURIAN"" AGNITA",6.25,-,-,5.10,-,-,-,-,-,-,5.67
2130,SB10294645,2130,"ŞCOALA GIMNAZIALĂ ""REGELE FERDINAND"" SIBIU",6.00,-,-,5.35,-,-,-,-,-,-,5.67
2131,SB10110167,2131,ŞCOALA GIMNAZIALĂ NR. 13 SIBIU,5.25,-,-,6.10,-,-,-,-,-,-,5.67
2132,SB9991348,2132,ŞCOALA GIMNAZIALĂ NR. 1 SIBIU,5.10,5.15,5.15,6.25,6.20,6.20,-,-,-,-,5.67
2133,SB8347832,2133,"ŞCOALA GIMNAZIALĂ ""REGELE FERDINAND"" SIBIU",4.35,-,-,7.00,-,-,-,-,-,-,5.67
2134,SB9741774,2134,"ŞCOALA GIMNAZIALĂ ""OCTAVIAN GOGA"" RĂŞINARI",6.85,6.55,6.55,4.70,4.75,4.75,-,-,-,-,5.65
2135,SB9741866,2135,"ŞCOALA GIMNAZIALĂ ""OCTAVIAN GOGA"" RĂŞINARI",6.80,-,-,4.50,-,-,-,-,-,-,5.65
2136,SB10420021,2136,"ŞCOALA GIMNAZIALĂ ""RADU SELEJAN"" SIBIU",6.70,-,-,4.60,-,-,-,-,-,-,5.65
2137,SB9707178,2137,ŞCOALA GIMNAZIALĂ AŢEL,6.20,-,-,5.10,-,-,-,-,-,-,5.65
2138,SB10329929,2138,"ŞCOALA GIMNAZIALĂ ""CIREŞARII"" MEDIAŞ",6.15,-,-,5.15,-,-,-,-,-,-,5.65
2139,SB10116429,2139,ŞCOALA GIMNAZIALĂ NR. 18 SIBIU,6.10,6.05,6.05,5.25,-,-,-,-,-,-,5.65
2140,SB10660087,2140,ŞCOALA GIMNAZIALĂ NOU,6.10,-,-,5.20,-,-,-,-,-,-,5.65
2141,SB10433319,2141,"ŞCOALA GIMNAZIALĂ ""REGELE FERDINAND"" SIBIU",6.00,-,-,5.30,-,-,-,-,-,-,5.65
2142,SB10020835,2142,ŞCOALA GIMNAZIALĂ NR. 3 COPȘA MICĂ,5.80,-,-,5.50,-,-,-,-,-,-,5.65
2143,SB9815856,2143,"LICEUL TEORETIC ""GHEORGHE LAZĂR"" AVRIG",5.80,-,-,5.50,-,-,-,-,-,-,5.65
2144,SB10290789,2144,ŞCOALA GIMNAZIALĂ BRADU,5.50,-,-,5.80,-,-,-,-,-,-,5.65
2145,SB12077292,2145,LICEUL TEHNOLOGIC IACOBENI,5.30,-,-,6.00,-,-,-,-,-,-,5.65
2146,SB9928955,2146,"LICEUL TEORETIC ""GUSTAV GÜNDISCH"" CISNĂDIE",7.10,-,-,4.15,-,-,-,-,-,-,5.62
2147,SB10087870,2147,"LICEUL TEORETIC ""CONSTANTIN NOICA"" SIBIU",6.80,-,-,4.45,-,-,-,-,-,-,5.62
2148,SB10294886,2148,"LICEUL ""AUGUST TREBONIU LAURIAN"" AGNITA",6.50,-,-,4.75,-,-,-,-,-,-,5.62
2149,SB12619437,2149,"ŞCOALA GIMNAZIALĂ ""IOAN SLAVICI"" SIBIU",6.25,-,-,5.00,-,-,-,-,-,-,5.62
2150,SB7864285,2150,ŞCOALA GIMNAZIALĂ BOIAN,6.25,-,-,5.00,-,-,-,-,-,-,5.62
2151,SB10299466,2151,"ŞCOALA GIMNAZIALĂ ""RADU SELEJAN"" SIBIU",6.15,-,-,5.10,-,-,-,-,-,-,5.62
2152,SB9104061,2152,ŞCOALA GIMNAZIALĂ NR. 2 SIBIU,5.75,-,-,5.50,-,-,-,-,-,-,5.62
2153,SB10332764,2153,"ŞCOALA GIMNAZIALĂ ""CONSTANTIN IOAN MOTAŞ"" MEDIAŞ",5.65,-,-,5.60,-,-,-,-,-,-,5.62
2154,SB11164549,2154,ŞCOALA GIMNAZIALĂ NR. 21 SIBIU,5.60,-,-,5.65,-,-,-,-,-,-,5.62
2155,SB10065478,2155,"LICEUL TEORETIC ""GHEORGHE LAZĂR"" AVRIG",5.45,-,-,5.80,-,-,-,-,-,-,5.62
2156,SB10323996,2156,"ŞCOALA GIMNAZIALĂ ""CONSTANTIN IOAN MOTAŞ"" MEDIAŞ",5.40,-,-,5.85,-,-,-,-,-,-,5.62
2157,SB10449373,2157,"LICEUL TEORETIC ""ONISIFOR GHIBU"" SIBIU",6.30,-,-,6.70,-,-,Limba germana,3.85,-,-,5.61
2158,SB10102234,2158,"ŞCOALA GIMNAZIALĂ ""MIHAI EMINESCU"" MEDIAŞ",6.10,5.80,5.80,5.35,5.40,5.40,-,-,-,-,5.60
2159,SB10440085,2159,"ŞCOALA GIMNAZIALĂ ""IOAN SLAVICI"" SIBIU",6.10,-,-,5.10,-,-,-,-,-,-,5.60
2160,SB10467921,2160,"ŞCOALA GIMNAZIALĂ ""MIHAI EMINESCU"" MEDIAŞ",5.60,-,-,5.60,-,-,-,-,-,-,5.60
2161,SB10664840,2161,ŞCOALA GIMNAZIALĂ NR. 3 COPȘA MICĂ,5.50,-,-,5.70,-,-,-,-,-,-,5.60
2162,SB12033615,2162,ŞCOALA GIMNAZIALĂ NR. 4 SIBIU,5.50,-,-,5.70,-,-,-,-,-,-,5.60
2163,SB6729151,2163,ŞCOALA GIMNAZIALĂ NR. 21 SIBIU,5.20,-,-,6.00,-,-,-,-,-,-,5.60
2164,SB12412025,2164,ŞCOALA GIMNAZIALĂ BÂRGHIŞ,7.50,-,-,3.65,-,-,-,-,-,-,5.57
2165,SB9931739,2165,"LICEUL TEHNOLOGIC ""JOHANNES LEBEL"" TĂLMACIU",7.05,-,-,4.10,-,-,-,-,-,-,5.57
2166,SB10384659,2166,"LICEUL ""AUGUST TREBONIU LAURIAN"" AGNITA",6.95,-,-,4.20,-,-,-,-,-,-,5.57
2167,SB9252832,2167,"ŞCOALA GIMNAZIALĂ ""BADEA CÎRŢAN"" CÂRŢIŞOARA",6.90,-,-,4.25,-,-,-,-,-,-,5.57
2168,SB10329371,2168,ŞCOALA GIMNAZIALĂ NR. 7 MEDIAŞ,6.70,-,-,4.40,4.45,4.45,-,-,-,-,5.57
2169,SB12066348,2169,ŞCOALA GIMNAZIALĂ NR. 4 MEDIAŞ,6.55,-,-,4.60,-,-,-,-,-,-,5.57
2170,SB10447996,2170,ŞCOALA GIMNAZIALĂ BÂRGHIŞ,6.15,-,-,5.00,-,-,-,-,-,-,5.57
2171,SB10687578,2171,ŞCOALA GIMNAZIALĂ RÂU SADULUI,5.85,-,-,5.30,-,-,-,-,-,-,5.57
2172,SB9536804,2172,"ŞCOALA GIMNAZIALĂ ""AUREL DECEI"" GURA RÂULUI",5.35,-,-,5.80,-,-,-,-,-,-,5.57
2173,SB11079192,2173,ŞCOALA GIMNAZIALĂ NR. 2 CISNĂDIE,5.15,-,-,6.00,-,-,-,-,-,-,5.57
2174,SB10329593,2174,ŞCOALA GIMNAZIALĂ APOLDU DE SUS,6.45,-,-,6.85,-,-,Limba germana,3.40,-,-,5.56
2175,SB10064056,2175,"LICEUL TEORETIC ""GHEORGHE LAZĂR"" AVRIG",7.60,-,-,3.50,-,-,-,-,-,-,5.55
2176,SB12091219,2176,ŞCOALA GIMNAZIALĂ BAZNA,5.95,-,-,5.15,-,-,-,-,-,-,5.55
2177,SB9494939,2177,ŞCOALA GIMNAZIALĂ LOAMNEŞ,5.80,-,-,5.30,-,-,-,-,-,-,5.55
2178,SB12416961,2178,ŞCOALA GIMNAZIALĂ NR. 4 MEDIAŞ,5.10,-,-,6.00,-,-,-,-,-,-,5.55
2179,SB9076639,2179,ŞCOALA GIMNAZIALĂ NR. 2 SIBIU,6.55,-,-,4.50,-,-,-,-,-,-,5.52
2180,SB10317569,2180,"ŞCOALA GIMNAZIALĂ ""GEORGE POPA"" MEDIAŞ",6.45,-,-,4.60,-,-,-,-,-,-,5.52
2181,SB13617239,2181,"ŞCOALA GIMNAZIALĂ ""ANDREI ȘAGUNA"" ŞURA MARE",6.05,-,-,5.00,-,-,-,-,-,-,5.52
2182,SB8399643,2182,ŞCOALA GIMNAZIALĂ RACOVIŢA,6.05,-,-,5.00,-,-,-,-,-,-,5.52
2183,SB10448502,2183,ŞCOALA GIMNAZIALĂ DAIA,6.00,-,-,5.05,-,-,-,-,-,-,5.52
2184,SB7504651,2184,"COLEGIUL NAȚIONAL ""OCTAVIAN GOGA"" SIBIU",5.85,-,-,5.20,-,-,-,-,-,-,5.52
2185,SB10062958,2185,"LICEUL TEORETIC ""GHEORGHE LAZĂR"" AVRIG",5.75,-,-,5.30,-,-,-,-,-,-,5.52
2186,SB10332645,2186,LICEUL DE ARTĂ SIBIU,5.75,-,-,5.30,-,-,-,-,-,-,5.52
2187,SB10383711,2187,ŞCOALA GIMNAZIALĂ NR. 18 SIBIU,5.40,5.40,5.40,5.65,-,-,-,-,-,-,5.52
2188,SB10000201,2188,ŞCOALA GIMNAZIALĂ NR. 21 SIBIU,5.30,-,-,5.75,-,-,-,-,-,-,5.52
2189,SB12092046,2189,ŞCOALA GIMNAZIALĂ BAZNA,5.00,-,-,6.05,-,-,-,-,-,-,5.52
2190,SB12027642,2190,LICEUL TEHNOLOGIC IACOBENI,4.55,-,-,6.50,-,-,-,-,-,-,5.52
2191,SB8499094,2191,ŞCOALA GIMNAZIALĂ RACOVIŢA,6.75,-,-,4.25,-,-,-,-,-,-,5.50
2192,SB10544179,2192,"ŞCOALA GIMNAZIALĂ ""SAMUIL MICU"" SADU",6.50,-,-,4.50,-,-,-,-,-,-,5.50
2193,SB8028500,2193,ŞCOALA GIMNAZIALĂ VALCHID,6.50,-,-,4.50,-,-,-,-,-,-,5.50
2194,SB11077725,2194,ŞCOALA GIMNAZIALĂ NR. 23 SIBIU,6.20,-,-,4.80,-,-,-,-,-,-,5.50
2195,SB8917507,2195,"ŞCOALA GIMNAZIALĂ ""MIHAI EMINESCU"" MEDIAŞ",6.05,-,-,4.95,-,-,-,-,-,-,5.50
2196,SB10421871,2196,"ŞCOALA GIMNAZIALĂ ""RADU SELEJAN"" SIBIU",6.00,-,-,5.00,-,-,-,-,-,-,5.50
2197,SB10712025,2197,ŞCOALA GIMNAZIALĂ NOU,6.00,6.20,6.20,4.80,4.80,4.80,-,-,-,-,5.50
2198,SB11077755,2198,ŞCOALA GIMNAZIALĂ NR. 23 SIBIU,5.60,6.00,6.00,5.00,-,-,-,-,-,-,5.50
2199,SB10606315,2199,"LICEUL ""TIMOTEI CIPARIU"" DUMBRĂVENI",5.50,-,-,5.50,-,-,-,-,-,-,5.50
2200,SB12078258,2200,ŞCOALA GIMNAZIALĂ VURPĂR,5.50,-,-,5.50,-,-,-,-,-,-,5.50
2201,SB10501485,2201,"LICEUL TEORETIC ""CONSTANTIN NOICA"" SIBIU",5.20,-,-,5.80,-,-,-,-,-,-,5.50
2202,SB12076663,2202,ŞCOALA GIMNAZIALĂ AŢEL,5.05,-,-,5.95,-,-,-,-,-,-,5.50
2203,SB9880466,2203,"ŞCOALA GIMNAZIALĂ ""ION POP RETEGANUL"" ORLAT",5.00,-,-,6.00,-,-,-,-,-,-,5.50
2204,SB10325252,2204,"ŞCOALA GIMNAZIALĂ ""CONSTANTIN IOAN MOTAŞ"" MEDIAŞ",4.00,-,-,7.00,-,-,-,-,-,-,5.50
2205,SB10433346,2205,"LICEUL TEORETIC ""ROTH - OBERTH"" MEDIAŞ",6.35,-,-,4.70,-,-,Limba germana,5.40,-,-,5.48
2206,SB12441995,2206,"ŞCOALA GIMNAZIALĂ ""REGELE FERDINAND"" SIBIU",6.95,-,-,4.00,-,-,-,-,-,-,5.47
2207,SB9536308,2207,"ŞCOALA GIMNAZIALĂ ""AUREL DECEI"" GURA RÂULUI",6.55,-,-,4.40,-,-,-,-,-,-,5.47
2208,SB9626677,2208,ŞCOALA GIMNAZIALĂ DAIA,6.45,-,-,4.50,-,-,-,-,-,-,5.47
2209,SB10045209,2209,"ŞCOALA GIMNAZIALĂ ""RADU SELEJAN"" SIBIU",5.90,-,-,5.05,-,-,-,-,-,-,5.47
2210,SB10316868,2210,ŞCOALA GIMNAZIALĂ NR. 3 COPȘA MICĂ,5.65,-,-,5.30,-,-,-,-,-,-,5.47
2211,SB10507504,2211,ŞCOALA GIMNAZIALĂ NR. 7 MEDIAŞ,5.50,-,-,5.45,-,-,-,-,-,-,5.47
2212,SB11001049,2212,ŞCOALA GIMNAZIALĂ VURPĂR,5.45,-,-,5.50,-,-,-,-,-,-,5.47
2213,SB10263735,2213,ŞCOALA GIMNAZIALĂ NR. 8 SIBIU,5.35,-,-,5.60,-,-,-,-,-,-,5.47
2214,SB12066970,2214,"ŞCOALA GIMNAZIALĂ ""NICOLAE IORGA"" SIBIU",5.35,-,-,5.60,-,-,-,-,-,-,5.47
2215,SB11077555,2215,ŞCOALA GIMNAZIALĂ NR. 4 MEDIAŞ,6.30,-,-,4.60,-,-,-,-,-,-,5.45
2216,SB8128481,2216,ŞCOALA GIMNAZIALĂ NR. 7 MEDIAŞ,6.20,-,-,4.70,-,-,-,-,-,-,5.45
2217,SB8399146,2217,ŞCOALA GIMNAZIALĂ RACOVIŢA,5.90,-,-,5.00,-,-,-,-,-,-,5.45
2218,SB9886333,2218,ŞCOALA GIMNAZIALĂ SLIMNIC,5.80,-,-,5.10,-,-,-,-,-,-,5.45
2219,SB9886954,2219,ŞCOALA GIMNAZIALĂ SLIMNIC,5.70,-,-,5.20,-,-,-,-,-,-,5.45
2220,SB10269370,2220,"ŞCOALA GIMNAZIALĂ ""GEORG DANIEL TEUTSCH"" AGNITA",5.50,-,-,5.40,-,-,-,-,-,-,5.45
2221,SB9474662,2221,"ŞCOALA GIMNAZIALĂ ""AUREL DECEI"" GURA RÂULUI",5.50,-,-,5.40,-,-,-,-,-,-,5.45
2222,SB4624551,2222,"ŞCOALA GIMNAZIALĂ ""ION LUCA CARAGIALE"" SIBIU",5.45,-,-,5.45,-,-,-,-,-,-,5.45
2223,SB7890214,2223,"ŞCOALA GIMNAZIALĂ ""NICOLAE IORGA"" SIBIU",5.40,-,-,5.50,-,-,-,-,-,-,5.45
2224,SB8967150,2224,ŞCOALA GIMNAZIALĂ NR. 4 MEDIAŞ,5.40,-,-,5.50,-,-,-,-,-,-,5.45
2225,SB4564451,2225,ŞCOALA GIMNAZIALĂ OCNA SIBIULUI,5.10,-,-,5.80,-,-,-,-,-,-,5.45
2226,SB9977672,2226,LICEUL TEHNOLOGIC CISNĂDIE,5.10,-,-,5.80,-,-,-,-,-,-,5.45
2227,SB10545529,2227,"LICEUL TEORETIC ""GUSTAV GÜNDISCH"" CISNĂDIE",6.15,-,-,5.30,-,-,Limba germana,4.85,-,-,5.43
2228,SB9786843,2228,"LICEUL TEORETIC ""GHEORGHE LAZĂR"" AVRIG",7.05,-,-,3.80,-,-,-,-,-,-,5.42
2229,SB9842750,2229,ŞCOALA GIMNAZIALĂ LOAMNEŞ,6.35,6.05,6.05,4.80,-,-,-,-,-,-,5.42
2230,SB10595413,2230,"LICEUL ""TIMOTEI CIPARIU"" DUMBRĂVENI",6.00,-,-,4.85,-,-,-,-,-,-,5.42
2231,SB9694053,2231,ŞCOALA GIMNAZIALĂ CRISTIAN,6.00,-,-,4.85,-,-,-,-,-,-,5.42
2232,SB13416337,2232,ŞCOALA GIMNAZIALĂ NR. 3 CISNĂDIE,5.90,-,-,4.95,-,-,-,-,-,-,5.42
2233,SB9136478,2233,"ŞCOALA GIMNAZIALĂ ""OCTAVIAN GOGA"" RĂŞINARI",4.85,-,-,6.00,-,-,-,-,-,-,5.42
2234,SB10448320,2234,"ŞCOALA GIMNAZIALĂ ""MIHAI VITEAZU"" ŞELIMBĂR",4.45,-,-,6.40,-,-,-,-,-,-,5.42
2235,SB10494525,2235,"LICEUL TEHNOLOGIC ""IOAN LUPAŞ"" SĂLIŞTE",4.30,-,-,6.55,-,-,-,-,-,-,5.42
2236,SB10594077,2236,"LICEUL TEORETIC ""CONSTANTIN NOICA"" SIBIU",5.95,-,-,4.85,-,-,-,-,-,-,5.40
2237,SB9255291,2237,"ŞCOALA GIMNAZIALĂ ""BADEA CÎRŢAN"" CÂRŢIŞOARA",5.80,-,-,5.00,-,-,-,-,-,-,5.40
2238,SB12032294,2238,ŞCOALA GIMNAZIALĂ NR. 18 SIBIU,5.60,-,-,5.20,-,-,-,-,-,-,5.40
2239,SB12890408,2239,ŞCOALA GIMNAZIALĂ RUŞI,5.50,-,-,5.30,-,-,-,-,-,-,5.40
2240,SB9440104,2240,ŞCOALA GIMNAZIALĂ ALĂMOR,5.30,-,-,5.50,-,-,-,-,-,-,5.40
2241,SB10465044,2241,"ŞCOALA GIMNAZIALĂ ""NICOLAE IORGA"" SIBIU",5.15,-,-,5.65,-,-,-,-,-,-,5.40
2242,SB4601651,2242,ŞCOALA GIMNAZIALĂ OCNA SIBIULUI,5.15,5.60,5.60,5.20,-,-,-,-,-,-,5.40
2243,SB8441828,2243,"ŞCOALA GIMNAZIALĂ ""CONSTANTIN IOAN MOTAŞ"" MEDIAŞ",5.10,-,-,5.70,-,-,-,-,-,-,5.40
2244,SB9238460,2244,ŞCOALA GIMNAZIALĂ ŞEICA MARE,4.75,-,-,6.05,-,-,-,-,-,-,5.40
2245,SB9817219,2245,"LICEUL TEORETIC ""GHEORGHE LAZĂR"" AVRIG",7.15,-,-,3.60,-,-,-,-,-,-,5.37
2246,SB10387517,2246,ŞCOALA GIMNAZIALĂ NR. 1 SIBIU,6.25,-,-,4.50,-,-,-,-,-,-,5.37
2247,SB10448387,2247,ŞCOALA GIMNAZIALĂ DAIA,5.95,-,-,4.80,-,-,-,-,-,-,5.37
2248,SB9992905,2248,"LICEUL TEORETIC ""GHEORGHE LAZĂR"" AVRIG",5.95,-,-,4.80,-,-,-,-,-,-,5.37
2249,SB9232352,2249,ŞCOALA GIMNAZIALĂ NR. 2 CISNĂDIE,5.90,-,-,4.85,-,-,-,-,-,-,5.37
2250,SB8788350,2250,ŞCOALA GIMNAZIALĂ ŞEICA MARE,5.70,-,-,5.05,-,-,-,-,-,-,5.37
2251,SB9701269,2251,ŞCOALA GIMNAZIALĂ CRISTIAN,5.70,-,-,5.05,-,-,-,-,-,-,5.37
2252,SB10545664,2252,ŞCOALA GIMNAZIALĂ NR. 3 CISNĂDIE,5.40,-,-,5.35,-,-,-,-,-,-,5.37
2253,SB8008242,2253,ŞCOALA GIMNAZIALĂ AGÂRBICIU,4.25,-,-,6.50,-,-,-,-,-,-,5.37
2254,SB8467683,2254,"ŞCOALA GIMNAZIALĂ ""RADU SELEJAN"" SIBIU",4.25,-,-,6.50,-,-,-,-,-,-,5.37
2255,SB9159793,2255,LICEUL TEHNOLOGIC CISNĂDIE,6.35,6.15,6.15,4.55,-,-,-,-,-,-,5.35
2256,SB13179011,2256,ŞCOALA GIMNAZIALĂ NR. 8 SIBIU,5.55,-,-,5.15,-,-,-,-,-,-,5.35
2257,SB10330932,2257,"ŞCOALA GIMNAZIALĂ ""CONSTANTIN IOAN MOTAŞ"" MEDIAŞ",5.50,-,-,5.20,-,-,-,-,-,-,5.35
2258,SB9813813,2258,ŞCOALA GIMNAZIALĂ AVRIG,5.45,-,-,5.25,-,-,-,-,-,-,5.35
2259,SB8924829,2259,ŞCOALA GIMNAZIALĂ BUZD,6.60,-,-,4.05,-,-,-,-,-,-,5.32
2260,SB8924661,2260,ŞCOALA GIMNAZIALĂ BUZD,6.50,-,-,4.15,-,-,-,-,-,-,5.32
2261,SB12616873,2261,"LICEUL TEORETIC ""CONSTANTIN NOICA"" SIBIU",6.40,-,-,4.25,-,-,-,-,-,-,5.32
2262,SB10298625,2262,"ŞCOALA GIMNAZIALĂ ""MARȚIAN NEGREA"" VALEA VIILOR",5.95,-,-,4.70,-,-,-,-,-,-,5.32
2263,SB11072641,2263,ŞCOALA GIMNAZIALĂ NR. 13 SIBIU,5.85,-,-,4.80,-,-,-,-,-,-,5.32
2264,SB9880363,2264,"ŞCOALA GIMNAZIALĂ ""ION POP RETEGANUL"" ORLAT",5.85,-,-,4.80,-,-,-,-,-,-,5.32
2265,SB10524165,2265,ŞCOALA GIMNAZIALĂ NR. 1 SIBIU,5.65,-,-,5.00,-,-,-,-,-,-,5.32
2266,SB10127233,2266,"COLEGIUL NAȚIONAL PEDAGOGIC ""ANDREI ŞAGUNA"" SIBIU",5.60,-,-,5.05,-,-,-,-,-,-,5.32
2267,SB12330677,2267,"LICEUL TEORETIC ""GHEORGHE LAZĂR"" AVRIG",5.55,-,-,5.10,-,-,-,-,-,-,5.32
2268,SB9980695,2268,"LICEUL TEORETIC ""GUSTAV GÜNDISCH"" CISNĂDIE",5.45,-,-,5.20,-,-,-,-,-,-,5.32
2269,SB10678930,2269,"ŞCOALA GIMNAZIALĂ ""RADU SELEJAN"" SIBIU",5.15,5.65,5.65,5.00,-,-,-,-,-,-,5.32
2270,SB10329866,2270,"ŞCOALA GIMNAZIALĂ ""CONSTANTIN IOAN MOTAŞ"" MEDIAŞ",4.70,-,-,5.95,-,-,-,-,-,-,5.32
2271,SB10174292,2271,"ŞCOALA GIMNAZIALĂ ""RADU SELEJAN"" SIBIU",4.65,-,-,6.00,-,-,-,-,-,-,5.32
2272,SB12077606,2272,ŞCOALA GIMNAZIALĂ BRĂDENI,4.65,-,-,6.00,-,-,-,-,-,-,5.32
2273,SB9604483,2273,ŞCOALA GIMNAZIALĂ NR. 2 CISNĂDIE,7.45,-,-,3.15,-,-,-,-,-,-,5.30
2274,SB11077761,2274,ŞCOALA GIMNAZIALĂ NR. 23 SIBIU,6.40,-,-,4.20,-,-,-,-,-,-,5.30
2275,SB13109633,2275,"LICEUL ""TIMOTEI CIPARIU"" DUMBRĂVENI",6.40,-,-,4.20,-,-,-,-,-,-,5.30
2276,SB720301,2276,ŞCOALA GIMNAZIALĂ NR. 1 SIBIU,6.25,-,-,4.35,-,-,-,-,-,-,5.30
2277,SB10465995,2277,"COLEGIUL NAȚIONAL PEDAGOGIC ""ANDREI ŞAGUNA"" SIBIU",6.20,-,-,4.40,-,-,-,-,-,-,5.30
2278,SB10071773,2278,ŞCOALA GIMNAZIALĂ NR. 1 SIBIU,6.10,-,-,4.50,-,-,-,-,-,-,5.30
2279,SB8667209,2279,ŞCOALA GIMNAZIALĂ BRĂDENI,6.00,-,-,4.60,-,-,-,-,-,-,5.30
2280,SB10399416,2280,ŞCOALA GIMNAZIALĂ NOCRICH,5.90,-,-,4.70,-,-,-,-,-,-,5.30
2281,SB12086083,2281,ŞCOALA GIMNAZIALĂ NR. 2 SIBIU,5.90,-,-,4.70,-,-,-,-,-,-,5.30
2282,SB11145683,2282,ŞCOALA GIMNAZIALĂ CAŞOLŢ,5.80,-,-,4.80,-,-,-,-,-,-,5.30
2283,SB12038653,2283,"ŞCOALA GIMNAZIALĂ ""ILIE MICU"" LUDOŞ",5.15,5.15,5.15,5.45,-,-,-,-,-,-,5.30
2284,SB12069256,2284,ŞCOALA GIMNAZIALĂ BIERTAN,5.05,-,-,5.55,-,-,-,-,-,-,5.30
2285,SB12312028,2285,ŞCOALA GIMNAZIALĂ NR. 18 SIBIU,5.05,-,-,5.55,-,-,-,-,-,-,5.30
2286,SB10455959,2286,"ŞCOALA GIMNAZIALĂ WALDORF ""HANS SPALINGER"" ROŞIA",4.55,5.30,5.30,5.30,-,-,-,-,-,-,5.30
2287,SB9627791,2287,"ŞCOALA GIMNAZIALĂ ""VIOREL CUCU PALTIN"" ARPAȘU DE JOS",5.45,-,-,5.10,-,-,-,-,-,-,5.27
2288,SB12516340,2288,"ŞCOALA GIMNAZIALĂ ""RADU SELEJAN"" SIBIU",5.30,-,-,5.25,-,-,-,-,-,-,5.27
2289,SB9648532,2289,ŞCOALA GIMNAZIALĂ ALMA,5.25,-,-,5.30,-,-,-,-,-,-,5.27
2290,SB7936714,2290,"ŞCOALA GIMNAZIALĂ ""IOAN SLAVICI"" SIBIU",5.20,-,-,5.35,-,-,-,-,-,-,5.27
2291,SB8788216,2291,ŞCOALA GIMNAZIALĂ ŞEICA MARE,5.05,-,-,5.50,-,-,-,-,-,-,5.27
2292,SB10059052,2292,LICEUL DE ARTĂ SIBIU,4.70,-,-,5.85,-,-,-,-,-,-,5.27
2293,SB12035232,2293,"ŞCOALA GIMNAZIALĂ ""CONSTANTIN IOAN MOTAŞ"" MEDIAŞ",6.30,-,-,4.20,-,-,-,-,-,-,5.25
2294,SB10380824,2294,ŞCOALA GIMNAZIALĂ NR. 4 MEDIAŞ,6.05,6.00,6.00,4.50,-,-,-,-,-,-,5.25
2295,SB3975301,2295,"ŞCOALA GIMNAZIALĂ ""REGELE FERDINAND"" SIBIU",5.85,-,-,4.65,-,-,-,-,-,-,5.25
2296,SB9083783,2296,LICEUL DE ARTĂ SIBIU,5.75,-,-,4.75,-,-,-,-,-,-,5.25
2297,SB10930142,2297,ŞCOALA GIMNAZIALĂ NR. 4 MEDIAŞ,5.50,-,-,5.00,-,-,-,-,-,-,5.25
2298,SB12615973,2298,ŞCOALA GIMNAZIALĂ NR. 7 MEDIAŞ,5.50,-,-,5.00,-,-,-,-,-,-,5.25
2299,SB12761117,2299,ŞCOALA GIMNAZIALĂ AVRIG,5.30,-,-,5.20,-,-,-,-,-,-,5.25
2300,SB9813758,2300,ŞCOALA GIMNAZIALĂ AVRIG,5.30,-,-,5.20,-,-,-,-,-,-,5.25
2301,SB9886905,2301,ŞCOALA GIMNAZIALĂ NR. 18 SIBIU,5.15,-,-,5.35,-,-,-,-,-,-,5.25
2302,SB9536091,2302,"ŞCOALA GIMNAZIALĂ ""AUREL DECEI"" GURA RÂULUI",5.05,-,-,5.45,-,-,-,-,-,-,5.25
2303,SB10605399,2303,"LICEUL ""TIMOTEI CIPARIU"" DUMBRĂVENI",4.60,-,-,5.90,-,-,-,-,-,-,5.25
2304,SB10393566,2304,"LICEUL TEHNOLOGIC ""ILIE MĂCELARIU"" MIERCUREA SIBIULUI",4.50,-,-,6.00,-,-,-,-,-,-,5.25
2305,SB10105853,2305,ŞCOALA GIMNAZIALĂ NR. 13 SIBIU,5.95,-,-,4.50,-,-,-,-,-,-,5.22
2306,SB9604965,2306,"ŞCOALA GIMNAZIALĂ ""REGINA MARIA"" SIBIU",5.75,-,-,4.70,-,-,-,-,-,-,5.22
2307,SB7890110,2307,"ŞCOALA GIMNAZIALĂ ""REGELE FERDINAND"" SIBIU",5.60,-,-,4.85,-,-,-,-,-,-,5.22
2308,SB10650728,2308,ŞCOALA GIMNAZIALĂ APOLDU DE JOS,5.45,-,-,5.00,-,-,-,-,-,-,5.22
2309,SB7503451,2309,ŞCOALA GIMNAZIALĂ BÂRGHIŞ,5.35,-,-,5.10,-,-,-,-,-,-,5.22
2310,SB659351,2310,"ŞCOALA GIMNAZIALĂ ""REGINA MARIA"" SIBIU",5.05,-,-,5.40,-,-,-,-,-,-,5.22
2311,SB11156033,2311,LICEUL TEHNOLOGIC MÂRŞA,4.95,-,-,5.50,-,-,-,-,-,-,5.22
2312,SB8990253,2312,"ŞCOALA GIMNAZIALĂ ""REGINA MARIA"" SIBIU",4.70,-,-,5.75,-,-,-,-,-,-,5.22
2313,SB10385958,2313,ŞCOALA GIMNAZIALĂ NR. 8 SIBIU,4.45,4.15,4.15,6.30,6.30,6.30,-,-,-,-,5.22
2314,SB9537557,2314,"ŞCOALA GIMNAZIALĂ ""AUREL DECEI"" GURA RÂULUI",6.40,-,-,4.00,-,-,-,-,-,-,5.20
2315,SB9986062,2315,ŞCOALA GIMNAZIALĂ PĂUCA,6.40,-,-,4.00,-,-,-,-,-,-,5.20
2316,SB8252177,2316,"ŞCOALA GIMNAZIALĂ ""SAMUIL MICU"" SADU",6.20,-,-,4.20,-,-,-,-,-,-,5.20
2317,SB9081349,2317,"ŞCOALA GIMNAZIALĂ ""OCTAVIAN GOGA"" RĂŞINARI",6.20,-,-,4.20,-,-,-,-,-,-,5.20
2318,SB9876390,2318,ŞCOALA GIMNAZIALĂ BAZNA,6.15,-,-,4.25,-,-,-,-,-,-,5.20
2319,SB9926441,2319,"ŞCOALA GIMNAZIALĂ ""REGELE FERDINAND"" SIBIU",6.15,-,-,4.25,-,-,-,-,-,-,5.20
2320,SB12617039,2320,ŞCOALA GIMNAZIALĂ BRĂDENI,5.90,-,-,4.50,-,-,-,-,-,-,5.20
2321,SB10267929,2321,ŞCOALA GIMNAZIALĂ ŞURA MICĂ,5.80,-,-,4.60,-,-,-,-,-,-,5.20
2322,SB10077006,2322,"COLEGIUL NAȚIONAL PEDAGOGIC ""ANDREI ŞAGUNA"" SIBIU",5.75,-,-,4.70,4.65,4.65,-,-,-,-,5.20
2323,SB10095314,2323,ŞCOALA GIMNAZIALĂ NR. 4 SIBIU,5.70,-,-,6.80,-,-,Limba germana,3.10,-,-,5.20
2324,SB14363973,2324,ŞCOALA GIMNAZIALĂ NR. 7 MEDIAŞ,5.40,-,-,5.00,-,-,-,-,-,-,5.20
2325,SB10637086,2325,"LICEUL ""TIMOTEI CIPARIU"" DUMBRĂVENI",5.20,-,-,5.20,-,-,-,-,-,-,5.20
2326,SB9674856,2326,"ŞCOALA GIMNAZIALĂ ""IOAN SLAVICI"" SIBIU",5.20,6.05,6.05,4.35,-,-,-,-,-,-,5.20
2327,SB9388645,2327,"LICEUL TEORETIC ""GUSTAV GÜNDISCH"" CISNĂDIE",4.40,-,-,6.00,-,-,-,-,-,-,5.20
2328,SB9805837,2328,ŞCOALA GIMNAZIALĂ NR. 3 CISNĂDIE,6.30,-,-,4.05,-,-,-,-,-,-,5.17
2329,SB11077055,2329,ŞCOALA GIMNAZIALĂ NR. 13 SIBIU,5.95,-,-,4.40,-,-,-,-,-,-,5.17
2330,SB9924927,2330,"LICEUL TEORETIC ""GUSTAV GÜNDISCH"" CISNĂDIE",5.75,-,-,4.60,-,-,-,-,-,-,5.17
2331,SB9818270,2331,"LICEUL TEORETIC ""GHEORGHE LAZĂR"" AVRIG",5.70,-,-,4.65,-,-,-,-,-,-,5.17
2332,SB8531467,2332,ŞCOALA GIMNAZIALĂ AGÂRBICIU,5.65,-,-,4.70,-,-,-,-,-,-,5.17
2333,SB10112372,2333,"ŞCOALA GIMNAZIALĂ ""AUREL DECEI"" GURA RÂULUI",5.40,-,-,4.95,-,-,-,-,-,-,5.17
2334,SB4563651,2334,ŞCOALA GIMNAZIALĂ OCNA SIBIULUI,5.30,-,-,5.05,-,-,-,-,-,-,5.17
2335,SB9385319,2335,ŞCOALA GIMNAZIALĂ NR. 3 CISNĂDIE,5.25,-,-,5.10,-,-,-,-,-,-,5.17
2336,SB8355610,2336,ŞCOALA GIMNAZIALĂ NR. 10 SIBIU,5.15,-,-,5.20,-,-,-,-,-,-,5.17
2337,SB9598638,2337,"ŞCOALA GIMNAZIALĂ ""STEPHAN LUDWIG ROTH"" MOŞNA",5.05,-,-,5.30,-,-,-,-,-,-,5.17
2338,SB12531230,2338,"ŞCOALA GIMNAZIALĂ ""IOAN SLAVICI"" SIBIU",4.35,-,-,6.00,-,-,-,-,-,-,5.17
2339,SB9597261,2339,"ŞCOALA GIMNAZIALĂ ""STEPHAN LUDWIG ROTH"" MOŞNA",4.35,-,-,6.00,-,-,-,-,-,-,5.17
2340,SB10476342,2340,ŞCOALA GIMNAZIALĂ NR. 25 SIBIU,6.65,-,-,3.65,-,-,-,-,-,-,5.15
2341,SB14983477,2341,"LICEUL TEHNOLOGIC ""IOAN LUPAŞ"" SĂLIŞTE",6.20,-,-,4.10,-,-,-,-,-,-,5.15
2342,SB10025199,2342,LICEUL TEHNOLOGIC MÂRŞA,5.80,-,-,4.50,-,-,-,-,-,-,5.15
2343,SB10289433,2343,"ŞCOALA GIMNAZIALĂ ""GEORG DANIEL TEUTSCH"" AGNITA",5.80,-,-,4.50,-,-,-,-,-,-,5.15
2344,SB9990967,2344,"LICEUL TEORETIC ""GUSTAV GÜNDISCH"" CISNĂDIE",5.40,-,-,6.25,-,-,Limba germana,3.80,-,-,5.15
2345,SB10290900,2345,ŞCOALA GIMNAZIALĂ BRADU,6.70,-,-,3.55,-,-,-,-,-,-,5.12
2346,SB9255331,2346,"ŞCOALA GIMNAZIALĂ ""BADEA CÎRŢAN"" CÂRŢIŞOARA",6.45,-,-,3.80,-,-,-,-,-,-,5.12
2347,SB10297390,2347,"ŞCOALA GIMNAZIALĂ ""MIHAI EMINESCU"" MEDIAŞ",5.95,-,-,4.30,-,-,-,-,-,-,5.12
2348,SB10587011,2348,"ŞCOALA GIMNAZIALĂ ""ION ALBESCU"" BOIŢA",5.60,-,-,4.65,-,-,-,-,-,-,5.12
2349,SB10660738,2349,ŞCOALA GIMNAZIALĂ APOLDU DE JOS,5.60,-,-,4.65,-,-,-,-,-,-,5.12
2350,SB12241641,2350,ŞCOALA GIMNAZIALĂ TILIŞCA,5.25,-,-,5.00,-,-,-,-,-,-,5.12
2351,SB9520045,2351,ŞCOALA GIMNAZIALĂ OCNA SIBIULUI,7.20,-,-,3.00,-,-,-,-,-,-,5.10
2352,SB12619480,2352,"LICEUL ""TIMOTEI CIPARIU"" DUMBRĂVENI",5.90,-,-,4.30,-,-,-,-,-,-,5.10
2353,SB10272165,2353,ŞCOALA GIMNAZIALĂ BRUIU,5.80,-,-,4.40,-,-,-,-,-,-,5.10
2354,SB9113061,2354,"ŞCOALA GIMNAZIALĂ ""MARȚIAN NEGREA"" VALEA VIILOR",5.75,-,-,4.45,-,-,-,-,-,-,5.10
2355,SB10650033,2355,ŞCOALA GIMNAZIALĂ NR. 3 COPȘA MICĂ,5.40,-,-,4.80,-,-,-,-,-,-,5.10
2356,SB10406328,2356,"ŞCOALA GIMNAZIALĂ ""RADU SELEJAN"" SIBIU",5.15,5.85,5.85,4.30,4.35,4.35,-,-,-,-,5.10
2357,SB12874363,2357,ŞCOALA GIMNAZIALĂ NR. 10 SIBIU,3.95,-,-,6.25,-,-,-,-,-,-,5.10
2358,SB10602638,2358,ŞCOALA GIMNAZIALĂ NR. 4 MEDIAŞ,6.45,-,-,3.70,-,-,-,-,-,-,5.07
2359,SB9726321,2359,ŞCOALA GIMNAZIALĂ CRISTIAN,6.45,-,-,3.70,-,-,-,-,-,-,5.07
2360,SB8223537,2360,"ŞCOALA GIMNAZIALĂ ""SAMUIL MICU"" SADU",6.15,-,-,4.00,-,-,-,-,-,-,5.07
2361,SB10514965,2361,"LICEUL TEHNOLOGIC ""IOAN LUPAŞ"" SĂLIŞTE",5.45,-,-,4.70,-,-,-,-,-,-,5.07
2362,SB9537790,2362,"ŞCOALA GIMNAZIALĂ ""AUREL DECEI"" GURA RÂULUI",5.15,-,-,5.00,-,-,-,-,-,-,5.07
2363,SB10109893,2363,ŞCOALA GIMNAZIALĂ NR. 13 SIBIU,5.00,-,-,5.15,-,-,-,-,-,-,5.07
2364,SB8251755,2364,"ŞCOALA GIMNAZIALĂ ""SAMUIL MICU"" SADU",4.90,-,-,5.25,-,-,-,-,-,-,5.07
2365,SB10523673,2365,"LICEUL TEORETIC ""CONSTANTIN NOICA"" SIBIU",4.15,-,-,6.00,-,-,-,-,-,-,5.07
2366,SB10056681,2366,"LICEUL TEORETIC ""ROTH - OBERTH"" MEDIAŞ",5.00,-,-,5.00,-,-,Limba germana,5.20,-,-,5.06
2367,SB10500332,2367,ŞCOALA GIMNAZIALĂ NR. 21 SIBIU,7.10,-,-,3.00,-,-,-,-,-,-,5.05
2368,SB10320212,2368,ŞCOALA GIMNAZIALĂ NR. 4 MEDIAŞ,6.35,-,-,3.75,-,-,-,-,-,-,5.05
2369,SB9704480,2369,ŞCOALA GIMNAZIALĂ ALĂMOR,5.80,-,-,4.30,-,-,-,-,-,-,5.05
2370,SB9592018,2370,LICEUL DE ARTĂ SIBIU,5.70,6.10,6.10,4.00,4.00,4.00,-,-,-,-,5.05
2371,SB12211094,2371,"LICEUL TEORETIC ""GHEORGHE LAZĂR"" AVRIG",5.60,-,-,4.50,-,-,-,-,-,-,5.05
2372,SB8252148,2372,"ŞCOALA GIMNAZIALĂ ""SAMUIL MICU"" SADU",5.10,-,-,5.00,-,-,-,-,-,-,5.05
2373,SB8441104,2373,"ŞCOALA GIMNAZIALĂ ""CONSTANTIN IOAN MOTAŞ"" MEDIAŞ",5.10,-,-,5.00,-,-,-,-,-,-,5.05
2374,SB11054752,2374,ŞCOALA GIMNAZIALĂ NR. 21 SIBIU,4.80,-,-,5.30,-,-,-,-,-,-,5.05
2375,SB8356142,2375,ŞCOALA GIMNAZIALĂ NR. 13 SIBIU,4.45,-,-,5.65,-,-,-,-,-,-,5.05
2376,SB10319995,2376,ŞCOALA GIMNAZIALĂ NR. 4 MEDIAŞ,6.05,-,-,4.00,-,-,-,-,-,-,5.02
2377,SB11072201,2377,ŞCOALA GIMNAZIALĂ NR. 23 SIBIU,6.00,-,-,4.05,-,-,-,-,-,-,5.02
2378,SB12297001,2378,ŞCOALA GIMNAZIALĂ NR. 4 MEDIAŞ,5.45,-,-,4.60,-,-,-,-,-,-,5.02
2379,SB12333115,2379,ŞCOALA GIMNAZIALĂ BRĂDENI,5.45,-,-,4.60,-,-,-,-,-,-,5.02
2380,SB9530680,2380,ŞCOALA GIMNAZIALĂ NR. 21 SIBIU,5.10,-,-,4.95,-,-,-,-,-,-,5.02
2381,SB9420570,2381,ŞCOALA GIMNAZIALĂ BRADU,6.30,-,-,3.70,-,-,-,-,-,-,5.00
2382,SB12128248,2382,"LICEUL TEORETIC ""CONSTANTIN NOICA"" SIBIU",5.90,-,-,4.10,-,-,-,-,-,-,5.00
2383,SB10497371,2383,ŞCOALA GIMNAZIALĂ ŞAROŞ PE TÂRNAVE,5.65,-,-,4.35,-,-,-,-,-,-,5.00
2384,SB9804879,2384,ŞCOALA GIMNAZIALĂ NR. 21 SIBIU,5.55,-,-,4.45,-,-,-,-,-,-,5.00
2385,SB10692840,2385,"ŞCOALA GIMNAZIALĂ ""IOAN SLAVICI"" SIBIU",5.40,-,-,4.60,-,-,-,-,-,-,5.00
2386,SB12071034,2386,ŞCOALA GIMNAZIALĂ BIERTAN,5.15,-,-,4.85,-,-,-,-,-,-,5.00
2387,SB9491101,2387,"ŞCOALA GIMNAZIALĂ ""ANDREI ȘAGUNA"" ŞURA MARE",5.00,-,-,5.00,-,-,-,-,-,-,5.00
2388,SB10295230,2388,"ŞCOALA GIMNAZIALĂ ""CONSTANTIN IOAN MOTAŞ"" MEDIAŞ",4.85,-,-,5.15,-,-,-,-,-,-,5.00
2389,SB10063102,2389,"LICEUL TEORETIC ""GHEORGHE LAZĂR"" AVRIG",6.65,-,-,3.30,3.30,3.30,-,-,-,-,4.97
2390,SB10391936,2390,ŞCOALA GIMNAZIALĂ POPLACA,6.60,-,-,3.35,-,-,-,-,-,-,4.97
2391,SB10406483,2391,"ŞCOALA GIMNAZIALĂ ""RADU SELEJAN"" SIBIU",6.55,-,-,3.30,3.40,3.40,-,-,-,-,4.97
2392,SB12211049,2392,ŞCOALA GIMNAZIALĂ AVRIG,5.45,-,-,4.50,-,-,-,-,-,-,4.97
2393,SB10069246,2393,"COLEGIUL NAȚIONAL ""OCTAVIAN GOGA"" SIBIU",4.95,-,-,5.00,-,-,-,-,-,-,4.97
2394,SB10306588,2394,"ŞCOALA GIMNAZIALĂ ""CIREŞARII"" MEDIAŞ",4.95,-,-,5.00,-,-,-,-,-,-,4.97
2395,SB9385154,2395,"ŞCOALA GIMNAZIALĂ ""GEORG DANIEL TEUTSCH"" AGNITA",4.95,-,-,5.00,-,-,-,-,-,-,4.97
2396,SB9942296,2396,"LICEUL TEHNOLOGIC ""IOAN LUPAŞ"" SĂLIŞTE",4.75,-,-,5.20,-,-,-,-,-,-,4.97
2397,SB9878839,2397,"ŞCOALA GIMNAZIALĂ ""ION POP RETEGANUL"" ORLAT",6.50,-,-,3.40,-,-,-,-,-,-,4.95
2398,SB10317427,2398,ŞCOALA GIMNAZIALĂ NR. 4 MEDIAŞ,6.20,-,-,3.70,-,-,-,-,-,-,4.95
2399,SB8955682,2399,ŞCOALA GIMNAZIALĂ NR. 4 MEDIAŞ,6.05,-,-,3.85,-,-,-,-,-,-,4.95
2400,SB10288257,2400,"ŞCOALA GIMNAZIALĂ ""GEORGE POPA"" MEDIAŞ",5.40,-,-,4.50,-,-,-,-,-,-,4.95
2401,SB10649163,2401,LICEUL TEHNOLOGIC CISNĂDIE,5.40,-,-,4.50,-,-,-,-,-,-,4.95
2402,SB9474523,2402,"ŞCOALA GIMNAZIALĂ ""AUREL DECEI"" GURA RÂULUI",5.40,-,-,4.50,-,-,-,-,-,-,4.95
2403,SB12130475,2403,"LICEUL TEHNOLOGIC ""JOHANNES LEBEL"" TĂLMACIU",5.10,-,-,4.80,-,-,-,-,-,-,4.95
2404,SB9420822,2404,ŞCOALA GIMNAZIALĂ BRADU,5.10,-,-,4.80,-,-,-,-,-,-,4.95
2405,SB10658639,2405,ŞCOALA GIMNAZIALĂ NOU,5.00,-,-,4.90,4.90,4.90,-,-,-,-,4.95
2406,SB10176812,2406,ŞCOALA GIMNAZIALĂ NR. 13 SIBIU,4.45,-,-,5.45,-,-,-,-,-,-,4.95
2407,SB10095424,2407,"LICEUL TEORETIC ""ROTH - OBERTH"" MEDIAŞ",4.20,-,-,4.65,-,-,Limba germana,6.00,-,-,4.95
2408,SB10420538,2408,ŞCOALA GIMNAZIALĂ CHIRPĂR,3.70,-,-,6.20,-,-,-,-,-,-,4.95
2409,SB10963157,2409,"ŞCOALA GIMNAZIALĂ ""AVIATOR IOAN SAVA"" ALŢINA",6.35,-,-,3.50,-,-,-,-,-,-,4.92
2410,SB12032450,2410,ŞCOALA GIMNAZIALĂ IGHIŞU NOU,6.35,-,-,3.50,-,-,-,-,-,-,4.92
2411,SB10047832,2411,ŞCOALA GIMNAZIALĂ ŞEICA MARE,5.85,-,-,4.00,-,-,-,-,-,-,4.92
2412,SB10351344,2412,ŞCOALA GIMNAZIALĂ NR. 1 SIBIU,5.75,-,-,4.10,-,-,-,-,-,-,4.92
2413,SB10437727,2413,ŞCOALA GIMNAZIALĂ NR. 8 SIBIU,5.75,-,-,4.10,-,-,-,-,-,-,4.92
2414,SB7502701,2414,ŞCOALA GIMNAZIALĂ NR. 21 SIBIU,5.55,-,-,4.30,-,-,-,-,-,-,4.92
2415,SB9860874,2415,"ŞCOALA GIMNAZIALĂ ""STEPHAN LUDWIG ROTH"" MOŞNA",5.30,-,-,4.55,-,-,-,-,-,-,4.92
2416,SB10045784,2416,"ŞCOALA GIMNAZIALĂ ""REGELE FERDINAND"" SIBIU",5.05,-,-,4.80,-,-,-,-,-,-,4.92
2417,SB3975351,2417,ŞCOALA GIMNAZIALĂ NR. 13 SIBIU,5.00,-,-,4.85,-,-,-,-,-,-,4.92
2418,SB10092576,2418,"LICEUL TEHNOLOGIC ""JOHANNES LEBEL"" TĂLMACIU",4.55,-,-,5.30,-,-,-,-,-,-,4.92
2419,SB9879307,2419,"ŞCOALA GIMNAZIALĂ ""ION POP RETEGANUL"" ORLAT",6.75,-,-,3.05,-,-,-,-,-,-,4.90
2420,SB8929371,2420,ŞCOALA GIMNAZIALĂ ŞAROŞ PE TÂRNAVE,6.10,-,-,3.70,-,-,-,-,-,-,4.90
2421,SB12320755,2421,ŞCOALA GIMNAZIALĂ JINA,5.80,-,-,4.00,-,-,-,-,-,-,4.90
2422,SB9929079,2422,"LICEUL TEORETIC ""GUSTAV GÜNDISCH"" CISNĂDIE",5.70,-,-,4.10,-,-,-,-,-,-,4.90
2423,SB9540109,2423,ŞCOALA GIMNAZIALĂ RÂU SADULUI,5.40,-,-,4.40,-,-,-,-,-,-,4.90
2424,SB10325457,2424,"ŞCOALA GIMNAZIALĂ ""CIREŞARII"" MEDIAŞ",5.30,-,-,4.50,-,-,-,-,-,-,4.90
2425,SB10393619,2425,"LICEUL TEHNOLOGIC ""ILIE MĂCELARIU"" MIERCUREA SIBIULUI",5.30,-,-,4.50,-,-,-,-,-,-,4.90
2426,SB10063029,2426,ŞCOALA GIMNAZIALĂ SĂCEL,5.10,-,-,4.70,-,-,-,-,-,-,4.90
2427,SB10708954,2427,"ŞCOALA GIMNAZIALĂ ""NICOLAE IORGA"" SIBIU",5.05,-,-,4.75,-,-,-,-,-,-,4.90
2428,SB9539378,2428,"ŞCOALA GIMNAZIALĂ ""AUREL DECEI"" GURA RÂULUI",4.90,-,-,4.90,-,-,-,-,-,-,4.90
2429,SB9803080,2429,ŞCOALA GIMNAZIALĂ TĂLMACIU,5.55,-,-,4.20,-,-,-,-,-,-,4.87
2430,SB10089316,2430,"ŞCOALA GIMNAZIALĂ ""MIHAI VITEAZU"" ŞELIMBĂR",5.55,-,-,4.10,4.20,4.20,-,-,-,-,4.87
2431,SB10268522,2431,ŞCOALA GIMNAZIALĂ ŞURA MICĂ,5.25,-,-,4.50,-,-,-,-,-,-,4.87
2432,SB9072897,2432,ŞCOALA GIMNAZIALĂ NR. 10 SIBIU,5.25,-,-,4.50,-,-,-,-,-,-,4.87
2433,SB9849175,2433,"ŞCOALA GIMNAZIALĂ ""REGELE FERDINAND"" SIBIU",5.20,-,-,4.55,-,-,-,-,-,-,4.87
2434,SB9082912,2434,ŞCOALA GIMNAZIALĂ NR. 18 SIBIU,4.55,-,-,5.20,-,-,-,-,-,-,4.87
2435,SB12070926,2435,ŞCOALA GIMNAZIALĂ BIERTAN,3.95,-,-,5.80,-,-,-,-,-,-,4.87
2436,SB9588284,2436,"LICEUL TEORETIC ""GUSTAV GÜNDISCH"" CISNĂDIE",5.90,-,-,4.50,-,-,Limba germana,4.20,-,-,4.86
2437,SB9835019,2437,ŞCOALA GIMNAZIALĂ PORUMBACU DE JOS,6.20,-,-,3.50,3.50,3.50,-,-,-,-,4.85
2438,SB9899561,2438,"ŞCOALA GIMNAZIALĂ ""ION POP RETEGANUL"" ORLAT",5.70,5.65,5.65,4.05,4.05,4.05,-,-,-,-,4.85
2439,SB8356157,2439,"ŞCOALA GIMNAZIALĂ ""ANDREI ȘAGUNA"" ŞURA MARE",5.20,-,-,4.50,-,-,-,-,-,-,4.85
2440,SB9525588,2440,"ŞCOALA GIMNAZIALĂ ""AUREL DECEI"" GURA RÂULUI",5.10,-,-,4.60,-,-,-,-,-,-,4.85
2441,SB9859817,2441,"ŞCOALA GIMNAZIALĂ ""STEPHAN LUDWIG ROTH"" MOŞNA",4.70,-,-,5.00,-,-,-,-,-,-,4.85
2442,SB12579249,2442,ŞCOALA GIMNAZIALĂ BUZD,6.00,-,-,3.65,-,-,-,-,-,-,4.82
2443,SB12067572,2443,ŞCOALA GIMNAZIALĂ HOSMAN,5.10,-,-,4.55,-,-,-,-,-,-,4.82
2444,SB14284130,2444,"ŞCOALA GIMNAZIALĂ ""IOAN SLAVICI"" SIBIU",5.05,-,-,4.75,4.60,4.60,-,-,-,-,4.82
2445,SB9594055,2445,"ŞCOALA GIMNAZIALĂ ""STEPHAN LUDWIG ROTH"" MOŞNA",5.00,-,-,4.65,-,-,-,-,-,-,4.82
2446,SB12854844,2446,"ŞCOALA GIMNAZIALĂ ""REGELE FERDINAND"" SIBIU",4.15,-,-,5.50,-,-,-,-,-,-,4.82
2447,SB10491618,2447,"ŞCOALA GIMNAZIALĂ ""CORNELIU PĂCURARIU"" MICĂSASA",5.60,-,-,4.00,-,-,-,-,-,-,4.80
2448,SB9701346,2448,ŞCOALA GIMNAZIALĂ CRISTIAN,5.55,-,-,4.05,-,-,-,-,-,-,4.80
2449,SB10398943,2449,ŞCOALA GIMNAZIALĂ NOCRICH,5.35,-,-,4.25,-,-,-,-,-,-,4.80
2450,SB10390286,2450,ŞCOALA GIMNAZIALĂ NOIŞTAT,5.30,-,-,4.30,-,-,-,-,-,-,4.80
2451,SB10392008,2451,ŞCOALA GIMNAZIALĂ POPLACA,5.05,-,-,4.55,-,-,-,-,-,-,4.80
2452,SB9626727,2452,"ŞCOALA GIMNAZIALĂ ""VIOREL CUCU PALTIN"" ARPAȘU DE JOS",4.65,-,-,4.95,-,-,-,-,-,-,4.80
2453,SB12293459,2453,"ŞCOALA GIMNAZIALĂ ""STEPHAN LUDWIG ROTH"" MOŞNA",4.60,-,-,5.00,-,-,-,-,-,-,4.80
2454,SB10399098,2454,ŞCOALA GIMNAZIALĂ NOCRICH,4.50,-,-,5.10,-,-,-,-,-,-,4.80
2455,SB10589610,2455,ŞCOALA GIMNAZIALĂ NR. 3 CISNĂDIE,4.40,-,-,5.20,-,-,-,-,-,-,4.80
2456,SB10489565,2456,"ŞCOALA GIMNAZIALĂ ""CORNELIU PĂCURARIU"" MICĂSASA",4.10,-,-,5.50,-,-,-,-,-,-,4.80
2457,SB10335674,2457,"ŞCOALA GIMNAZIALĂ ""CONSTANTIN IOAN MOTAŞ"" MEDIAŞ",3.60,-,-,6.00,-,-,-,-,-,-,4.80
2458,SB9378857,2458,ŞCOALA GIMNAZIALĂ DAIA,6.05,-,-,3.50,-,-,-,-,-,-,4.77
2459,SB10287775,2459,"ŞCOALA GIMNAZIALĂ ""MIHAI EMINESCU"" MEDIAŞ",5.65,-,-,3.90,-,-,-,-,-,-,4.77
2460,SB9383860,2460,ŞCOALA GIMNAZIALĂ NR. 2 CISNĂDIE,5.50,-,-,4.05,-,-,-,-,-,-,4.77
2461,SB8223696,2461,ŞCOALA GIMNAZIALĂ RACOVIŢA,5.05,-,-,4.50,-,-,-,-,-,-,4.77
2462,SB10114945,2462,ŞCOALA GIMNAZIALĂ NR. 18 SIBIU,4.95,-,-,4.60,-,-,-,-,-,-,4.77
2463,SB10123800,2463,ŞCOALA GIMNAZIALĂ NR. 13 SIBIU,4.80,5.55,5.55,4.00,-,-,-,-,-,-,4.77
2464,SB10099139,2464,"ŞCOALA GIMNAZIALĂ ""GEORGE POPA"" MEDIAŞ",6.50,-,-,3.00,-,-,-,-,-,-,4.75
2465,SB12579461,2465,ŞCOALA GIMNAZIALĂ NR. 7 MEDIAŞ,6.50,-,-,3.00,-,-,-,-,-,-,4.75
2466,SB10382782,2466,ŞCOALA GIMNAZIALĂ NOIŞTAT,6.00,-,-,3.50,-,-,-,-,-,-,4.75
2467,SB10663566,2467,"ŞCOALA GIMNAZIALĂ ""MIHAI EMINESCU"" MEDIAŞ",6.00,-,-,3.50,-,-,-,-,-,-,4.75
2468,SB12335660,2468,"ŞCOALA GIMNAZIALĂ ""IOAN MORARU"" DÂRLOS",6.00,-,-,3.50,-,-,-,-,-,-,4.75
2469,SB10592012,2469,"LICEUL ""TIMOTEI CIPARIU"" DUMBRĂVENI",5.80,-,-,3.70,-,-,-,-,-,-,4.75
2470,SB10064207,2470,"LICEUL TEORETIC ""GHEORGHE LAZĂR"" AVRIG",5.60,-,-,3.90,-,-,-,-,-,-,4.75
2471,SB10465005,2471,"ŞCOALA GIMNAZIALĂ ""REGINA MARIA"" SIBIU",5.40,-,-,4.00,4.10,4.10,-,-,-,-,4.75
2472,SB12257804,2472,ŞCOALA GIMNAZIALĂ CAŞOLŢ,4.95,-,-,4.55,-,-,-,-,-,-,4.75
2473,SB10046835,2473,ŞCOALA GIMNAZIALĂ MERGHINDEAL,4.90,-,-,4.60,-,-,-,-,-,-,4.75
2474,SB7867118,2474,ŞCOALA GIMNAZIALĂ OCNA SIBIULUI,4.00,-,-,5.50,-,-,-,-,-,-,4.75
2475,SB9168728,2475,ŞCOALA GIMNAZIALĂ NR. 3 CISNĂDIE,4.00,-,-,5.50,-,-,-,-,-,-,4.75
2476,SB10098027,2476,"LICEUL TEORETIC ""ROTH - OBERTH"" MEDIAŞ",5.55,-,-,4.55,-,-,Limba germana,4.10,-,-,4.73
2477,SB658501,2477,ŞCOALA GIMNAZIALĂ NR. 10 SIBIU,6.25,-,-,3.20,-,-,-,-,-,-,4.72
2478,SB10055021,2478,ŞCOALA GIMNAZIALĂ NR. 8 SIBIU,5.75,-,-,3.70,-,-,-,-,-,-,4.72
2479,SB7885279,2479,"ŞCOALA GIMNAZIALĂ ""RADU SELEJAN"" SIBIU",5.30,-,-,4.15,-,-,-,-,-,-,4.72
2480,SB11077795,2480,ŞCOALA GIMNAZIALĂ NR. 13 SIBIU,5.20,-,-,4.25,-,-,-,-,-,-,4.72
2481,SB9805617,2481,ŞCOALA GIMNAZIALĂ TĂLMACIU,4.80,-,-,4.65,-,-,-,-,-,-,4.72
2482,SB14353708,2482,"ŞCOALA GIMNAZIALĂ ""MIHAI EMINESCU"" MEDIAŞ",4.75,-,-,4.70,-,-,-,-,-,-,4.72
2483,SB3975651,2483,ŞCOALA GIMNAZIALĂ NR. 13 SIBIU,4.30,-,-,5.15,-,-,-,-,-,-,4.72
2484,SB9817790,2484,ŞCOALA GIMNAZIALĂ AVRIG,5.90,-,-,3.50,-,-,-,-,-,-,4.70
2485,SB10112096,2485,ŞCOALA GIMNAZIALĂ NR. 13 SIBIU,5.15,-,-,4.25,-,-,-,-,-,-,4.70
2486,SB10087786,2486,ŞCOALA GIMNAZIALĂ NR. 1 SIBIU,4.85,-,-,4.55,-,-,-,-,-,-,4.70
2487,SB10333190,2487,"LICEUL ""TIMOTEI CIPARIU"" DUMBRĂVENI",4.85,-,-,4.55,-,-,-,-,-,-,4.70
2488,SB10063419,2488,ŞCOALA GIMNAZIALĂ SĂCEL,4.40,-,-,5.00,-,-,-,-,-,-,4.70
2489,SB10367659,2489,ŞCOALA GIMNAZIALĂ NR. 13 SIBIU,3.50,-,-,5.90,-,-,-,-,-,-,4.70
2490,SB10107905,2490,"ŞCOALA GIMNAZIALĂ ""IOAN MORARU"" DÂRLOS",6.30,-,-,3.05,-,-,-,-,-,-,4.67
2491,SB12051063,2491,ŞCOALA GIMNAZIALĂ BUZD,6.25,-,-,3.10,-,-,-,-,-,-,4.67
2492,SB9539727,2492,"ŞCOALA GIMNAZIALĂ ""AUREL DECEI"" GURA RÂULUI",4.85,-,-,4.50,-,-,-,-,-,-,4.67
2493,SB10805467,2493,ŞCOALA GIMNAZIALĂ NR. 1 SIBIU,4.30,-,-,5.05,-,-,-,-,-,-,4.67
2494,SB10418595,2494,ŞCOALA GIMNAZIALĂ CHIRPĂR,6.20,-,-,3.10,-,-,-,-,-,-,4.65
2495,SB9472516,2495,"ŞCOALA GIMNAZIALĂ ""AUREL DECEI"" GURA RÂULUI",5.80,-,-,3.50,-,-,-,-,-,-,4.65
2496,SB10744221,2496,"LICEUL TEORETIC ""CONSTANTIN NOICA"" SIBIU",5.30,-,-,4.00,-,-,-,-,-,-,4.65
2497,SB8933680,2497,ŞCOALA GIMNAZIALĂ ŞAROŞ PE TÂRNAVE,5.30,-,-,4.00,-,-,-,-,-,-,4.65
2498,SB9162860,2498,"ŞCOALA GIMNAZIALĂ ""MATEI BASARAB"" TURNU ROŞU",5.10,-,-,4.20,-,-,-,-,-,-,4.65
2499,SB9805787,2499,"LICEUL TEHNOLOGIC ""JOHANNES LEBEL"" TĂLMACIU",4.80,-,-,4.50,-,-,-,-,-,-,4.65
2500,SB9839005,2500,ŞCOALA GIMNAZIALĂ PORUMBACU DE JOS,4.80,-,-,4.50,-,-,-,-,-,-,4.65
2501,SB10378637,2501,ŞCOALA GIMNAZIALĂ NR. 7 MEDIAŞ,4.30,-,-,5.00,-,-,-,-,-,-,4.65
2502,SB8996015,2502,ŞCOALA GIMNAZIALĂ VEŞTEM,4.25,-,-,5.05,-,-,-,-,-,-,4.65
2503,SB10344164,2503,"ŞCOALA GIMNAZIALĂ ""REGELE FERDINAND"" SIBIU",6.25,-,-,3.00,-,-,-,-,-,-,4.62
2504,SB10019173,2504,ŞCOALA GIMNAZIALĂ NR. 18 SIBIU,5.65,-,-,3.60,-,-,-,-,-,-,4.62
2505,SB12293447,2505,ŞCOALA GIMNAZIALĂ BRATEIU,5.50,-,-,3.75,-,-,-,-,-,-,4.62
2506,SB12432132,2506,ŞCOALA GIMNAZIALĂ ŞURA MICĂ,5.25,-,-,4.00,-,-,-,-,-,-,4.62
2507,SB9712115,2507,ŞCOALA GIMNAZIALĂ TĂLMACIU,5.25,-,-,4.00,-,-,-,-,-,-,4.62
2508,SB10420516,2508,ŞCOALA GIMNAZIALĂ CHIRPĂR,4.65,-,-,4.60,-,-,-,-,-,-,4.62
2509,SB9815864,2509,ŞCOALA GIMNAZIALĂ AVRIG,4.65,-,-,4.60,-,-,-,-,-,-,4.62
2510,SB10296960,2510,"ŞCOALA GIMNAZIALĂ ""REGELE FERDINAND"" SIBIU",4.25,-,-,5.00,-,-,-,-,-,-,4.62
2511,SB10436013,2511,"ŞCOALA GIMNAZIALĂ ""IOAN SLAVICI"" SIBIU",4.25,-,-,5.00,-,-,-,-,-,-,4.62
2512,SB8355922,2512,"ŞCOALA GIMNAZIALĂ ""ANDREI ȘAGUNA"" ŞURA MARE",4.25,-,-,5.00,-,-,-,-,-,-,4.62
2513,SB4636151,2513,ŞCOALA GIMNAZIALĂ OCNA SIBIULUI,3.45,-,-,5.80,-,-,-,-,-,-,4.62
2514,SB10167713,2514,"COLEGIUL NAȚIONAL ""OCTAVIAN GOGA"" SIBIU",7.15,-,-,5.20,-,-,Limba germana,1.50,-,-,4.61
2515,SB10661460,2515,ŞCOALA GIMNAZIALĂ APOLDU DE JOS,5.70,-,-,3.50,-,-,-,-,-,-,4.60
2516,SB12496653,2516,ŞCOALA GIMNAZIALĂ BUZD,5.55,-,-,3.65,-,-,-,-,-,-,4.60
2517,SB12033180,2517,ŞCOALA GIMNAZIALĂ VURPĂR,5.50,-,-,3.70,-,-,-,-,-,-,4.60
2518,SB3975701,2518,ŞCOALA GIMNAZIALĂ NR. 18 SIBIU,5.50,-,-,3.70,-,-,-,-,-,-,4.60
2519,SB9844136,2519,ŞCOALA GIMNAZIALĂ SCOREIU,5.50,-,-,3.70,-,-,-,-,-,-,4.60
2520,SB7965382,2520,ŞCOALA GIMNAZIALĂ ȘEICA MICĂ,5.00,-,-,4.20,-,-,-,-,-,-,4.60
2521,SB12092330,2521,ŞCOALA GIMNAZIALĂ NR. 7 MEDIAŞ,4.70,-,-,4.50,-,-,-,-,-,-,4.60
2522,SB9940322,2522,"LICEUL TEORETIC ""GUSTAV GÜNDISCH"" CISNĂDIE",4.70,-,-,4.50,-,-,-,-,-,-,4.60
2523,SB9712900,2523,ŞCOALA GIMNAZIALĂ TĂLMACIU,4.60,-,-,4.60,-,-,-,-,-,-,4.60
2524,SB12744187,2524,ŞCOALA GIMNAZIALĂ NR. 21 SIBIU,4.10,-,-,5.10,-,-,-,-,-,-,4.60
2525,SB10119865,2525,"ŞCOALA GIMNAZIALĂ ""RADU SELEJAN"" SIBIU",3.20,-,-,6.00,-,-,-,-,-,-,4.60
2526,SB12003225,2526,"COLEGIUL NAȚIONAL PEDAGOGIC ""ANDREI ŞAGUNA"" SIBIU",6.50,5.85,5.85,3.35,3.30,3.30,-,-,-,-,4.57
2527,SB12039805,2527,ŞCOALA GIMNAZIALĂ AVRIG,5.65,-,-,3.50,-,-,-,-,-,-,4.57
2528,SB8533333,2528,ŞCOALA GIMNAZIALĂ AXENTE SEVER,5.15,-,-,4.00,-,-,-,-,-,-,4.57
2529,SB9859966,2529,"ŞCOALA GIMNAZIALĂ ""STEPHAN LUDWIG ROTH"" MOŞNA",5.15,-,-,4.00,-,-,-,-,-,-,4.57
2530,SB10093945,2530,ŞCOALA GIMNAZIALĂ CURCIU,5.10,-,-,4.05,-,-,-,-,-,-,4.57
2531,SB9082771,2531,ŞCOALA GIMNAZIALĂ NR. 10 SIBIU,4.75,-,-,4.40,-,-,-,-,-,-,4.57
2532,SB10394252,2532,"LICEUL TEHNOLOGIC ""ILIE MĂCELARIU"" MIERCUREA SIBIULUI",4.65,-,-,4.50,-,-,-,-,-,-,4.57
2533,SB9592907,2533,"ŞCOALA GIMNAZIALĂ ""STEPHAN LUDWIG ROTH"" MOŞNA",4.15,-,-,5.00,-,-,-,-,-,-,4.57
2534,SB11145707,2534,ŞCOALA GIMNAZIALĂ CAŞOLŢ,6.10,-,-,3.00,-,-,-,-,-,-,4.55
2535,SB9065671,2535,ŞCOALA GIMNAZIALĂ NR. 4 SIBIU,5.60,-,-,3.50,-,-,-,-,-,-,4.55
2536,SB9704009,2536,ŞCOALA GIMNAZIALĂ ALĂMOR,5.60,-,-,3.50,-,-,-,-,-,-,4.55
2537,SB9298996,2537,ŞCOALA GIMNAZIALĂ BRĂDENI,5.00,-,-,4.10,-,-,-,-,-,-,4.55
2538,SB10420715,2538,ŞCOALA GIMNAZIALĂ CHIRPĂR,4.85,-,-,4.25,-,-,-,-,-,-,4.55
2539,SB10480108,2539,"ŞCOALA GIMNAZIALĂ ""CONSTANTIN IOAN MOTAŞ"" MEDIAŞ",4.70,-,-,4.40,-,-,-,-,-,-,4.55
2540,SB9081417,2540,"ŞCOALA GIMNAZIALĂ ""OCTAVIAN GOGA"" RĂŞINARI",4.60,-,-,4.50,-,-,-,-,-,-,4.55
2541,SB9132284,2541,"ŞCOALA GIMNAZIALĂ ""MATEI BASARAB"" TURNU ROŞU",4.50,-,-,4.60,-,-,-,-,-,-,4.55
2542,SB10325713,2542,"ŞCOALA GIMNAZIALĂ ""CONSTANTIN IOAN MOTAŞ"" MEDIAŞ",4.15,-,-,4.95,-,-,-,-,-,-,4.55
2543,SB8919349,2543,ŞCOALA GIMNAZIALĂ BUZD,5.95,-,-,3.10,-,-,-,-,-,-,4.52
2544,SB12036775,2544,ŞCOALA GIMNAZIALĂ NR. 25 SIBIU,5.50,-,-,3.55,-,-,-,-,-,-,4.52
2545,SB9986134,2545,ŞCOALA GIMNAZIALĂ PĂUCA,5.45,-,-,3.60,-,-,-,-,-,-,4.52
2546,SB8184354,2546,ŞCOALA GIMNAZIALĂ NR. 4 MEDIAŞ,4.80,-,-,4.25,-,-,-,-,-,-,4.52
2547,SB10267354,2547,"ŞCOALA GIMNAZIALĂ ""GEORG DANIEL TEUTSCH"" AGNITA",4.70,-,-,4.35,-,-,-,-,-,-,4.52
2548,SB10399025,2548,ŞCOALA GIMNAZIALĂ NOCRICH,4.55,-,-,4.50,-,-,-,-,-,-,4.52
2549,SB9707582,2549,ŞCOALA GIMNAZIALĂ AŢEL,4.05,-,-,5.00,-,-,-,-,-,-,4.52
2550,SB12389998,2550,LICEUL TEHNOLOGIC IACOBENI,6.50,-,-,2.50,-,-,-,-,-,-,4.50
2551,SB9072275,2551,ŞCOALA GIMNAZIALĂ NR. 12 SIBIU,5.90,-,-,3.10,-,-,-,-,-,-,4.50
2552,SB10315772,2552,"LICEUL ""AUGUST TREBONIU LAURIAN"" AGNITA",5.25,-,-,3.75,-,-,-,-,-,-,4.50
2553,SB10602717,2553,"LICEUL ""TIMOTEI CIPARIU"" DUMBRĂVENI",5.25,-,-,3.75,-,-,-,-,-,-,4.50
2554,SB10065143,2554,"LICEUL TEORETIC ""GHEORGHE LAZĂR"" AVRIG",5.00,-,-,4.00,-,-,-,-,-,-,4.50
2555,SB12071064,2555,ŞCOALA GIMNAZIALĂ VURPĂR,5.00,-,-,4.00,-,-,-,-,-,-,4.50
2556,SB8924429,2556,ŞCOALA GIMNAZIALĂ NR. 7 MEDIAŞ,4.70,5.00,5.00,4.00,4.00,4.00,-,-,-,-,4.50
2557,SB9933355,2557,"LICEUL TEHNOLOGIC ""JOHANNES LEBEL"" TĂLMACIU",4.65,5.00,5.00,4.05,4.00,4.00,-,-,-,-,4.50
2558,SB10971750,2558,"ŞCOALA GIMNAZIALĂ ""LUCIAN BOLOGA"" MARPOD",4.10,-,-,4.90,-,-,-,-,-,-,4.50
2559,SB10433201,2559,ŞCOALA GIMNAZIALĂ HOSMAN,3.50,-,-,5.50,-,-,-,-,-,-,4.50
2560,SB8990821,2560,ŞCOALA GIMNAZIALĂ VEŞTEM,3.00,-,-,6.00,-,-,-,-,-,-,4.50
2561,SB10301556,2561,ŞCOALA GIMNAZIALĂ NR. 2 CISNĂDIE,5.00,5.75,5.75,3.20,-,-,-,-,-,-,4.47
2562,SB10271426,2562,ŞCOALA GIMNAZIALĂ ŞURA MICĂ,4.95,-,-,4.00,-,-,-,-,-,-,4.47
2563,SB9537115,2563,ŞCOALA GIMNAZIALĂ NR. 8 SIBIU,4.95,-,-,4.00,-,-,-,-,-,-,4.47
2564,SB12147533,2564,ŞCOALA GIMNAZIALĂ BRATEIU,4.65,-,-,4.30,-,-,-,-,-,-,4.47
2565,SB8931359,2565,ŞCOALA GIMNAZIALĂ NOU,4.45,-,-,4.50,-,-,-,-,-,-,4.47
2566,SB7862489,2566,ŞCOALA GIMNAZIALĂ AGÂRBICIU,3.85,-,-,5.10,-,-,-,-,-,-,4.47
2567,SB12884680,2567,ŞCOALA GIMNAZIALĂ ŞAROŞ PE TÂRNAVE,5.70,-,-,3.20,-,-,-,-,-,-,4.45
2568,SB12412539,2568,ŞCOALA GIMNAZIALĂ NOCRICH,5.25,-,-,3.65,-,-,-,-,-,-,4.45
2569,SB10695272,2569,ŞCOALA GIMNAZIALĂ NOU,4.90,-,-,4.00,-,-,-,-,-,-,4.45
2570,SB11023503,2570,ŞCOALA GIMNAZIALĂ NR. 4 SIBIU,4.65,-,-,4.25,-,-,-,-,-,-,4.45
2571,SB7944452,2571,ŞCOALA GIMNAZIALĂ NR. 11 SIBIU,4.40,-,-,4.50,-,-,-,-,-,-,4.45
2572,SB10412364,2572,ŞCOALA GIMNAZIALĂ NR. 7 MEDIAŞ,5.35,-,-,3.50,-,-,-,-,-,-,4.42
2573,SB11185404,2573,ŞCOALA GIMNAZIALĂ ŞURA MICĂ,5.35,-,-,3.50,-,-,-,-,-,-,4.42
2574,SB8356651,2574,"ŞCOALA GIMNAZIALĂ ""ANDREI ȘAGUNA"" ŞURA MARE",5.35,-,-,3.50,-,-,-,-,-,-,4.42
2575,SB9674666,2575,"ŞCOALA GIMNAZIALĂ ""IOAN SLAVICI"" SIBIU",5.35,-,-,3.50,-,-,-,-,-,-,4.42
2576,SB12241423,2576,"ŞCOALA GIMNAZIALĂ ""REGELE FERDINAND"" SIBIU",5.25,-,-,3.60,-,-,-,-,-,-,4.42
2577,SB9765277,2577,ŞCOALA GIMNAZIALĂ ŞEICA MARE,4.85,-,-,4.00,-,-,-,-,-,-,4.42
2578,SB10020635,2578,"ŞCOALA GIMNAZIALĂ ""LUCIAN BOLOGA"" MARPOD",4.75,-,-,4.10,-,-,-,-,-,-,4.42
2579,SB9726602,2579,ŞCOALA GIMNAZIALĂ CRISTIAN,3.65,-,-,5.20,-,-,-,-,-,-,4.42
2580,SB12473796,2580,LICEUL TEHNOLOGIC CISNĂDIE,3.00,-,-,5.85,-,-,-,-,-,-,4.42
2581,SB10963114,2581,"ŞCOALA GIMNAZIALĂ ""AVIATOR IOAN SAVA"" ALŢINA",6.30,-,-,2.50,-,-,-,-,-,-,4.40
2582,SB10289787,2582,"LICEUL TEORETIC ""ROTH - OBERTH"" MEDIAŞ",5.95,-,-,4.00,-,-,Limba germana,3.25,-,-,4.40
2583,SB10593709,2583,"ŞCOALA GIMNAZIALĂ ""ION ALBESCU"" BOIŢA",5.60,-,-,3.20,-,-,-,-,-,-,4.40
2584,SB12545244,2584,ŞCOALA GIMNAZIALĂ NR. 2 CISNĂDIE,4.80,-,-,4.00,-,-,-,-,-,-,4.40
2585,SB10298724,2585,ŞCOALA GIMNAZIALĂ AŢEL,3.65,-,-,5.15,-,-,-,-,-,-,4.40
2586,SB10542082,2586,"COLEGIUL NAȚIONAL PEDAGOGIC ""ANDREI ŞAGUNA"" SIBIU",3.50,-,-,5.30,-,-,-,-,-,-,4.40
2587,SB13438218,2587,"ŞCOALA GIMNAZIALĂ ""BATHORY ISTVAN"" MEDIAŞ",2.60,-,-,3.05,-,-,Limba maghiara,7.50,-,-,4.38
2588,SB12106850,2588,ŞCOALA GIMNAZIALĂ CRISTIAN,5.25,-,-,3.50,-,-,-,-,-,-,4.37
2589,SB10046305,2589,ŞCOALA GIMNAZIALĂ MERGHINDEAL,5.00,-,-,3.75,-,-,-,-,-,-,4.37
2590,SB10329761,2590,ŞCOALA GIMNAZIALĂ AXENTE SEVER,5.00,-,-,3.75,-,-,-,-,-,-,4.37
2591,SB9843985,2591,ŞCOALA GIMNAZIALĂ SCOREIU,4.95,-,-,3.80,-,-,-,-,-,-,4.37
2592,SB10637038,2592,"LICEUL ""TIMOTEI CIPARIU"" DUMBRĂVENI",4.25,-,-,4.50,-,-,-,-,-,-,4.37
2593,SB8780842,2593,"ŞCOALA GIMNAZIALĂ ""REGELE FERDINAND"" SIBIU",4.05,-,-,4.70,-,-,-,-,-,-,4.37
2594,SB8875191,2594,"ŞCOALA GIMNAZIALĂ ""MIHAI VITEAZU"" ŞELIMBĂR",3.75,-,-,5.00,-,-,-,-,-,-,4.37
2595,SB10103087,2595,"ŞCOALA GIMNAZIALĂ ""IOAN MORARU"" DÂRLOS",5.10,-,-,3.60,-,-,-,-,-,-,4.35
2596,SB9647402,2596,ŞCOALA GIMNAZIALĂ ALMA,4.70,-,-,4.00,-,-,-,-,-,-,4.35
2597,SB10312461,2597,ŞCOALA GIMNAZIALĂ NR. 7 MEDIAŞ,4.20,-,-,4.50,-,-,-,-,-,-,4.35
2598,SB11001146,2598,CENTRUL ȘCOLAR DE EDUCAȚIE INCLUZIVĂ NR. 2 SIBIU,4.20,-,-,4.50,-,-,-,-,-,-,4.35
2599,SB9474612,2599,"ŞCOALA GIMNAZIALĂ ""AUREL DECEI"" GURA RÂULUI",4.15,-,-,4.55,-,-,-,-,-,-,4.35
2600,SB9488416,2600,ŞCOALA GIMNAZIALĂ NR. 10 SIBIU,4.00,-,-,4.70,-,-,-,-,-,-,4.35
2601,SB12619974,2601,ŞCOALA GIMNAZIALĂ MĂLÂNCRAV,3.55,-,-,5.15,-,-,-,-,-,-,4.35
2602,SB12067648,2602,ŞCOALA GIMNAZIALĂ SLIMNIC,5.65,-,-,3.00,-,-,-,-,-,-,4.32
2603,SB10391353,2603,ŞCOALA GIMNAZIALĂ POPLACA,5.05,-,-,3.60,-,-,-,-,-,-,4.32
2604,SB9683100,2604,ŞCOALA GIMNAZIALĂ CRISTIAN,4.60,-,-,4.05,-,-,-,-,-,-,4.32
2605,SB10382803,2605,ŞCOALA GIMNAZIALĂ NOIŞTAT,4.15,-,-,4.50,-,-,-,-,-,-,4.32
2606,SB14298703,2606,ŞCOALA GIMNAZIALĂ ȘEICA MICĂ,4.15,-,-,4.50,-,-,-,-,-,-,4.32
2607,SB10312084,2607,"ŞCOALA GIMNAZIALĂ ""GEORGE POPA"" MEDIAŞ",6.10,-,-,2.50,-,-,-,-,-,-,4.30
2608,SB10602554,2608,"LICEUL ""TIMOTEI CIPARIU"" DUMBRĂVENI",5.10,-,-,3.50,-,-,-,-,-,-,4.30
2609,SB10289368,2609,ŞCOALA GIMNAZIALĂ ŞURA MICĂ,4.60,-,-,4.00,-,-,-,-,-,-,4.30
2610,SB9593049,2610,"ŞCOALA GIMNAZIALĂ ""STEPHAN LUDWIG ROTH"" MOŞNA",4.60,-,-,4.00,-,-,-,-,-,-,4.30
2611,SB8946069,2611,ŞCOALA GIMNAZIALĂ BAZNA,4.55,-,-,4.05,-,-,-,-,-,-,4.30
2612,SB10501051,2612,"ŞCOALA GIMNAZIALĂ ""NICOLAE IORGA"" SIBIU",4.40,-,-,4.20,-,-,-,-,-,-,4.30
2613,SB10544796,2613,ŞCOALA GIMNAZIALĂ NR. 21 SIBIU,4.10,-,-,4.50,-,-,-,-,-,-,4.30
2614,SB7985774,2614,ŞCOALA GIMNAZIALĂ LASLEA,4.10,-,-,4.50,-,-,-,-,-,-,4.30
2615,SB9171730,2615,LICEUL TEHNOLOGIC CISNĂDIE,4.10,-,-,4.50,-,-,-,-,-,-,4.30
2616,SB14394717,2616,ŞCOALA GIMNAZIALĂ NR. 13 SIBIU,3.35,-,-,5.25,-,-,-,-,-,-,4.30
2617,SB9522886,2617,ŞCOALA GIMNAZIALĂ BIERTAN,6.05,-,-,2.50,-,-,-,-,-,-,4.27
2618,SB12071140,2618,ŞCOALA GIMNAZIALĂ BIERTAN,5.55,-,-,3.00,-,-,-,-,-,-,4.27
2619,SB10324665,2619,"ŞCOALA GIMNAZIALĂ ""MIHAI EMINESCU"" MEDIAŞ",5.05,-,-,3.50,-,-,-,-,-,-,4.27
2620,SB12062256,2620,LICEUL ROMÂNO - FINLANDEZ ERI SIBIU,5.05,-,-,3.50,-,-,-,-,-,-,4.27
2621,SB10391550,2621,ŞCOALA GIMNAZIALĂ POPLACA,4.80,-,-,3.75,-,-,-,-,-,-,4.27
2622,SB10175514,2622,ŞCOALA GIMNAZIALĂ NR. 4 SIBIU,4.55,-,-,4.00,-,-,-,-,-,-,4.27
2623,SB9591249,2623,"ŞCOALA GIMNAZIALĂ ""MIHAI VITEAZU"" ŞELIMBĂR",4.50,-,-,4.05,-,-,-,-,-,-,4.27
2624,SB10419273,2624,"LICEUL ""AUGUST TREBONIU LAURIAN"" AGNITA",4.45,-,-,4.10,-,-,-,-,-,-,4.27
2625,SB10587267,2625,"LICEUL ""AUGUST TREBONIU LAURIAN"" AGNITA",4.05,-,-,4.50,-,-,-,-,-,-,4.27
2626,SB10754833,2626,"ŞCOALA GIMNAZIALĂ ""GEORGE POPA"" MEDIAŞ",4.05,-,-,4.50,-,-,-,-,-,-,4.27
2627,SB10711448,2627,ŞCOALA GIMNAZIALĂ DAIA,3.50,-,-,5.05,-,-,-,-,-,-,4.27
2628,SB10298541,2628,"ŞCOALA GIMNAZIALĂ ""ANDREI ȘAGUNA"" ŞURA MARE",5.00,-,-,3.50,-,-,-,-,-,-,4.25
2629,SB12132419,2629,"ŞCOALA GIMNAZIALĂ ""ANDREI ȘAGUNA"" ŞURA MARE",5.00,-,-,3.50,-,-,-,-,-,-,4.25
2630,SB9592447,2630,ŞCOALA GIMNAZIALĂ NR. 4 MEDIAŞ,5.00,-,-,3.50,-,-,-,-,-,-,4.25
2631,SB11072939,2631,ŞCOALA GIMNAZIALĂ NR. 13 SIBIU,4.50,-,-,4.00,-,-,-,-,-,-,4.25
2632,SB12001104,2632,ŞCOALA GIMNAZIALĂ ȘEICA MICĂ,4.50,-,-,4.00,-,-,-,-,-,-,4.25
2633,SB9879848,2633,"ŞCOALA GIMNAZIALĂ ""ION POP RETEGANUL"" ORLAT",4.10,-,-,4.40,-,-,-,-,-,-,4.25
2634,SB9474564,2634,"ŞCOALA GIMNAZIALĂ ""AUREL DECEI"" GURA RÂULUI",4.00,-,-,4.50,-,-,-,-,-,-,4.25
2635,SB9989942,2635,"ŞCOALA GIMNAZIALĂ ""REGELE FERDINAND"" SIBIU",5.95,-,-,2.50,-,-,-,-,-,-,4.22
2636,SB9474256,2636,"ŞCOALA GIMNAZIALĂ ""AUREL DECEI"" GURA RÂULUI",5.45,-,-,3.00,-,-,-,-,-,-,4.22
2637,SB10064626,2637,"LICEUL TEORETIC ""GHEORGHE LAZĂR"" AVRIG",4.95,-,-,3.50,-,-,-,-,-,-,4.22
2638,SB12617550,2638,LICEUL TEHNOLOGIC MÂRŞA,4.95,-,-,3.50,-,-,-,-,-,-,4.22
2639,SB10269098,2639,"ŞCOALA GIMNAZIALĂ ""GEORG DANIEL TEUTSCH"" AGNITA",4.85,-,-,3.60,-,-,-,-,-,-,4.22
2640,SB12070188,2640,"ŞCOALA GIMNAZIALĂ ""VIOREL CUCU PALTIN"" ARPAȘU DE JOS",4.35,-,-,4.10,-,-,-,-,-,-,4.22
2641,SB10441703,2641,ŞCOALA GIMNAZIALĂ NR. 7 MEDIAŞ,3.95,-,-,4.50,-,-,-,-,-,-,4.22
2642,SB10318338,2642,ŞCOALA GIMNAZIALĂ NR. 4 MEDIAŞ,3.80,-,-,4.65,-,-,-,-,-,-,4.22
2643,SB9990811,2643,LICEUL TEHNOLOGIC CISNĂDIE,3.70,-,-,4.75,-,-,-,-,-,-,4.22
2644,SB10454684,2644,"ŞCOALA GIMNAZIALĂ ""RADU SELEJAN"" SIBIU",5.80,-,-,2.60,-,-,-,-,-,-,4.20
2645,SB9626864,2645,"ŞCOALA GIMNAZIALĂ ""VIOREL CUCU PALTIN"" ARPAȘU DE JOS",5.70,-,-,2.70,-,-,-,-,-,-,4.20
2646,SB9901902,2646,"ŞCOALA GIMNAZIALĂ ""ION POP RETEGANUL"" ORLAT",5.40,-,-,3.00,-,-,-,-,-,-,4.20
2647,SB10431834,2647,ŞCOALA GIMNAZIALĂ ROŞIA,4.90,-,-,3.50,-,-,-,-,-,-,4.20
2648,SB10711471,2648,ŞCOALA GIMNAZIALĂ DAIA,4.90,-,-,3.50,-,-,-,-,-,-,4.20
2649,SB12418806,2649,ŞCOALA GIMNAZIALĂ MIHĂILENI,4.80,-,-,3.60,-,-,-,-,-,-,4.20
2650,SB12025412,2650,LICEUL TEHNOLOGIC IACOBENI,4.75,-,-,3.65,-,-,-,-,-,-,4.20
2651,SB9420400,2651,ŞCOALA GIMNAZIALĂ BRADU,4.70,-,-,3.70,-,-,-,-,-,-,4.20
2652,SB14713155,2652,ŞCOALA GIMNAZIALĂ SĂCEL,3.40,-,-,5.00,-,-,-,-,-,-,4.20
2653,SB10659534,2653,ŞCOALA GIMNAZIALĂ NOU,5.35,-,-,3.00,-,-,-,-,-,-,4.17
2654,SB9886586,2654,ŞCOALA GIMNAZIALĂ NR. 13 SIBIU,5.35,-,-,3.00,-,-,-,-,-,-,4.17
2655,SB12296674,2655,"LICEUL TEORETIC ""GUSTAV GÜNDISCH"" CISNĂDIE",4.85,-,-,3.50,-,-,-,-,-,-,4.17
2656,SB9494770,2656,ŞCOALA GIMNAZIALĂ LOAMNEŞ,4.85,-,-,3.50,-,-,-,-,-,-,4.17
2657,SB9707883,2657,ŞCOALA GIMNAZIALĂ AŢEL,3.30,-,-,5.05,-,-,-,-,-,-,4.17
2658,SB10637446,2658,"LICEUL ""TIMOTEI CIPARIU"" DUMBRĂVENI",4.80,-,-,3.50,-,-,-,-,-,-,4.15
2659,SB10269647,2659,ŞCOALA GIMNAZIALĂ ŞURA MICĂ,4.70,-,-,3.60,-,-,-,-,-,-,4.15
2660,SB12619384,2660,ŞCOALA GIMNAZIALĂ NR. 4 MEDIAŞ,4.65,-,-,3.65,-,-,-,-,-,-,4.15
2661,SB8158214,2661,"ŞCOALA GIMNAZIALĂ ""ANDREI ȘAGUNA"" ŞURA MARE",4.30,-,-,4.00,-,-,-,-,-,-,4.15
2662,SB9568993,2662,ŞCOALA GIMNAZIALĂ ŞEICA MARE,4.25,-,-,4.05,-,-,-,-,-,-,4.15
2663,SB9135124,2663,"ŞCOALA GIMNAZIALĂ ""SAVA POPOVICI BARCIANU"" RĂŞINARI",3.90,3.30,3.30,5.00,-,-,-,-,-,-,4.15
2664,SB10363408,2664,ŞCOALA GIMNAZIALĂ TILIŞCA,3.80,-,-,4.50,-,-,-,-,-,-,4.15
2665,SB10971021,2665,"ŞCOALA GIMNAZIALĂ ""LUCIAN BOLOGA"" MARPOD",3.75,-,-,4.55,-,-,-,-,-,-,4.15
2666,SB12085832,2666,"ŞCOALA GIMNAZIALĂ ""CONSTANTIN IOAN MOTAŞ"" MEDIAŞ",3.50,-,-,4.80,-,-,-,-,-,-,4.15
2667,SB10105399,2667,"ŞCOALA GIMNAZIALĂ ""VIOREL CUCU PALTIN"" ARPAȘU DE JOS",4.75,-,-,3.50,-,-,-,-,-,-,4.12
2668,SB10659836,2668,"ŞCOALA GIMNAZIALĂ ""IOAN SLAVICI"" SIBIU",4.75,-,-,3.50,-,-,-,-,-,-,4.12
2669,SB9649821,2669,LICEUL TEHNOLOGIC CISNĂDIE,4.25,-,-,4.00,-,-,-,-,-,-,4.12
2670,SB12314891,2670,ŞCOALA GIMNAZIALĂ NR. 4 MEDIAŞ,4.20,-,-,4.05,-,-,-,-,-,-,4.12
2671,SB12589014,2671,"ŞCOALA GIMNAZIALĂ ""ANDREI ȘAGUNA"" ŞURA MARE",3.75,-,-,4.50,-,-,-,-,-,-,4.12
2672,SB15012289,2672,"ŞCOALA GIMNAZIALĂ ""ANDREI ȘAGUNA"" ŞURA MARE",3.70,-,-,4.55,-,-,-,-,-,-,4.12
2673,SB10432669,2673,ŞCOALA GIMNAZIALĂ HOSMAN,3.65,-,-,4.60,-,-,-,-,-,-,4.12
2674,SB12043111,2674,ŞCOALA GIMNAZIALĂ MIHĂILENI,5.35,-,-,2.85,-,-,-,-,-,-,4.10
2675,SB10120478,2675,ŞCOALA GIMNAZIALĂ NR. 10 SIBIU,4.70,-,-,3.50,-,-,-,-,-,-,4.10
2676,SB10398972,2676,ŞCOALA GIMNAZIALĂ NOCRICH,4.20,-,-,4.00,-,-,-,-,-,-,4.10
2677,SB10399100,2677,ŞCOALA GIMNAZIALĂ NOCRICH,4.20,-,-,4.00,-,-,-,-,-,-,4.10
2678,SB9668439,2678,"ŞCOALA GIMNAZIALĂ ""VIOREL CUCU PALTIN"" ARPAȘU DE JOS",4.20,-,-,4.00,-,-,-,-,-,-,4.10
2679,SB10587197,2679,"LICEUL ""AUGUST TREBONIU LAURIAN"" AGNITA",4.05,-,-,4.15,-,-,-,-,-,-,4.10
2680,SB8355598,2680,"ŞCOALA GIMNAZIALĂ ""ANDREI ȘAGUNA"" ŞURA MARE",4.05,-,-,4.15,-,-,-,-,-,-,4.10
2681,SB10306224,2681,"ŞCOALA GIMNAZIALĂ ""BATHORY ISTVAN"" MEDIAŞ",3.80,-,-,2.50,-,-,Limba maghiara,6.00,-,-,4.10
2682,SB10098602,2682,"ŞCOALA GIMNAZIALĂ ""IOAN MORARU"" DÂRLOS",4.60,-,-,3.55,-,-,-,-,-,-,4.07
2683,SB9727886,2683,"ŞCOALA GIMNAZIALĂ ""REGELE FERDINAND"" SIBIU",4.25,-,-,3.90,-,-,-,-,-,-,4.07
2684,SB10382742,2684,ŞCOALA GIMNAZIALĂ NOIŞTAT,4.05,-,-,4.10,-,-,-,-,-,-,4.07
2685,SB12531096,2685,"LICEUL TEHNOLOGIC ""ILIE MĂCELARIU"" MIERCUREA SIBIULUI",3.95,-,-,4.20,-,-,-,-,-,-,4.07
2686,SB7973098,2686,ŞCOALA GIMNAZIALĂ ȘEICA MICĂ,2.60,-,-,5.55,-,-,-,-,-,-,4.07
2687,SB12022357,2687,ŞCOALA GIMNAZIALĂ NOIŞTAT,4.55,-,-,3.55,-,-,-,-,-,-,4.05
2688,SB12319912,2688,ŞCOALA GIMNAZIALĂ AGÂRBICIU,4.55,-,-,3.55,-,-,-,-,-,-,4.05
2689,SB10173818,2689,ŞCOALA GIMNAZIALĂ RUŞI,4.10,-,-,4.00,-,-,-,-,-,-,4.05
2690,SB10046299,2690,ŞCOALA GIMNAZIALĂ NR. 4 SIBIU,5.50,-,-,2.55,-,-,-,-,-,-,4.02
2691,SB8914809,2691,ŞCOALA GIMNAZIALĂ BUZD,5.05,-,-,3.00,-,-,-,-,-,-,4.02
2692,SB1149951,2692,ŞCOALA GIMNAZIALĂ APOLDU DE JOS,4.55,-,-,3.50,-,-,-,-,-,-,4.02
2693,SB9591323,2693,"ŞCOALA GIMNAZIALĂ ""MIHAI VITEAZU"" ŞELIMBĂR",4.55,-,-,3.50,-,-,-,-,-,-,4.02
2694,SB9803222,2694,ŞCOALA GIMNAZIALĂ TĂLMACIU,4.05,-,-,4.00,-,-,-,-,-,-,4.02
2695,SB9850663,2695,"ŞCOALA GIMNAZIALĂ ""STEPHAN LUDWIG ROTH"" MOŞNA",4.05,-,-,4.00,-,-,-,-,-,-,4.02
2696,SB10433063,2696,ŞCOALA GIMNAZIALĂ HOSMAN,3.55,-,-,4.50,-,-,-,-,-,-,4.02
2697,SB9683167,2697,ŞCOALA GIMNAZIALĂ CRISTIAN,5.30,-,-,2.70,-,-,-,-,-,-,4.00
2698,SB10392288,2698,ŞCOALA GIMNAZIALĂ POPLACA,4.50,-,-,3.50,-,-,-,-,-,-,4.00
2699,SB10399585,2699,ŞCOALA GIMNAZIALĂ NOCRICH,4.50,-,-,3.50,-,-,-,-,-,-,4.00
2700,SB12109218,2700,ŞCOALA GIMNAZIALĂ NR. 4 MEDIAŞ,4.50,-,-,3.50,-,-,-,-,-,-,4.00
2701,SB13144889,2701,"ŞCOALA GIMNAZIALĂ ""IOAN MORARU"" DÂRLOS",4.50,-,-,3.50,-,-,-,-,-,-,4.00
2702,SB12297715,2702,"ŞCOALA GIMNAZIALĂ ""IOAN SLAVICI"" SIBIU",4.10,4.00,4.00,4.00,4.00,4.00,-,-,-,-,4.00
2703,SB10744009,2703,ŞCOALA GIMNAZIALĂ VURPĂR,3.95,-,-,4.05,-,-,-,-,-,-,4.00
2704,SB7961847,2704,ŞCOALA GIMNAZIALĂ ȘEICA MICĂ,5.25,-,-,2.70,-,-,-,-,-,-,3.97
2705,SB12619116,2705,"ŞCOALA GIMNAZIALĂ ""ION LUCA CARAGIALE"" SIBIU",4.95,-,-,3.00,-,-,-,-,-,-,3.97
2706,SB10010249,2706,ŞCOALA GIMNAZIALĂ NR. 21 SIBIU,4.85,-,-,3.10,-,-,-,-,-,-,3.97
2707,SB10399384,2707,ŞCOALA GIMNAZIALĂ NOCRICH,4.45,-,-,3.50,-,-,-,-,-,-,3.97
2708,SB9849006,2708,"ŞCOALA GIMNAZIALĂ ""IOAN SLAVICI"" SIBIU",4.45,-,-,3.50,-,-,-,-,-,-,3.97
2709,SB9687983,2709,ŞCOALA GIMNAZIALĂ CRISTIAN,4.35,-,-,3.60,-,-,-,-,-,-,3.97
2710,SB10963322,2710,"ŞCOALA GIMNAZIALĂ ""AVIATOR IOAN SAVA"" ALŢINA",3.95,-,-,4.00,-,-,-,-,-,-,3.97
2711,SB3980501,2711,ŞCOALA GIMNAZIALĂ NR. 13 SIBIU,3.95,-,-,4.00,-,-,-,-,-,-,3.97
2712,SB10393680,2712,"LICEUL TEHNOLOGIC ""ILIE MĂCELARIU"" MIERCUREA SIBIULUI",3.85,-,-,4.10,-,-,-,-,-,-,3.97
2713,SB12618674,2713,ŞCOALA GIMNAZIALĂ NR. 10 SIBIU,3.85,-,-,4.10,-,-,-,-,-,-,3.97
2714,SB9804866,2714,"ŞCOALA GIMNAZIALĂ ""IOAN SLAVICI"" SIBIU",2.90,-,-,5.05,-,-,-,-,-,-,3.97
2715,SB12279131,2715,ŞCOALA GIMNAZIALĂ VURPĂR,4.90,-,-,3.00,-,-,-,-,-,-,3.95
2716,SB8019940,2716,"LICEUL ""TIMOTEI CIPARIU"" DUMBRĂVENI",4.90,-,-,3.00,-,-,-,-,-,-,3.95
2717,SB9592570,2717,"ŞCOALA GIMNAZIALĂ ""STEPHAN LUDWIG ROTH"" MOŞNA",5.35,-,-,2.50,-,-,-,-,-,-,3.92
2718,SB727401,2718,"LICEUL TEORETIC ""CONSTANTIN NOICA"" SIBIU",5.25,-,-,2.60,-,-,-,-,-,-,3.92
2719,SB9239110,2719,ŞCOALA GIMNAZIALĂ ŞEICA MARE,4.35,-,-,3.50,-,-,-,-,-,-,3.92
2720,SB10098947,2720,"ŞCOALA GIMNAZIALĂ ""IOAN MORARU"" DÂRLOS",4.30,-,-,3.55,-,-,-,-,-,-,3.92
2721,SB10012007,2721,ŞCOALA GIMNAZIALĂ SĂCEL,3.85,-,-,4.00,-,-,-,-,-,-,3.92
2722,SB12055881,2722,ŞCOALA GIMNAZIALĂ MIHĂILENI,3.85,-,-,4.00,-,-,-,-,-,-,3.92
2723,SB9163639,2723,"ŞCOALA GIMNAZIALĂ ""MATEI BASARAB"" TURNU ROŞU",3.70,-,-,4.15,-,-,-,-,-,-,3.92
2724,SB12064104,2724,"ŞCOALA GIMNAZIALĂ ""REGELE FERDINAND"" SIBIU",4.70,-,-,3.10,-,-,-,-,-,-,3.90
2725,SB12350357,2725,ŞCOALA GIMNAZIALĂ JINA,4.25,-,-,3.55,-,-,-,-,-,-,3.90
2726,SB7965266,2726,ŞCOALA GIMNAZIALĂ ȘEICA MICĂ,3.10,-,-,4.70,-,-,-,-,-,-,3.90
2727,SB13179405,2727,ŞCOALA GIMNAZIALĂ NR. 2 SIBIU,5.25,-,-,2.50,-,-,-,-,-,-,3.87
2728,SB10448741,2728,"ŞCOALA GIMNAZIALĂ ""IOAN SLAVICI"" SIBIU",4.75,-,-,3.00,-,-,-,-,-,-,3.87
2729,SB12099294,2729,"ŞCOALA GIMNAZIALĂ ""MIHAI EMINESCU"" MEDIAŞ",4.75,-,-,3.00,-,-,-,-,-,-,3.87
2730,SB9494846,2730,ŞCOALA GIMNAZIALĂ LOAMNEŞ,4.75,-,-,3.00,-,-,-,-,-,-,3.87
2731,SB15001710,2731,"ŞCOALA GIMNAZIALĂ ""BADEA CÎRŢAN"" CÂRŢIŞOARA",4.65,-,-,3.10,-,-,-,-,-,-,3.87
2732,SB8969472,2732,ŞCOALA GIMNAZIALĂ BLĂJEL,4.10,-,-,3.65,-,-,-,-,-,-,3.87
2733,SB10121379,2733,"ŞCOALA GIMNAZIALĂ ""RADU SELEJAN"" SIBIU",4.70,-,-,3.00,-,-,-,-,-,-,3.85
2734,SB11179263,2734,"ŞCOALA GIMNAZIALĂ ""SAVA POPOVICI BARCIANU"" RĂŞINARI",3.70,-,-,4.00,-,-,-,-,-,-,3.85
2735,SB10330677,2735,"LICEUL ""TIMOTEI CIPARIU"" DUMBRĂVENI",3.10,-,-,4.60,-,-,-,-,-,-,3.85
2736,SB7963963,2736,ŞCOALA GIMNAZIALĂ LASLEA,3.10,-,-,4.60,-,-,-,-,-,-,3.85
2737,SB8993970,2737,ŞCOALA GIMNAZIALĂ VEŞTEM,5.15,-,-,2.50,-,-,-,-,-,-,3.82
2738,SB12102580,2738,ŞCOALA GIMNAZIALĂ JINA,4.65,-,-,3.00,-,-,-,-,-,-,3.82
2739,SB9627252,2739,"ŞCOALA GIMNAZIALĂ ""VIOREL CUCU PALTIN"" ARPAȘU DE JOS",4.65,-,-,3.00,-,-,-,-,-,-,3.82
2740,SB10044790,2740,"ŞCOALA GIMNAZIALĂ ""AUREL DECEI"" GURA RÂULUI",4.15,-,-,3.50,-,-,-,-,-,-,3.82
2741,SB12062695,2741,ŞCOALA GIMNAZIALĂ TÂRNAVA,4.15,-,-,3.50,-,-,-,-,-,-,3.82
2742,SB10294571,2742,"LICEUL ""AUGUST TREBONIU LAURIAN"" AGNITA",3.65,-,-,4.00,-,-,-,-,-,-,3.82
2743,SB10659054,2743,ŞCOALA GIMNAZIALĂ NOU,3.60,-,-,4.05,-,-,-,-,-,-,3.82
2744,SB11082553,2744,"ŞCOALA GIMNAZIALĂ ""ILIE MICU"" LUDOŞ",4.60,-,-,3.00,-,-,-,-,-,-,3.80
2745,SB10384605,2745,"LICEUL ""AUGUST TREBONIU LAURIAN"" AGNITA",4.10,-,-,3.50,-,-,-,-,-,-,3.80
2746,SB10581127,2746,"LICEUL ""TIMOTEI CIPARIU"" DUMBRĂVENI",4.10,-,-,3.50,-,-,-,-,-,-,3.80
2747,SB10659077,2747,ŞCOALA GIMNAZIALĂ NOU,4.10,-,-,3.50,-,-,-,-,-,-,3.80
2748,SB12042221,2748,ŞCOALA GIMNAZIALĂ DAIA,4.10,-,-,3.50,-,-,-,-,-,-,3.80
2749,SB8931907,2749,ŞCOALA GIMNAZIALĂ ŞAROŞ PE TÂRNAVE,4.10,-,-,3.50,-,-,-,-,-,-,3.80
2750,SB8020703,2750,ŞCOALA GIMNAZIALĂ HOGHILAG,3.60,-,-,4.00,-,-,-,-,-,-,3.80
2751,SB10313770,2751,"LICEUL ""AUGUST TREBONIU LAURIAN"" AGNITA",3.50,-,-,4.10,-,-,-,-,-,-,3.80
2752,SB8650270,2752,ŞCOALA GIMNAZIALĂ NOIŞTAT,5.00,-,-,2.55,-,-,-,-,-,-,3.77
2753,SB12019816,2753,ŞCOALA GIMNAZIALĂ MIHĂILENI,4.00,-,-,3.55,-,-,-,-,-,-,3.77
2754,SB10359885,2754,ŞCOALA GIMNAZIALĂ TILIŞCA,3.55,-,-,4.00,-,-,-,-,-,-,3.77
2755,SB7511601,2755,ŞCOALA GIMNAZIALĂ NR. 21 SIBIU,2.90,-,-,4.65,-,-,-,-,-,-,3.77
2756,SB12032487,2756,ŞCOALA GIMNAZIALĂ IGHIŞU NOU,2.55,-,-,5.00,-,-,-,-,-,-,3.77
2757,SB10439317,2757,"ŞCOALA GIMNAZIALĂ ""ION LUCA CARAGIALE"" SIBIU",4.75,-,-,3.00,-,-,Limba germana,3.50,-,-,3.75
2758,SB9704805,2758,ŞCOALA GIMNAZIALĂ NR. 13 SIBIU,4.35,-,-,3.15,-,-,-,-,-,-,3.75
2759,SB14384334,2759,"CENTRUL ȘCOLAR DE EDUCAȚIE INCLUZIVĂ ""ELENA DELIA STOICESCU"" SIBIU",4.00,-,-,3.50,-,-,-,-,-,-,3.75
2760,SB10059391,2760,ŞCOALA GIMNAZIALĂ NR. 2 SIBIU,3.50,-,-,4.00,-,-,-,-,-,-,3.75
2761,SB10658923,2761,ŞCOALA GIMNAZIALĂ NOU,4.45,-,-,3.00,-,-,-,-,-,-,3.72
2762,SB10394119,2762,"LICEUL TEHNOLOGIC ""ILIE MĂCELARIU"" MIERCUREA SIBIULUI",3.95,-,-,3.50,-,-,-,-,-,-,3.72
2763,SB10320343,2763,"ŞCOALA GIMNAZIALĂ ""GEORGE POPA"" MEDIAŞ",4.90,-,-,2.50,-,-,-,-,-,-,3.70
2764,SB10660338,2764,ŞCOALA GIMNAZIALĂ NOU,4.40,-,-,3.00,-,-,-,-,-,-,3.70
2765,SB10019357,2765,ŞCOALA GIMNAZIALĂ NR. 12 SIBIU,3.90,-,-,3.50,-,-,-,-,-,-,3.70
2766,SB12331343,2766,"LICEUL ""AUGUST TREBONIU LAURIAN"" AGNITA",3.90,-,-,3.50,-,-,-,-,-,-,3.70
2767,SB14359877,2767,ŞCOALA GIMNAZIALĂ NR. 4 MEDIAŞ,2.40,-,-,5.00,-,-,-,-,-,-,3.70
2768,SB9987847,2768,ŞCOALA GIMNAZIALĂ PĂUCA,2.40,-,-,5.00,-,-,-,-,-,-,3.70
2769,SB10019839,2769,"LICEUL TEHNOLOGIC ""IOAN LUPAŞ"" SĂLIŞTE",5.35,-,-,2.00,-,-,-,-,-,-,3.67
2770,SB8972513,2770,ŞCOALA GIMNAZIALĂ BLĂJEL,4.85,-,-,2.50,-,-,-,-,-,-,3.67
2771,SB9523176,2771,ŞCOALA GIMNAZIALĂ BIERTAN,3.85,-,-,3.50,-,-,-,-,-,-,3.67
2772,SB9642745,2772,ŞCOALA GIMNAZIALĂ SCOREIU,3.75,-,-,3.60,-,-,-,-,-,-,3.67
2773,SB9805473,2773,"ŞCOALA GIMNAZIALĂ ""IOAN SLAVICI"" SIBIU",3.60,-,-,3.75,-,-,-,-,-,-,3.67
2774,SB9983378,2774,"LICEUL TEORETIC ""GUSTAV GÜNDISCH"" CISNĂDIE",4.30,-,-,3.00,-,-,-,-,-,-,3.65
2775,SB10300314,2775,"ŞCOALA GIMNAZIALĂ ""REGELE FERDINAND"" SIBIU",4.25,-,-,3.05,-,-,-,-,-,-,3.65
2776,SB10384737,2776,LICEUL TEHNOLOGIC IACOBENI,4.25,-,-,3.05,-,-,-,-,-,-,3.65
2777,SB12297559,2777,ŞCOALA GIMNAZIALĂ NR. 8 SIBIU,3.30,-,-,4.00,-,-,-,-,-,-,3.65
2778,SB12424353,2778,ŞCOALA GIMNAZIALĂ JINA,3.30,-,-,4.00,-,-,-,-,-,-,3.65
2779,SB10318551,2779,ŞCOALA GIMNAZIALĂ IGHIŞU NOU,2.80,-,-,4.50,-,-,-,-,-,-,3.65
2780,SB10394150,2780,"LICEUL TEHNOLOGIC ""ILIE MĂCELARIU"" MIERCUREA SIBIULUI",2.80,-,-,4.50,-,-,-,-,-,-,3.65
2781,SB12014935,2781,"ŞCOALA GIMNAZIALĂ ""GEORGE POPA"" MEDIAŞ",2.80,-,-,4.50,-,-,-,-,-,-,3.65
2782,SB9627089,2782,"ŞCOALA GIMNAZIALĂ ""VIOREL CUCU PALTIN"" ARPAȘU DE JOS",4.25,-,-,3.00,-,-,-,-,-,-,3.62
2783,SB12118697,2783,ŞCOALA GIMNAZIALĂ NR. 11 SIBIU,3.75,-,-,3.50,-,-,-,-,-,-,3.62
2784,SB10301300,2784,"ŞCOALA GIMNAZIALĂ ""REGELE FERDINAND"" SIBIU",3.25,-,-,4.00,-,-,-,-,-,-,3.62
2785,SB10071058,2785,ŞCOALA GIMNAZIALĂ NR. 13 SIBIU,2.70,-,-,4.55,-,-,-,-,-,-,3.62
2786,SB4535001,2786,ŞCOALA GIMNAZIALĂ OCNA SIBIULUI,4.50,-,-,2.70,-,-,-,-,-,-,3.60
2787,SB10419008,2787,ŞCOALA GIMNAZIALĂ CHIRPĂR,4.20,-,-,3.00,-,-,-,-,-,-,3.60
2788,SB12617630,2788,"LICEUL ""AUGUST TREBONIU LAURIAN"" AGNITA",4.15,-,-,3.05,-,-,-,-,-,-,3.60
2789,SB8122889,2789,ŞCOALA GIMNAZIALĂ MĂLÂNCRAV,3.70,-,-,3.50,-,-,-,-,-,-,3.60
2790,SB9674544,2790,"ŞCOALA GIMNAZIALĂ ""IOAN SLAVICI"" SIBIU",3.70,-,-,3.50,-,-,-,-,-,-,3.60
2791,SB9234751,2791,ŞCOALA GIMNAZIALĂ NR. 12 SIBIU,2.90,-,-,4.30,-,-,-,-,-,-,3.60
2792,SB9390826,2792,"COLEGIUL NAȚIONAL ""OCTAVIAN GOGA"" SIBIU",3.00,-,-,3.50,-,-,Limba maghiara,4.25,-,-,3.58
2793,SB12089748,2793,ŞCOALA GIMNAZIALĂ RACOVIŢA,5.15,-,-,2.00,-,-,-,-,-,-,3.57
2794,SB10889629,2794,"ŞCOALA GIMNAZIALĂ ""REGELE FERDINAND"" SIBIU",4.15,-,-,3.00,-,-,-,-,-,-,3.57
2795,SB8421210,2795,ŞCOALA GIMNAZIALĂ ALMA,4.10,-,-,3.05,-,-,-,-,-,-,3.57
2796,SB9595575,2796,"ŞCOALA GIMNAZIALĂ ""STEPHAN LUDWIG ROTH"" MOŞNA",3.15,-,-,4.00,-,-,-,-,-,-,3.57
2797,SB8890850,2797,"ŞCOALA GIMNAZIALĂ ""MIHAI EMINESCU"" MEDIAŞ",4.60,-,-,2.50,-,-,-,-,-,-,3.55
2798,SB9423245,2798,ŞCOALA GIMNAZIALĂ AVRIG,4.60,-,-,2.50,-,-,-,-,-,-,3.55
2799,SB12259873,2799,ŞCOALA GIMNAZIALĂ NOCRICH,3.60,-,-,3.50,-,-,-,-,-,-,3.55
2800,SB9688064,2800,ŞCOALA GIMNAZIALĂ CRISTIAN,3.55,-,-,3.55,-,-,-,-,-,-,3.55
2801,SB10391734,2801,ŞCOALA GIMNAZIALĂ POPLACA,3.00,-,-,4.10,-,-,-,-,-,-,3.55
2802,SB10392043,2802,ŞCOALA GIMNAZIALĂ POPLACA,2.60,-,-,4.50,-,-,-,-,-,-,3.55
2803,SB12334386,2803,ŞCOALA GIMNAZIALĂ BRĂDENI,2.60,-,-,4.50,-,-,-,-,-,-,3.55
2804,SB12158857,2804,ŞCOALA GIMNAZIALĂ BUZD,5.05,-,-,2.00,-,-,-,-,-,-,3.52
2805,SB10318912,2805,"ŞCOALA GIMNAZIALĂ ""CIREŞARII"" MEDIAŞ",4.55,-,-,2.50,-,-,-,-,-,-,3.52
2806,SB10341598,2806,ŞCOALA GIMNAZIALĂ NR. 7 MEDIAŞ,4.55,-,-,2.50,-,-,-,-,-,-,3.52
2807,SB12331294,2807,"ŞCOALA GIMNAZIALĂ ""GEORGE POPA"" MEDIAŞ",4.55,-,-,2.50,-,-,-,-,-,-,3.52
2808,SB12001091,2808,"ŞCOALA GIMNAZIALĂ ""CONSTANTIN IOAN MOTAŞ"" MEDIAŞ",4.05,-,-,3.00,-,-,-,-,-,-,3.52
2809,SB12334385,2809,ŞCOALA GIMNAZIALĂ BRĂDENI,4.05,-,-,3.00,-,-,-,-,-,-,3.52
2810,SB8544239,2810,"LICEUL ""TIMOTEI CIPARIU"" DUMBRĂVENI",4.05,-,-,3.00,-,-,-,-,-,-,3.52
2811,SB9627030,2811,"ŞCOALA GIMNAZIALĂ ""VIOREL CUCU PALTIN"" ARPAȘU DE JOS",2.50,-,-,4.55,-,-,-,-,-,-,3.52
2812,SB10579821,2812,"LICEUL ""TIMOTEI CIPARIU"" DUMBRĂVENI",4.50,-,-,2.50,-,-,-,-,-,-,3.50
2813,SB12259886,2813,ŞCOALA GIMNAZIALĂ NOCRICH,4.50,-,-,2.50,-,-,-,-,-,-,3.50
2814,SB12325119,2814,ŞCOALA GIMNAZIALĂ CRISTIAN,4.45,-,-,2.55,-,-,-,-,-,-,3.50
2815,SB10340710,2815,"CENTRUL ȘCOLAR DE EDUCAȚIE INCLUZIVĂ ""ELENA DELIA STOICESCU"" SIBIU",4.00,-,-,3.00,-,-,-,-,-,-,3.50
2816,SB9535610,2816,"ŞCOALA GIMNAZIALĂ ""AUREL DECEI"" GURA RÂULUI",3.00,-,-,4.00,-,-,-,-,-,-,3.50
2817,SB12068755,2817,"ŞCOALA GIMNAZIALĂ ""CORNELIU PĂCURARIU"" MICĂSASA",2.50,-,-,4.50,-,-,-,-,-,-,3.50
2818,SB12271170,2818,"ŞCOALA GIMNAZIALĂ ""REGELE FERDINAND"" SIBIU",4.45,-,-,2.50,-,-,-,-,-,-,3.47
2819,SB10357096,2819,ŞCOALA GIMNAZIALĂ TILIŞCA,3.95,-,-,3.00,-,-,-,-,-,-,3.47
2820,SB8549937,2820,ŞCOALA GIMNAZIALĂ MIHĂILENI,3.95,-,-,3.00,-,-,-,-,-,-,3.47
2821,SB9592730,2821,"ŞCOALA GIMNAZIALĂ ""STEPHAN LUDWIG ROTH"" MOŞNA",3.95,-,-,3.00,-,-,-,-,-,-,3.47
2822,SB10970970,2822,"ŞCOALA GIMNAZIALĂ ""AVIATOR IOAN SAVA"" ALŢINA",2.95,-,-,4.00,-,-,-,-,-,-,3.47
2823,SB7995047,2823,ŞCOALA GIMNAZIALĂ LASLEA,2.90,-,-,4.05,-,-,-,-,-,-,3.47
2824,SB12257839,2824,ŞCOALA GIMNAZIALĂ BUZD,4.40,-,-,2.50,-,-,-,-,-,-,3.45
2825,SB12483783,2825,ŞCOALA GIMNAZIALĂ TÂRNAVA,3.40,-,-,3.50,-,-,-,-,-,-,3.45
2826,SB10348258,2826,ŞCOALA GIMNAZIALĂ BRĂDENI,2.90,-,-,4.00,-,-,-,-,-,-,3.45
2827,SB10410890,2827,ŞCOALA GIMNAZIALĂ NR. 7 MEDIAŞ,2.90,-,-,4.00,-,-,-,-,-,-,3.45
2828,SB12124914,2828,"LICEUL TEHNOLOGIC ""ILIE MĂCELARIU"" MIERCUREA SIBIULUI",2.80,-,-,4.10,-,-,-,-,-,-,3.45
2829,SB9646863,2829,ŞCOALA GIMNAZIALĂ ALMA,4.80,-,-,2.05,-,-,-,-,-,-,3.42
2830,SB11193670,2830,ŞCOALA GIMNAZIALĂ NR. 11 SIBIU,4.35,-,-,2.50,-,-,-,-,-,-,3.42
2831,SB9494809,2831,ŞCOALA GIMNAZIALĂ LOAMNEŞ,4.35,-,-,2.50,-,-,-,-,-,-,3.42
2832,SB10313633,2832,"ŞCOALA GIMNAZIALĂ ""GEORGE POPA"" MEDIAŞ",3.85,-,-,3.00,-,-,-,-,-,-,3.42
2833,SB10448333,2833,ŞCOALA GIMNAZIALĂ DAIA,3.35,-,-,3.50,-,-,-,-,-,-,3.42
2834,SB12077058,2834,LICEUL TEHNOLOGIC IACOBENI,3.35,-,-,3.50,-,-,-,-,-,-,3.42
2835,SB12152529,2835,"ŞCOALA GIMNAZIALĂ ""GEORG DANIEL TEUTSCH"" AGNITA",3.35,-,-,3.50,-,-,-,-,-,-,3.42
2836,SB12063638,2836,ŞCOALA GIMNAZIALĂ BIERTAN,3.20,3.30,3.30,3.55,-,-,-,-,-,-,3.42
2837,SB12430684,2837,"ŞCOALA GIMNAZIALĂ ""MATEI BASARAB"" TURNU ROŞU",3.80,-,-,3.00,-,-,-,-,-,-,3.40
2838,SB9163464,2838,"ŞCOALA GIMNAZIALĂ ""MATEI BASARAB"" TURNU ROŞU",3.75,-,-,3.05,-,-,-,-,-,-,3.40
2839,SB12069472,2839,ŞCOALA GIMNAZIALĂ HOSMAN,3.30,-,-,3.50,-,-,-,-,-,-,3.40
2840,SB11185755,2840,"ŞCOALA GIMNAZIALĂ ""LUCIAN BOLOGA"" MARPOD",3.25,-,-,3.55,-,-,-,-,-,-,3.40
2841,SB9133363,2841,"ŞCOALA GIMNAZIALĂ ""OCTAVIAN GOGA"" RĂŞINARI",4.75,-,-,2.00,-,-,-,-,-,-,3.37
2842,SB10400740,2842,ŞCOALA GIMNAZIALĂ HOSMAN,4.25,-,-,2.50,-,-,-,-,-,-,3.37
2843,SB12035489,2843,"LICEUL TEORETIC ""CONSTANTIN NOICA"" SIBIU",4.25,-,-,2.50,-,-,-,-,-,-,3.37
2844,SB7973082,2844,ŞCOALA GIMNAZIALĂ LASLEA,4.25,-,-,2.50,-,-,-,-,-,-,3.37
2845,SB10084854,2845,"ŞCOALA GIMNAZIALĂ ""REGELE FERDINAND"" SIBIU",3.75,-,-,3.00,-,-,-,-,-,-,3.37
2846,SB8356105,2846,"ŞCOALA GIMNAZIALĂ ""ANDREI ȘAGUNA"" ŞURA MARE",3.75,-,-,3.00,-,-,-,-,-,-,3.37
2847,SB10745371,2847,"ŞCOALA GIMNAZIALĂ ""OCTAVIAN GOGA"" RĂŞINARI",3.70,-,-,3.05,-,-,-,-,-,-,3.37
2848,SB12758269,2848,ŞCOALA GIMNAZIALĂ AVRIG,3.25,-,-,3.50,-,-,-,-,-,-,3.37
2849,SB9682835,2849,ŞCOALA GIMNAZIALĂ CRISTIAN,3.25,-,-,3.50,-,-,-,-,-,-,3.37
2850,SB9849635,2850,ŞCOALA GIMNAZIALĂ NR. 10 SIBIU,3.25,-,-,3.50,-,-,-,-,-,-,3.37
2851,SB9383045,2851,"LICEUL TEORETIC ""GUSTAV GÜNDISCH"" CISNĂDIE",4.70,-,-,2.00,-,-,-,-,-,-,3.35
2852,SB10649259,2852,ŞCOALA GIMNAZIALĂ APOLDU DE JOS,4.20,-,-,2.50,-,-,-,-,-,-,3.35
2853,SB10930760,2853,ŞCOALA GIMNAZIALĂ NR. 2 CISNĂDIE,4.20,-,-,2.50,-,-,-,-,-,-,3.35
2854,SB12100313,2854,ŞCOALA GIMNAZIALĂ JINA,4.20,-,-,2.50,-,-,-,-,-,-,3.35
2855,SB10454710,2855,ŞCOALA GIMNAZIALĂ DAIA,3.70,-,-,3.00,-,-,-,-,-,-,3.35
2856,SB12617893,2856,ŞCOALA GIMNAZIALĂ NR. 4 MEDIAŞ,3.65,-,-,3.05,-,-,-,-,-,-,3.35
2857,SB12507223,2857,ŞCOALA GIMNAZIALĂ POPLACA,3.20,-,-,3.50,-,-,-,-,-,-,3.35
2858,SB12028537,2858,ŞCOALA GIMNAZIALĂ VEŞTEM,3.15,-,-,3.55,-,-,-,-,-,-,3.35
2859,SB10587067,2859,"LICEUL ""TIMOTEI CIPARIU"" DUMBRĂVENI",2.70,-,-,4.00,-,-,-,-,-,-,3.35
2860,SB13144882,2860,"ŞCOALA GIMNAZIALĂ ""IOAN MORARU"" DÂRLOS",2.70,-,-,4.00,-,-,-,-,-,-,3.35
2861,SB9225847,2861,ŞCOALA GIMNAZIALĂ BIERTAN,2.70,-,-,4.00,-,-,-,-,-,-,3.35
2862,SB9591136,2862,"ŞCOALA GIMNAZIALĂ ""MIHAI VITEAZU"" ŞELIMBĂR",2.70,-,-,4.00,-,-,-,-,-,-,3.35
2863,SB12063390,2863,ŞCOALA GIMNAZIALĂ BIERTAN,4.15,-,-,2.50,-,-,-,-,-,-,3.32
2864,SB9931219,2864,"LICEUL TEHNOLOGIC ""JOHANNES LEBEL"" TĂLMACIU",4.15,-,-,2.50,-,-,-,-,-,-,3.32
2865,SB10593778,2865,ŞCOALA GIMNAZIALĂ TĂLMACIU,3.65,-,-,3.00,-,-,-,-,-,-,3.32
2866,SB9538647,2866,ŞCOALA GIMNAZIALĂ CAŞOLŢ,3.65,-,-,3.00,-,-,-,-,-,-,3.32
2867,SB10712111,2867,ŞCOALA GIMNAZIALĂ NOU,3.15,-,-,3.50,-,-,-,-,-,-,3.32
2868,SB12538196,2868,ŞCOALA GIMNAZIALĂ HOSMAN,3.60,-,-,3.00,-,-,-,-,-,-,3.30
2869,SB9593670,2869,ŞCOALA GIMNAZIALĂ BRATEIU,3.60,-,-,3.00,-,-,-,-,-,-,3.30
2870,SB10399516,2870,ŞCOALA GIMNAZIALĂ NOCRICH,3.10,-,-,3.50,-,-,-,-,-,-,3.30
2871,SB10697411,2871,ŞCOALA GIMNAZIALĂ NOU,3.55,-,-,3.00,-,-,-,-,-,-,3.27
2872,SB10971302,2872,"LICEUL ""AUGUST TREBONIU LAURIAN"" AGNITA",3.05,-,-,3.50,-,-,-,-,-,-,3.27
2873,SB12073001,2873,ŞCOALA GIMNAZIALĂ VURPĂR,5.00,-,-,1.50,-,-,-,-,-,-,3.25
2874,SB10433711,2874,"ŞCOALA GIMNAZIALĂ ""IOAN SLAVICI"" SIBIU",4.00,-,-,2.50,-,-,-,-,-,-,3.25
2875,SB8649778,2875,ŞCOALA GIMNAZIALĂ BRĂDENI,3.60,3.30,3.30,3.35,3.20,3.20,-,-,-,-,3.25
2876,SB6693551,2876,ŞCOALA GIMNAZIALĂ NR. 21 SIBIU,3.50,-,-,3.00,-,-,-,-,-,-,3.25
2877,SB11999508,2877,"LICEUL ""AUGUST TREBONIU LAURIAN"" AGNITA",3.00,-,-,3.50,-,-,-,-,-,-,3.25
2878,SB9706514,2878,ŞCOALA GIMNAZIALĂ AŢEL,3.00,-,-,3.50,-,-,-,-,-,-,3.25
2879,SB10728786,2879,"ŞCOALA GIMNAZIALĂ ""AVIATOR IOAN SAVA"" ALŢINA",2.50,-,-,4.00,-,-,-,-,-,-,3.25
2880,SB11038160,2880,ŞCOALA GIMNAZIALĂ HOSMAN,2.50,-,-,4.00,-,-,-,-,-,-,3.25
2881,SB9704642,2881,ŞCOALA GIMNAZIALĂ ALĂMOR,2.00,-,-,4.50,-,-,-,-,-,-,3.25
2882,SB6782751,2882,ŞCOALA GIMNAZIALĂ NR. 1 SIBIU,3.45,-,-,3.00,-,-,-,-,-,-,3.22
2883,SB12105546,2883,ŞCOALA GIMNAZIALĂ ȘEICA MICĂ,2.95,-,-,3.50,-,-,-,-,-,-,3.22
2884,SB9473455,2884,"ŞCOALA GIMNAZIALĂ ""AUREL DECEI"" GURA RÂULUI",2.95,-,-,3.50,-,-,-,-,-,-,3.22
2885,SB10659313,2885,ŞCOALA GIMNAZIALĂ NOU,4.90,-,-,1.50,-,-,-,-,-,-,3.20
2886,SB12122234,2886,"LICEUL ""AUGUST TREBONIU LAURIAN"" AGNITA",3.40,-,-,3.00,-,-,-,-,-,-,3.20
2887,SB12293492,2887,"ŞCOALA GIMNAZIALĂ ""STEPHAN LUDWIG ROTH"" MOŞNA",3.40,-,-,3.00,-,-,-,-,-,-,3.20
2888,SB8971757,2888,ŞCOALA GIMNAZIALĂ BAZNA,3.40,-,-,3.00,-,-,-,-,-,-,3.20
2889,SB11999887,2889,"LICEUL ""AUGUST TREBONIU LAURIAN"" AGNITA",3.35,-,-,3.05,-,-,-,-,-,-,3.20
2890,SB10112210,2890,ŞCOALA GIMNAZIALĂ NR. 4 MEDIAŞ,2.90,-,-,3.50,-,-,-,-,-,-,3.20
2891,SB10441270,2891,ŞCOALA GIMNAZIALĂ NR. 7 MEDIAŞ,3.85,-,-,2.50,-,-,-,-,-,-,3.17
2892,SB13098145,2892,ŞCOALA GIMNAZIALĂ BRĂDENI,3.85,-,-,2.50,-,-,-,-,-,-,3.17
2893,SB9815909,2893,"LICEUL TEORETIC ""GHEORGHE LAZĂR"" AVRIG",3.75,-,-,2.60,-,-,-,-,-,-,3.17
2894,SB10329671,2894,ŞCOALA GIMNAZIALĂ TÂRNAVA,3.70,-,-,2.65,-,-,-,-,-,-,3.17
2895,SB10007648,2895,ŞCOALA GIMNAZIALĂ NR. 2 SIBIU,3.35,-,-,3.00,-,-,-,-,-,-,3.17
2896,SB10522204,2896,"ŞCOALA GIMNAZIALĂ ""ION LUCA CARAGIALE"" SIBIU",3.75,-,-,2.55,-,-,-,-,-,-,3.15
2897,SB11030065,2897,ŞCOALA GIMNAZIALĂ CHIRPĂR,3.30,-,-,3.00,-,-,-,-,-,-,3.15
2898,SB12741746,2898,ŞCOALA GIMNAZIALĂ NR. 4 SIBIU,2.80,-,-,3.50,-,-,-,-,-,-,3.15
2899,SB9887070,2899,LICEUL TEHNOLOGIC CISNĂDIE,4.25,-,-,2.00,-,-,-,-,-,-,3.12
2900,SB10399140,2900,ŞCOALA GIMNAZIALĂ NOCRICH,3.75,-,-,2.50,-,-,-,-,-,-,3.12
2901,SB10399067,2901,ŞCOALA GIMNAZIALĂ NOCRICH,3.25,-,-,3.00,-,-,-,-,-,-,3.12
2902,SB12614256,2902,ŞCOALA GIMNAZIALĂ CHIRPĂR,3.25,-,-,3.00,-,-,-,-,-,-,3.12
2903,SB7510951,2903,ŞCOALA GIMNAZIALĂ NR. 21 SIBIU,3.25,-,-,3.00,-,-,-,-,-,-,3.12
2904,SB9522956,2904,ŞCOALA GIMNAZIALĂ BIERTAN,2.20,-,-,4.05,-,-,-,-,-,-,3.12
2905,SB10271829,2905,ŞCOALA GIMNAZIALĂ ŞURA MICĂ,3.70,-,-,2.50,-,-,-,-,-,-,3.10
2906,SB12800266,2906,ŞCOALA GIMNAZIALĂ TILIŞCA,3.70,-,-,2.50,-,-,-,-,-,-,3.10
2907,SB12030119,2907,ŞCOALA GIMNAZIALĂ IGHIŞU NOU,3.20,-,-,3.00,-,-,-,-,-,-,3.10
2908,SB9385539,2908,"ŞCOALA GIMNAZIALĂ ""GEORG DANIEL TEUTSCH"" AGNITA",2.70,-,-,3.50,-,-,-,-,-,-,3.10
2909,SB12293489,2909,"ŞCOALA GIMNAZIALĂ ""STEPHAN LUDWIG ROTH"" MOŞNA",2.60,-,-,3.60,-,-,-,-,-,-,3.10
2910,SB7975160,2910,ŞCOALA GIMNAZIALĂ MIHĂILENI,2.20,-,-,4.00,-,-,-,-,-,-,3.10
2911,SB11165637,2911,"LICEUL ""AUGUST TREBONIU LAURIAN"" AGNITA",2.65,-,-,3.50,-,-,-,-,-,-,3.07
2912,SB10266647,2912,ŞCOALA GIMNAZIALĂ NR. 25 SIBIU,3.10,-,-,3.00,-,-,-,-,-,-,3.05
2913,SB10696056,2913,ŞCOALA GIMNAZIALĂ NOU,3.10,-,-,3.00,-,-,-,-,-,-,3.05
2914,SB10743993,2914,ŞCOALA GIMNAZIALĂ VURPĂR,3.10,-,-,3.00,-,-,-,-,-,-,3.05
2915,SB8662351,2915,ŞCOALA GIMNAZIALĂ NR. 21 SIBIU,3.10,-,-,3.00,-,-,-,-,-,-,3.05
2916,SB12096635,2916,"ŞCOALA GIMNAZIALĂ ""IOAN BAN - DASCĂLU"" POIANA SIBIULUI",2.60,-,-,3.50,-,-,-,-,-,-,3.05
2917,SB8372547,2917,"LICEUL ""TIMOTEI CIPARIU"" DUMBRĂVENI",2.60,-,-,3.50,-,-,-,-,-,-,3.05
2918,SB9741510,2918,"ŞCOALA GIMNAZIALĂ ""SAVA POPOVICI BARCIANU"" RĂŞINARI",2.60,-,-,3.50,-,-,-,-,-,-,3.05
2919,SB8993448,2919,ŞCOALA GIMNAZIALĂ VEŞTEM,4.05,-,-,2.00,-,-,-,-,-,-,3.02
2920,SB10282329,2920,ŞCOALA GIMNAZIALĂ NR. 4 MEDIAŞ,3.55,-,-,2.50,-,-,-,-,-,-,3.02
2921,SB10360098,2921,ŞCOALA GIMNAZIALĂ TILIŞCA,3.55,-,-,2.50,-,-,-,-,-,-,3.02
2922,SB10399243,2922,ŞCOALA GIMNAZIALĂ NOCRICH,3.50,-,-,2.55,-,-,-,-,-,-,3.02
2923,SB12093542,2923,ŞCOALA GIMNAZIALĂ MĂLÂNCRAV,2.55,-,-,3.50,-,-,-,-,-,-,3.02
2924,SB10046719,2924,ŞCOALA GIMNAZIALĂ MERGHINDEAL,3.50,-,-,2.50,-,-,-,-,-,-,3.00
2925,SB12445668,2925,ŞCOALA GIMNAZIALĂ VALCHID,3.50,-,-,2.50,-,-,-,-,-,-,3.00
2926,SB10111904,2926,"ŞCOALA GIMNAZIALĂ ""REGELE FERDINAND"" SIBIU",3.00,-,-,3.00,-,-,-,-,-,-,3.00
2927,SB12616485,2927,"LICEUL ""TIMOTEI CIPARIU"" DUMBRĂVENI",3.00,-,-,3.00,-,-,-,-,-,-,3.00
2928,SB10637619,2928,"LICEUL ""TIMOTEI CIPARIU"" DUMBRĂVENI",2.50,-,-,3.50,-,-,-,-,-,-,3.00
2929,SB8216489,2929,"ŞCOALA GIMNAZIALĂ ""ANDREI ȘAGUNA"" ŞURA MARE",2.00,-,-,4.00,-,-,-,-,-,-,3.00
2930,SB9583344,2930,"CENTRUL ȘCOLAR DE EDUCAȚIE INCLUZIVĂ ""ELENA DELIA STOICESCU"" SIBIU",2.95,-,-,3.00,-,-,-,-,-,-,2.97
2931,SB8997588,2931,ŞCOALA GIMNAZIALĂ NR. 2 SIBIU,3.90,-,-,2.00,-,-,-,-,-,-,2.95
2932,SB10762629,2932,"ŞCOALA GIMNAZIALĂ ""CORNELIU PĂCURARIU"" MICĂSASA",3.40,-,-,2.50,-,-,-,-,-,-,2.95
2933,SB12068528,2933,ŞCOALA GIMNAZIALĂ NR. 10 SIBIU,3.40,-,-,2.50,-,-,-,-,-,-,2.95
2934,SB10418518,2934,ŞCOALA GIMNAZIALĂ CHIRPĂR,2.85,-,-,3.05,-,-,-,-,-,-,2.95
2935,SB10422512,2935,ŞCOALA GIMNAZIALĂ DAIA,1.90,-,-,4.00,-,-,-,-,-,-,2.95
2936,SB10448287,2936,ŞCOALA GIMNAZIALĂ DAIA,3.35,-,-,2.50,-,-,-,-,-,-,2.92
2937,SB12318142,2937,"LICEUL ""AUGUST TREBONIU LAURIAN"" AGNITA",2.85,-,-,3.00,-,-,-,-,-,-,2.92
2938,SB9647153,2938,ŞCOALA GIMNAZIALĂ ALMA,2.85,-,-,3.00,-,-,-,-,-,-,2.92
2939,SB10311924,2939,"ŞCOALA GIMNAZIALĂ ""GEORGE POPA"" MEDIAŞ",3.30,-,-,2.50,-,-,-,-,-,-,2.90
2940,SB9817523,2940,ŞCOALA GIMNAZIALĂ AVRIG,3.30,-,-,2.50,-,-,-,-,-,-,2.90
2941,SB10963340,2941,"ŞCOALA GIMNAZIALĂ ""AVIATOR IOAN SAVA"" ALŢINA",2.80,-,-,3.00,-,-,-,-,-,-,2.90
2942,SB12065736,2942,ŞCOALA GIMNAZIALĂ TÂRNAVA,1.80,-,-,4.00,-,-,-,-,-,-,2.90
2943,SB10601812,2943,"LICEUL ""TIMOTEI CIPARIU"" DUMBRĂVENI",3.75,-,-,2.00,-,-,-,-,-,-,2.87
2944,SB11999958,2944,ŞCOALA GIMNAZIALĂ BLĂJEL,3.75,-,-,2.00,-,-,-,-,-,-,2.87
2945,SB9984174,2945,LICEUL TEHNOLOGIC IACOBENI,3.25,-,-,2.50,-,-,-,-,-,-,2.87
2946,SB12545721,2946,ŞCOALA GIMNAZIALĂ HOSMAN,3.70,-,-,2.00,-,-,-,-,-,-,2.85
2947,SB12032457,2947,ŞCOALA GIMNAZIALĂ IGHIŞU NOU,3.20,-,-,2.50,-,-,-,-,-,-,2.85
2948,SB6703651,2948,ŞCOALA GIMNAZIALĂ NR. 12 SIBIU,2.70,-,-,3.00,-,-,-,-,-,-,2.85
2949,SB8926685,2949,"LICEUL ""TIMOTEI CIPARIU"" DUMBRĂVENI",2.70,-,-,3.00,-,-,-,-,-,-,2.85
2950,SB9838703,2950,ŞCOALA GIMNAZIALĂ LOAMNEŞ,2.70,-,-,3.00,-,-,-,-,-,-,2.85
2951,SB10310286,2951,"ŞCOALA GIMNAZIALĂ ""GEORGE POPA"" MEDIAŞ",3.65,-,-,2.00,-,-,-,-,-,-,2.82
2952,SB10105117,2952,"ŞCOALA GIMNAZIALĂ ""ION ALBESCU"" BOIŢA",3.15,-,-,2.50,-,-,-,-,-,-,2.82
2953,SB10586284,2953,"ŞCOALA GIMNAZIALĂ ""ION ALBESCU"" BOIŢA",2.10,-,-,3.50,-,-,-,-,-,-,2.80
2954,SB8028513,2954,ŞCOALA GIMNAZIALĂ VALCHID,4.55,-,-,1.00,-,-,-,-,-,-,2.77
2955,SB10500221,2955,"ŞCOALA GIMNAZIALĂ ""CORNELIU PĂCURARIU"" MICĂSASA",3.05,-,-,2.50,-,-,-,-,-,-,2.77
2956,SB12001013,2956,ŞCOALA GIMNAZIALĂ NR. 1 SIBIU,2.50,-,-,3.00,-,-,-,-,-,-,2.75
2957,SB8020537,2957,ŞCOALA GIMNAZIALĂ HOGHILAG,1.50,-,-,4.00,-,-,-,-,-,-,2.75
2958,SB10271581,2958,ŞCOALA GIMNAZIALĂ ŞURA MICĂ,3.95,-,-,1.50,-,-,-,-,-,-,2.72
2959,SB9138482,2959,"ŞCOALA GIMNAZIALĂ ""OCTAVIAN GOGA"" RĂŞINARI",3.45,-,-,2.00,-,-,-,-,-,-,2.72
2960,SB10399355,2960,ŞCOALA GIMNAZIALĂ VURPĂR,2.95,-,-,2.50,-,-,-,-,-,-,2.72
2961,SB12165116,2961,"ŞCOALA GIMNAZIALĂ ""IOAN MORARU"" DÂRLOS",2.95,-,-,2.50,-,-,-,-,-,-,2.72
2962,SB13984877,2962,"LICEUL TEHNOLOGIC ""ILIE MĂCELARIU"" MIERCUREA SIBIULUI",2.95,-,-,2.50,-,-,-,-,-,-,2.72
2963,SB9847423,2963,ŞCOALA GIMNAZIALĂ NR. 11 SIBIU,2.95,-,-,2.50,-,-,-,-,-,-,2.72
2964,SB12412529,2964,ŞCOALA GIMNAZIALĂ JINA,2.45,-,-,3.00,-,-,-,-,-,-,2.72
2965,SB9878025,2965,ŞCOALA GIMNAZIALĂ TÂRNAVA,2.45,-,-,3.00,-,-,-,-,-,-,2.72
2966,SB10514670,2966,"LICEUL TEHNOLOGIC ""IOAN LUPAŞ"" SĂLIŞTE",2.35,-,-,3.05,-,-,-,-,-,-,2.70
2967,SB11159403,2967,ŞCOALA GIMNAZIALĂ CRISTIAN,4.35,-,-,1.00,-,-,-,-,-,-,2.67
2968,SB10074972,2968,ŞCOALA GIMNAZIALĂ CURCIU,2.35,-,-,3.00,-,-,-,-,-,-,2.67
2969,SB8917137,2969,ŞCOALA GIMNAZIALĂ BUZD,2.35,-,-,3.00,-,-,-,-,-,-,2.67
2970,SB10098419,2970,"ŞCOALA GIMNAZIALĂ ""IOAN MORARU"" DÂRLOS",3.30,-,-,2.00,-,-,-,-,-,-,2.65
2971,SB10399599,2971,"ŞCOALA GIMNAZIALĂ ""REGELE FERDINAND"" SIBIU",1.30,-,-,4.00,-,-,-,-,-,-,2.65
2972,SB9822338,2972,ŞCOALA GIMNAZIALĂ NR. 18 SIBIU,3.25,-,-,2.00,-,-,-,-,-,-,2.62
2973,SB10637780,2973,"LICEUL ""TIMOTEI CIPARIU"" DUMBRĂVENI",2.75,-,-,2.50,-,-,-,-,-,-,2.62
2974,SB7506301,2974,ŞCOALA GIMNAZIALĂ NR. 8 SIBIU,2.65,-,-,2.60,-,-,-,-,-,-,2.62
2975,SB10363346,2975,ŞCOALA GIMNAZIALĂ TILIŞCA,2.25,-,-,3.00,-,-,-,-,-,-,2.62
2976,SB8020464,2976,ŞCOALA GIMNAZIALĂ HOGHILAG,3.15,-,-,2.00,-,-,-,-,-,-,2.57
2977,SB9849718,2977,ŞCOALA GIMNAZIALĂ NR. 11 SIBIU,2.65,-,-,2.50,-,-,-,-,-,-,2.57
2978,SB10264890,2978,ŞCOALA GIMNAZIALĂ NR. 13 SIBIU,3.60,-,-,1.50,-,-,-,-,-,-,2.55
2979,SB10363092,2979,ŞCOALA GIMNAZIALĂ TILIŞCA,2.60,-,-,2.50,-,-,-,-,-,-,2.55
2980,SB12267091,2980,ŞCOALA GIMNAZIALĂ VURPĂR,2.60,-,-,2.50,-,-,-,-,-,-,2.55
2981,SB8185148,2981,ŞCOALA GIMNAZIALĂ TÂRNAVA,2.60,-,-,2.50,-,-,-,-,-,-,2.55
2982,SB12129127,2982,ŞCOALA GIMNAZIALĂ BRĂDENI,3.00,-,-,2.00,-,-,-,-,-,-,2.50
2983,SB12222994,2983,ŞCOALA GIMNAZIALĂ CRISTIAN,3.00,-,-,2.00,-,-,-,-,-,-,2.50
2984,SB8356039,2984,"ŞCOALA GIMNAZIALĂ ""ANDREI ȘAGUNA"" ŞURA MARE",2.50,-,-,2.50,-,-,-,-,-,-,2.50
2985,SB10400321,2985,ŞCOALA GIMNAZIALĂ NOCRICH,2.00,-,-,3.00,-,-,-,-,-,-,2.50
2986,SB12143025,2986,ŞCOALA GIMNAZIALĂ TÂRNAVA,2.00,-,-,3.00,-,-,-,-,-,-,2.50
2987,SB10399915,2987,ŞCOALA GIMNAZIALĂ NOCRICH,2.95,-,-,2.00,-,-,-,-,-,-,2.47
2988,SB12259041,2988,ŞCOALA GIMNAZIALĂ JINA,2.45,-,-,2.50,-,-,-,-,-,-,2.47
2989,SB10357156,2989,ŞCOALA GIMNAZIALĂ TILIŞCA,2.90,-,-,2.00,-,-,-,-,-,-,2.45
2990,SB12068775,2990,ŞCOALA GIMNAZIALĂ BRĂDENI,2.40,-,-,2.50,-,-,-,-,-,-,2.45
2991,SB12113643,2991,ŞCOALA GIMNAZIALĂ NR. 8 SIBIU,2.40,-,-,2.50,-,-,-,-,-,-,2.45
2992,SB9184931,2992,"ŞCOALA GIMNAZIALĂ ""NICOLAE IORGA"" SIBIU",2.40,-,-,2.50,-,-,-,-,-,-,2.45
2993,SB8184227,2993,ŞCOALA GIMNAZIALĂ TÂRNAVA,2.85,-,-,2.00,-,-,-,-,-,-,2.42
2994,SB9234189,2994,LICEUL TEHNOLOGIC CISNĂDIE,2.30,-,-,2.55,-,-,-,-,-,-,2.42
2995,SB7965533,2995,ŞCOALA GIMNAZIALĂ ȘEICA MICĂ,2.70,-,-,2.10,-,-,-,-,-,-,2.40
2996,SB8019106,2996,ŞCOALA GIMNAZIALĂ HOGHILAG,2.30,-,-,2.50,-,-,-,-,-,-,2.40
2997,SB8183211,2997,ŞCOALA GIMNAZIALĂ IGHIŞU NOU,2.70,-,-,2.00,-,-,-,-,-,-,2.35
2998,SB8548319,2998,ŞCOALA GIMNAZIALĂ MIHĂILENI,1.70,-,-,3.00,-,-,-,-,-,-,2.35
2999,SB8667446,2999,ŞCOALA GIMNAZIALĂ BRĂDENI,1.70,-,-,3.00,-,-,-,-,-,-,2.35
3000,SB12884751,3000,"LICEUL ""TIMOTEI CIPARIU"" DUMBRĂVENI",2.60,-,-,2.00,-,-,-,-,-,-,2.30
3001,SB9593884,3001,"ŞCOALA GIMNAZIALĂ ""STEPHAN LUDWIG ROTH"" MOŞNA",2.60,-,-,2.00,-,-,-,-,-,-,2.30
3002,SB10306407,3002,"CENTRUL ȘCOLAR DE EDUCAȚIE INCLUZIVĂ ""ELENA DELIA STOICESCU"" SIBIU",1.60,-,-,3.00,-,-,-,-,-,-,2.30
3003,SB11161848,3003,ŞCOALA GIMNAZIALĂ TÂRNAVA,2.05,-,-,2.50,-,-,-,-,-,-,2.27
3004,SB12235203,3004,"ŞCOALA GIMNAZIALĂ ""SAVA POPOVICI BARCIANU"" RĂŞINARI",2.05,-,-,2.50,-,-,-,-,-,-,2.27
3005,SB9978722,3005,ŞCOALA GIMNAZIALĂ MIHĂILENI,2.00,-,-,2.50,-,-,-,-,-,-,2.25
3006,SB8951574,3006,ŞCOALA GIMNAZIALĂ ALMA,1.50,-,-,3.00,-,-,-,-,-,-,2.25
3007,SB8019168,3007,ŞCOALA GIMNAZIALĂ HOGHILAG,2.40,-,-,2.00,-,-,-,-,-,-,2.20
3008,SB8186955,3008,ŞCOALA GIMNAZIALĂ TÂRNAVA,1.90,-,-,2.50,-,-,-,-,-,-,2.20
3009,SB9842330,3009,ŞCOALA GIMNAZIALĂ LOAMNEŞ,1.90,-,-,2.50,-,-,-,-,-,-,2.20
3010,SB12099059,3010,ŞCOALA GIMNAZIALĂ JINA,2.30,-,-,2.00,-,-,-,-,-,-,2.15
3011,SB10696242,3011,"ŞCOALA GIMNAZIALĂ ""ANDREI ȘAGUNA"" ŞURA MARE",1.80,-,-,2.50,-,-,-,-,-,-,2.15
3012,SB8008113,3012,"CENTRUL ȘCOLAR DE EDUCAȚIE INCLUZIVĂ ""ELENA DELIA STOICESCU"" SIBIU",1.80,-,-,2.50,-,-,-,-,-,-,2.15
3013,SB7977839,3013,ŞCOALA GIMNAZIALĂ LASLEA,2.20,-,-,2.00,-,-,-,-,-,-,2.10
3014,SB9870562,3014,ŞCOALA GIMNAZIALĂ AŢEL,1.70,-,-,2.50,-,-,-,-,-,-,2.10
3015,SB8018904,3015,ŞCOALA GIMNAZIALĂ HOGHILAG,1.65,-,-,2.50,-,-,-,-,-,-,2.07
3016,SB12839021,3016,ŞCOALA GIMNAZIALĂ TILIŞCA,2.10,-,-,2.00,-,-,-,-,-,-,2.05
3017,SB8951345,3017,ŞCOALA GIMNAZIALĂ ALMA,2.10,-,-,2.00,-,-,-,-,-,-,2.05
3018,SB8925951,3018,"LICEUL ""TIMOTEI CIPARIU"" DUMBRĂVENI",1.10,-,-,3.00,-,-,-,-,-,-,2.05
3019,SB11044081,3019,ŞCOALA GIMNAZIALĂ JINA,1.50,-,-,2.50,-,-,-,-,-,-,2.00
3020,SB9926560,3020,ŞCOALA GIMNAZIALĂ NR. 2 CISNĂDIE,1.95,-,-,2.00,-,-,-,-,-,-,1.97
3021,SB12032519,3021,ŞCOALA GIMNAZIALĂ NR. 11 SIBIU,2.35,-,-,1.50,-,-,-,-,-,-,1.92
3022,SB9843841,3022,ŞCOALA GIMNAZIALĂ LOAMNEŞ,1.80,-,-,2.00,-,-,-,-,-,-,1.90
3023,SB12100242,3023,ŞCOALA GIMNAZIALĂ JINA,2.20,-,-,1.50,-,-,-,-,-,-,1.85
3024,SB8018042,3024,ŞCOALA GIMNAZIALĂ HOGHILAG,2.20,-,-,1.50,-,-,-,-,-,-,1.85
3025,SB12039550,3025,ŞCOALA GIMNAZIALĂ JINA,2.15,-,-,1.50,-,-,-,-,-,-,1.82
3026,SB9626754,3026,"ŞCOALA GIMNAZIALĂ ""VIOREL CUCU PALTIN"" ARPAȘU DE JOS",1.10,-,-,2.50,-,-,-,-,-,-,1.80
3027,SB9869214,3027,ŞCOALA GIMNAZIALĂ AŢEL,1.45,-,-,2.00,-,-,-,-,-,-,1.72
3028,SB9663982,3028,ŞCOALA GIMNAZIALĂ ŞEICA MARE,1.90,-,-,1.50,-,-,-,-,-,-,1.70
3029,SB10592114,3029,"LICEUL ""TIMOTEI CIPARIU"" DUMBRĂVENI",1.40,-,-,2.00,-,-,-,-,-,-,1.70
3030,SB7963723,3030,ŞCOALA GIMNAZIALĂ ȘEICA MICĂ,1.80,-,-,1.50,-,-,-,-,-,-,1.65
3031,SB10744211,3031,ŞCOALA GIMNAZIALĂ VURPĂR,2.20,-,-,1.00,-,-,-,-,-,-,1.60
3032,SB9129205,3032,"ŞCOALA GIMNAZIALĂ ""OCTAVIAN GOGA"" RĂŞINARI",1.55,-,-,1.50,-,-,-,-,-,-,1.52
3033,SB10174067,3033,ŞCOALA GIMNAZIALĂ RUŞI,1.50,-,-,1.50,-,-,-,-,-,-,1.50
3034,SB8184265,3034,ŞCOALA GIMNAZIALĂ TÂRNAVA,1.40,-,-,1.50,-,-,-,-,-,-,1.45
3035,SB10384428,3035,LICEUL TEHNOLOGIC IACOBENI,4.95,-,-,Absent,-,-,-,-,-,-,Absent
3036,SB10971793,3036,"ŞCOALA GIMNAZIALĂ ""LUCIAN BOLOGA"" MARPOD",4.10,-,-,Absent,-,-,-,-,-,-,Absent
3037,SB9829049,3037,ŞCOALA GIMNAZIALĂ PRISLOP,3.55,-,-,Absent,-,-,-,-,-,-,Absent
3038,SB12024458,3038,ŞCOALA GIMNAZIALĂ NOIŞTAT,2.95,-,-,Absent,-,-,-,-,-,-,Absent
3039,SB12024477,3039,ŞCOALA GIMNAZIALĂ NOIŞTAT,2.60,-,-,Absent,-,-,-,-,-,-,Absent
3040,SB12063743,3040,ŞCOALA GIMNAZIALĂ TÂRNAVA,2.60,-,-,Absent,-,-,-,-,-,-,Absent
3041,SB12065730,3041,ŞCOALA GIMNAZIALĂ TÂRNAVA,2.45,-,-,Absent,-,-,-,-,-,-,Absent
3042,SB8184554,3042,ŞCOALA GIMNAZIALĂ TÂRNAVA,2.40,-,-,Absent,-,-,-,-,-,-,Absent
3043,SB9829258,3043,ŞCOALA GIMNAZIALĂ PRISLOP,2.35,-,-,Absent,-,-,-,-,-,-,Absent
3044,SB9875863,3044,"ŞCOALA GIMNAZIALĂ ""ION POP RETEGANUL"" ORLAT",2.20,-,-,Absent,-,-,-,-,-,-,Absent
3045,SB11161865,3045,ŞCOALA GIMNAZIALĂ TÂRNAVA,2.15,-,-,Absent,-,-,-,-,-,-,Absent
3046,SB12027643,3046,LICEUL TEHNOLOGIC IACOBENI,2.15,-,-,Absent,-,-,-,-,-,-,Absent
3047,SB8667773,3047,ŞCOALA GIMNAZIALĂ BRĂDENI,1.60,-,-,Absent,-,-,-,-,-,-,Absent
3048,SB9846957,3048,"ŞCOALA GIMNAZIALĂ ""STEPHAN LUDWIG ROTH"" MOŞNA",1.00,-,-,Absent,-,-,-,-,-,-,Absent
3049,SB10046408,3049,ŞCOALA GIMNAZIALĂ MERGHINDEAL,Absent,-,-,Absent,-,-,-,-,-,-,Absent
3050,SB10047864,3050,ŞCOALA GIMNAZIALĂ CURCIU,Absent,-,-,Absent,-,-,-,-,-,-,Absent
3051,SB10057856,3051,"LICEUL TEHNOLOGIC ""IOAN LUPAŞ"" SĂLIŞTE",Absent,-,-,Absent,-,-,-,-,-,-,Absent
3052,SB10057958,3052,"LICEUL TEHNOLOGIC ""IOAN LUPAŞ"" SĂLIŞTE",Absent,-,-,Absent,-,-,-,-,-,-,Absent
3053,SB10060986,3053,ŞCOALA GIMNAZIALĂ SĂCEL,Absent,-,-,Absent,-,-,-,-,-,-,Absent
3054,SB10275721,3054,ŞCOALA GIMNAZIALĂ AŢEL,Absent,-,-,Absent,-,-,-,-,-,-,Absent
3055,SB10279799,3055,ŞCOALA GIMNAZIALĂ NR. 25 SIBIU,Absent,-,-,Absent,-,-,-,-,-,-,Absent
3056,SB10292625,3056,ŞCOALA GIMNAZIALĂ MERGHINDEAL,Absent,-,-,Absent,-,-,-,-,-,-,Absent
3057,SB10317967,3057,"LICEUL TEORETIC ""ROTH - OBERTH"" MEDIAŞ",Absent,-,-,Absent,-,-,Limba germana,Absent,-,-,Absent
3058,SB10375126,3058,ŞCOALA GIMNAZIALĂ NR. 25 SIBIU,Absent,-,-,Absent,-,-,-,-,-,-,Absent
3059,SB10390490,3059,ŞCOALA GIMNAZIALĂ NOIŞTAT,Absent,-,-,Absent,-,-,-,-,-,-,Absent
3060,SB10420662,3060,ŞCOALA GIMNAZIALĂ CHIRPĂR,Absent,-,-,Absent,-,-,-,-,-,-,Absent
3061,SB10420784,3061,ŞCOALA GIMNAZIALĂ CHIRPĂR,Absent,-,-,Absent,-,-,-,-,-,-,Absent
3062,SB10421525,3062,ŞCOALA GIMNAZIALĂ CHIRPĂR,Absent,-,-,Absent,-,-,-,-,-,-,Absent
3063,SB10439563,3063,ŞCOALA GIMNAZIALĂ VALCHID,Absent,-,-,Absent,-,-,-,-,-,-,Absent
3064,SB10444984,3064,ŞCOALA GIMNAZIALĂ NR. 25 SIBIU,Absent,-,-,Absent,-,-,-,-,-,-,Absent
3065,SB10453297,3065,"ŞCOALA GIMNAZIALĂ ""STEPHAN LUDWIG ROTH"" MOŞNA",Absent,-,-,Absent,-,-,-,-,-,-,Absent
3066,SB10454918,3066,ŞCOALA GIMNAZIALĂ DAIA,Absent,-,-,Absent,-,-,-,-,-,-,Absent
3067,SB10465856,3067,"ŞCOALA GIMNAZIALĂ ""REGINA MARIA"" SIBIU",Absent,-,-,Absent,-,-,-,-,-,-,Absent
3068,SB10518766,3068,ŞCOALA GIMNAZIALĂ CHIRPĂR,Absent,-,-,Absent,-,-,-,-,-,-,Absent
3069,SB10659218,3069,ŞCOALA GIMNAZIALĂ NOU,Absent,-,-,Absent,-,-,-,-,-,-,Absent
3070,SB10659453,3070,ŞCOALA GIMNAZIALĂ NOU,Absent,-,-,Absent,-,-,-,-,-,-,Absent
3071,SB10712067,3071,ŞCOALA GIMNAZIALĂ NOU,Absent,-,-,Absent,-,-,-,-,-,-,Absent
3072,SB10743953,3072,ŞCOALA GIMNAZIALĂ VURPĂR,Absent,-,-,Absent,-,-,-,-,-,-,Absent
3073,SB10744198,3073,ŞCOALA GIMNAZIALĂ VURPĂR,Absent,-,-,Absent,-,-,-,-,-,-,Absent
3074,SB10746191,3074,ŞCOALA GIMNAZIALĂ VURPĂR,Absent,-,-,Absent,-,-,-,-,-,-,Absent
3075,SB10746196,3075,ŞCOALA GIMNAZIALĂ VURPĂR,Absent,-,-,Absent,-,-,-,-,-,-,Absent
3076,SB10746200,3076,ŞCOALA GIMNAZIALĂ VURPĂR,Absent,-,-,Absent,-,-,-,-,-,-,Absent
3077,SB10746205,3077,ŞCOALA GIMNAZIALĂ VURPĂR,Absent,-,-,Absent,-,-,-,-,-,-,Absent
3078,SB10931800,3078,LICEUL TEHNOLOGIC CISNĂDIE,Absent,-,-,Absent,-,-,-,-,-,-,Absent
3079,SB10939062,3079,ŞCOALA GIMNAZIALĂ HOSMAN,Absent,-,-,Absent,-,-,-,-,-,-,Absent
3080,SB11034124,3080,ŞCOALA GIMNAZIALĂ VURPĂR,Absent,-,-,Absent,-,-,-,-,-,-,Absent
3081,SB11072866,3081,"ŞCOALA GIMNAZIALĂ ""ANDREI ȘAGUNA"" ŞURA MARE",Absent,-,-,Absent,-,-,-,-,-,-,Absent
3082,SB11145704,3082,ŞCOALA GIMNAZIALĂ CAŞOLŢ,Absent,-,-,Absent,-,-,-,-,-,-,Absent
3083,SB11146466,3083,ŞCOALA GIMNAZIALĂ CAŞOLŢ,Absent,-,-,Absent,-,-,-,-,-,-,Absent
3084,SB12033543,3084,ŞCOALA GIMNAZIALĂ IGHIŞU NOU,Absent,-,-,Absent,-,-,-,-,-,-,Absent
3085,SB12062551,3085,ŞCOALA GIMNAZIALĂ TÂRNAVA,Absent,-,-,Absent,-,-,-,-,-,-,Absent
3086,SB12064613,3086,"LICEUL TEHNOLOGIC ""JOHANNES LEBEL"" TĂLMACIU",Absent,-,-,Absent,-,-,-,-,-,-,Absent
3087,SB12091329,3087,LICEUL TEHNOLOGIC IACOBENI,Absent,-,-,Absent,-,-,-,-,-,-,Absent
3088,SB12094287,3088,"ŞCOALA GIMNAZIALĂ ""ANDREI ȘAGUNA"" ŞURA MARE",Absent,-,-,Absent,-,-,-,-,-,-,Absent
3089,SB12128739,3089,ŞCOALA GIMNAZIALĂ VURPĂR,Absent,-,-,Absent,-,-,-,-,-,-,Absent
3090,SB12207886,3090,ŞCOALA GIMNAZIALĂ TÂRNAVA,Absent,-,-,Absent,-,-,-,-,-,-,Absent
3091,SB12257801,3091,ŞCOALA GIMNAZIALĂ CAŞOLŢ,Absent,-,-,Absent,-,-,-,-,-,-,Absent
3092,SB12280193,3092,"ŞCOALA GIMNAZIALĂ ""ANDREI ȘAGUNA"" ŞURA MARE",Absent,-,-,Absent,-,-,-,-,-,-,Absent
3093,SB12280517,3093,"LICEUL ""AUGUST TREBONIU LAURIAN"" AGNITA",Absent,-,-,Absent,-,-,-,-,-,-,Absent
3094,SB12282142,3094,LICEUL TEHNOLOGIC IACOBENI,Absent,-,-,Absent,-,-,-,-,-,-,Absent
3095,SB12286683,3095,"ŞCOALA GIMNAZIALĂ ""LUCIAN BOLOGA"" MARPOD",Absent,-,-,Absent,-,-,-,-,-,-,Absent
3096,SB12315630,3096,ŞCOALA GIMNAZIALĂ NR. 11 SIBIU,Absent,-,-,Absent,-,-,-,-,-,-,Absent
3097,SB12320521,3097,ŞCOALA GIMNAZIALĂ VURPĂR,Absent,-,-,Absent,-,-,-,-,-,-,Absent
3098,SB12344211,3098,"ŞCOALA GIMNAZIALĂ ""REGINA MARIA"" SIBIU",Absent,-,-,Absent,-,-,-,-,-,-,Absent
3099,SB12389803,3099,ŞCOALA GIMNAZIALĂ PĂUCA,Absent,-,-,Absent,-,-,-,-,-,-,Absent
3100,SB12410057,3100,ŞCOALA GIMNAZIALĂ BRĂDENI,Absent,-,-,Absent,-,-,-,-,-,-,Absent
3101,SB12412790,3101,ŞCOALA GIMNAZIALĂ NOIŞTAT,Absent,-,-,Absent,-,-,-,-,-,-,Absent
3102,SB12616386,3102,ŞCOALA GIMNAZIALĂ DAIA,Absent,-,-,Absent,-,-,-,-,-,-,Absent
3103,SB12616611,3103,ŞCOALA GIMNAZIALĂ CHIRPĂR,Absent,-,-,Absent,-,-,-,-,-,-,Absent
3104,SB12619132,3104,ŞCOALA GIMNAZIALĂ JINA,Absent,-,-,Absent,-,-,-,-,-,-,Absent
3105,SB14320593,3105,"LICEUL TEORETIC ""ROTH - OBERTH"" MEDIAŞ",Absent,-,-,Absent,-,-,Limba germana,Absent,-,-,Absent
3106,SB15198751,3106,ŞCOALA GIMNAZIALĂ NR. 25 SIBIU,Absent,-,-,Absent,-,-,-,-,-,-,Absent
3107,SB15234828,3107,"ŞCOALA GIMNAZIALĂ ""MIHAI EMINESCU"" MEDIAŞ",Absent,-,-,Absent,-,-,-,-,-,-,Absent
3108,SB6229901,3108,LICEUL DE ARTĂ SIBIU,Absent,-,-,Absent,-,-,-,-,-,-,Absent
3109,SB7930967,3109,"LICEUL TEHNOLOGIC ""JOHANNES LEBEL"" TĂLMACIU",Absent,-,-,Absent,-,-,-,-,-,-,Absent
3110,SB7952018,3110,ŞCOALA GIMNAZIALĂ VALCHID,Absent,-,-,Absent,-,-,-,-,-,-,Absent
3111,SB7986724,3111,ŞCOALA GIMNAZIALĂ LASLEA,Absent,-,-,Absent,-,-,-,-,-,-,Absent
3112,SB7996814,3112,ŞCOALA GIMNAZIALĂ LASLEA,Absent,-,-,Absent,-,-,-,-,-,-,Absent
3113,SB8007622,3113,"ŞCOALA GIMNAZIALĂ ""ANDREI ȘAGUNA"" ŞURA MARE",Absent,-,-,Absent,-,-,-,-,-,-,Absent
3114,SB8123094,3114,ŞCOALA GIMNAZIALĂ MĂLÂNCRAV,Absent,-,-,Absent,-,-,-,-,-,-,Absent
3115,SB8123124,3115,ŞCOALA GIMNAZIALĂ MĂLÂNCRAV,Absent,-,-,Absent,-,-,-,-,-,-,Absent
3116,SB8123297,3116,ŞCOALA GIMNAZIALĂ MĂLÂNCRAV,Absent,-,-,Absent,-,-,-,-,-,-,Absent
3117,SB8123646,3117,ŞCOALA GIMNAZIALĂ MĂLÂNCRAV,Absent,-,-,Absent,-,-,-,-,-,-,Absent
3118,SB8123667,3118,ŞCOALA GIMNAZIALĂ MĂLÂNCRAV,Absent,-,-,Absent,-,-,-,-,-,-,Absent
3119,SB8130786,3119,ŞCOALA GIMNAZIALĂ MĂLÂNCRAV,Absent,-,-,Absent,-,-,-,-,-,-,Absent
3120,SB8169738,3120,ŞCOALA GIMNAZIALĂ NR. 25 SIBIU,Absent,-,-,Absent,-,-,-,-,-,-,Absent
3121,SB8183405,3121,ŞCOALA GIMNAZIALĂ TÂRNAVA,Absent,-,-,Absent,-,-,-,-,-,-,Absent
3122,SB8185074,3122,ŞCOALA GIMNAZIALĂ TÂRNAVA,Absent,-,-,Absent,-,-,-,-,-,-,Absent
3123,SB8194158,3123,"ŞCOALA GIMNAZIALĂ ""ANDREI ȘAGUNA"" ŞURA MARE",Absent,-,-,Absent,-,-,-,-,-,-,Absent
3124,SB8311017,3124,ŞCOALA GIMNAZIALĂ BOIAN,Absent,-,-,Absent,-,-,-,-,-,-,Absent
3125,SB8355867,3125,"ŞCOALA GIMNAZIALĂ ""ANDREI ȘAGUNA"" ŞURA MARE",Absent,-,-,Absent,-,-,-,-,-,-,Absent
3126,SB8417325,3126,"ŞCOALA GIMNAZIALĂ ""ANDREI ȘAGUNA"" ŞURA MARE",Absent,-,-,Absent,-,-,-,-,-,-,Absent
3127,SB8498755,3127,ŞCOALA GIMNAZIALĂ RACOVIŢA,Absent,-,-,Absent,-,-,-,-,-,-,Absent
3128,SB8846543,3128,ŞCOALA GIMNAZIALĂ BAZNA,Absent,-,-,Absent,-,-,-,-,-,-,Absent
3129,SB8940656,3129,ŞCOALA GIMNAZIALĂ BAZNA,Absent,-,-,Absent,-,-,-,-,-,-,Absent
3130,SB9021565,3130,ŞCOALA GIMNAZIALĂ BAZNA,Absent,-,-,Absent,-,-,-,-,-,-,Absent
3131,SB9238732,3131,ŞCOALA GIMNAZIALĂ ŞEICA MARE,Absent,-,-,Absent,-,-,-,-,-,-,Absent
3132,SB9383274,3132,"ŞCOALA GIMNAZIALĂ ""GEORG DANIEL TEUTSCH"" AGNITA",Absent,-,-,Absent,-,-,-,-,-,-,Absent
3133,SB9437892,3133,ŞCOALA GIMNAZIALĂ ALĂMOR,Absent,-,-,Absent,-,-,-,-,-,-,Absent
3134,SB9439318,3134,ŞCOALA GIMNAZIALĂ ALĂMOR,Absent,-,-,Absent,-,-,-,-,-,-,Absent
3135,SB9445045,3135,"ŞCOALA GIMNAZIALĂ ""REGINA MARIA"" SIBIU",Absent,-,-,Absent,-,-,-,-,-,-,Absent
3136,SB9488080,3136,ŞCOALA GIMNAZIALĂ NR. 10 SIBIU,Absent,-,-,Absent,-,-,-,-,-,-,Absent
3137,SB9547793,3137,ŞCOALA GIMNAZIALĂ BRATEIU,Absent,-,-,Absent,-,-,-,-,-,-,Absent
3138,SB9585045,3138,"LICEUL TEHNOLOGIC ""IOAN LUPAŞ"" SĂLIŞTE",Absent,-,-,Absent,-,-,-,-,-,-,Absent
3139,SB9589305,3139,ŞCOALA GIMNAZIALĂ BRATEIU,Absent,-,-,Absent,-,-,-,-,-,-,Absent
3140,SB9591923,3140,ŞCOALA GIMNAZIALĂ BRATEIU,Absent,-,-,Absent,-,-,-,-,-,-,Absent
3141,SB9593571,3141,ŞCOALA GIMNAZIALĂ BRATEIU,Absent,-,-,Absent,-,-,-,-,-,-,Absent
3142,SB9597368,3142,"ŞCOALA GIMNAZIALĂ ""STEPHAN LUDWIG ROTH"" MOŞNA",Absent,-,-,Absent,-,-,-,-,-,-,Absent
3143,SB9599008,3143,"ŞCOALA GIMNAZIALĂ ""STEPHAN LUDWIG ROTH"" MOŞNA",Absent,-,-,Absent,-,-,-,-,-,-,Absent
3144,SB9610502,3144,ŞCOALA GIMNAZIALĂ BRATEIU,Absent,-,-,Absent,-,-,-,-,-,-,Absent
3145,SB9613951,3145,ŞCOALA GIMNAZIALĂ BRATEIU,Absent,-,-,Absent,-,-,-,-,-,-,Absent
3146,SB9614173,3146,ŞCOALA GIMNAZIALĂ BRATEIU,Absent,-,-,Absent,-,-,-,-,-,-,Absent
3147,SB9702342,3147,ŞCOALA GIMNAZIALĂ AŢEL,Absent,-,-,Absent,-,-,-,-,-,-,Absent
3148,SB9703684,3148,ŞCOALA GIMNAZIALĂ ALĂMOR,Absent,-,-,Absent,-,-,-,-,-,-,Absent
3149,SB9828396,3149,ŞCOALA GIMNAZIALĂ PRISLOP,Absent,-,-,Absent,-,-,-,-,-,-,Absent
3150,SB9828547,3150,ŞCOALA GIMNAZIALĂ PRISLOP,Absent,-,-,Absent,-,-,-,-,-,-,Absent
3151,SB9838755,3151,ŞCOALA GIMNAZIALĂ PORUMBACU DE JOS,Absent,-,-,Absent,-,-,-,-,-,-,Absent
3152,SB9841892,3152,ŞCOALA GIMNAZIALĂ PORUMBACU DE JOS,Absent,-,-,Absent,-,-,-,-,-,-,Absent
3153,SB9974809,3153,LICEUL TEHNOLOGIC IACOBENI,Absent,-,-,Absent,-,-,-,-,-,-,Absent
3154,SB9976211,3154,"LICEUL TEORETIC ""GUSTAV GÜNDISCH"" CISNĂDIE",Absent,-,-,Absent,-,-,-,-,-,-,Absent
3155,SB9977068,3155,"LICEUL TEHNOLOGIC ""IOAN LUPAŞ"" SĂLIŞTE",Absent,-,-,Absent,-,-,-,-,-,-,Absent
3156,SB9987415,3156,ŞCOALA GIMNAZIALĂ PĂUCA,Absent,-,-,Absent,-,-,-,-,-,-,Absent
3157,SB9987624,3157,ŞCOALA GIMNAZIALĂ PĂUCA,Absent,-,-,Absent,-,-,-,-,-,-,Absent
3158,SB9988033,3158,ŞCOALA GIMNAZIALĂ PĂUCA,Absent,-,-,Absent,-,-,-,-,-,-,Absent
3159,SB9988668,3159,"LICEUL TEHNOLOGIC ""IOAN LUPAŞ"" SĂLIŞTE",Absent,-,-,Absent,-,-,-,-,-,-,Absent
