idx,code,pos,school,rom_n,rom_c,rom_f,mat_n,mat_c,mat_f,mat_lang,mat_lang_n,mat_lang_c,mat_lang_f,media
1,SB10121803,1,"COLEGIUL NAȚIONAL ""SAMUEL VON BRUKENTHAL"" SIBIU",10.00,-,-,9.80,-,-,Limba germana,10.00,-,-,9.93
2,SB10081181,2,"COLEGIUL NAȚIONAL ""GHEORGHE LAZĂR"" SIBIU",10.00,-,-,9.70,-,-,-,-,-,-,9.85
3,SB659651,3,"COLEGIUL NAȚIONAL ""GHEORGHE LAZĂR"" SIBIU",10.00,-,-,9.70,-,-,-,-,-,-,9.85
4,SB10106530,4,"COLEGIUL NAȚIONAL ""GHEORGHE LAZĂR"" SIBIU",9.95,-,-,9.75,-,-,-,-,-,-,9.85
5,SB10072881,5,"COLEGIUL NAȚIONAL ""OCTAVIAN GOGA"" SIBIU",9.80,-,-,9.90,-,-,-,-,-,-,9.85
6,SB10297206,6,"ŞCOALA GIMNAZIALĂ ""RADU SELEJAN"" SIBIU",9.85,-,-,9.75,-,-,-,-,-,-,9.80
7,SB12614415,7,"COLEGIUL NAȚIONAL ""GHEORGHE LAZĂR"" SIBIU",9.85,-,-,9.75,-,-,-,-,-,-,9.80
8,SB12616366,8,LICEUL ROMÂNO - FINLANDEZ ERI SIBIU,9.95,-,-,9.60,-,-,-,-,-,-,9.77
9,SB11073351,9,"COLEGIUL NAȚIONAL ""OCTAVIAN GOGA"" SIBIU",9.85,-,-,9.70,-,-,-,-,-,-,9.77
10,SB10465860,10,"ŞCOALA GIMNAZIALĂ ""REGINA MARIA"" SIBIU",9.65,-,-,9.90,-,-,-,-,-,-,9.77
11,SB11079024,11,"ŞCOALA GIMNAZIALĂ ""ION LUCA CARAGIALE"" SIBIU",9.85,-,-,9.45,-,-,Limba germana,10.00,-,-,9.76
12,SB10568771,12,"COLEGIUL NAȚIONAL ""SAMUEL VON BRUKENTHAL"" SIBIU",9.70,-,-,9.70,-,-,Limba germana,9.80,-,-,9.73
13,SB1151951,13,"COLEGIUL NAȚIONAL ""GHEORGHE LAZĂR"" SIBIU",9.65,-,-,9.80,-,-,-,-,-,-,9.72
14,SB10153703,14,"COLEGIUL NAȚIONAL ""GHEORGHE LAZĂR"" SIBIU",9.75,-,-,9.65,-,-,-,-,-,-,9.70
15,SB10295329,15,"COLEGIUL NAȚIONAL ""GHEORGHE LAZĂR"" SIBIU",9.40,-,-,10.00,-,-,-,-,-,-,9.70
16,SB9440049,16,ŞCOALA GIMNAZIALĂ ALĂMOR,9.75,-,-,9.60,-,-,-,-,-,-,9.67
17,SB10106340,17,"COLEGIUL NAȚIONAL ""GHEORGHE LAZĂR"" SIBIU",9.60,-,-,9.75,-,-,-,-,-,-,9.67
18,SB11078999,18,"LICEUL TEORETIC ""CONSTANTIN NOICA"" SIBIU",9.60,-,-,9.75,-,-,-,-,-,-,9.67
19,SB10540187,19,ŞCOALA GIMNAZIALĂ NR. 4 SIBIU,10.00,-,-,9.30,-,-,-,-,-,-,9.65
20,SB13596096,20,LICEUL DE ARTĂ SIBIU,9.75,-,-,9.55,-,-,-,-,-,-,9.65
21,SB8369385,21,ŞCOALA GIMNAZIALĂ NR. 21 SIBIU,9.55,-,-,9.75,-,-,-,-,-,-,9.65
22,SB8561921,22,"ŞCOALA GIMNAZIALĂ ""ION LUCA CARAGIALE"" SIBIU",9.55,-,-,9.35,-,-,Limba germana,10.00,-,-,9.63
23,SB10549476,23,"ŞCOALA GIMNAZIALĂ ""NICOLAE IORGA"" SIBIU",9.45,-,-,9.70,-,-,Limba germana,9.75,-,-,9.63
24,SB11059576,24,"COLEGIUL NAȚIONAL ""SAMUEL VON BRUKENTHAL"" SIBIU",9.40,-,-,9.55,-,-,Limba germana,9.95,-,-,9.63
25,SB10407189,25,"ŞCOALA GIMNAZIALĂ ""ION LUCA CARAGIALE"" SIBIU",9.90,-,-,9.35,-,-,-,-,-,-,9.62
26,SB10399713,26,"COLEGIUL NAȚIONAL ""GHEORGHE LAZĂR"" SIBIU",9.60,-,-,9.65,-,-,-,-,-,-,9.62
27,SB10346419,27,"COLEGIUL NAȚIONAL ""OCTAVIAN GOGA"" SIBIU",9.70,-,-,9.50,-,-,-,-,-,-,9.60
28,SB10124046,28,"COLEGIUL NAȚIONAL ""OCTAVIAN GOGA"" SIBIU",9.90,-,-,9.30,-,-,Limba maghiara,9.55,-,-,9.58
29,SB10072508,29,"LICEUL TEORETIC ""ROTH - OBERTH"" MEDIAŞ",9.50,-,-,9.30,-,-,Limba germana,9.95,-,-,9.58
30,SB10106174,30,"ŞCOALA GIMNAZIALĂ ""NICOLAE IORGA"" SIBIU",9.70,-,-,9.45,-,-,-,-,-,-,9.57
31,SB10264698,31,ŞCOALA GIMNAZIALĂ NR. 13 SIBIU,9.55,-,-,9.60,-,-,-,-,-,-,9.57
32,SB12137091,32,"ŞCOALA GIMNAZIALĂ ""NICOLAE IORGA"" SIBIU",9.80,-,-,9.30,-,-,-,-,-,-,9.55
33,SB13983198,33,ŞCOALA GIMNAZIALĂ NR. 25 SIBIU,9.80,-,-,9.30,-,-,-,-,-,-,9.55
34,SB10349108,34,"COLEGIUL NAȚIONAL ""OCTAVIAN GOGA"" SIBIU",9.65,-,-,9.45,-,-,-,-,-,-,9.55
35,SB9806863,35,"COLEGIUL NAȚIONAL ""SAMUEL VON BRUKENTHAL"" SIBIU",9.65,-,-,9.25,-,-,Limba germana,9.75,-,-,9.55
36,SB12614794,36,"ŞCOALA GIMNAZIALĂ ""ION LUCA CARAGIALE"" SIBIU",9.55,-,-,9.10,-,-,Limba germana,10.00,-,-,9.55
37,SB12404215,37,"COLEGIUL NAȚIONAL ""GHEORGHE LAZĂR"" SIBIU",9.45,-,-,9.65,-,-,-,-,-,-,9.55
38,SB10091780,38,"COLEGIUL NAȚIONAL ""GHEORGHE LAZĂR"" SIBIU",9.20,-,-,9.90,-,-,-,-,-,-,9.55
39,SB10274898,39,"COLEGIUL NAȚIONAL ""GHEORGHE LAZĂR"" SIBIU",9.90,-,-,9.15,-,-,-,-,-,-,9.52
40,SB8252246,40,"ŞCOALA GIMNAZIALĂ ""ION LUCA CARAGIALE"" SIBIU",9.90,-,-,9.15,-,-,-,-,-,-,9.52
41,SB10662798,41,"COLEGIUL NAȚIONAL ""GHEORGHE LAZĂR"" SIBIU",9.75,-,-,9.30,-,-,-,-,-,-,9.52
42,SB10348837,42,"COLEGIUL NAȚIONAL ""GHEORGHE LAZĂR"" SIBIU",9.65,-,-,9.40,-,-,-,-,-,-,9.52
43,SB10465868,43,"ŞCOALA GIMNAZIALĂ ""REGINA MARIA"" SIBIU",9.45,-,-,9.60,-,-,-,-,-,-,9.52
44,SB9184587,44,"COLEGIUL NAȚIONAL ""GHEORGHE LAZĂR"" SIBIU",9.20,-,-,9.85,-,-,-,-,-,-,9.52
45,SB10426334,45,"ŞCOALA GIMNAZIALĂ ""NICOLAE IORGA"" SIBIU",9.65,-,-,9.10,-,-,Limba germana,9.80,-,-,9.51
46,SB10490822,46,"ŞCOALA GIMNAZIALĂ ""REGELE FERDINAND"" SIBIU",10.00,-,-,9.00,-,-,-,-,-,-,9.50
47,SB10063450,47,"LICEUL TEORETIC ""GHEORGHE LAZĂR"" AVRIG",9.90,-,-,9.10,-,-,-,-,-,-,9.50
48,SB12614726,48,"LICEUL TEORETIC ""CONSTANTIN NOICA"" SIBIU",9.85,-,-,9.15,-,-,-,-,-,-,9.50
49,SB10350868,49,"COLEGIUL NAȚIONAL PEDAGOGIC ""ANDREI ŞAGUNA"" SIBIU",9.75,-,-,9.25,-,-,-,-,-,-,9.50
50,SB10350535,50,ŞCOALA GIMNAZIALĂ NR. 21 SIBIU,9.65,-,-,9.35,-,-,-,-,-,-,9.50
51,SB10079009,51,"LICEUL TEORETIC ""ROTH - OBERTH"" MEDIAŞ",9.65,-,-,8.95,-,-,Limba germana,9.90,-,-,9.50
52,SB10101226,52,ŞCOALA GIMNAZIALĂ NR. 4 SIBIU,9.55,-,-,9.45,-,-,-,-,-,-,9.50
53,SB4108601,53,"ŞCOALA GIMNAZIALĂ ""IOAN SLAVICI"" SIBIU",9.55,-,-,9.45,-,-,-,-,-,-,9.50
54,SB10350511,54,"COLEGIUL NAȚIONAL PEDAGOGIC ""ANDREI ŞAGUNA"" SIBIU",9.50,-,-,9.50,-,-,-,-,-,-,9.50
55,SB10108959,55,"COLEGIUL NAȚIONAL ""GHEORGHE LAZĂR"" SIBIU",9.45,-,-,9.55,-,-,-,-,-,-,9.50
56,SB8544882,56,ŞCOALA GIMNAZIALĂ NR. 4 SIBIU,9.45,-,-,9.40,-,-,Limba germana,9.65,-,-,9.50
57,SB10399765,57,"ŞCOALA GIMNAZIALĂ ""REGINA MARIA"" SIBIU",9.30,-,-,9.70,-,-,-,-,-,-,9.50
58,SB8719918,58,"COLEGIUL NAȚIONAL ""SAMUEL VON BRUKENTHAL"" SIBIU",9.60,-,-,9.05,-,-,Limba germana,9.80,-,-,9.48
59,SB10455073,59,"COLEGIUL NAȚIONAL ""GHEORGHE LAZĂR"" SIBIU",9.85,-,-,9.10,-,-,-,-,-,-,9.47
60,SB10456180,60,"COLEGIUL NAȚIONAL ""OCTAVIAN GOGA"" SIBIU",9.85,-,-,9.10,-,-,-,-,-,-,9.47
61,SB12607929,61,"ŞCOALA GIMNAZIALĂ ""REGINA MARIA"" SIBIU",9.75,-,-,9.20,-,-,-,-,-,-,9.47
62,SB9879569,62,"ŞCOALA GIMNAZIALĂ ""ION POP RETEGANUL"" ORLAT",9.65,-,-,9.30,-,-,-,-,-,-,9.47
63,SB12614934,63,"COLEGIUL NAȚIONAL ""GHEORGHE LAZĂR"" SIBIU",9.50,-,-,9.45,-,-,-,-,-,-,9.47
64,SB10061796,64,"LICEUL TEORETIC ""ONISIFOR GHIBU"" SIBIU",9.75,-,-,8.80,-,-,Limba germana,9.85,-,-,9.46
65,SB8561220,65,"COLEGIUL NAȚIONAL ""SAMUEL VON BRUKENTHAL"" SIBIU",9.65,-,-,9.25,-,-,Limba germana,9.50,-,-,9.46
66,SB9076123,66,"COLEGIUL NAȚIONAL ""SAMUEL VON BRUKENTHAL"" SIBIU",9.35,-,-,9.25,-,-,Limba germana,9.80,-,-,9.46
67,SB13409387,67,"COLEGIUL NAȚIONAL ""OCTAVIAN GOGA"" SIBIU",9.70,-,-,9.35,-,-,Limba maghiara,9.30,-,-,9.45
68,SB9879670,68,"COLEGIUL NAȚIONAL ""GHEORGHE LAZĂR"" SIBIU",9.70,-,-,9.20,-,-,-,-,-,-,9.45
69,SB8538951,69,"COLEGIUL NAȚIONAL ""GHEORGHE LAZĂR"" SIBIU",9.50,-,-,9.40,-,-,-,-,-,-,9.45
70,SB9162516,70,"ŞCOALA GIMNAZIALĂ ""REGELE FERDINAND"" SIBIU",9.50,-,-,9.40,-,-,-,-,-,-,9.45
71,SB10408908,71,LICEUL DE ARTĂ SIBIU,9.45,-,-,9.45,-,-,-,-,-,-,9.45
72,SB10091285,72,"LICEUL TEHNOLOGIC ""JOHANNES LEBEL"" TĂLMACIU",9.35,-,-,9.55,-,-,-,-,-,-,9.45
73,SB8398340,73,ŞCOALA GIMNAZIALĂ RACOVIŢA,9.35,-,-,9.55,-,-,-,-,-,-,9.45
74,SB10368007,74,"ŞCOALA GIMNAZIALĂ ""MIHAI VITEAZU"" ŞELIMBĂR",9.30,-,-,9.60,-,-,-,-,-,-,9.45
75,SB8721751,75,"COLEGIUL NAȚIONAL ""SAMUEL VON BRUKENTHAL"" SIBIU",9.40,-,-,9.00,-,-,Limba germana,9.90,-,-,9.43
76,SB12619298,76,"ŞCOALA GIMNAZIALĂ ""REGINA MARIA"" SIBIU",9.80,-,-,9.05,-,-,-,-,-,-,9.42
77,SB10440405,77,"COLEGIUL NAȚIONAL ""GHEORGHE LAZĂR"" SIBIU",9.70,-,-,9.15,-,-,-,-,-,-,9.42
78,SB10848386,78,"ŞCOALA GIMNAZIALĂ ""NICOLAE IORGA"" SIBIU",9.60,-,-,9.25,-,-,-,-,-,-,9.42
79,SB10125042,79,ŞCOALA GIMNAZIALĂ NR. 18 SIBIU,9.55,-,-,9.30,-,-,-,-,-,-,9.42
80,SB647651,80,"COLEGIUL NAȚIONAL ""GHEORGHE LAZĂR"" SIBIU",9.55,-,-,9.30,-,-,-,-,-,-,9.42
81,SB10090838,81,"LICEUL TEHNOLOGIC ""JOHANNES LEBEL"" TĂLMACIU",9.50,-,-,9.35,-,-,-,-,-,-,9.42
82,SB9076530,82,ŞCOALA GIMNAZIALĂ PĂUCA,9.45,-,-,9.40,-,-,-,-,-,-,9.42
83,SB10025019,83,LICEUL TEHNOLOGIC MÂRŞA,9.40,-,-,9.45,-,-,-,-,-,-,9.42
84,SB637451,84,"ŞCOALA GIMNAZIALĂ ""REGINA MARIA"" SIBIU",9.40,-,-,9.45,-,-,-,-,-,-,9.42
85,SB12297728,85,ŞCOALA GIMNAZIALĂ NR. 8 SIBIU,9.30,-,-,9.55,-,-,-,-,-,-,9.42
86,SB12307793,86,"COLEGIUL NAȚIONAL ""OCTAVIAN GOGA"" SIBIU",8.95,-,-,9.90,-,-,-,-,-,-,9.42
87,SB10490382,87,"ŞCOALA GIMNAZIALĂ ""ION LUCA CARAGIALE"" SIBIU",9.75,-,-,8.90,-,-,Limba germana,9.60,-,-,9.41
88,SB9139208,88,"COLEGIUL NAȚIONAL ""SAMUEL VON BRUKENTHAL"" SIBIU",9.65,-,-,8.75,-,-,Limba germana,9.85,-,-,9.41
89,SB8720584,89,"COLEGIUL NAȚIONAL ""SAMUEL VON BRUKENTHAL"" SIBIU",9.15,-,-,9.40,-,-,Limba germana,9.70,-,-,9.41
90,SB12615128,90,"LICEUL TEORETIC ""ONISIFOR GHIBU"" SIBIU",9.00,-,-,9.35,-,-,Limba germana,9.90,-,-,9.41
91,SB10348344,91,"ŞCOALA GIMNAZIALĂ ""REGINA MARIA"" SIBIU",9.90,-,-,8.90,-,-,-,-,-,-,9.40
92,SB10024822,92,LICEUL TEHNOLOGIC MÂRŞA,9.65,-,-,9.15,-,-,-,-,-,-,9.40
93,SB10512338,93,"ŞCOALA GIMNAZIALĂ ""NICOLAE IORGA"" SIBIU",9.60,-,-,9.20,-,-,-,-,-,-,9.40
94,SB10662967,94,"ŞCOALA GIMNAZIALĂ ""REGINA MARIA"" SIBIU",9.60,-,-,9.20,-,-,-,-,-,-,9.40
95,SB11073368,95,"COLEGIUL NAȚIONAL ""GHEORGHE LAZĂR"" SIBIU",9.60,-,-,9.20,-,-,-,-,-,-,9.40
96,SB10351526,96,"ŞCOALA GIMNAZIALĂ ""NICOLAE IORGA"" SIBIU",9.55,-,-,9.25,-,-,-,-,-,-,9.40
97,SB636701,97,"COLEGIUL NAȚIONAL ""OCTAVIAN GOGA"" SIBIU",9.55,-,-,9.25,-,-,-,-,-,-,9.40
98,SB8133834,98,"ŞCOALA GIMNAZIALĂ ""REGINA MARIA"" SIBIU",9.55,-,-,9.25,-,-,-,-,-,-,9.40
99,SB10363425,99,"COLEGIUL NAȚIONAL ""OCTAVIAN GOGA"" SIBIU",9.45,-,-,9.35,-,-,-,-,-,-,9.40
100,SB10548255,100,"COLEGIUL NAȚIONAL PEDAGOGIC ""ANDREI ŞAGUNA"" SIBIU",9.40,-,-,9.40,-,-,-,-,-,-,9.40
101,SB10317515,101,"LICEUL TEORETIC ""ONISIFOR GHIBU"" SIBIU",9.40,-,-,8.85,-,-,Limba germana,9.90,-,-,9.38
102,SB12008513,102,"ŞCOALA GIMNAZIALĂ ""NICOLAE IORGA"" SIBIU",9.15,-,-,9.50,-,-,Limba germana,9.50,-,-,9.38
103,SB10424635,103,"COLEGIUL NAȚIONAL ""GHEORGHE LAZĂR"" SIBIU",9.80,-,-,8.95,-,-,-,-,-,-,9.37
104,SB10458028,104,"COLEGIUL NAȚIONAL PEDAGOGIC ""ANDREI ŞAGUNA"" SIBIU",9.75,-,-,9.00,-,-,-,-,-,-,9.37
105,SB850051,105,"ŞCOALA GIMNAZIALĂ ""NICOLAE IORGA"" SIBIU",9.65,-,-,9.10,-,-,-,-,-,-,9.37
106,SB2688001,106,ŞCOALA GIMNAZIALĂ NR. 3 CISNĂDIE,9.60,-,-,9.15,-,-,-,-,-,-,9.37
107,SB10045028,107,"ŞCOALA GIMNAZIALĂ ""NICOLAE IORGA"" SIBIU",9.55,-,-,9.20,-,-,-,-,-,-,9.37
108,SB10105843,108,"ŞCOALA GIMNAZIALĂ ""RADU SELEJAN"" SIBIU",9.50,-,-,9.25,-,-,-,-,-,-,9.37
109,SB646051,109,"ŞCOALA GIMNAZIALĂ ""NICOLAE IORGA"" SIBIU",9.45,-,-,9.30,-,-,-,-,-,-,9.37
110,SB12020169,110,"COLEGIUL NAȚIONAL ""GHEORGHE LAZĂR"" SIBIU",9.35,-,-,9.40,-,-,-,-,-,-,9.37
111,SB9376121,111,ŞCOALA GIMNAZIALĂ NR. 1 SIBIU,9.35,-,-,9.40,-,-,-,-,-,-,9.37
112,SB12615894,112,"ŞCOALA GIMNAZIALĂ ""REGINA MARIA"" SIBIU",9.30,-,-,9.45,-,-,-,-,-,-,9.37
113,SB10488052,113,"COLEGIUL NAȚIONAL ""GHEORGHE LAZĂR"" SIBIU",9.10,-,-,9.65,-,-,-,-,-,-,9.37
114,SB8996752,114,"COLEGIUL NAȚIONAL ""SAMUEL VON BRUKENTHAL"" SIBIU",9.95,-,-,8.30,-,-,Limba germana,9.85,-,-,9.36
115,SB10350408,115,"ŞCOALA GIMNAZIALĂ ""NICOLAE IORGA"" SIBIU",9.60,-,-,9.10,-,-,-,-,-,-,9.35
116,SB8400705,116,"ŞCOALA GIMNAZIALĂ ""NICOLAE IORGA"" SIBIU",9.50,-,-,9.20,-,-,-,-,-,-,9.35
117,SB9999585,117,"COLEGIUL NAȚIONAL ""GHEORGHE LAZĂR"" SIBIU",9.50,-,-,9.20,-,-,-,-,-,-,9.35
118,SB9588809,118,"LICEUL TEORETIC ""GUSTAV GÜNDISCH"" CISNĂDIE",9.40,-,-,9.40,-,-,Limba germana,9.25,-,-,9.35
119,SB646351,119,"COLEGIUL NAȚIONAL ""OCTAVIAN GOGA"" SIBIU",9.35,-,-,9.35,-,-,-,-,-,-,9.35
120,SB10568105,120,"ŞCOALA GIMNAZIALĂ ""NICOLAE IORGA"" SIBIU",9.30,-,-,9.40,-,-,-,-,-,-,9.35
121,SB8251648,121,"COLEGIUL NAȚIONAL ""OCTAVIAN GOGA"" SIBIU",9.25,-,-,9.45,-,-,-,-,-,-,9.35
122,SB11076158,122,"COLEGIUL NAȚIONAL ""OCTAVIAN GOGA"" SIBIU",9.20,-,-,9.00,-,-,Limba germana,9.85,-,-,9.35
123,SB7897984,123,"ŞCOALA GIMNAZIALĂ ""IOAN BAN - DASCĂLU"" POIANA SIBIULUI",9.15,-,-,9.55,-,-,-,-,-,-,9.35
124,SB10426222,124,"COLEGIUL NAȚIONAL ""GHEORGHE LAZĂR"" SIBIU",9.05,-,-,9.65,-,-,-,-,-,-,9.35
125,SB11059558,125,"COLEGIUL NAȚIONAL ""SAMUEL VON BRUKENTHAL"" SIBIU",9.05,-,-,9.35,-,-,Limba germana,9.65,-,-,9.35
126,SB9799184,126,"COLEGIUL NAȚIONAL ""GHEORGHE LAZĂR"" SIBIU",9.00,-,-,9.70,-,-,-,-,-,-,9.35
127,SB10303667,127,"LICEUL TEORETIC ""ROTH - OBERTH"" MEDIAŞ",9.00,-,-,9.35,-,-,Limba germana,9.70,-,-,9.35
128,SB11095889,128,"LICEUL TEORETIC ""CONSTANTIN NOICA"" SIBIU",8.95,-,-,9.75,-,-,-,-,-,-,9.35
129,SB9817465,129,"LICEUL TEORETIC ""GHEORGHE LAZĂR"" AVRIG",8.90,-,-,9.80,-,-,-,-,-,-,9.35
130,SB9991125,130,"ŞCOALA GIMNAZIALĂ ""NICOLAE IORGA"" SIBIU",9.35,-,-,9.15,-,-,Limba germana,9.50,-,-,9.33
131,SB8637999,131,"ŞCOALA GIMNAZIALĂ ""REGELE FERDINAND"" SIBIU",9.80,-,-,8.85,-,-,-,-,-,-,9.32
132,SB10367921,132,ŞCOALA GIMNAZIALĂ NR. 4 SIBIU,9.70,-,-,8.95,-,-,-,-,-,-,9.32
133,SB10348896,133,"ŞCOALA GIMNAZIALĂ ""NICOLAE IORGA"" SIBIU",9.50,-,-,9.15,-,-,-,-,-,-,9.32
134,SB10593988,134,"ŞCOALA GIMNAZIALĂ ""ION ALBESCU"" BOIŢA",9.50,-,-,9.15,-,-,-,-,-,-,9.32
135,SB8996906,135,"COLEGIUL NAȚIONAL ""OCTAVIAN GOGA"" SIBIU",9.50,-,-,9.15,-,-,-,-,-,-,9.32
136,SB9101275,136,"ŞCOALA GIMNAZIALĂ ""REGINA MARIA"" SIBIU",9.50,-,-,9.15,-,-,-,-,-,-,9.32
137,SB12064414,137,"ŞCOALA GIMNAZIALĂ ""IOAN SLAVICI"" SIBIU",9.45,-,-,9.20,-,-,-,-,-,-,9.32
138,SB9642961,138,"COLEGIUL NAȚIONAL ""GHEORGHE LAZĂR"" SIBIU",9.40,-,-,9.25,-,-,-,-,-,-,9.32
139,SB11080370,139,"ŞCOALA GIMNAZIALĂ ""NICOLAE IORGA"" SIBIU",9.30,-,-,9.35,-,-,-,-,-,-,9.32
140,SB10353600,140,"COLEGIUL NAȚIONAL ""GHEORGHE LAZĂR"" SIBIU",9.25,-,-,9.40,-,-,-,-,-,-,9.32
141,SB10538204,141,"COLEGIUL NAȚIONAL PEDAGOGIC ""ANDREI ŞAGUNA"" SIBIU",9.20,-,-,9.45,-,-,-,-,-,-,9.32
142,SB10464540,142,"ŞCOALA GIMNAZIALĂ ""REGINA MARIA"" SIBIU",9.15,-,-,9.50,-,-,-,-,-,-,9.32
143,SB8549022,143,"COLEGIUL NAȚIONAL ""SAMUEL VON BRUKENTHAL"" SIBIU",9.65,-,-,8.65,-,-,Limba germana,9.65,-,-,9.31
144,SB8724539,144,"COLEGIUL NAȚIONAL ""SAMUEL VON BRUKENTHAL"" SIBIU",9.60,-,-,9.40,-,-,Limba germana,8.95,-,-,9.31
145,SB10320870,145,"COLEGIUL NAȚIONAL ""OCTAVIAN GOGA"" SIBIU",9.50,-,-,8.75,-,-,Limba germana,9.70,-,-,9.31
146,SB12388832,146,"LICEUL TEORETIC ""ONISIFOR GHIBU"" SIBIU",9.15,-,-,9.45,-,-,Limba germana,9.35,-,-,9.31
147,SB12618985,147,"COLEGIUL NAȚIONAL ""SAMUEL VON BRUKENTHAL"" SIBIU",9.15,-,-,9.15,-,-,Limba germana,9.65,-,-,9.31
148,SB12614345,148,"ŞCOALA GIMNAZIALĂ ""NICOLAE IORGA"" SIBIU",9.00,-,-,9.10,-,-,Limba germana,9.85,-,-,9.31
149,SB12618764,149,"ŞCOALA GIMNAZIALĂ ""RADU SELEJAN"" SIBIU",9.75,-,-,8.85,-,-,-,-,-,-,9.30
150,SB659201,150,ŞCOALA GIMNAZIALĂ NR. 1 SIBIU,9.65,-,-,8.95,-,-,-,-,-,-,9.30
151,SB10825568,151,"ŞCOALA GIMNAZIALĂ ""REGELE FERDINAND"" SIBIU",9.60,-,-,9.00,-,-,-,-,-,-,9.30
152,SB10464371,152,"COLEGIUL NAȚIONAL ""OCTAVIAN GOGA"" SIBIU",9.50,-,-,9.10,-,-,-,-,-,-,9.30
153,SB12055669,153,ŞCOALA GIMNAZIALĂ BRADU,9.50,-,-,9.10,-,-,-,-,-,-,9.30
154,SB7506001,154,"ŞCOALA GIMNAZIALĂ ""RADU SELEJAN"" SIBIU",9.40,-,-,9.20,-,-,-,-,-,-,9.30
155,SB10025344,155,LICEUL TEHNOLOGIC MÂRŞA,9.35,-,-,9.25,-,-,-,-,-,-,9.30
156,SB637501,156,"COLEGIUL NAȚIONAL ""OCTAVIAN GOGA"" SIBIU",9.30,-,-,9.35,-,-,Limba germana,9.25,-,-,9.30
157,SB10465961,157,"COLEGIUL NAȚIONAL ""GHEORGHE LAZĂR"" SIBIU",9.25,-,-,9.35,-,-,-,-,-,-,9.30
158,SB10349749,158,"COLEGIUL NAȚIONAL ""GHEORGHE LAZĂR"" SIBIU",9.20,-,-,9.40,-,-,-,-,-,-,9.30
159,SB9934068,159,"LICEUL TEHNOLOGIC ""JOHANNES LEBEL"" TĂLMACIU",9.20,-,-,9.40,-,-,-,-,-,-,9.30
160,SB13693621,160,ŞCOALA GIMNAZIALĂ NR. 13 SIBIU,8.90,-,-,9.70,-,-,-,-,-,-,9.30
161,SB10293323,161,"ŞCOALA GIMNAZIALĂ ""ION LUCA CARAGIALE"" SIBIU",9.75,-,-,8.75,-,-,Limba germana,9.35,-,-,9.28
162,SB10531167,162,"ŞCOALA GIMNAZIALĂ ""NICOLAE IORGA"" SIBIU",9.35,-,-,9.15,-,-,Limba germana,9.35,-,-,9.28
163,SB9161972,163,"ŞCOALA GIMNAZIALĂ ""NICOLAE IORGA"" SIBIU",9.25,-,-,8.70,-,-,Limba germana,9.90,-,-,9.28
164,SB10411662,164,"ŞCOALA GIMNAZIALĂ ""NICOLAE IORGA"" SIBIU",9.05,-,-,9.40,-,-,Limba germana,9.40,-,-,9.28
165,SB10408705,165,"LICEUL TEORETIC ""ONISIFOR GHIBU"" SIBIU",9.00,-,-,9.40,-,-,Limba germana,9.45,-,-,9.28
166,SB10348954,166,"COLEGIUL NAȚIONAL ""GHEORGHE LAZĂR"" SIBIU",9.65,-,-,8.90,-,-,-,-,-,-,9.27
167,SB10448874,167,"ŞCOALA GIMNAZIALĂ ""RADU SELEJAN"" SIBIU",9.65,-,-,8.90,-,-,-,-,-,-,9.27
168,SB10744422,168,"LICEUL TEORETIC ""CONSTANTIN NOICA"" SIBIU",9.55,-,-,9.00,-,-,-,-,-,-,9.27
169,SB9065190,169,"ŞCOALA GIMNAZIALĂ ""NICOLAE IORGA"" SIBIU",9.55,-,-,9.00,-,-,-,-,-,-,9.27
170,SB12255699,170,ŞCOALA GIMNAZIALĂ NR. 8 SIBIU,9.50,-,-,9.05,-,-,-,-,-,-,9.27
171,SB12614063,171,ŞCOALA GIMNAZIALĂ NR. 8 SIBIU,9.50,-,-,9.05,-,-,-,-,-,-,9.27
172,SB4561051,172,ŞCOALA GIMNAZIALĂ OCNA SIBIULUI,9.50,-,-,9.05,-,-,-,-,-,-,9.27
173,SB10130458,173,ŞCOALA GIMNAZIALĂ NR. 18 SIBIU,9.45,-,-,9.10,-,-,-,-,-,-,9.27
174,SB10264822,174,ŞCOALA GIMNAZIALĂ NR. 13 SIBIU,9.35,-,-,9.20,-,-,-,-,-,-,9.27
175,SB12615935,175,"ŞCOALA GIMNAZIALĂ ""RADU SELEJAN"" SIBIU",9.25,-,-,9.30,-,-,-,-,-,-,9.27
176,SB10317544,176,ŞCOALA GIMNAZIALĂ NR. 4 SIBIU,9.20,-,-,8.95,-,-,Limba germana,9.65,-,-,9.26
177,SB9806091,177,"COLEGIUL NAȚIONAL ""SAMUEL VON BRUKENTHAL"" SIBIU",9.10,-,-,9.25,-,-,Limba germana,9.45,-,-,9.26
178,SB10045356,178,ŞCOALA GIMNAZIALĂ NR. 8 SIBIU,9.75,-,-,8.75,-,-,-,-,-,-,9.25
179,SB10291900,179,ŞCOALA GIMNAZIALĂ NR. 18 SIBIU,9.70,-,-,8.80,-,-,-,-,-,-,9.25
180,SB9806730,180,"COLEGIUL NAȚIONAL ""SAMUEL VON BRUKENTHAL"" SIBIU",9.50,-,-,8.80,-,-,Limba germana,9.45,-,-,9.25
181,SB10296324,181,"ŞCOALA GIMNAZIALĂ ""REGELE FERDINAND"" SIBIU",9.45,-,-,9.05,-,-,-,-,-,-,9.25
182,SB10423510,182,"ŞCOALA GIMNAZIALĂ ""REGINA MARIA"" SIBIU",9.40,-,-,9.10,-,-,-,-,-,-,9.25
183,SB6694801,183,"COLEGIUL NAȚIONAL PEDAGOGIC ""ANDREI ŞAGUNA"" SIBIU",9.35,-,-,9.15,-,-,-,-,-,-,9.25
184,SB9133702,184,"ŞCOALA GIMNAZIALĂ ""MATEI BASARAB"" TURNU ROŞU",9.30,-,-,9.20,-,-,-,-,-,-,9.25
185,SB10348994,185,"COLEGIUL NAȚIONAL ""GHEORGHE LAZĂR"" SIBIU",9.20,-,-,9.30,-,-,-,-,-,-,9.25
186,SB7502151,186,"ŞCOALA GIMNAZIALĂ ""NICOLAE IORGA"" SIBIU",9.20,-,-,8.85,-,-,Limba germana,9.70,-,-,9.25
187,SB849851,187,"ŞCOALA GIMNAZIALĂ ""REGELE FERDINAND"" SIBIU",9.15,-,-,9.35,-,-,-,-,-,-,9.25
188,SB9003933,188,"ŞCOALA GIMNAZIALĂ ""REGINA MARIA"" SIBIU",9.10,-,-,9.40,-,-,-,-,-,-,9.25
189,SB10383295,189,"LICEUL TEORETIC ""ONISIFOR GHIBU"" SIBIU",9.05,-,-,8.90,-,-,Limba germana,9.80,-,-,9.25
190,SB10399641,190,"ŞCOALA GIMNAZIALĂ ""ION LUCA CARAGIALE"" SIBIU",8.95,-,-,9.55,-,-,-,-,-,-,9.25
191,SB12031661,191,"ŞCOALA GIMNAZIALĂ ""NICOLAE IORGA"" SIBIU",9.35,-,-,8.40,-,-,Limba germana,9.95,-,-,9.23
192,SB10167599,192,"COLEGIUL NAȚIONAL ""OCTAVIAN GOGA"" SIBIU",9.25,-,-,9.40,-,-,Limba germana,9.05,-,-,9.23
193,SB11076396,193,"COLEGIUL NAȚIONAL ""SAMUEL VON BRUKENTHAL"" SIBIU",8.80,-,-,9.40,-,-,Limba germana,9.50,-,-,9.23
194,SB12378509,194,ŞCOALA GIMNAZIALĂ NR. 12 SIBIU,10.00,-,-,8.45,-,-,-,-,-,-,9.22
195,SB8221079,195,"ŞCOALA GIMNAZIALĂ ""SAMUIL MICU"" SADU",10.00,-,-,8.45,-,-,-,-,-,-,9.22
196,SB10120850,196,LICEUL DE ARTĂ SIBIU,9.50,-,-,8.95,-,-,-,-,-,-,9.22
197,SB9137495,197,"ŞCOALA GIMNAZIALĂ ""OCTAVIAN GOGA"" RĂŞINARI",9.45,-,-,9.00,-,-,-,-,-,-,9.22
198,SB14377363,198,ŞCOALA GIMNAZIALĂ NR. 13 SIBIU,9.25,-,-,9.20,-,-,-,-,-,-,9.22
199,SB10342722,199,"ŞCOALA GIMNAZIALĂ ""CIREŞARII"" MEDIAŞ",9.15,-,-,9.30,-,-,-,-,-,-,9.22
200,SB10564840,200,"COLEGIUL NAȚIONAL ""OCTAVIAN GOGA"" SIBIU",8.95,-,-,9.50,-,-,-,-,-,-,9.22
201,SB10300615,201,"ŞCOALA GIMNAZIALĂ ""ANDREI ȘAGUNA"" ŞURA MARE",9.85,-,-,8.55,-,-,-,-,-,-,9.20
202,SB10424165,202,ŞCOALA GIMNAZIALĂ NR. 4 SIBIU,9.80,-,-,8.60,-,-,-,-,-,-,9.20
203,SB10314934,203,"ŞCOALA GIMNAZIALĂ ""NICOLAE IORGA"" SIBIU",9.65,-,-,8.60,-,-,Limba germana,9.35,-,-,9.20
204,SB10291154,204,ŞCOALA GIMNAZIALĂ NR. 25 SIBIU,9.60,-,-,8.80,-,-,-,-,-,-,9.20
205,SB10408994,205,"ŞCOALA GIMNAZIALĂ ""REGINA MARIA"" SIBIU",9.55,-,-,8.85,-,-,-,-,-,-,9.20
206,SB10367486,206,"ŞCOALA GIMNAZIALĂ ""NICOLAE IORGA"" SIBIU",9.40,-,-,9.00,-,-,-,-,-,-,9.20
207,SB9141706,207,"ŞCOALA GIMNAZIALĂ ""NICOLAE IORGA"" SIBIU",9.40,-,-,9.00,-,-,-,-,-,-,9.20
208,SB10400514,208,"ŞCOALA GIMNAZIALĂ ""NICOLAE IORGA"" SIBIU",9.35,-,-,9.05,-,-,-,-,-,-,9.20
209,SB12297712,209,LICEUL DE ARTĂ SIBIU,9.20,-,-,9.20,-,-,-,-,-,-,9.20
210,SB10264724,210,ŞCOALA GIMNAZIALĂ NR. 18 SIBIU,9.10,-,-,9.30,-,-,-,-,-,-,9.20
211,SB9527801,211,"COLEGIUL NAȚIONAL ""SAMUEL VON BRUKENTHAL"" SIBIU",8.85,-,-,8.85,-,-,Limba germana,9.90,-,-,9.20
212,SB10407953,212,"COLEGIUL NAȚIONAL ""SAMUEL VON BRUKENTHAL"" SIBIU",9.40,-,-,9.05,-,-,Limba germana,9.10,-,-,9.18
213,SB10960355,213,"COLEGIUL NAȚIONAL ""SAMUEL VON BRUKENTHAL"" SIBIU",9.00,-,-,8.75,-,-,Limba germana,9.80,-,-,9.18
214,SB9590947,214,"ŞCOALA GIMNAZIALĂ ""MIHAI VITEAZU"" ŞELIMBĂR",10.00,-,-,8.35,-,-,-,-,-,-,9.17
215,SB12297629,215,"ŞCOALA GIMNAZIALĂ ""AUREL DECEI"" GURA RÂULUI",9.65,-,-,8.70,-,-,-,-,-,-,9.17
216,SB12066944,216,"ŞCOALA GIMNAZIALĂ ""IOAN SLAVICI"" SIBIU",9.60,-,-,8.75,-,-,-,-,-,-,9.17
217,SB9187708,217,"ŞCOALA GIMNAZIALĂ ""NICOLAE IORGA"" SIBIU",9.60,-,-,8.75,-,-,-,-,-,-,9.17
218,SB12109286,218,"COLEGIUL NAȚIONAL ""GHEORGHE LAZĂR"" SIBIU",9.50,-,-,8.85,-,-,-,-,-,-,9.17
219,SB12614737,219,"ŞCOALA GIMNAZIALĂ ""REGINA MARIA"" SIBIU",9.50,-,-,8.85,-,-,-,-,-,-,9.17
220,SB10105619,220,ŞCOALA GIMNAZIALĂ NR. 13 SIBIU,9.45,-,-,8.90,-,-,-,-,-,-,9.17
221,SB10125258,221,"ŞCOALA GIMNAZIALĂ ""RADU SELEJAN"" SIBIU",9.35,-,-,9.00,-,-,-,-,-,-,9.17
222,SB10046106,222,ŞCOALA GIMNAZIALĂ NR. 4 SIBIU,9.30,-,-,9.05,-,-,-,-,-,-,9.17
223,SB9940447,223,"LICEUL TEHNOLOGIC ""IOAN LUPAŞ"" SĂLIŞTE",9.25,-,-,9.10,-,-,-,-,-,-,9.17
224,SB10110138,224,"ŞCOALA GIMNAZIALĂ ""REGELE FERDINAND"" SIBIU",9.15,-,-,9.20,-,-,-,-,-,-,9.17
225,SB10463780,225,"ŞCOALA GIMNAZIALĂ ""ION LUCA CARAGIALE"" SIBIU",9.15,-,-,9.20,-,-,-,-,-,-,9.17
226,SB10550617,226,"ŞCOALA GIMNAZIALĂ ""ION LUCA CARAGIALE"" SIBIU",9.15,-,-,9.20,-,-,-,-,-,-,9.17
227,SB10662863,227,"ŞCOALA GIMNAZIALĂ ""NICOLAE IORGA"" SIBIU",9.10,-,-,9.25,-,-,-,-,-,-,9.17
228,SB10383231,228,"ŞCOALA GIMNAZIALĂ ""ION LUCA CARAGIALE"" SIBIU",9.70,-,-,8.20,-,-,Limba germana,9.60,-,-,9.16
229,SB12360802,229,"COLEGIUL NAȚIONAL ""OCTAVIAN GOGA"" SIBIU",9.50,-,-,9.05,-,-,Limba germana,8.95,-,-,9.16
230,SB11008926,230,"ŞCOALA GIMNAZIALĂ ""ION LUCA CARAGIALE"" SIBIU",9.40,-,-,9.55,-,-,Limba germana,8.55,-,-,9.16
231,SB12419838,231,"COLEGIUL NAȚIONAL ""SAMUEL VON BRUKENTHAL"" SIBIU",9.20,-,-,8.60,-,-,Limba germana,9.70,-,-,9.16
232,SB10592430,232,"COLEGIUL NAȚIONAL ""SAMUEL VON BRUKENTHAL"" SIBIU",8.75,-,-,9.10,-,-,Limba germana,9.65,-,-,9.16
233,SB10071294,233,"ŞCOALA GIMNAZIALĂ ""BATHORY ISTVAN"" MEDIAŞ",10.00,-,-,7.45,-,-,Limba maghiara,10.00,-,-,9.15
234,SB10071264,234,ŞCOALA GIMNAZIALĂ NR. 7 MEDIAŞ,9.70,-,-,8.60,-,-,-,-,-,-,9.15
235,SB10848619,235,"ŞCOALA GIMNAZIALĂ ""NICOLAE IORGA"" SIBIU",9.50,-,-,8.80,-,-,-,-,-,-,9.15
236,SB13593941,236,"ŞCOALA GIMNAZIALĂ ""RADU SELEJAN"" SIBIU",9.40,-,-,8.90,-,-,-,-,-,-,9.15
237,SB10123479,237,"COLEGIUL NAȚIONAL ""GHEORGHE LAZĂR"" SIBIU",9.35,-,-,8.95,-,-,-,-,-,-,9.15
238,SB10056719,238,ŞCOALA GIMNAZIALĂ NR. 2 SIBIU,9.25,-,-,9.05,-,-,-,-,-,-,9.15
239,SB10440855,239,"ŞCOALA GIMNAZIALĂ ""IOAN SLAVICI"" SIBIU",9.25,-,-,9.05,-,-,-,-,-,-,9.15
240,SB11014015,240,"COLEGIUL NAȚIONAL ""OCTAVIAN GOGA"" SIBIU",9.20,-,-,9.10,-,-,-,-,-,-,9.15
241,SB6690751,241,"ŞCOALA GIMNAZIALĂ ""REGINA MARIA"" SIBIU",9.20,-,-,9.10,-,-,-,-,-,-,9.15
242,SB9990682,242,"ŞCOALA GIMNAZIALĂ ""REGELE FERDINAND"" SIBIU",9.15,-,-,9.15,-,-,-,-,-,-,9.15
243,SB9510721,243,ŞCOALA GIMNAZIALĂ NR. 1 SIBIU,9.10,-,-,9.20,-,-,-,-,-,-,9.15
244,SB10399484,244,ŞCOALA GIMNAZIALĂ NR. 25 SIBIU,9.05,-,-,9.25,-,-,-,-,-,-,9.15
245,SB10125280,245,"COLEGIUL NAȚIONAL ""OCTAVIAN GOGA"" SIBIU",9.00,-,-,9.30,-,-,-,-,-,-,9.15
246,SB9649314,246,"ŞCOALA GIMNAZIALĂ ""NICOLAE IORGA"" SIBIU",8.60,-,-,9.30,-,-,Limba germana,9.55,-,-,9.15
247,SB10466013,247,"ŞCOALA GIMNAZIALĂ ""ION LUCA CARAGIALE"" SIBIU",9.55,-,-,8.95,-,-,Limba germana,8.90,-,-,9.13
248,SB10069868,248,"ŞCOALA GIMNAZIALĂ ""BATHORY ISTVAN"" MEDIAŞ",9.30,-,-,8.80,-,-,Limba maghiara,9.30,-,-,9.13
249,SB10428777,249,"COLEGIUL NAȚIONAL ""SAMUEL VON BRUKENTHAL"" SIBIU",9.25,-,-,9.00,-,-,Limba germana,9.15,-,-,9.13
250,SB11076215,250,"ŞCOALA GIMNAZIALĂ ""NICOLAE IORGA"" SIBIU",9.00,-,-,9.10,-,-,Limba germana,9.30,-,-,9.13
251,SB10408098,251,"COLEGIUL NAȚIONAL ""SAMUEL VON BRUKENTHAL"" SIBIU",8.70,-,-,8.95,-,-,Limba germana,9.75,-,-,9.13
252,SB9072231,252,"ŞCOALA GIMNAZIALĂ ""MIHAI VITEAZU"" ŞELIMBĂR",9.65,-,-,8.60,-,-,-,-,-,-,9.12
253,SB10016867,253,"ŞCOALA GIMNAZIALĂ ""RADU SELEJAN"" SIBIU",9.60,-,-,8.65,-,-,-,-,-,-,9.12
254,SB10325179,254,"ŞCOALA GIMNAZIALĂ ""CONSTANTIN IOAN MOTAŞ"" MEDIAŞ",9.50,-,-,8.75,-,-,-,-,-,-,9.12
255,SB10400189,255,"ŞCOALA GIMNAZIALĂ ""NICOLAE IORGA"" SIBIU",9.45,-,-,8.80,-,-,-,-,-,-,9.12
256,SB10541799,256,"ŞCOALA GIMNAZIALĂ ""NICOLAE IORGA"" SIBIU",9.40,-,-,8.85,-,-,-,-,-,-,9.12
257,SB10500468,257,"COLEGIUL NAȚIONAL ""OCTAVIAN GOGA"" SIBIU",9.35,-,-,8.90,-,-,-,-,-,-,9.12
258,SB11162446,258,ŞCOALA GIMNAZIALĂ NR. 4 SIBIU,9.35,-,-,8.90,-,-,-,-,-,-,9.12
259,SB10864170,259,"ŞCOALA GIMNAZIALĂ ""ION LUCA CARAGIALE"" SIBIU",9.30,-,-,8.95,-,-,-,-,-,-,9.12
260,SB6692251,260,ŞCOALA GIMNAZIALĂ NR. 4 SIBIU,9.25,-,-,9.00,-,-,-,-,-,-,9.12
261,SB12619610,261,"COLEGIUL NAȚIONAL PEDAGOGIC ""ANDREI ŞAGUNA"" SIBIU",9.05,-,-,9.20,-,-,-,-,-,-,9.12
262,SB9136190,262,ŞCOALA GIMNAZIALĂ NR. 21 SIBIU,8.80,-,-,9.45,-,-,-,-,-,-,9.12
263,SB9103930,263,"COLEGIUL NAȚIONAL ""OCTAVIAN GOGA"" SIBIU",8.70,-,-,9.55,-,-,-,-,-,-,9.12
264,SB10317857,264,"COLEGIUL NAȚIONAL ""OCTAVIAN GOGA"" SIBIU",9.35,-,-,9.10,-,-,Limba germana,8.90,-,-,9.11
265,SB11077982,265,ŞCOALA GIMNAZIALĂ NR. 4 SIBIU,8.90,-,-,9.10,-,-,Limba germana,9.35,-,-,9.11
266,SB10122656,266,"COLEGIUL NAȚIONAL ""OCTAVIAN GOGA"" SIBIU",8.70,-,-,8.95,-,-,Limba germana,9.70,-,-,9.11
267,SB10167415,267,"COLEGIUL NAȚIONAL ""SAMUEL VON BRUKENTHAL"" SIBIU",8.60,-,-,8.90,-,-,Limba germana,9.85,-,-,9.11
268,SB10465607,268,"ŞCOALA GIMNAZIALĂ ""REGINA MARIA"" SIBIU",9.60,-,-,8.60,-,-,-,-,-,-,9.10
269,SB10087795,269,"ŞCOALA GIMNAZIALĂ ""NICOLAE IORGA"" SIBIU",9.30,-,-,8.90,-,-,-,-,-,-,9.10
270,SB10297825,270,ŞCOALA GIMNAZIALĂ NR. 2 CISNĂDIE,9.20,-,-,9.00,-,-,-,-,-,-,9.10
271,SB10020919,271,"ŞCOALA GIMNAZIALĂ ""CONSTANTIN IOAN MOTAŞ"" MEDIAŞ",9.15,-,-,9.05,-,-,-,-,-,-,9.10
272,SB12319323,272,ŞCOALA GIMNAZIALĂ NR. 4 SIBIU,9.15,-,-,9.05,-,-,-,-,-,-,9.10
273,SB8437655,273,"ŞCOALA GIMNAZIALĂ ""REGINA MARIA"" SIBIU",9.15,-,-,9.05,-,-,-,-,-,-,9.10
274,SB8997822,274,ŞCOALA GIMNAZIALĂ NR. 18 SIBIU,9.15,-,-,9.05,-,-,-,-,-,-,9.10
275,SB12129223,275,"LICEUL TEHNOLOGIC ""JOHANNES LEBEL"" TĂLMACIU",9.05,-,-,9.15,-,-,-,-,-,-,9.10
276,SB8423350,276,"COLEGIUL NAȚIONAL ""SAMUEL VON BRUKENTHAL"" SIBIU",8.90,-,-,9.00,-,-,Limba germana,9.35,-,-,9.08
277,SB8723337,277,"ŞCOALA GIMNAZIALĂ ""NICOLAE IORGA"" SIBIU",8.55,-,-,9.20,-,-,Limba germana,9.50,-,-,9.08
278,SB7903821,278,"ŞCOALA GIMNAZIALĂ ""IOAN BAN - DASCĂLU"" POIANA SIBIULUI",9.85,-,-,8.30,-,-,-,-,-,-,9.07
279,SB10173774,279,ŞCOALA GIMNAZIALĂ NR. 21 SIBIU,9.75,-,-,8.40,-,-,-,-,-,-,9.07
280,SB10348701,280,"ŞCOALA GIMNAZIALĂ ""RADU SELEJAN"" SIBIU",9.25,-,-,8.90,-,-,-,-,-,-,9.07
281,SB12064425,281,ŞCOALA GIMNAZIALĂ NR. 4 SIBIU,9.25,-,-,8.90,-,-,-,-,-,-,9.07
282,SB10464258,282,"COLEGIUL NAȚIONAL PEDAGOGIC ""ANDREI ŞAGUNA"" SIBIU",9.20,-,-,8.95,-,-,-,-,-,-,9.07
283,SB7898083,283,"ŞCOALA GIMNAZIALĂ ""IOAN BAN - DASCĂLU"" POIANA SIBIULUI",9.20,-,-,8.95,-,-,-,-,-,-,9.07
284,SB10385089,284,"ŞCOALA GIMNAZIALĂ ""NICOLAE IORGA"" SIBIU",9.10,-,-,9.05,-,-,-,-,-,-,9.07
285,SB10298135,285,"ŞCOALA GIMNAZIALĂ ""MIHAI EMINESCU"" MEDIAŞ",9.00,-,-,9.15,-,-,-,-,-,-,9.07
286,SB12259501,286,LICEUL ROMÂNO - FINLANDEZ ERI SIBIU,9.00,-,-,9.15,-,-,-,-,-,-,9.07
287,SB10501816,287,"ŞCOALA GIMNAZIALĂ ""ION LUCA CARAGIALE"" SIBIU",8.90,-,-,9.25,-,-,-,-,-,-,9.07
288,SB7897501,288,"ŞCOALA GIMNAZIALĂ ""IOAN BAN - DASCĂLU"" POIANA SIBIULUI",8.85,-,-,9.30,-,-,-,-,-,-,9.07
289,SB12616420,289,"ŞCOALA GIMNAZIALĂ ""NICOLAE IORGA"" SIBIU",9.35,-,-,9.20,-,-,Limba germana,8.65,-,-,9.06
290,SB2524701,290,"LICEUL TEORETIC ""GUSTAV GÜNDISCH"" CISNĂDIE",9.00,-,-,9.05,-,-,Limba germana,9.15,-,-,9.06
291,SB10383879,291,"ŞCOALA GIMNAZIALĂ ""NICOLAE IORGA"" SIBIU",8.80,-,-,8.85,-,-,Limba germana,9.55,-,-,9.06
292,SB10173670,292,"COLEGIUL NAȚIONAL ""SAMUEL VON BRUKENTHAL"" SIBIU",8.80,-,-,8.65,-,-,Limba germana,9.75,-,-,9.06
293,SB10426033,293,"ŞCOALA GIMNAZIALĂ ""REGELE FERDINAND"" SIBIU",9.60,-,-,8.50,-,-,-,-,-,-,9.05
294,SB10479134,294,"ŞCOALA GIMNAZIALĂ ""NICOLAE IORGA"" SIBIU",9.40,-,-,8.70,-,-,-,-,-,-,9.05
295,SB8251939,295,"ŞCOALA GIMNAZIALĂ ""SAMUIL MICU"" SADU",9.30,-,-,8.80,-,-,-,-,-,-,9.05
296,SB10332519,296,ŞCOALA GIMNAZIALĂ NR. 21 SIBIU,9.25,-,-,8.85,-,-,-,-,-,-,9.05
297,SB10115195,297,ŞCOALA GIMNAZIALĂ NR. 13 SIBIU,9.20,-,-,8.90,-,-,-,-,-,-,9.05
298,SB9133746,298,"ŞCOALA GIMNAZIALĂ ""OCTAVIAN GOGA"" RĂŞINARI",9.20,-,-,8.90,-,-,-,-,-,-,9.05
299,SB10747589,299,"ŞCOALA GIMNAZIALĂ ""ION LUCA CARAGIALE"" SIBIU",9.15,-,-,8.95,-,-,-,-,-,-,9.05
300,SB9786358,300,ŞCOALA GIMNAZIALĂ PORUMBACU DE JOS,9.15,-,-,8.95,-,-,-,-,-,-,9.05
301,SB8780861,301,"ŞCOALA GIMNAZIALĂ ""REGELE FERDINAND"" SIBIU",9.10,-,-,9.00,-,-,-,-,-,-,9.05
302,SB10400389,302,"ŞCOALA GIMNAZIALĂ ""REGINA MARIA"" SIBIU",9.05,-,-,9.05,-,-,-,-,-,-,9.05
303,SB12269947,303,ŞCOALA GIMNAZIALĂ NR. 4 SIBIU,9.05,-,-,9.05,-,-,-,-,-,-,9.05
304,SB10045928,304,"ŞCOALA GIMNAZIALĂ ""NICOLAE IORGA"" SIBIU",9.00,-,-,9.10,-,-,-,-,-,-,9.05
305,SB686351,305,ŞCOALA GIMNAZIALĂ NR. 1 SIBIU,9.00,-,-,9.10,-,-,-,-,-,-,9.05
306,SB12297696,306,"COLEGIUL NAȚIONAL ""GHEORGHE LAZĂR"" SIBIU",8.90,-,-,9.20,-,-,-,-,-,-,9.05
307,SB8577558,307,"ŞCOALA GIMNAZIALĂ ""ION LUCA CARAGIALE"" SIBIU",8.70,-,-,9.20,-,-,Limba germana,9.25,-,-,9.05
308,SB8422104,308,"ŞCOALA GIMNAZIALĂ ""NICOLAE IORGA"" SIBIU",8.15,-,-,9.95,-,-,-,-,-,-,9.05
309,SB9065220,309,"COLEGIUL NAȚIONAL ""SAMUEL VON BRUKENTHAL"" SIBIU",9.75,-,-,8.05,-,-,Limba germana,9.30,-,-,9.03
310,SB10410270,310,"LICEUL TEORETIC ""ONISIFOR GHIBU"" SIBIU",9.05,-,-,9.20,-,-,Limba germana,8.85,-,-,9.03
311,SB10569476,311,"ŞCOALA GIMNAZIALĂ ""NICOLAE IORGA"" SIBIU",9.05,-,-,8.55,-,-,Limba germana,9.50,-,-,9.03
312,SB8721200,312,"ŞCOALA GIMNAZIALĂ ""NICOLAE IORGA"" SIBIU",9.00,-,-,8.80,-,-,Limba germana,9.30,-,-,9.03
313,SB12616807,313,"COLEGIUL NAȚIONAL ""SAMUEL VON BRUKENTHAL"" SIBIU",8.95,-,-,8.55,-,-,Limba germana,9.60,-,-,9.03
314,SB11013593,314,"COLEGIUL NAȚIONAL ""SAMUEL VON BRUKENTHAL"" SIBIU",8.80,-,-,8.45,-,-,Limba germana,9.85,-,-,9.03
315,SB12618711,315,"ŞCOALA GIMNAZIALĂ ""NICOLAE IORGA"" SIBIU",8.65,-,-,8.85,-,-,Limba germana,9.60,-,-,9.03
316,SB12616222,316,"ŞCOALA GIMNAZIALĂ ""ION LUCA CARAGIALE"" SIBIU",8.55,-,-,9.05,-,-,Limba germana,9.50,-,-,9.03
317,SB9511181,317,ŞCOALA GIMNAZIALĂ NR. 25 SIBIU,9.35,-,-,8.70,-,-,-,-,-,-,9.02
318,SB12617523,318,"COLEGIUL NAȚIONAL ""OCTAVIAN GOGA"" SIBIU",9.30,-,-,8.75,-,-,-,-,-,-,9.02
319,SB9004686,319,"COLEGIUL NAȚIONAL ""OCTAVIAN GOGA"" SIBIU",9.20,-,-,8.85,-,-,-,-,-,-,9.02
320,SB12263552,320,ŞCOALA GIMNAZIALĂ NR. 2 CISNĂDIE,9.15,-,-,8.90,-,-,-,-,-,-,9.02
321,SB9840718,321,ŞCOALA GIMNAZIALĂ LOAMNEŞ,9.10,-,-,8.95,-,-,-,-,-,-,9.02
322,SB7973075,322,"ŞCOALA GIMNAZIALĂ ""REGINA MARIA"" SIBIU",9.05,-,-,9.00,-,-,-,-,-,-,9.02
323,SB9674897,323,"ŞCOALA GIMNAZIALĂ ""IOAN SLAVICI"" SIBIU",8.90,-,-,9.15,-,-,-,-,-,-,9.02
324,SB10124167,324,"ŞCOALA GIMNAZIALĂ ""NICOLAE IORGA"" SIBIU",8.80,-,-,9.25,-,-,-,-,-,-,9.02
325,SB12068328,325,"ŞCOALA GIMNAZIALĂ ""REGINA MARIA"" SIBIU",8.75,-,-,9.30,-,-,-,-,-,-,9.02
326,SB14308737,326,"COLEGIUL NAȚIONAL ""SAMUEL VON BRUKENTHAL"" SIBIU",9.50,-,-,7.85,-,-,Limba germana,9.70,-,-,9.01
327,SB10513029,327,"LICEUL TEORETIC ""ROTH - OBERTH"" MEDIAŞ",9.10,-,-,9.15,-,-,Limba germana,8.80,-,-,9.01
328,SB10489107,328,"COLEGIUL NAȚIONAL ""SAMUEL VON BRUKENTHAL"" SIBIU",9.05,-,-,8.45,-,-,Limba germana,9.55,-,-,9.01
329,SB12070546,329,"ŞCOALA GIMNAZIALĂ ""ION LUCA CARAGIALE"" SIBIU",8.60,-,-,9.15,-,-,Limba germana,9.30,-,-,9.01
330,SB9985669,330,"ŞCOALA GIMNAZIALĂ ""NICOLAE IORGA"" SIBIU",8.55,-,-,9.20,-,-,Limba germana,9.30,-,-,9.01
331,SB11075853,331,"LICEUL TEORETIC ""ONISIFOR GHIBU"" SIBIU",8.45,-,-,9.20,-,-,Limba germana,9.40,-,-,9.01
332,SB10351409,332,ŞCOALA GIMNAZIALĂ NR. 4 SIBIU,9.50,-,-,8.50,-,-,-,-,-,-,9.00
333,SB9886387,333,ŞCOALA GIMNAZIALĂ SLIMNIC,9.50,-,-,8.50,-,-,-,-,-,-,9.00
334,SB10088028,334,ŞCOALA GIMNAZIALĂ NR. 1 SIBIU,9.40,-,-,8.60,-,-,-,-,-,-,9.00
335,SB10400423,335,ŞCOALA GIMNAZIALĂ NR. 25 SIBIU,9.40,-,-,8.60,-,-,-,-,-,-,9.00
336,SB10568433,336,"COLEGIUL NAȚIONAL ""OCTAVIAN GOGA"" SIBIU",9.35,-,-,8.65,-,-,-,-,-,-,9.00
337,SB10043850,337,ŞCOALA GIMNAZIALĂ NR. 4 SIBIU,9.25,-,-,8.75,-,-,-,-,-,-,9.00
338,SB10348435,338,"ŞCOALA GIMNAZIALĂ ""RADU SELEJAN"" SIBIU",9.25,-,-,8.75,-,-,-,-,-,-,9.00
339,SB11008751,339,"ŞCOALA GIMNAZIALĂ ""ION LUCA CARAGIALE"" SIBIU",9.25,-,-,8.75,-,-,-,-,-,-,9.00
340,SB12618492,340,"ŞCOALA GIMNAZIALĂ ""REGINA MARIA"" SIBIU",9.25,-,-,8.75,-,-,-,-,-,-,9.00
341,SB10086926,341,"ŞCOALA GIMNAZIALĂ ""MIHAI EMINESCU"" MEDIAŞ",9.15,-,-,8.85,-,-,-,-,-,-,9.00
342,SB10022360,342,ŞCOALA GIMNAZIALĂ NR. 13 SIBIU,9.10,-,-,8.90,-,-,-,-,-,-,9.00
343,SB9674012,343,"ŞCOALA GIMNAZIALĂ ""IOAN SLAVICI"" SIBIU",9.10,-,-,8.90,-,-,-,-,-,-,9.00
344,SB12804807,344,"ŞCOALA GIMNAZIALĂ ""CONSTANTIN IOAN MOTAŞ"" MEDIAŞ",9.05,-,-,8.95,-,-,-,-,-,-,9.00
345,SB726401,345,"COLEGIUL NAȚIONAL ""SAMUEL VON BRUKENTHAL"" SIBIU",9.00,-,-,9.00,-,-,Limba germana,9.00,-,-,9.00
346,SB11177251,346,"COLEGIUL NAȚIONAL ""SAMUEL VON BRUKENTHAL"" SIBIU",9.00,-,-,8.45,-,-,Limba germana,9.55,-,-,9.00
347,SB7504801,347,"ŞCOALA GIMNAZIALĂ ""MIHAI VITEAZU"" ŞELIMBĂR",8.90,-,-,9.10,-,-,-,-,-,-,9.00
348,SB9806967,348,ŞCOALA GIMNAZIALĂ NR. 8 SIBIU,8.90,-,-,9.10,-,-,-,-,-,-,9.00
349,SB9386254,349,ŞCOALA GIMNAZIALĂ NR. 3 CISNĂDIE,8.80,-,-,9.20,-,-,-,-,-,-,9.00
350,SB10427277,350,"LICEUL TEORETIC ""ONISIFOR GHIBU"" SIBIU",9.55,-,-,7.65,-,-,Limba germana,9.75,-,-,8.98
351,SB10388177,351,"ŞCOALA GIMNAZIALĂ ""NICOLAE IORGA"" SIBIU",9.75,-,-,8.20,-,-,-,-,-,-,8.97
352,SB10400242,352,"COLEGIUL NAȚIONAL ""OCTAVIAN GOGA"" SIBIU",9.75,-,-,8.20,-,-,-,-,-,-,8.97
353,SB10399149,353,ŞCOALA GIMNAZIALĂ NOCRICH,9.50,-,-,8.45,-,-,-,-,-,-,8.97
354,SB10022089,354,ŞCOALA GIMNAZIALĂ NR. 13 SIBIU,9.30,-,-,8.65,-,-,-,-,-,-,8.97
355,SB8502041,355,ŞCOALA GIMNAZIALĂ NR. 4 SIBIU,9.30,-,-,8.65,-,-,-,-,-,-,8.97
356,SB12259450,356,LICEUL ROMÂNO - FINLANDEZ ERI SIBIU,9.25,-,-,8.70,-,-,-,-,-,-,8.97
357,SB11084215,357,"COLEGIUL NAȚIONAL ""GHEORGHE LAZĂR"" SIBIU",8.85,-,-,9.10,-,-,-,-,-,-,8.97
358,SB10424797,358,"ŞCOALA GIMNAZIALĂ ""ION LUCA CARAGIALE"" SIBIU",8.80,-,-,9.15,-,-,-,-,-,-,8.97
359,SB1151801,359,"ŞCOALA GIMNAZIALĂ ""NICOLAE IORGA"" SIBIU",9.55,-,-,8.35,-,-,-,-,-,-,8.95
360,SB7904562,360,"ŞCOALA GIMNAZIALĂ ""IOAN BAN - DASCĂLU"" POIANA SIBIULUI",9.45,-,-,8.45,-,-,-,-,-,-,8.95
361,SB9386375,361,"LICEUL TEORETIC ""GUSTAV GÜNDISCH"" CISNĂDIE",9.40,-,-,8.50,-,-,-,-,-,-,8.95
362,SB11177250,362,"ŞCOALA GIMNAZIALĂ ""REGINA MARIA"" SIBIU",9.35,-,-,8.55,-,-,-,-,-,-,8.95
363,SB9805557,363,ŞCOALA GIMNAZIALĂ TĂLMACIU,9.35,-,-,8.55,-,-,-,-,-,-,8.95
364,SB12618929,364,"COLEGIUL NAȚIONAL ""OCTAVIAN GOGA"" SIBIU",9.25,-,-,8.30,-,-,Limba germana,9.30,-,-,8.95
365,SB10090306,365,"ŞCOALA GIMNAZIALĂ ""MIHAI EMINESCU"" MEDIAŞ",9.00,-,-,8.90,-,-,-,-,-,-,8.95
366,SB12616125,366,ŞCOALA GIMNAZIALĂ NR. 18 SIBIU,8.80,-,-,9.10,-,-,-,-,-,-,8.95
367,SB850201,367,"LICEUL TEORETIC ""CONSTANTIN NOICA"" SIBIU",8.80,-,-,9.10,-,-,-,-,-,-,8.95
368,SB10465542,368,"ŞCOALA GIMNAZIALĂ ""NICOLAE IORGA"" SIBIU",8.75,-,-,8.40,-,-,Limba germana,9.70,-,-,8.95
369,SB10298121,369,"ŞCOALA GIMNAZIALĂ ""RADU SELEJAN"" SIBIU",8.70,-,-,9.20,-,-,-,-,-,-,8.95
370,SB10425078,370,ŞCOALA GIMNAZIALĂ NR. 4 SIBIU,8.65,-,-,9.25,-,-,-,-,-,-,8.95
371,SB12652610,371,"COLEGIUL NAȚIONAL ""GHEORGHE LAZĂR"" SIBIU",8.60,-,-,9.30,-,-,-,-,-,-,8.95
372,SB10348513,372,"ŞCOALA GIMNAZIALĂ ""NICOLAE IORGA"" SIBIU",8.60,-,-,8.90,-,-,Limba germana,9.35,-,-,8.95
373,SB10486964,373,"LICEUL TEORETIC ""ONISIFOR GHIBU"" SIBIU",8.55,-,-,9.25,-,-,Limba germana,9.05,-,-,8.95
374,SB11074677,374,"COLEGIUL NAȚIONAL ""SAMUEL VON BRUKENTHAL"" SIBIU",8.55,-,-,8.70,-,-,Limba germana,9.60,-,-,8.95
375,SB11075679,375,"COLEGIUL NAȚIONAL ""SAMUEL VON BRUKENTHAL"" SIBIU",9.20,-,-,8.55,-,-,Limba germana,9.05,-,-,8.93
376,SB10016223,376,"LICEUL TEORETIC ""ONISIFOR GHIBU"" SIBIU",9.10,-,-,8.25,-,-,Limba germana,9.45,-,-,8.93
377,SB9726468,377,"COLEGIUL NAȚIONAL ""SAMUEL VON BRUKENTHAL"" SIBIU",9.05,-,-,8.25,-,-,Limba germana,9.50,-,-,8.93
378,SB10069145,378,"ŞCOALA GIMNAZIALĂ ""BATHORY ISTVAN"" MEDIAŞ",8.90,-,-,8.55,-,-,Limba maghiara,9.35,-,-,8.93
379,SB10423105,379,"COLEGIUL NAȚIONAL ""SAMUEL VON BRUKENTHAL"" SIBIU",8.50,-,-,9.05,-,-,Limba germana,9.25,-,-,8.93
380,SB9673771,380,"ŞCOALA GIMNAZIALĂ ""RADU SELEJAN"" SIBIU",9.70,-,-,8.15,-,-,-,-,-,-,8.92
381,SB8402178,381,ŞCOALA GIMNAZIALĂ RACOVIŢA,9.40,-,-,8.45,-,-,-,-,-,-,8.92
382,SB8715126,382,"COLEGIUL NAȚIONAL ""OCTAVIAN GOGA"" SIBIU",9.20,-,-,8.65,-,-,-,-,-,-,8.92
383,SB9146447,383,"ŞCOALA GIMNAZIALĂ ""MATEI BASARAB"" TURNU ROŞU",9.20,-,-,8.65,-,-,-,-,-,-,8.92
384,SB9684594,384,ŞCOALA GIMNAZIALĂ CRISTIAN,9.15,-,-,8.70,-,-,-,-,-,-,8.92
385,SB645801,385,"COLEGIUL NAȚIONAL ""OCTAVIAN GOGA"" SIBIU",8.85,-,-,9.00,-,-,-,-,-,-,8.92
386,SB10086356,386,"ŞCOALA GIMNAZIALĂ ""CIREŞARII"" MEDIAŞ",8.65,-,-,9.20,-,-,-,-,-,-,8.92
387,SB9594280,387,"LICEUL TEORETIC ""CONSTANTIN NOICA"" SIBIU",8.60,-,-,9.25,-,-,-,-,-,-,8.92
388,SB9821839,388,"ŞCOALA GIMNAZIALĂ ""MIHAI VITEAZU"" ŞELIMBĂR",8.60,-,-,9.25,-,-,-,-,-,-,8.92
389,SB10432792,389,"COLEGIUL NAȚIONAL ""SAMUEL VON BRUKENTHAL"" SIBIU",9.25,-,-,7.95,-,-,Limba germana,9.55,-,-,8.91
390,SB10464667,390,"COLEGIUL NAȚIONAL PEDAGOGIC ""ANDREI ŞAGUNA"" SIBIU",9.40,-,-,8.40,-,-,-,-,-,-,8.90
391,SB10716146,391,ŞCOALA GIMNAZIALĂ NR. 7 MEDIAŞ,9.30,-,-,8.50,-,-,-,-,-,-,8.90
392,SB10264488,392,ŞCOALA GIMNAZIALĂ NR. 13 SIBIU,9.25,-,-,8.55,-,-,-,-,-,-,8.90
393,SB10002267,393,"ŞCOALA GIMNAZIALĂ ""RADU SELEJAN"" SIBIU",9.20,-,-,8.60,-,-,-,-,-,-,8.90
394,SB9539876,394,"ŞCOALA GIMNAZIALĂ ""AUREL DECEI"" GURA RÂULUI",9.15,-,-,8.65,-,-,-,-,-,-,8.90
395,SB10408263,395,"ŞCOALA GIMNAZIALĂ ""REGINA MARIA"" SIBIU",9.10,-,-,8.70,-,-,-,-,-,-,8.90
396,SB10465898,396,"ŞCOALA GIMNAZIALĂ ""NICOLAE IORGA"" SIBIU",9.10,-,-,8.70,-,-,-,-,-,-,8.90
397,SB12615004,397,"LICEUL TEORETIC ""GHEORGHE LAZĂR"" AVRIG",8.95,-,-,8.85,-,-,-,-,-,-,8.90
398,SB12836284,398,ŞCOALA GIMNAZIALĂ NR. 21 SIBIU,8.90,-,-,8.90,-,-,-,-,-,-,8.90
399,SB10092259,399,ŞCOALA GIMNAZIALĂ NR. 18 SIBIU,8.85,-,-,8.95,-,-,-,-,-,-,8.90
400,SB10090730,400,"ŞCOALA GIMNAZIALĂ ""MIHAI EMINESCU"" MEDIAŞ",8.80,-,-,9.00,-,-,-,-,-,-,8.90
401,SB10173743,401,"COLEGIUL NAȚIONAL ""OCTAVIAN GOGA"" SIBIU",8.75,-,-,9.15,-,-,Limba germana,8.80,-,-,8.90
402,SB10448842,402,"ŞCOALA GIMNAZIALĂ ""RADU SELEJAN"" SIBIU",8.75,-,-,9.05,-,-,-,-,-,-,8.90
403,SB10348973,403,"COLEGIUL NAȚIONAL PEDAGOGIC ""ANDREI ŞAGUNA"" SIBIU",8.70,-,-,9.10,-,-,-,-,-,-,8.90
404,SB11014141,404,"COLEGIUL NAȚIONAL ""GHEORGHE LAZĂR"" SIBIU",8.65,-,-,9.15,-,-,-,-,-,-,8.90
405,SB11116641,405,"COLEGIUL NAȚIONAL ""GHEORGHE LAZĂR"" SIBIU",8.60,-,-,9.20,-,-,-,-,-,-,8.90
406,SB10989540,406,"ŞCOALA GIMNAZIALĂ ""ION LUCA CARAGIALE"" SIBIU",9.40,-,-,8.75,-,-,Limba germana,8.50,-,-,8.88
407,SB10309939,407,"LICEUL TEORETIC ""ROTH - OBERTH"" MEDIAŞ",9.25,-,-,8.70,-,-,Limba germana,8.70,-,-,8.88
408,SB10175183,408,"COLEGIUL NAȚIONAL ""SAMUEL VON BRUKENTHAL"" SIBIU",8.95,-,-,8.60,-,-,Limba germana,9.10,-,-,8.88
409,SB10106409,409,"COLEGIUL NAȚIONAL ""SAMUEL VON BRUKENTHAL"" SIBIU",8.50,-,-,8.55,-,-,Limba germana,9.60,-,-,8.88
410,SB10572424,410,ŞCOALA GIMNAZIALĂ NR. 12 SIBIU,9.55,-,-,8.20,-,-,-,-,-,-,8.87
411,SB10400086,411,"ŞCOALA GIMNAZIALĂ ""NICOLAE IORGA"" SIBIU",9.45,-,-,8.30,-,-,-,-,-,-,8.87
412,SB9065608,412,ŞCOALA GIMNAZIALĂ NR. 4 SIBIU,9.35,-,-,8.40,-,-,-,-,-,-,8.87
413,SB10492398,413,"ŞCOALA GIMNAZIALĂ ""ION LUCA CARAGIALE"" SIBIU",9.20,-,-,8.55,-,-,-,-,-,-,8.87
414,SB10386937,414,"COLEGIUL NAȚIONAL ""GHEORGHE LAZĂR"" SIBIU",9.15,-,-,8.60,-,-,-,-,-,-,8.87
415,SB8252313,415,"ŞCOALA GIMNAZIALĂ ""SAMUIL MICU"" SADU",9.15,-,-,8.60,-,-,-,-,-,-,8.87
416,SB10464148,416,"COLEGIUL NAȚIONAL ""OCTAVIAN GOGA"" SIBIU",9.10,-,-,8.65,-,-,-,-,-,-,8.87
417,SB9673912,417,ŞCOALA GIMNAZIALĂ NR. 8 SIBIU,9.05,-,-,8.70,-,-,-,-,-,-,8.87
418,SB7897855,418,"ŞCOALA GIMNAZIALĂ ""IOAN BAN - DASCĂLU"" POIANA SIBIULUI",9.00,-,-,8.75,-,-,-,-,-,-,8.87
419,SB10506509,419,"LICEUL TEORETIC ""CONSTANTIN NOICA"" SIBIU",8.90,-,-,8.85,-,-,-,-,-,-,8.87
420,SB10331741,420,"COLEGIUL NAȚIONAL ""OCTAVIAN GOGA"" SIBIU",8.85,-,-,8.90,-,-,-,-,-,-,8.87
421,SB9975639,421,"LICEUL TEHNOLOGIC ""IOAN LUPAŞ"" SĂLIŞTE",8.85,-,-,8.90,-,-,-,-,-,-,8.87
422,SB10084141,422,"LICEUL TEHNOLOGIC ""JOHANNES LEBEL"" TĂLMACIU",8.75,-,-,9.00,-,-,-,-,-,-,8.87
423,SB10098992,423,ŞCOALA GIMNAZIALĂ NR. 3 CISNĂDIE,8.75,-,-,9.00,-,-,-,-,-,-,8.87
424,SB12067451,424,ŞCOALA GIMNAZIALĂ LOAMNEŞ,8.70,-,-,9.05,-,-,-,-,-,-,8.87
425,SB10105955,425,"COLEGIUL NAȚIONAL ""GHEORGHE LAZĂR"" SIBIU",8.60,-,-,9.15,-,-,-,-,-,-,8.87
426,SB10421969,426,"COLEGIUL NAȚIONAL ""GHEORGHE LAZĂR"" SIBIU",8.45,-,-,9.30,-,-,-,-,-,-,8.87
427,SB10045965,427,"ŞCOALA GIMNAZIALĂ ""RADU SELEJAN"" SIBIU",8.35,-,-,9.40,-,-,-,-,-,-,8.87
428,SB9639878,428,"COLEGIUL NAȚIONAL ""SAMUEL VON BRUKENTHAL"" SIBIU",9.45,-,-,8.05,-,-,Limba germana,9.10,-,-,8.86
429,SB10545976,429,"LICEUL TEORETIC ""GUSTAV GÜNDISCH"" CISNĂDIE",9.25,-,-,8.80,-,-,Limba germana,8.55,-,-,8.86
430,SB8542541,430,"COLEGIUL NAȚIONAL ""SAMUEL VON BRUKENTHAL"" SIBIU",8.85,-,-,8.80,-,-,Limba germana,8.95,-,-,8.86
431,SB8562875,431,"ŞCOALA GIMNAZIALĂ ""ION LUCA CARAGIALE"" SIBIU",8.80,-,-,8.45,-,-,Limba germana,9.35,-,-,8.86
432,SB8541303,432,"ŞCOALA GIMNAZIALĂ ""NICOLAE IORGA"" SIBIU",8.80,-,-,8.40,-,-,Limba germana,9.40,-,-,8.86
433,SB9807216,433,"COLEGIUL NAȚIONAL ""SAMUEL VON BRUKENTHAL"" SIBIU",8.70,-,-,8.30,-,-,Limba germana,9.60,-,-,8.86
434,SB8995148,434,"COLEGIUL NAȚIONAL ""OCTAVIAN GOGA"" SIBIU",9.45,-,-,8.25,-,-,-,-,-,-,8.85
435,SB10301388,435,ŞCOALA GIMNAZIALĂ NR. 1 SIBIU,9.30,-,-,8.40,-,-,-,-,-,-,8.85
436,SB8100406,436,"ŞCOALA GIMNAZIALĂ ""REGINA MARIA"" SIBIU",9.30,-,-,8.40,-,-,-,-,-,-,8.85
437,SB9975552,437,ŞCOALA GIMNAZIALĂ NR. 3 CISNĂDIE,9.20,-,-,8.50,-,-,-,-,-,-,8.85
438,SB10427511,438,"COLEGIUL NAȚIONAL ""SAMUEL VON BRUKENTHAL"" SIBIU",9.20,-,-,8.45,-,-,Limba germana,8.90,-,-,8.85
439,SB9065329,439,"ŞCOALA GIMNAZIALĂ ""NICOLAE IORGA"" SIBIU",9.15,-,-,8.55,-,-,-,-,-,-,8.85
440,SB9081219,440,"ŞCOALA GIMNAZIALĂ ""OCTAVIAN GOGA"" RĂŞINARI",9.10,-,-,8.60,-,-,-,-,-,-,8.85
441,SB13923046,441,"ŞCOALA GIMNAZIALĂ ""MIHAI VITEAZU"" ŞELIMBĂR",9.05,-,-,8.65,-,-,-,-,-,-,8.85
442,SB10326801,442,"LICEUL TEHNOLOGIC ""ILIE MĂCELARIU"" MIERCUREA SIBIULUI",9.00,-,-,8.70,-,-,-,-,-,-,8.85
443,SB9898735,443,"ŞCOALA GIMNAZIALĂ ""NICOLAE IORGA"" SIBIU",9.00,-,-,8.70,-,-,-,-,-,-,8.85
444,SB10537296,444,ŞCOALA GIMNAZIALĂ NR. 21 SIBIU,8.95,-,-,8.75,-,-,-,-,-,-,8.85
445,SB9604750,445,"LICEUL TEORETIC ""GUSTAV GÜNDISCH"" CISNĂDIE",8.85,-,-,8.90,-,-,Limba germana,8.80,-,-,8.85
446,SB10353563,446,ŞCOALA GIMNAZIALĂ NR. 3 CISNĂDIE,8.80,-,-,8.90,-,-,-,-,-,-,8.85
447,SB12259437,447,"ŞCOALA GIMNAZIALĂ ""ION LUCA CARAGIALE"" SIBIU",8.80,-,-,8.90,-,-,-,-,-,-,8.85
448,SB10423645,448,ŞCOALA GIMNAZIALĂ NR. 8 SIBIU,8.45,-,-,9.25,-,-,-,-,-,-,8.85
449,SB10465932,449,"COLEGIUL NAȚIONAL ""OCTAVIAN GOGA"" SIBIU",8.40,-,-,9.30,-,-,-,-,-,-,8.85
450,SB10487818,450,ŞCOALA GIMNAZIALĂ NR. 4 SIBIU,8.35,-,-,9.40,-,-,Limba germana,8.80,-,-,8.85
451,SB9103752,451,"COLEGIUL NAȚIONAL ""OCTAVIAN GOGA"" SIBIU",8.30,-,-,9.40,-,-,-,-,-,-,8.85
452,SB11079089,452,"COLEGIUL NAȚIONAL ""OCTAVIAN GOGA"" SIBIU",9.40,-,-,8.40,-,-,Limba germana,8.70,-,-,8.83
453,SB10465694,453,"ŞCOALA GIMNAZIALĂ ""NICOLAE IORGA"" SIBIU",8.15,-,-,8.65,-,-,Limba germana,9.70,-,-,8.83
454,SB10406223,454,"ŞCOALA GIMNAZIALĂ ""RADU SELEJAN"" SIBIU",9.40,-,-,8.25,-,-,-,-,-,-,8.82
455,SB11073494,455,"ŞCOALA GIMNAZIALĂ ""REGINA MARIA"" SIBIU",9.35,-,-,8.30,-,-,-,-,-,-,8.82
456,SB10297489,456,"ŞCOALA GIMNAZIALĂ ""CONSTANTIN IOAN MOTAŞ"" MEDIAŞ",9.30,-,-,8.35,-,-,-,-,-,-,8.82
457,SB9931009,457,"LICEUL TEHNOLOGIC ""JOHANNES LEBEL"" TĂLMACIU",9.20,-,-,8.45,-,-,-,-,-,-,8.82
458,SB10123342,458,"ŞCOALA GIMNAZIALĂ ""REGINA MARIA"" SIBIU",9.10,-,-,8.55,-,-,-,-,-,-,8.82
459,SB10386609,459,"COLEGIUL NAȚIONAL ""OCTAVIAN GOGA"" SIBIU",9.00,-,-,8.65,-,-,-,-,-,-,8.82
460,SB7897552,460,"ŞCOALA GIMNAZIALĂ ""IOAN BAN - DASCĂLU"" POIANA SIBIULUI",8.85,-,-,8.80,-,-,-,-,-,-,8.82
461,SB9076404,461,"ŞCOALA GIMNAZIALĂ ""REGINA MARIA"" SIBIU",8.85,-,-,8.80,-,-,-,-,-,-,8.82
462,SB12297695,462,"ŞCOALA GIMNAZIALĂ ""IOAN SLAVICI"" SIBIU",8.65,-,-,9.00,-,-,-,-,-,-,8.82
463,SB10294481,463,"ŞCOALA GIMNAZIALĂ ""REGINA MARIA"" SIBIU",8.40,-,-,9.25,-,-,-,-,-,-,8.82
464,SB12321784,464,ŞCOALA GIMNAZIALĂ NR. 4 SIBIU,9.65,-,-,8.15,-,-,Limba germana,8.65,-,-,8.81
465,SB8994682,465,"COLEGIUL NAȚIONAL ""OCTAVIAN GOGA"" SIBIU",9.15,-,-,7.70,-,-,Limba germana,9.60,-,-,8.81
466,SB10174943,466,"COLEGIUL NAȚIONAL ""SAMUEL VON BRUKENTHAL"" SIBIU",8.70,-,-,9.10,-,-,Limba germana,8.65,-,-,8.81
467,SB2693651,467,"LICEUL TEORETIC ""GUSTAV GÜNDISCH"" CISNĂDIE",9.65,-,-,7.95,-,-,-,-,-,-,8.80
468,SB10295118,468,"ŞCOALA GIMNAZIALĂ ""RADU SELEJAN"" SIBIU",9.55,-,-,8.05,-,-,-,-,-,-,8.80
469,SB866151,469,"COLEGIUL NAȚIONAL ""OCTAVIAN GOGA"" SIBIU",9.40,-,-,8.20,-,-,-,-,-,-,8.80
470,SB9727226,470,ŞCOALA GIMNAZIALĂ CRISTIAN,9.20,-,-,8.40,-,-,-,-,-,-,8.80
471,SB9675023,471,"ŞCOALA GIMNAZIALĂ ""IOAN SLAVICI"" SIBIU",9.15,-,-,8.45,-,-,-,-,-,-,8.80
472,SB11013868,472,"COLEGIUL NAȚIONAL ""SAMUEL VON BRUKENTHAL"" SIBIU",9.10,-,-,7.50,-,-,Limba germana,9.80,-,-,8.80
473,SB10360159,473,ŞCOALA GIMNAZIALĂ TILIŞCA,9.05,-,-,8.55,-,-,-,-,-,-,8.80
474,SB9093950,474,"ŞCOALA GIMNAZIALĂ ""SAVA POPOVICI BARCIANU"" RĂŞINARI",9.00,-,-,8.60,-,-,-,-,-,-,8.80
475,SB12615868,475,ŞCOALA GIMNAZIALĂ NR. 4 SIBIU,8.95,-,-,8.65,-,-,-,-,-,-,8.80
476,SB9674992,476,ŞCOALA GIMNAZIALĂ NR. 8 SIBIU,8.90,-,-,8.70,-,-,-,-,-,-,8.80
477,SB12323928,477,"COLEGIUL NAȚIONAL ""SAMUEL VON BRUKENTHAL"" SIBIU",8.70,-,-,8.15,-,-,Limba germana,9.55,-,-,8.80
478,SB641051,478,"ŞCOALA GIMNAZIALĂ ""REGINA MARIA"" SIBIU",8.65,-,-,8.95,-,-,-,-,-,-,8.80
479,SB8672090,479,"LICEUL ""AUGUST TREBONIU LAURIAN"" AGNITA",8.65,-,-,8.95,-,-,-,-,-,-,8.80
480,SB10464366,480,"COLEGIUL NAȚIONAL PEDAGOGIC ""ANDREI ŞAGUNA"" SIBIU",8.50,-,-,9.10,-,-,-,-,-,-,8.80
481,SB10598853,481,ŞCOALA GIMNAZIALĂ NR. 3 CISNĂDIE,8.50,-,-,9.10,-,-,-,-,-,-,8.80
482,SB8997416,482,"COLEGIUL NAȚIONAL ""GHEORGHE LAZĂR"" SIBIU",8.50,-,-,9.10,-,-,-,-,-,-,8.80
483,SB9909043,483,"LICEUL TEHNOLOGIC ""IOAN LUPAŞ"" SĂLIŞTE",8.50,-,-,9.10,-,-,-,-,-,-,8.80
484,SB10407994,484,ŞCOALA GIMNAZIALĂ NR. 25 SIBIU,8.45,-,-,9.15,-,-,-,-,-,-,8.80
485,SB10681371,485,ŞCOALA GIMNAZIALĂ NR. 21 SIBIU,8.40,-,-,9.20,-,-,-,-,-,-,8.80
486,SB9940740,486,"LICEUL TEHNOLOGIC ""IOAN LUPAŞ"" SĂLIŞTE",8.30,-,-,9.30,-,-,-,-,-,-,8.80
487,SB10097441,487,"COLEGIUL NAȚIONAL ""SAMUEL VON BRUKENTHAL"" SIBIU",9.40,-,-,8.10,-,-,Limba germana,8.85,-,-,8.78
488,SB10096035,488,"LICEUL TEORETIC ""ROTH - OBERTH"" MEDIAŞ",9.00,-,-,8.10,-,-,Limba germana,9.25,-,-,8.78
489,SB10408662,489,"COLEGIUL NAȚIONAL ""SAMUEL VON BRUKENTHAL"" SIBIU",8.15,-,-,8.90,-,-,Limba germana,9.30,-,-,8.78
490,SB10294081,490,"ŞCOALA GIMNAZIALĂ ""REGELE FERDINAND"" SIBIU",9.40,-,-,8.15,-,-,-,-,-,-,8.77
491,SB9130348,491,"ŞCOALA GIMNAZIALĂ ""OCTAVIAN GOGA"" RĂŞINARI",9.15,-,-,8.40,-,-,-,-,-,-,8.77
492,SB11173306,492,"COLEGIUL NAȚIONAL ""GHEORGHE LAZĂR"" SIBIU",9.10,-,-,8.45,-,-,-,-,-,-,8.77
493,SB10348819,493,"COLEGIUL NAȚIONAL ""OCTAVIAN GOGA"" SIBIU",9.05,-,-,8.50,-,-,-,-,-,-,8.77
494,SB10348915,494,"COLEGIUL NAȚIONAL ""OCTAVIAN GOGA"" SIBIU",9.05,-,-,8.50,-,-,-,-,-,-,8.77
495,SB14991111,495,LICEUL ROMÂNO - FINLANDEZ ERI SIBIU,9.05,-,-,8.50,-,-,-,-,-,-,8.77
496,SB9938195,496,"ŞCOALA GIMNAZIALĂ ""RADU SELEJAN"" SIBIU",9.05,-,-,8.50,-,-,-,-,-,-,8.77
497,SB10824502,497,"ŞCOALA GIMNAZIALĂ ""ION LUCA CARAGIALE"" SIBIU",9.00,-,-,8.55,-,-,-,-,-,-,8.77
498,SB8876104,498,"ŞCOALA GIMNAZIALĂ ""MIHAI VITEAZU"" ŞELIMBĂR",9.00,-,-,8.55,-,-,-,-,-,-,8.77
499,SB2523851,499,ŞCOALA GIMNAZIALĂ NR. 2 CISNĂDIE,8.90,-,-,8.65,-,-,-,-,-,-,8.77
500,SB8251806,500,"ŞCOALA GIMNAZIALĂ ""SAMUIL MICU"" SADU",8.85,-,-,8.70,-,-,-,-,-,-,8.77
501,SB10495507,501,ŞCOALA GIMNAZIALĂ NR. 4 MEDIAŞ,8.75,-,-,8.80,-,-,-,-,-,-,8.77
502,SB9083257,502,"COLEGIUL NAȚIONAL ""OCTAVIAN GOGA"" SIBIU",8.70,-,-,8.85,-,-,-,-,-,-,8.77
503,SB10349334,503,LICEUL ROMÂNO - FINLANDEZ ERI SIBIU,8.65,-,-,8.90,-,-,-,-,-,-,8.77
504,SB10600247,504,"COLEGIUL NAȚIONAL ""GHEORGHE LAZĂR"" SIBIU",8.65,-,-,8.90,-,-,-,-,-,-,8.77
505,SB638551,505,ŞCOALA GIMNAZIALĂ NR. 1 SIBIU,8.65,-,-,8.90,-,-,-,-,-,-,8.77
506,SB8398188,506,ŞCOALA GIMNAZIALĂ RACOVIŢA,8.45,-,-,9.10,-,-,-,-,-,-,8.77
507,SB8665420,507,"LICEUL ""AUGUST TREBONIU LAURIAN"" AGNITA",8.40,-,-,9.15,-,-,-,-,-,-,8.77
508,SB10349297,508,"COLEGIUL NAȚIONAL ""OCTAVIAN GOGA"" SIBIU",8.20,-,-,9.35,-,-,-,-,-,-,8.77
509,SB11075466,509,"ŞCOALA GIMNAZIALĂ ""NICOLAE IORGA"" SIBIU",8.70,-,-,8.75,-,-,Limba germana,8.85,-,-,8.76
510,SB9588615,510,"LICEUL TEORETIC ""GUSTAV GÜNDISCH"" CISNĂDIE",8.45,-,-,9.15,-,-,Limba germana,8.70,-,-,8.76
511,SB10046043,511,"ŞCOALA GIMNAZIALĂ ""RADU SELEJAN"" SIBIU",9.60,-,-,7.90,-,-,-,-,-,-,8.75
512,SB13169375,512,ŞCOALA GIMNAZIALĂ NR. 25 SIBIU,9.55,-,-,7.95,-,-,-,-,-,-,8.75
513,SB10448097,513,ŞCOALA GIMNAZIALĂ NR. 4 SIBIU,9.35,-,-,8.15,-,-,-,-,-,-,8.75
514,SB6269551,514,"LICEUL TEORETIC ""ONISIFOR GHIBU"" SIBIU",9.30,-,-,7.35,-,-,Limba germana,9.60,-,-,8.75
515,SB11078093,515,"ŞCOALA GIMNAZIALĂ ""CIREŞARII"" MEDIAŞ",9.10,-,-,8.40,-,-,-,-,-,-,8.75
516,SB11159456,516,ŞCOALA GIMNAZIALĂ CRISTIAN,9.10,-,-,8.40,-,-,-,-,-,-,8.75
517,SB9726749,517,LICEUL DE ARTĂ SIBIU,9.05,-,-,8.45,-,-,-,-,-,-,8.75
518,SB8885141,518,"ŞCOALA GIMNAZIALĂ ""MIHAI VITEAZU"" ŞELIMBĂR",9.00,-,-,8.50,-,-,-,-,-,-,8.75
519,SB10327915,519,"ŞCOALA GIMNAZIALĂ ""CIREŞARII"" MEDIAŞ",8.95,-,-,8.55,-,-,-,-,-,-,8.75
520,SB10960329,520,"COLEGIUL NAȚIONAL ""GHEORGHE LAZĂR"" SIBIU",8.95,-,-,8.55,-,-,-,-,-,-,8.75
521,SB646251,521,ŞCOALA GIMNAZIALĂ NR. 1 SIBIU,8.95,-,-,8.55,-,-,-,-,-,-,8.75
522,SB12297588,522,"LICEUL TEORETIC ""CONSTANTIN NOICA"" SIBIU",8.85,-,-,8.65,-,-,-,-,-,-,8.75
523,SB9859885,523,"ŞCOALA GIMNAZIALĂ ""RADU SELEJAN"" SIBIU",8.85,-,-,8.65,-,-,-,-,-,-,8.75
524,SB10848316,524,ŞCOALA GIMNAZIALĂ NR. 18 SIBIU,8.75,-,-,8.75,-,-,-,-,-,-,8.75
525,SB10439961,525,ŞCOALA GIMNAZIALĂ NR. 4 SIBIU,8.60,-,-,8.90,-,-,-,-,-,-,8.75
526,SB10522875,526,"ŞCOALA GIMNAZIALĂ ""ION LUCA CARAGIALE"" SIBIU",8.60,-,-,8.90,-,-,-,-,-,-,8.75
527,SB12321786,527,"COLEGIUL NAȚIONAL ""SAMUEL VON BRUKENTHAL"" SIBIU",8.90,-,-,7.80,-,-,Limba germana,9.50,-,-,8.73
528,SB8724968,528,"COLEGIUL NAȚIONAL ""SAMUEL VON BRUKENTHAL"" SIBIU",8.80,-,-,7.75,-,-,Limba germana,9.65,-,-,8.73
529,SB8548022,529,ŞCOALA GIMNAZIALĂ NR. 4 SIBIU,8.40,-,-,8.95,-,-,Limba germana,8.85,-,-,8.73
530,SB10547541,530,ŞCOALA GIMNAZIALĂ NR. 4 SIBIU,8.30,-,-,8.75,-,-,Limba germana,9.15,-,-,8.73
531,SB10545096,531,"LICEUL TEORETIC ""GUSTAV GÜNDISCH"" CISNĂDIE",8.25,-,-,9.20,-,-,Limba germana,8.75,-,-,8.73
532,SB9101378,532,ŞCOALA GIMNAZIALĂ NR. 25 SIBIU,9.55,-,-,7.90,-,-,-,-,-,-,8.72
533,SB9375719,533,ŞCOALA GIMNAZIALĂ NR. 1 SIBIU,9.05,-,-,8.40,-,-,-,-,-,-,8.72
534,SB9682953,534,"LICEUL TEORETIC ""CONSTANTIN NOICA"" SIBIU",9.05,-,-,8.40,-,-,-,-,-,-,8.72
535,SB10521963,535,ŞCOALA GIMNAZIALĂ NR. 13 SIBIU,9.00,-,-,8.45,-,-,-,-,-,-,8.72
536,SB12118723,536,"COLEGIUL NAȚIONAL ""OCTAVIAN GOGA"" SIBIU",9.00,-,-,8.45,-,-,-,-,-,-,8.72
537,SB12016761,537,ŞCOALA GIMNAZIALĂ NR. 4 SIBIU,8.95,-,-,8.50,-,-,-,-,-,-,8.72
538,SB10348494,538,"ŞCOALA GIMNAZIALĂ ""REGINA MARIA"" SIBIU",8.70,-,-,8.75,-,-,-,-,-,-,8.72
539,SB10407787,539,"ŞCOALA GIMNAZIALĂ ""NICOLAE IORGA"" SIBIU",8.45,-,-,9.05,-,-,Limba germana,8.65,-,-,8.71
540,SB10175358,540,"COLEGIUL NAȚIONAL ""SAMUEL VON BRUKENTHAL"" SIBIU",9.40,-,-,7.40,-,-,Limba germana,9.30,-,-,8.70
541,SB9807064,541,ŞCOALA GIMNAZIALĂ NR. 8 SIBIU,9.35,-,-,8.05,-,-,-,-,-,-,8.70
542,SB9530419,542,ŞCOALA GIMNAZIALĂ NR. 8 SIBIU,9.25,-,-,8.15,-,-,-,-,-,-,8.70
543,SB12297719,543,"COLEGIUL NAȚIONAL ""SAMUEL VON BRUKENTHAL"" SIBIU",9.25,-,-,7.10,-,-,Limba germana,9.75,-,-,8.70
544,SB10844091,544,"LICEUL TEORETIC ""CONSTANTIN NOICA"" SIBIU",9.05,-,-,8.35,-,-,-,-,-,-,8.70
545,SB10341113,545,ŞCOALA GIMNAZIALĂ NR. 4 SIBIU,8.80,-,-,8.60,-,-,-,-,-,-,8.70
546,SB9005164,546,"ŞCOALA GIMNAZIALĂ ""REGINA MARIA"" SIBIU",8.80,-,-,8.60,-,-,-,-,-,-,8.70
547,SB7905315,547,"ŞCOALA GIMNAZIALĂ ""IOAN BAN - DASCĂLU"" POIANA SIBIULUI",8.65,-,-,8.75,-,-,-,-,-,-,8.70
548,SB12297700,548,"ŞCOALA GIMNAZIALĂ ""IOAN SLAVICI"" SIBIU",8.60,-,-,8.80,-,-,-,-,-,-,8.70
549,SB12613935,549,ŞCOALA GIMNAZIALĂ NR. 18 SIBIU,8.50,-,-,8.90,-,-,-,-,-,-,8.70
550,SB9991239,550,ŞCOALA GIMNAZIALĂ NR. 4 SIBIU,8.50,-,-,8.90,-,-,-,-,-,-,8.70
551,SB12615694,551,"ŞCOALA GIMNAZIALĂ ""NICOLAE IORGA"" SIBIU",9.15,-,-,8.20,-,-,Limba germana,8.70,-,-,8.68
552,SB14740397,552,"LICEUL TEORETIC ""GUSTAV GÜNDISCH"" CISNĂDIE",8.70,-,-,8.70,-,-,Limba germana,8.65,-,-,8.68
553,SB10487189,553,"COLEGIUL NAȚIONAL ""OCTAVIAN GOGA"" SIBIU",8.60,-,-,8.40,-,-,Limba germana,9.05,-,-,8.68
554,SB658751,554,"COLEGIUL NAȚIONAL ""SAMUEL VON BRUKENTHAL"" SIBIU",8.50,-,-,8.35,-,-,Limba germana,9.20,-,-,8.68
555,SB8724131,555,"ŞCOALA GIMNAZIALĂ ""NICOLAE IORGA"" SIBIU",8.30,-,-,8.45,-,-,Limba germana,9.30,-,-,8.68
556,SB10126859,556,ŞCOALA GIMNAZIALĂ NR. 1 SIBIU,9.25,-,-,8.10,-,-,-,-,-,-,8.67
557,SB10412515,557,"ŞCOALA GIMNAZIALĂ ""ION POP RETEGANUL"" ORLAT",9.00,-,-,8.35,-,-,-,-,-,-,8.67
558,SB10399778,558,ŞCOALA GIMNAZIALĂ NR. 1 SIBIU,8.90,-,-,8.45,-,-,-,-,-,-,8.67
559,SB3980601,559,ŞCOALA GIMNAZIALĂ NR. 4 SIBIU,8.85,-,-,8.50,-,-,-,-,-,-,8.67
560,SB9529758,560,"ŞCOALA GIMNAZIALĂ ""NICOLAE IORGA"" SIBIU",8.80,-,-,8.55,-,-,-,-,-,-,8.67
561,SB9674139,561,ŞCOALA GIMNAZIALĂ NR. 8 SIBIU,8.65,-,-,8.70,-,-,-,-,-,-,8.67
562,SB9942203,562,"LICEUL TEHNOLOGIC ""IOAN LUPAŞ"" SĂLIŞTE",8.65,-,-,8.70,-,-,-,-,-,-,8.67
563,SB9277760,563,ŞCOALA GIMNAZIALĂ NR. 25 SIBIU,8.60,-,-,8.75,-,-,-,-,-,-,8.67
564,SB10321485,564,ŞCOALA GIMNAZIALĂ NR. 7 MEDIAŞ,8.55,-,-,8.80,-,-,-,-,-,-,8.67
565,SB11008867,565,ŞCOALA GIMNAZIALĂ NR. 18 SIBIU,8.55,-,-,8.80,-,-,-,-,-,-,8.67
566,SB12098341,566,"ŞCOALA GIMNAZIALĂ ""REGINA MARIA"" SIBIU",8.55,-,-,8.80,-,-,-,-,-,-,8.67
567,SB9147785,567,"ŞCOALA GIMNAZIALĂ ""MATEI BASARAB"" TURNU ROŞU",8.55,-,-,8.80,-,-,-,-,-,-,8.67
568,SB9902244,568,ŞCOALA GIMNAZIALĂ NR. 21 SIBIU,8.50,-,-,8.85,-,-,-,-,-,-,8.67
569,SB10383498,569,"COLEGIUL NAȚIONAL ""GHEORGHE LAZĂR"" SIBIU",8.45,-,-,8.90,-,-,-,-,-,-,8.67
570,SB12099971,570,"ŞCOALA GIMNAZIALĂ ""REGINA MARIA"" SIBIU",8.30,-,-,9.05,-,-,-,-,-,-,8.67
571,SB3978501,571,ŞCOALA GIMNAZIALĂ NR. 18 SIBIU,8.30,-,-,9.05,-,-,-,-,-,-,8.67
572,SB8547347,572,ŞCOALA GIMNAZIALĂ NR. 8 SIBIU,8.25,-,-,9.10,-,-,-,-,-,-,8.67
573,SB12619705,573,LICEUL ROMÂNO - FINLANDEZ ERI SIBIU,8.10,-,-,9.25,-,-,-,-,-,-,8.67
574,SB10423008,574,"ŞCOALA GIMNAZIALĂ ""NICOLAE IORGA"" SIBIU",8.70,-,-,8.75,-,-,Limba germana,8.55,-,-,8.66
575,SB10400183,575,ŞCOALA GIMNAZIALĂ NR. 13 SIBIU,9.20,-,-,8.10,-,-,-,-,-,-,8.65
576,SB7504101,576,ŞCOALA GIMNAZIALĂ NR. 21 SIBIU,9.20,-,-,8.10,-,-,-,-,-,-,8.65
577,SB9005001,577,ŞCOALA GIMNAZIALĂ NR. 8 SIBIU,9.20,-,-,8.10,-,-,-,-,-,-,8.65
578,SB12009570,578,"COLEGIUL NAȚIONAL ""GHEORGHE LAZĂR"" SIBIU",9.05,-,-,8.25,-,-,-,-,-,-,8.65
579,SB13963353,579,"ŞCOALA GIMNAZIALĂ ""OCTAVIAN GOGA"" RĂŞINARI",9.05,-,-,8.25,-,-,-,-,-,-,8.65
580,SB10408620,580,"COLEGIUL NAȚIONAL ""SAMUEL VON BRUKENTHAL"" SIBIU",8.95,-,-,8.30,-,-,Limba germana,8.70,-,-,8.65
581,SB12616718,581,"COLEGIUL NAȚIONAL ""SAMUEL VON BRUKENTHAL"" SIBIU",8.90,-,-,7.40,-,-,Limba germana,9.65,-,-,8.65
582,SB12015641,582,ŞCOALA GIMNAZIALĂ NR. 25 SIBIU,8.70,-,-,8.60,-,-,-,-,-,-,8.65
583,SB14748591,583,"ŞCOALA GIMNAZIALĂ ""MIHAI EMINESCU"" MEDIAŞ",8.70,-,-,8.60,-,-,-,-,-,-,8.65
584,SB8227129,584,"ŞCOALA GIMNAZIALĂ ""SAMUIL MICU"" SADU",8.45,-,-,8.85,-,-,-,-,-,-,8.65
585,SB10723191,585,"ŞCOALA GIMNAZIALĂ ""NICOLAE IORGA"" SIBIU",8.40,-,-,8.90,-,-,-,-,-,-,8.65
586,SB12616624,586,"ŞCOALA GIMNAZIALĂ ""REGELE FERDINAND"" SIBIU",8.40,-,-,8.90,-,-,-,-,-,-,8.65
587,SB9818195,587,"LICEUL TEORETIC ""GHEORGHE LAZĂR"" AVRIG",8.40,-,-,8.90,-,-,-,-,-,-,8.65
588,SB12823434,588,"COLEGIUL NAȚIONAL ""OCTAVIAN GOGA"" SIBIU",8.80,-,-,8.95,-,-,Limba germana,8.15,-,-,8.63
589,SB8428901,589,ŞCOALA GIMNAZIALĂ NR. 4 SIBIU,8.75,-,-,9.40,-,-,Limba germana,7.75,-,-,8.63
590,SB10021600,590,ŞCOALA GIMNAZIALĂ NR. 13 SIBIU,9.45,-,-,7.80,-,-,-,-,-,-,8.62
591,SB8036772,591,"ŞCOALA GIMNAZIALĂ ""REGINA MARIA"" SIBIU",9.25,-,-,8.00,-,-,-,-,-,-,8.62
592,SB10072757,592,"ŞCOALA GIMNAZIALĂ ""CIREŞARII"" MEDIAŞ",9.05,-,-,8.20,-,-,-,-,-,-,8.62
593,SB10342606,593,"ŞCOALA GIMNAZIALĂ ""CONSTANTIN IOAN MOTAŞ"" MEDIAŞ",9.00,-,-,8.25,-,-,-,-,-,-,8.62
594,SB12083583,594,"ŞCOALA GIMNAZIALĂ ""REGINA MARIA"" SIBIU",8.95,-,-,8.30,-,-,-,-,-,-,8.62
595,SB10302206,595,"ŞCOALA GIMNAZIALĂ ""RADU SELEJAN"" SIBIU",8.85,-,-,8.40,-,-,-,-,-,-,8.62
596,SB7897617,596,"ŞCOALA GIMNAZIALĂ ""IOAN BAN - DASCĂLU"" POIANA SIBIULUI",8.85,-,-,8.40,-,-,-,-,-,-,8.62
597,SB9838350,597,ŞCOALA GIMNAZIALĂ LOAMNEŞ,8.85,-,-,8.40,-,-,-,-,-,-,8.62
598,SB12574083,598,"ŞCOALA GIMNAZIALĂ ""NICOLAE IORGA"" SIBIU",8.65,-,-,8.60,-,-,-,-,-,-,8.62
599,SB10458568,599,"ŞCOALA GIMNAZIALĂ ""REGINA MARIA"" SIBIU",8.55,-,-,8.70,-,-,-,-,-,-,8.62
600,SB10563929,600,ŞCOALA GIMNAZIALĂ NR. 18 SIBIU,8.50,-,-,8.75,-,-,-,-,-,-,8.62
601,SB8454829,601,"ŞCOALA GIMNAZIALĂ ""RADU SELEJAN"" SIBIU",8.50,-,-,8.75,-,-,-,-,-,-,8.62
602,SB3979051,602,ŞCOALA GIMNAZIALĂ NR. 18 SIBIU,8.30,-,-,8.95,-,-,-,-,-,-,8.62
603,SB10124384,603,"ŞCOALA GIMNAZIALĂ ""NICOLAE IORGA"" SIBIU",8.25,-,-,9.00,-,-,-,-,-,-,8.62
604,SB10325538,604,"ŞCOALA GIMNAZIALĂ ""CIREŞARII"" MEDIAŞ",8.25,-,-,9.00,-,-,-,-,-,-,8.62
605,SB12615336,605,"ŞCOALA GIMNAZIALĂ ""NICOLAE IORGA"" SIBIU",8.85,-,-,7.10,-,-,Limba germana,9.90,-,-,8.61
606,SB8419891,606,ŞCOALA GIMNAZIALĂ NR. 4 SIBIU,8.35,-,-,8.95,-,-,Limba germana,8.55,-,-,8.61
607,SB10548577,607,"ŞCOALA GIMNAZIALĂ ""NICOLAE IORGA"" SIBIU",8.90,-,-,8.90,-,-,Limba germana,8.00,-,-,8.60
608,SB9131544,608,ŞCOALA GIMNAZIALĂ NR. 25 SIBIU,8.90,-,-,8.30,-,-,-,-,-,-,8.60
609,SB10502605,609,"ŞCOALA GIMNAZIALĂ ""ION LUCA CARAGIALE"" SIBIU",8.80,-,-,8.40,-,-,-,-,-,-,8.60
610,SB11156704,610,"LICEUL TEORETIC ""GUSTAV GÜNDISCH"" CISNĂDIE",8.75,-,-,9.10,-,-,Limba germana,7.95,-,-,8.60
611,SB6499451,611,"ŞCOALA GIMNAZIALĂ ""REGINA MARIA"" SIBIU",8.70,-,-,8.50,-,-,-,-,-,-,8.60
612,SB7890127,612,"COLEGIUL NAȚIONAL ""OCTAVIAN GOGA"" SIBIU",8.65,-,-,8.55,-,-,-,-,-,-,8.60
613,SB10465850,613,"ŞCOALA GIMNAZIALĂ ""REGINA MARIA"" SIBIU",8.55,-,-,8.65,-,-,-,-,-,-,8.60
614,SB9538445,614,ŞCOALA GIMNAZIALĂ NR. 8 SIBIU,8.55,-,-,8.65,-,-,-,-,-,-,8.60
615,SB9804984,615,"ŞCOALA GIMNAZIALĂ ""IOAN SLAVICI"" SIBIU",8.50,-,-,8.70,-,-,-,-,-,-,8.60
616,SB10110541,616,ŞCOALA GIMNAZIALĂ NR. 13 SIBIU,8.45,-,-,8.75,-,-,-,-,-,-,8.60
617,SB10087379,617,"ŞCOALA GIMNAZIALĂ ""NICOLAE IORGA"" SIBIU",8.40,-,-,8.40,-,-,Limba germana,9.00,-,-,8.60
618,SB12055936,618,"COLEGIUL NAȚIONAL ""OCTAVIAN GOGA"" SIBIU",8.35,-,-,8.85,-,-,-,-,-,-,8.60
619,SB10499656,619,"ŞCOALA GIMNAZIALĂ ""NICOLAE IORGA"" SIBIU",8.25,-,-,8.95,-,-,-,-,-,-,8.60
620,SB9529540,620,"ŞCOALA GIMNAZIALĂ ""IOAN SLAVICI"" SIBIU",8.25,-,-,8.95,-,-,-,-,-,-,8.60
621,SB9782250,621,ŞCOALA GIMNAZIALĂ NR. 4 SIBIU,8.10,-,-,9.25,-,-,Limba germana,8.45,-,-,8.60
622,SB7903914,622,"ŞCOALA GIMNAZIALĂ ""IOAN BAN - DASCĂLU"" POIANA SIBIULUI",8.10,-,-,9.10,-,-,-,-,-,-,8.60
623,SB9082983,623,"LICEUL TEORETIC ""ONISIFOR GHIBU"" SIBIU",8.75,-,-,7.85,-,-,Limba germana,9.15,-,-,8.58
624,SB10351536,624,"ŞCOALA GIMNAZIALĂ ""NICOLAE IORGA"" SIBIU",8.00,-,-,8.65,-,-,Limba germana,9.10,-,-,8.58
625,SB7896780,625,"ŞCOALA GIMNAZIALĂ ""RADU SELEJAN"" SIBIU",9.65,-,-,7.50,-,-,-,-,-,-,8.57
626,SB11009295,626,"COLEGIUL NAȚIONAL ""GHEORGHE LAZĂR"" SIBIU",9.20,-,-,7.95,-,-,-,-,-,-,8.57
627,SB9680911,627,"ŞCOALA GIMNAZIALĂ ""VIOREL CUCU PALTIN"" ARPAȘU DE JOS",9.20,-,-,7.95,-,-,-,-,-,-,8.57
628,SB10465999,628,"ŞCOALA GIMNAZIALĂ ""REGINA MARIA"" SIBIU",9.15,-,-,8.00,-,-,-,-,-,-,8.57
629,SB10806877,629,"LICEUL TEHNOLOGIC ""IOAN LUPAŞ"" SĂLIŞTE",9.05,-,-,8.10,-,-,-,-,-,-,8.57
630,SB9527256,630,ŞCOALA GIMNAZIALĂ NR. 4 SIBIU,8.80,-,-,8.35,-,-,-,-,-,-,8.57
631,SB687401,631,"ŞCOALA GIMNAZIALĂ ""REGINA MARIA"" SIBIU",8.50,-,-,8.65,-,-,-,-,-,-,8.57
632,SB9003800,632,"COLEGIUL NAȚIONAL ""OCTAVIAN GOGA"" SIBIU",8.40,-,-,8.75,-,-,-,-,-,-,8.57
633,SB10113089,633,ŞCOALA GIMNAZIALĂ NR. 1 SIBIU,8.25,-,-,8.90,-,-,-,-,-,-,8.57
634,SB10413853,634,ŞCOALA GIMNAZIALĂ NR. 4 MEDIAŞ,8.20,-,-,8.95,-,-,-,-,-,-,8.57
635,SB9342815,635,"LICEUL TEORETIC ""CONSTANTIN NOICA"" SIBIU",8.10,-,-,9.05,-,-,-,-,-,-,8.57
636,SB10264853,636,ŞCOALA GIMNAZIALĂ NR. 18 SIBIU,8.05,-,-,9.10,-,-,-,-,-,-,8.57
637,SB10513006,637,ŞCOALA GIMNAZIALĂ NR. 18 SIBIU,7.80,-,-,9.35,-,-,-,-,-,-,8.57
638,SB8255557,638,"ŞCOALA GIMNAZIALĂ ""SAMUIL MICU"" SADU",7.65,-,-,9.50,-,-,-,-,-,-,8.57
639,SB10067761,639,"LICEUL TEORETIC ""ROTH - OBERTH"" MEDIAŞ",9.10,-,-,7.20,-,-,Limba germana,9.40,-,-,8.56
640,SB11075425,640,"COLEGIUL NAȚIONAL ""SAMUEL VON BRUKENTHAL"" SIBIU",8.85,-,-,9.10,-,-,Limba germana,7.75,-,-,8.56
641,SB11165855,641,"COLEGIUL NAȚIONAL ""OCTAVIAN GOGA"" SIBIU",8.05,-,-,8.55,-,-,Limba germana,9.10,-,-,8.56
642,SB10346170,642,"LICEUL TEORETIC ""GUSTAV GÜNDISCH"" CISNĂDIE",9.30,-,-,9.05,-,-,Limba germana,7.30,-,-,8.55
643,SB10114668,643,"ŞCOALA GIMNAZIALĂ ""REGINA MARIA"" SIBIU",9.10,-,-,8.00,-,-,-,-,-,-,8.55
644,SB10115760,644,ŞCOALA GIMNAZIALĂ NR. 13 SIBIU,9.05,-,-,8.05,-,-,-,-,-,-,8.55
645,SB10456100,645,"COLEGIUL NAȚIONAL ""OCTAVIAN GOGA"" SIBIU",9.05,-,-,8.05,-,-,-,-,-,-,8.55
646,SB10101449,646,LICEUL DE ARTĂ SIBIU,8.90,-,-,8.20,-,-,-,-,-,-,8.55
647,SB10310269,647,"ŞCOALA GIMNAZIALĂ ""ION LUCA CARAGIALE"" SIBIU",8.85,-,-,8.25,-,-,-,-,-,-,8.55
648,SB7501901,648,"ŞCOALA GIMNAZIALĂ ""NICOLAE IORGA"" SIBIU",8.80,-,-,8.30,-,-,-,-,-,-,8.55
649,SB10448170,649,"ŞCOALA GIMNAZIALĂ ""RADU SELEJAN"" SIBIU",8.75,-,-,8.35,-,-,-,-,-,-,8.55
650,SB10406872,650,ŞCOALA GIMNAZIALĂ NR. 21 SIBIU,8.70,-,-,8.40,-,-,-,-,-,-,8.55
651,SB10296694,651,"ŞCOALA GIMNAZIALĂ ""RADU SELEJAN"" SIBIU",8.50,-,-,8.60,-,-,-,-,-,-,8.55
652,SB10293955,652,"ŞCOALA GIMNAZIALĂ ""CIREŞARII"" MEDIAŞ",8.45,-,-,8.65,-,-,-,-,-,-,8.55
653,SB10464710,653,ŞCOALA GIMNAZIALĂ NR. 13 SIBIU,8.40,-,-,8.70,-,-,-,-,-,-,8.55
654,SB9835051,654,ŞCOALA GIMNAZIALĂ NR. 8 SIBIU,8.20,-,-,8.90,-,-,-,-,-,-,8.55
655,SB9806765,655,"COLEGIUL NAȚIONAL ""SAMUEL VON BRUKENTHAL"" SIBIU",8.20,-,-,8.45,-,-,Limba germana,9.00,-,-,8.55
656,SB9605700,656,"LICEUL TEORETIC ""GUSTAV GÜNDISCH"" CISNĂDIE",7.70,-,-,8.50,-,-,Limba germana,9.45,-,-,8.55
657,SB10127558,657,"COLEGIUL NAȚIONAL ""SAMUEL VON BRUKENTHAL"" SIBIU",8.15,-,-,8.30,-,-,Limba germana,9.15,-,-,8.53
658,SB6273451,658,"ŞCOALA GIMNAZIALĂ ""RADU SELEJAN"" SIBIU",9.15,-,-,7.90,-,-,-,-,-,-,8.52
659,SB10110774,659,ŞCOALA GIMNAZIALĂ NR. 13 SIBIU,9.10,-,-,7.95,-,-,-,-,-,-,8.52
660,SB9081330,660,"ŞCOALA GIMNAZIALĂ ""OCTAVIAN GOGA"" RĂŞINARI",8.85,-,-,8.20,-,-,-,-,-,-,8.52
661,SB12297628,661,"ŞCOALA GIMNAZIALĂ ""IOAN SLAVICI"" SIBIU",8.80,-,-,8.25,-,-,-,-,-,-,8.52
662,SB10472864,662,"ŞCOALA GIMNAZIALĂ ""REGELE FERDINAND"" SIBIU",8.60,-,-,8.45,-,-,-,-,-,-,8.52
663,SB10319224,663,"ŞCOALA GIMNAZIALĂ ""MIHAI EMINESCU"" MEDIAŞ",8.55,-,-,8.50,-,-,-,-,-,-,8.52
664,SB10351069,664,"ŞCOALA GIMNAZIALĂ ""NICOLAE IORGA"" SIBIU",8.55,-,-,8.50,-,-,-,-,-,-,8.52
665,SB12065131,665,ŞCOALA GIMNAZIALĂ NR. 25 SIBIU,8.45,-,-,8.60,-,-,-,-,-,-,8.52
666,SB10107647,666,"ŞCOALA GIMNAZIALĂ ""NICOLAE IORGA"" SIBIU",8.40,-,-,8.65,-,-,-,-,-,-,8.52
667,SB10400227,667,ŞCOALA GIMNAZIALĂ NR. 25 SIBIU,8.40,-,-,8.65,-,-,-,-,-,-,8.52
668,SB10502226,668,"ŞCOALA GIMNAZIALĂ ""NICOLAE IORGA"" SIBIU",8.30,-,-,8.75,-,-,-,-,-,-,8.52
669,SB11075611,669,"ŞCOALA GIMNAZIALĂ ""REGINA MARIA"" SIBIU",8.30,-,-,8.75,-,-,-,-,-,-,8.52
670,SB9804923,670,ŞCOALA GIMNAZIALĂ NR. 2 SIBIU,8.20,-,-,8.85,-,-,-,-,-,-,8.52
671,SB10465923,671,"ŞCOALA GIMNAZIALĂ ""NICOLAE IORGA"" SIBIU",7.95,-,-,9.10,-,-,-,-,-,-,8.52
672,SB7898228,672,"ŞCOALA GIMNAZIALĂ ""IOAN BAN - DASCĂLU"" POIANA SIBIULUI",7.65,-,-,9.40,-,-,-,-,-,-,8.52
673,SB12347795,673,"ŞCOALA GIMNAZIALĂ ""NICOLAE IORGA"" SIBIU",8.35,-,-,8.15,-,-,Limba germana,9.05,-,-,8.51
674,SB10465919,674,LICEUL DE ARTĂ SIBIU,9.75,-,-,7.25,-,-,-,-,-,-,8.50
675,SB10329430,675,"ŞCOALA GIMNAZIALĂ ""CONSTANTIN IOAN MOTAŞ"" MEDIAŞ",9.55,-,-,7.45,-,-,-,-,-,-,8.50
676,SB659701,676,"COLEGIUL NAȚIONAL ""OCTAVIAN GOGA"" SIBIU",9.00,-,-,8.00,-,-,-,-,-,-,8.50
677,SB12002163,677,"ŞCOALA GIMNAZIALĂ ""RADU SELEJAN"" SIBIU",8.95,-,-,8.05,-,-,-,-,-,-,8.50
678,SB10465926,678,"LICEUL TEORETIC ""CONSTANTIN NOICA"" SIBIU",8.85,-,-,8.15,-,-,-,-,-,-,8.50
679,SB10465753,679,"COLEGIUL NAȚIONAL ""OCTAVIAN GOGA"" SIBIU",8.80,-,-,8.20,-,-,-,-,-,-,8.50
680,SB10310435,680,"ŞCOALA GIMNAZIALĂ ""ION LUCA CARAGIALE"" SIBIU",8.70,-,-,8.30,-,-,-,-,-,-,8.50
681,SB12616141,681,ŞCOALA GIMNAZIALĂ NR. 4 SIBIU,8.60,-,-,9.20,-,-,Limba germana,7.70,-,-,8.50
682,SB10453332,682,"LICEUL TEORETIC ""CONSTANTIN NOICA"" SIBIU",8.60,-,-,8.40,-,-,-,-,-,-,8.50
683,SB9083302,683,"COLEGIUL NAȚIONAL ""OCTAVIAN GOGA"" SIBIU",8.60,-,-,8.40,-,-,-,-,-,-,8.50
684,SB10045714,684,"ŞCOALA GIMNAZIALĂ ""RADU SELEJAN"" SIBIU",8.55,-,-,8.45,-,-,-,-,-,-,8.50
685,SB9537279,685,"ŞCOALA GIMNAZIALĂ ""AUREL DECEI"" GURA RÂULUI",8.50,-,-,8.50,-,-,-,-,-,-,8.50
686,SB10464188,686,"ŞCOALA GIMNAZIALĂ ""REGINA MARIA"" SIBIU",8.45,-,-,8.55,-,-,-,-,-,-,8.50
687,SB10175190,687,"ŞCOALA GIMNAZIALĂ ""REGINA MARIA"" SIBIU",8.40,-,-,8.60,-,-,-,-,-,-,8.50
688,SB8885043,688,ŞCOALA GIMNAZIALĂ NR. 4 SIBIU,8.40,-,-,8.60,-,-,-,-,-,-,8.50
689,SB10408313,689,"LICEUL TEORETIC ""ONISIFOR GHIBU"" SIBIU",7.85,-,-,9.30,-,-,Limba germana,8.35,-,-,8.50
690,SB8722212,690,"COLEGIUL NAȚIONAL ""SAMUEL VON BRUKENTHAL"" SIBIU",8.85,-,-,7.60,-,-,Limba germana,9.00,-,-,8.48
691,SB10308329,691,"ŞCOALA GIMNAZIALĂ ""BATHORY ISTVAN"" MEDIAŞ",8.45,-,-,8.25,-,-,Limba maghiara,8.75,-,-,8.48
692,SB11116409,692,"ŞCOALA GIMNAZIALĂ ""ION LUCA CARAGIALE"" SIBIU",8.40,-,-,8.15,-,-,Limba germana,8.90,-,-,8.48
693,SB10319772,693,"ŞCOALA GIMNAZIALĂ ""CIREŞARII"" MEDIAŞ",9.80,-,-,7.15,-,-,-,-,-,-,8.47
694,SB10323752,694,"ŞCOALA GIMNAZIALĂ ""CIREŞARII"" MEDIAŞ",9.15,-,-,7.80,-,-,-,-,-,-,8.47
695,SB10329265,695,"ŞCOALA GIMNAZIALĂ ""CONSTANTIN IOAN MOTAŞ"" MEDIAŞ",8.95,-,-,8.00,-,-,-,-,-,-,8.47
696,SB9841005,696,ŞCOALA GIMNAZIALĂ LOAMNEŞ,8.95,-,-,8.00,-,-,-,-,-,-,8.47
697,SB10391667,697,ŞCOALA GIMNAZIALĂ POPLACA,8.90,-,-,8.05,-,-,-,-,-,-,8.47
698,SB9989734,698,ŞCOALA GIMNAZIALĂ NR. 13 SIBIU,8.90,-,-,8.05,-,-,-,-,-,-,8.47
699,SB10492947,699,"ŞCOALA GIMNAZIALĂ ""REGINA MARIA"" SIBIU",8.80,-,-,8.15,-,-,-,-,-,-,8.47
700,SB8251454,700,"ŞCOALA GIMNAZIALĂ ""SAMUIL MICU"" SADU",8.80,-,-,8.15,-,-,-,-,-,-,8.47
701,SB10543656,701,"ŞCOALA GIMNAZIALĂ ""NICOLAE IORGA"" SIBIU",8.75,-,-,8.20,-,-,-,-,-,-,8.47
702,SB10400531,702,ŞCOALA GIMNAZIALĂ NR. 4 SIBIU,8.65,-,-,8.30,-,-,-,-,-,-,8.47
703,SB14348665,703,ŞCOALA GIMNAZIALĂ NR. 13 SIBIU,8.60,-,-,8.35,-,-,-,-,-,-,8.47
704,SB9536335,704,"ŞCOALA GIMNAZIALĂ ""REGINA MARIA"" SIBIU",8.55,-,-,8.40,-,-,-,-,-,-,8.47
705,SB9990100,705,"ŞCOALA GIMNAZIALĂ ""REGELE FERDINAND"" SIBIU",8.55,-,-,8.40,-,-,-,-,-,-,8.47
706,SB4644851,706,"ŞCOALA GIMNAZIALĂ ""MIHAI VITEAZU"" ŞELIMBĂR",8.50,-,-,8.45,-,-,-,-,-,-,8.47
707,SB10105657,707,"LICEUL TEORETIC ""CONSTANTIN NOICA"" SIBIU",8.45,-,-,8.50,-,-,-,-,-,-,8.47
708,SB12277567,708,LICEUL ROMÂNO - FINLANDEZ ERI SIBIU,8.45,-,-,8.50,-,-,-,-,-,-,8.47
709,SB10296580,709,"LICEUL ""AUGUST TREBONIU LAURIAN"" AGNITA",8.30,-,-,8.65,-,-,-,-,-,-,8.47
710,SB9539611,710,"ŞCOALA GIMNAZIALĂ ""AUREL DECEI"" GURA RÂULUI",8.25,-,-,8.70,-,-,-,-,-,-,8.47
711,SB660101,711,ŞCOALA GIMNAZIALĂ NR. 1 SIBIU,8.20,-,-,8.75,-,-,-,-,-,-,8.47
712,SB9712573,712,ŞCOALA GIMNAZIALĂ TĂLMACIU,8.05,-,-,8.90,-,-,-,-,-,-,8.47
713,SB10085850,713,"COLEGIUL NAȚIONAL PEDAGOGIC ""ANDREI ŞAGUNA"" SIBIU",8.00,-,-,8.95,-,-,-,-,-,-,8.47
714,SB10974581,714,ŞCOALA GIMNAZIALĂ NR. 1 SIBIU,7.75,-,-,9.20,-,-,-,-,-,-,8.47
715,SB10547260,715,ŞCOALA GIMNAZIALĂ NR. 18 SIBIU,9.40,-,-,7.50,-,-,-,-,-,-,8.45
716,SB8996084,716,"COLEGIUL NAȚIONAL ""OCTAVIAN GOGA"" SIBIU",9.05,-,-,8.05,-,-,Limba germana,8.25,-,-,8.45
717,SB10348686,717,"ŞCOALA GIMNAZIALĂ ""REGINA MARIA"" SIBIU",9.00,-,-,7.90,-,-,-,-,-,-,8.45
718,SB10332409,718,"ŞCOALA GIMNAZIALĂ ""CONSTANTIN IOAN MOTAŞ"" MEDIAŞ",8.95,-,-,7.95,-,-,-,-,-,-,8.45
719,SB10498987,719,"ŞCOALA GIMNAZIALĂ ""NICOLAE IORGA"" SIBIU",8.85,-,-,8.05,-,-,-,-,-,-,8.45
720,SB9004204,720,ŞCOALA GIMNAZIALĂ NR. 2 SIBIU,8.75,-,-,8.15,-,-,-,-,-,-,8.45
721,SB660401,721,"LICEUL TEORETIC ""ONISIFOR GHIBU"" SIBIU",8.60,-,-,7.95,-,-,Limba germana,8.80,-,-,8.45
722,SB10080673,722,ŞCOALA GIMNAZIALĂ NR. 1 SIBIU,8.00,-,-,8.90,-,-,-,-,-,-,8.45
723,SB10501021,723,"ŞCOALA GIMNAZIALĂ ""ION LUCA CARAGIALE"" SIBIU",7.95,-,-,8.95,-,-,-,-,-,-,8.45
724,SB11076240,724,"ŞCOALA GIMNAZIALĂ ""NICOLAE IORGA"" SIBIU",8.75,-,-,8.90,-,-,Limba germana,7.65,-,-,8.43
725,SB10408203,725,"ŞCOALA GIMNAZIALĂ ""ION LUCA CARAGIALE"" SIBIU",8.25,-,-,8.00,-,-,Limba germana,9.05,-,-,8.43
726,SB9072764,726,ŞCOALA GIMNAZIALĂ NR. 10 SIBIU,9.20,-,-,7.65,-,-,-,-,-,-,8.42
727,SB9238879,727,ŞCOALA GIMNAZIALĂ ŞEICA MARE,8.75,-,-,8.10,-,-,-,-,-,-,8.42
728,SB4060951,728,ŞCOALA GIMNAZIALĂ NR. 18 SIBIU,8.60,-,-,8.25,-,-,-,-,-,-,8.42
729,SB10522676,729,"ŞCOALA GIMNAZIALĂ ""ION LUCA CARAGIALE"" SIBIU",8.55,-,-,8.30,-,-,-,-,-,-,8.42
730,SB12067926,730,"ŞCOALA GIMNAZIALĂ ""REGINA MARIA"" SIBIU",8.40,-,-,8.45,-,-,-,-,-,-,8.42
731,SB12454827,731,LICEUL ROMÂNO - FINLANDEZ ERI SIBIU,8.35,-,-,8.50,-,-,-,-,-,-,8.42
732,SB6274651,732,"ŞCOALA GIMNAZIALĂ ""REGELE FERDINAND"" SIBIU",8.35,-,-,8.50,-,-,-,-,-,-,8.42
733,SB12318805,733,"ŞCOALA GIMNAZIALĂ ""ION LUCA CARAGIALE"" SIBIU",9.45,-,-,6.75,-,-,Limba germana,9.05,-,-,8.41
734,SB9530172,734,"COLEGIUL NAȚIONAL ""SAMUEL VON BRUKENTHAL"" SIBIU",8.70,-,-,8.00,-,-,Limba germana,8.55,-,-,8.41
735,SB10348418,735,ŞCOALA GIMNAZIALĂ NR. 4 SIBIU,9.20,-,-,7.60,-,-,-,-,-,-,8.40
736,SB9841134,736,ŞCOALA GIMNAZIALĂ LOAMNEŞ,9.20,-,-,7.60,-,-,-,-,-,-,8.40
737,SB10299541,737,"LICEUL TEORETIC ""ROTH - OBERTH"" MEDIAŞ",9.10,-,-,7.95,-,-,Limba germana,8.15,-,-,8.40
738,SB638401,738,ŞCOALA GIMNAZIALĂ NR. 25 SIBIU,8.90,-,-,7.90,-,-,-,-,-,-,8.40
739,SB9936061,739,"LICEUL TEHNOLOGIC ""JOHANNES LEBEL"" TĂLMACIU",8.85,-,-,7.95,-,-,-,-,-,-,8.40
740,SB10486437,740,"ŞCOALA GIMNAZIALĂ ""NICOLAE IORGA"" SIBIU",8.80,-,-,7.60,-,-,Limba germana,8.80,-,-,8.40
741,SB11076949,741,"ŞCOALA GIMNAZIALĂ ""CIREŞARII"" MEDIAŞ",8.70,-,-,8.10,-,-,-,-,-,-,8.40
742,SB10107058,742,"ŞCOALA GIMNAZIALĂ ""ION LUCA CARAGIALE"" SIBIU",8.60,-,-,8.20,-,-,-,-,-,-,8.40
743,SB12297143,743,ŞCOALA GIMNAZIALĂ NR. 4 SIBIU,8.30,-,-,8.50,-,-,-,-,-,-,8.40
744,SB12271174,744,ŞCOALA GIMNAZIALĂ NR. 18 SIBIU,8.20,-,-,8.60,-,-,-,-,-,-,8.40
745,SB8008474,745,ŞCOALA GIMNAZIALĂ AGÂRBICIU,8.20,-,-,8.60,-,-,-,-,-,-,8.40
746,SB12056884,746,"LICEUL TEORETIC ""ONISIFOR GHIBU"" SIBIU",7.95,-,-,8.50,-,-,Limba germana,8.75,-,-,8.40
747,SB9072381,747,ŞCOALA GIMNAZIALĂ NR. 1 SIBIU,7.90,-,-,8.90,-,-,-,-,-,-,8.40
748,SB10352180,748,"COLEGIUL NAȚIONAL ""SAMUEL VON BRUKENTHAL"" SIBIU",9.05,-,-,7.90,-,-,Limba germana,8.20,-,-,8.38
749,SB9384516,749,ŞCOALA GIMNAZIALĂ NR. 4 SIBIU,9.40,-,-,7.35,-,-,-,-,-,-,8.37
750,SB9986748,750,"ŞCOALA GIMNAZIALĂ ""RADU SELEJAN"" SIBIU",9.30,-,-,7.45,-,-,-,-,-,-,8.37
751,SB10399822,751,ŞCOALA GIMNAZIALĂ NR. 25 SIBIU,9.20,-,-,7.55,-,-,-,-,-,-,8.37
752,SB10408881,752,"COLEGIUL NAȚIONAL ""GHEORGHE LAZĂR"" SIBIU",9.05,-,-,7.70,-,-,-,-,-,-,8.37
753,SB9240133,753,ŞCOALA GIMNAZIALĂ ŞEICA MARE,8.95,-,-,7.80,-,-,-,-,-,-,8.37
754,SB10601428,754,"LICEUL ""TIMOTEI CIPARIU"" DUMBRĂVENI",8.90,-,-,7.85,-,-,-,-,-,-,8.37
755,SB1153601,755,ŞCOALA GIMNAZIALĂ NR. 4 SIBIU,8.90,-,-,7.85,-,-,-,-,-,-,8.37
756,SB10399701,756,"LICEUL TEORETIC ""CONSTANTIN NOICA"" SIBIU",8.75,-,-,8.00,-,-,-,-,-,-,8.37
757,SB10296816,757,"ŞCOALA GIMNAZIALĂ ""CIREŞARII"" MEDIAŞ",8.70,-,-,8.05,-,-,-,-,-,-,8.37
758,SB10562929,758,"ŞCOALA GIMNAZIALĂ ""AUREL DECEI"" GURA RÂULUI",8.70,-,-,8.05,-,-,-,-,-,-,8.37
759,SB10092048,759,"LICEUL TEHNOLOGIC ""JOHANNES LEBEL"" TĂLMACIU",8.65,-,-,8.10,-,-,-,-,-,-,8.37
760,SB9987578,760,"ŞCOALA GIMNAZIALĂ ""REGELE FERDINAND"" SIBIU",8.55,-,-,8.20,-,-,-,-,-,-,8.37
761,SB10400252,761,ŞCOALA GIMNAZIALĂ NR. 1 SIBIU,8.45,-,-,8.30,-,-,-,-,-,-,8.37
762,SB10960573,762,"LICEUL TEORETIC ""CONSTANTIN NOICA"" SIBIU",8.30,-,-,8.45,-,-,-,-,-,-,8.37
763,SB10327552,763,"ŞCOALA GIMNAZIALĂ ""CONSTANTIN IOAN MOTAŞ"" MEDIAŞ",8.15,-,-,8.60,-,-,-,-,-,-,8.37
764,SB12319324,764,ŞCOALA GIMNAZIALĂ NR. 4 SIBIU,8.05,-,-,8.70,-,-,-,-,-,-,8.37
765,SB10430719,765,ŞCOALA GIMNAZIALĂ RUŞI,7.90,-,-,8.85,-,-,-,-,-,-,8.37
766,SB10743892,766,ŞCOALA GIMNAZIALĂ NR. 21 SIBIU,7.90,-,-,8.85,-,-,-,-,-,-,8.37
767,SB12056545,767,ŞCOALA GIMNAZIALĂ BRADU,7.85,-,-,8.90,-,-,-,-,-,-,8.37
768,SB10466016,768,ŞCOALA GIMNAZIALĂ NR. 21 SIBIU,7.65,-,-,9.10,-,-,-,-,-,-,8.37
769,SB11075763,769,"LICEUL TEORETIC ""ONISIFOR GHIBU"" SIBIU",9.50,-,-,6.55,-,-,Limba germana,9.05,-,-,8.36
770,SB10452874,770,"LICEUL TEORETIC ""ONISIFOR GHIBU"" SIBIU",8.65,-,-,7.35,-,-,Limba germana,9.10,-,-,8.36
771,SB12067689,771,ŞCOALA GIMNAZIALĂ NR. 25 SIBIU,9.35,-,-,7.35,-,-,-,-,-,-,8.35
772,SB9818213,772,"LICEUL TEORETIC ""GHEORGHE LAZĂR"" AVRIG",9.20,-,-,7.50,-,-,-,-,-,-,8.35
773,SB6698151,773,"ŞCOALA GIMNAZIALĂ ""ION LUCA CARAGIALE"" SIBIU",9.05,-,-,7.65,-,-,-,-,-,-,8.35
774,SB7904999,774,"ŞCOALA GIMNAZIALĂ ""IOAN BAN - DASCĂLU"" POIANA SIBIULUI",8.95,-,-,7.75,-,-,-,-,-,-,8.35
775,SB12614391,775,"COLEGIUL NAȚIONAL ""GHEORGHE LAZĂR"" SIBIU",8.90,-,-,7.80,-,-,-,-,-,-,8.35
776,SB9990440,776,"ŞCOALA GIMNAZIALĂ ""NICOLAE IORGA"" SIBIU",8.90,-,-,7.80,-,-,-,-,-,-,8.35
777,SB10024775,777,ŞCOALA GIMNAZIALĂ AVRIG,8.85,-,-,7.85,-,-,-,-,-,-,8.35
778,SB9004016,778,"COLEGIUL NAȚIONAL ""OCTAVIAN GOGA"" SIBIU",8.85,-,-,7.85,-,-,-,-,-,-,8.35
779,SB10530511,779,"LICEUL TEORETIC ""CONSTANTIN NOICA"" SIBIU",8.65,-,-,8.05,-,-,-,-,-,-,8.35
780,SB10293050,780,"LICEUL TEORETIC ""ROTH - OBERTH"" MEDIAŞ",8.60,-,-,7.70,-,-,Limba germana,8.75,-,-,8.35
781,SB12200833,781,"ŞCOALA GIMNAZIALĂ ""REGINA MARIA"" SIBIU",8.55,-,-,8.15,-,-,-,-,-,-,8.35
782,SB10297640,782,"ŞCOALA GIMNAZIALĂ ""CIREŞARII"" MEDIAŞ",8.30,-,-,8.40,-,-,-,-,-,-,8.35
783,SB12019850,783,LICEUL ROMÂNO - FINLANDEZ ERI SIBIU,8.25,-,-,8.45,-,-,-,-,-,-,8.35
784,SB9331966,784,ŞCOALA GIMNAZIALĂ NR. 18 SIBIU,8.15,-,-,8.55,-,-,-,-,-,-,8.35
785,SB7108751,785,ŞCOALA GIMNAZIALĂ TĂLMACIU,8.00,-,-,8.70,-,-,-,-,-,-,8.35
786,SB4063551,786,ŞCOALA GIMNAZIALĂ NR. 18 SIBIU,7.95,-,-,8.75,-,-,-,-,-,-,8.35
787,SB12614253,787,ŞCOALA GIMNAZIALĂ NR. 21 SIBIU,7.60,-,-,9.10,-,-,-,-,-,-,8.35
788,SB10063212,788,ŞCOALA GIMNAZIALĂ AVRIG,7.40,-,-,9.30,-,-,-,-,-,-,8.35
789,SB9806497,789,ŞCOALA GIMNAZIALĂ NR. 4 SIBIU,8.35,-,-,8.45,-,-,Limba germana,8.20,-,-,8.33
790,SB8544365,790,ŞCOALA GIMNAZIALĂ NR. 4 SIBIU,8.20,-,-,8.60,-,-,Limba germana,8.20,-,-,8.33
791,SB7904725,791,"ŞCOALA GIMNAZIALĂ ""IOAN BAN - DASCĂLU"" POIANA SIBIULUI",8.90,-,-,7.75,-,-,-,-,-,-,8.32
792,SB10439974,792,"LICEUL TEORETIC ""CONSTANTIN NOICA"" SIBIU",8.80,-,-,7.85,-,-,-,-,-,-,8.32
793,SB10293841,793,"ŞCOALA GIMNAZIALĂ ""ION LUCA CARAGIALE"" SIBIU",8.45,-,-,8.20,-,-,-,-,-,-,8.32
794,SB12794461,794,"LICEUL ""AUGUST TREBONIU LAURIAN"" AGNITA",8.40,-,-,8.25,-,-,-,-,-,-,8.32
795,SB10538759,795,ŞCOALA GIMNAZIALĂ NR. 13 SIBIU,8.25,-,-,8.40,-,-,-,-,-,-,8.32
796,SB9786551,796,"ŞCOALA GIMNAZIALĂ ""RADU SELEJAN"" SIBIU",8.25,-,-,8.40,-,-,-,-,-,-,8.32
797,SB9805128,797,"ŞCOALA GIMNAZIALĂ ""IOAN SLAVICI"" SIBIU",8.10,-,-,8.55,-,-,-,-,-,-,8.32
798,SB10005506,798,"LICEUL TEORETIC ""GHEORGHE LAZĂR"" AVRIG",8.05,-,-,8.60,-,-,-,-,-,-,8.32
799,SB10091823,799,"LICEUL TEORETIC ""CONSTANTIN NOICA"" SIBIU",8.05,-,-,8.60,-,-,-,-,-,-,8.32
800,SB10012077,800,ŞCOALA GIMNAZIALĂ SĂCEL,8.00,-,-,8.65,-,-,-,-,-,-,8.32
801,SB10332077,801,"ŞCOALA GIMNAZIALĂ ""CONSTANTIN IOAN MOTAŞ"" MEDIAŞ",8.00,-,-,8.65,-,-,-,-,-,-,8.32
802,SB12318803,802,"ŞCOALA GIMNAZIALĂ ""ION LUCA CARAGIALE"" SIBIU",7.55,-,-,9.10,-,-,-,-,-,-,8.32
803,SB686551,803,"COLEGIUL NAȚIONAL ""OCTAVIAN GOGA"" SIBIU",9.05,-,-,7.90,-,-,Limba germana,8.00,-,-,8.31
804,SB9143267,804,"ŞCOALA GIMNAZIALĂ ""NICOLAE IORGA"" SIBIU",7.60,-,-,7.65,-,-,Limba germana,9.70,-,-,8.31
805,SB661001,805,ŞCOALA GIMNAZIALĂ NR. 25 SIBIU,9.25,-,-,7.35,-,-,-,-,-,-,8.30
806,SB10847995,806,"ŞCOALA GIMNAZIALĂ ""REGINA MARIA"" SIBIU",9.10,-,-,7.50,-,-,-,-,-,-,8.30
807,SB9806616,807,ŞCOALA GIMNAZIALĂ NR. 18 SIBIU,8.65,-,-,7.95,-,-,-,-,-,-,8.30
808,SB8931612,808,"ŞCOALA GIMNAZIALĂ ""RADU SELEJAN"" SIBIU",8.60,-,-,8.00,-,-,-,-,-,-,8.30
809,SB9005746,809,ŞCOALA GIMNAZIALĂ NR. 4 SIBIU,8.60,-,-,8.00,-,-,-,-,-,-,8.30
810,SB9606266,810,"LICEUL TEORETIC ""GUSTAV GÜNDISCH"" CISNĂDIE",8.30,-,-,8.45,-,-,Limba germana,8.15,-,-,8.30
811,SB9164184,811,"ŞCOALA GIMNAZIALĂ ""MATEI BASARAB"" TURNU ROŞU",8.30,-,-,8.30,-,-,-,-,-,-,8.30
812,SB12616325,812,"ŞCOALA GIMNAZIALĂ ""REGINA MARIA"" SIBIU",8.25,-,-,8.35,-,-,-,-,-,-,8.30
813,SB8399026,813,ŞCOALA GIMNAZIALĂ RACOVIŢA,8.10,-,-,8.50,-,-,-,-,-,-,8.30
814,SB9817506,814,"LICEUL TEORETIC ""GHEORGHE LAZĂR"" AVRIG",8.10,-,-,8.50,-,-,-,-,-,-,8.30
815,SB10298538,815,"ŞCOALA GIMNAZIALĂ ""MIHAI EMINESCU"" MEDIAŞ",7.60,-,-,9.00,-,-,-,-,-,-,8.30
816,SB10173080,816,"COLEGIUL NAȚIONAL ""SAMUEL VON BRUKENTHAL"" SIBIU",8.95,-,-,7.15,-,-,Limba germana,8.75,-,-,8.28
817,SB9806121,817,"COLEGIUL NAȚIONAL ""SAMUEL VON BRUKENTHAL"" SIBIU",8.65,-,-,7.75,-,-,Limba germana,8.45,-,-,8.28
818,SB14721125,818,"COLEGIUL NAȚIONAL ""SAMUEL VON BRUKENTHAL"" SIBIU",7.85,-,-,7.65,-,-,Limba germana,9.35,-,-,8.28
819,SB12033859,819,"ŞCOALA GIMNAZIALĂ ""GEORGE POPA"" MEDIAŞ",9.25,-,-,7.30,-,-,-,-,-,-,8.27
820,SB10328596,820,"LICEUL TEHNOLOGIC ""ILIE MĂCELARIU"" MIERCUREA SIBIULUI",8.95,-,-,7.60,-,-,-,-,-,-,8.27
821,SB7481801,821,"ŞCOALA GIMNAZIALĂ ""MIHAI VITEAZU"" ŞELIMBĂR",8.95,-,-,7.60,-,-,-,-,-,-,8.27
822,SB10088420,822,ŞCOALA GIMNAZIALĂ NR. 7 MEDIAŞ,8.70,-,-,7.85,-,-,-,-,-,-,8.27
823,SB9138838,823,"ŞCOALA GIMNAZIALĂ ""OCTAVIAN GOGA"" RĂŞINARI",8.65,-,-,7.90,-,-,-,-,-,-,8.27
824,SB11073311,824,LICEUL DE ARTĂ SIBIU,8.55,-,-,8.00,-,-,-,-,-,-,8.27
825,SB8356058,825,ŞCOALA GIMNAZIALĂ NR. 13 SIBIU,8.55,-,-,8.00,-,-,-,-,-,-,8.27
826,SB2531351,826,ŞCOALA GIMNAZIALĂ NR. 2 CISNĂDIE,8.40,-,-,8.15,-,-,-,-,-,-,8.27
827,SB11154898,827,ŞCOALA GIMNAZIALĂ NR. 4 SIBIU,8.25,-,-,8.30,-,-,-,-,-,-,8.27
828,SB9539274,828,"ŞCOALA GIMNAZIALĂ ""AUREL DECEI"" GURA RÂULUI",8.10,-,-,8.45,-,-,-,-,-,-,8.27
829,SB10710096,829,"LICEUL TEORETIC ""CONSTANTIN NOICA"" SIBIU",8.05,-,-,8.50,-,-,-,-,-,-,8.27
830,SB12618362,830,ŞCOALA GIMNAZIALĂ NR. 4 SIBIU,8.05,-,-,8.50,-,-,-,-,-,-,8.27
831,SB12352432,831,"ŞCOALA GIMNAZIALĂ ""MIHAI VITEAZU"" ŞELIMBĂR",7.90,-,-,8.65,-,-,-,-,-,-,8.27
832,SB10274602,832,ŞCOALA GIMNAZIALĂ NR. 1 SIBIU,7.60,-,-,8.95,-,-,-,-,-,-,8.27
833,SB9527635,833,"COLEGIUL NAȚIONAL ""SAMUEL VON BRUKENTHAL"" SIBIU",8.75,-,-,7.45,-,-,Limba germana,8.60,-,-,8.26
834,SB9076664,834,"COLEGIUL NAȚIONAL ""SAMUEL VON BRUKENTHAL"" SIBIU",8.45,-,-,7.60,-,-,Limba germana,8.75,-,-,8.26
835,SB10132372,835,"COLEGIUL NAȚIONAL ""SAMUEL VON BRUKENTHAL"" SIBIU",7.95,-,-,7.55,-,-,Limba germana,9.30,-,-,8.26
836,SB13470534,836,ŞCOALA GIMNAZIALĂ BÂRGHIŞ,9.45,-,-,7.05,-,-,-,-,-,-,8.25
837,SB10019486,837,ŞCOALA GIMNAZIALĂ NR. 13 SIBIU,9.30,-,-,7.20,-,-,-,-,-,-,8.25
838,SB11156908,838,"ŞCOALA GIMNAZIALĂ ""REGINA MARIA"" SIBIU",9.20,-,-,7.30,-,-,-,-,-,-,8.25
839,SB7904063,839,"ŞCOALA GIMNAZIALĂ ""IOAN BAN - DASCĂLU"" POIANA SIBIULUI",9.10,-,-,7.40,-,-,-,-,-,-,8.25
840,SB9988503,840,"LICEUL TEHNOLOGIC ""IOAN LUPAŞ"" SĂLIŞTE",9.05,-,-,7.45,-,-,-,-,-,-,8.25
841,SB10348474,841,"COLEGIUL NAȚIONAL PEDAGOGIC ""ANDREI ŞAGUNA"" SIBIU",9.00,-,-,7.50,-,-,-,-,-,-,8.25
842,SB10464972,842,"ŞCOALA GIMNAZIALĂ ""ION LUCA CARAGIALE"" SIBIU",8.90,-,-,7.85,-,-,Limba germana,8.00,-,-,8.25
843,SB10321177,843,"ŞCOALA GIMNAZIALĂ ""GEORGE POPA"" MEDIAŞ",8.85,-,-,7.65,-,-,-,-,-,-,8.25
844,SB9712306,844,"LICEUL TEHNOLOGIC ""JOHANNES LEBEL"" TĂLMACIU",8.70,-,-,7.80,-,-,-,-,-,-,8.25
845,SB8881775,845,"ŞCOALA GIMNAZIALĂ ""MIHAI VITEAZU"" ŞELIMBĂR",8.30,-,-,8.20,-,-,-,-,-,-,8.25
846,SB10320559,846,"COLEGIUL NAȚIONAL ""SAMUEL VON BRUKENTHAL"" SIBIU",8.30,-,-,7.00,-,-,Limba germana,9.45,-,-,8.25
847,SB9072598,847,"COLEGIUL NAȚIONAL ""OCTAVIAN GOGA"" SIBIU",8.25,-,-,8.25,-,-,-,-,-,-,8.25
848,SB10085329,848,"ŞCOALA GIMNAZIALĂ ""REGELE FERDINAND"" SIBIU",8.20,-,-,8.30,-,-,-,-,-,-,8.25
849,SB10971694,849,ŞCOALA GIMNAZIALĂ NR. 13 SIBIU,7.90,-,-,8.60,-,-,-,-,-,-,8.25
850,SB10108712,850,"LICEUL TEORETIC ""CONSTANTIN NOICA"" SIBIU",7.85,-,-,8.65,-,-,-,-,-,-,8.25
851,SB10847428,851,"LICEUL TEORETIC ""CONSTANTIN NOICA"" SIBIU",7.85,-,-,8.65,-,-,-,-,-,-,8.25
852,SB10448538,852,ŞCOALA GIMNAZIALĂ DAIA,7.75,-,-,8.75,-,-,-,-,-,-,8.25
853,SB3978851,853,ŞCOALA GIMNAZIALĂ NR. 18 SIBIU,7.55,-,-,8.95,-,-,-,-,-,-,8.25
854,SB9139187,854,"ŞCOALA GIMNAZIALĂ ""OCTAVIAN GOGA"" RĂŞINARI",9.10,-,-,7.35,-,-,-,-,-,-,8.22
855,SB10849215,855,"ŞCOALA GIMNAZIALĂ ""ION LUCA CARAGIALE"" SIBIU",8.90,-,-,7.55,-,-,-,-,-,-,8.22
856,SB11013721,856,LICEUL DE ARTĂ SIBIU,8.75,-,-,7.70,-,-,-,-,-,-,8.22
857,SB9536404,857,"ŞCOALA GIMNAZIALĂ ""AUREL DECEI"" GURA RÂULUI",8.75,-,-,7.70,-,-,-,-,-,-,8.22
858,SB9082250,858,"ŞCOALA GIMNAZIALĂ ""OCTAVIAN GOGA"" RĂŞINARI",8.70,-,-,7.75,-,-,-,-,-,-,8.22
859,SB9818439,859,"LICEUL TEORETIC ""GHEORGHE LAZĂR"" AVRIG",8.70,-,-,7.75,-,-,-,-,-,-,8.22
860,SB10599800,860,ŞCOALA GIMNAZIALĂ NR. 3 CISNĂDIE,8.65,-,-,7.80,-,-,-,-,-,-,8.22
861,SB10481033,861,"ŞCOALA GIMNAZIALĂ ""MIHAI VITEAZU"" ŞELIMBĂR",8.35,-,-,8.10,-,-,-,-,-,-,8.22
862,SB647801,862,ŞCOALA GIMNAZIALĂ NR. 1 SIBIU,8.25,-,-,8.20,-,-,-,-,-,-,8.22
863,SB10295624,863,"LICEUL ""AUGUST TREBONIU LAURIAN"" AGNITA",8.20,-,-,8.25,-,-,-,-,-,-,8.22
864,SB10278533,864,"ŞCOALA GIMNAZIALĂ ""GEORG DANIEL TEUTSCH"" AGNITA",8.15,-,-,8.30,-,-,-,-,-,-,8.22
865,SB10020982,865,ŞCOALA GIMNAZIALĂ NR. 18 SIBIU,8.10,-,-,8.35,-,-,-,-,-,-,8.22
866,SB10567669,866,"ŞCOALA GIMNAZIALĂ ""NICOLAE IORGA"" SIBIU",7.85,-,-,8.60,-,-,-,-,-,-,8.22
867,SB10090787,867,ŞCOALA GIMNAZIALĂ NR. 18 SIBIU,7.80,-,-,8.65,-,-,-,-,-,-,8.22
868,SB6686751,868,ŞCOALA GIMNAZIALĂ NR. 4 SIBIU,8.90,-,-,7.50,-,-,-,-,-,-,8.20
869,SB12732119,869,"ŞCOALA GIMNAZIALĂ ""CIREŞARII"" MEDIAŞ",8.85,-,-,7.55,-,-,-,-,-,-,8.20
870,SB10431902,870,"COLEGIUL NAȚIONAL ""SAMUEL VON BRUKENTHAL"" SIBIU",8.85,-,-,6.85,-,-,Limba germana,8.90,-,-,8.20
871,SB9511155,871,ŞCOALA GIMNAZIALĂ NR. 25 SIBIU,8.65,-,-,7.75,-,-,-,-,-,-,8.20
872,SB10351153,872,"COLEGIUL NAȚIONAL ""GHEORGHE LAZĂR"" SIBIU",8.55,-,-,7.85,-,-,-,-,-,-,8.20
873,SB13972292,873,"LICEUL TEORETIC ""GUSTAV GÜNDISCH"" CISNĂDIE",8.50,-,-,7.90,-,-,-,-,-,-,8.20
874,SB9684700,874,ŞCOALA GIMNAZIALĂ CRISTIAN,8.45,-,-,7.95,-,-,-,-,-,-,8.20
875,SB13883998,875,"LICEUL ""AUGUST TREBONIU LAURIAN"" AGNITA",8.40,-,-,8.00,-,-,-,-,-,-,8.20
876,SB10351177,876,ŞCOALA GIMNAZIALĂ NR. 4 SIBIU,8.30,-,-,8.40,-,-,Limba germana,7.90,-,-,8.20
877,SB10511575,877,"ŞCOALA GIMNAZIALĂ ""NICOLAE IORGA"" SIBIU",8.30,-,-,8.10,-,-,-,-,-,-,8.20
878,SB10024646,878,ŞCOALA GIMNAZIALĂ AVRIG,8.20,-,-,8.20,-,-,-,-,-,-,8.20
879,SB10568667,879,"COLEGIUL NAȚIONAL PEDAGOGIC ""ANDREI ŞAGUNA"" SIBIU",8.20,-,-,8.20,-,-,-,-,-,-,8.20
880,SB12616541,880,"ŞCOALA GIMNAZIALĂ ""NICOLAE IORGA"" SIBIU",8.15,-,-,8.35,-,-,Limba germana,8.10,-,-,8.20
881,SB10687061,881,"ŞCOALA GIMNAZIALĂ ""IOAN SLAVICI"" SIBIU",8.10,-,-,8.30,-,-,-,-,-,-,8.20
882,SB9741879,882,"ŞCOALA GIMNAZIALĂ ""OCTAVIAN GOGA"" RĂŞINARI",7.85,-,-,8.55,-,-,-,-,-,-,8.20
883,SB10420472,883,"LICEUL TEORETIC ""GUSTAV GÜNDISCH"" CISNĂDIE",7.85,-,-,8.35,-,-,Limba germana,8.40,-,-,8.20
884,SB10500739,884,"ŞCOALA GIMNAZIALĂ ""NICOLAE IORGA"" SIBIU",7.80,-,-,8.60,-,-,-,-,-,-,8.20
885,SB9554586,885,ŞCOALA GIMNAZIALĂ NR. 8 SIBIU,7.75,-,-,8.65,-,-,-,-,-,-,8.20
886,SB9807109,886,"COLEGIUL NAȚIONAL ""SAMUEL VON BRUKENTHAL"" SIBIU",7.75,-,-,8.35,-,-,Limba germana,8.50,-,-,8.20
887,SB10306828,887,"ŞCOALA GIMNAZIALĂ ""BATHORY ISTVAN"" MEDIAŞ",7.30,-,-,8.05,-,-,Limba maghiara,9.25,-,-,8.20
888,SB9103711,888,"COLEGIUL NAȚIONAL ""OCTAVIAN GOGA"" SIBIU",8.55,-,-,7.55,-,-,Limba germana,8.45,-,-,8.18
889,SB6699451,889,ŞCOALA GIMNAZIALĂ NR. 21 SIBIU,8.35,-,-,8.00,-,-,-,-,-,-,8.17
890,SB9990197,890,ŞCOALA GIMNAZIALĂ NR. 3 CISNĂDIE,8.10,-,-,8.25,-,-,-,-,-,-,8.17
891,SB10305830,891,"ŞCOALA GIMNAZIALĂ ""CONSTANTIN IOAN MOTAŞ"" MEDIAŞ",8.00,-,-,8.35,-,-,-,-,-,-,8.17
892,SB10080979,892,ŞCOALA GIMNAZIALĂ NR. 1 SIBIU,7.90,-,-,8.45,-,-,-,-,-,-,8.17
893,SB10173587,893,ŞCOALA GIMNAZIALĂ NR. 8 SIBIU,7.70,-,-,8.65,-,-,-,-,-,-,8.17
894,SB9925060,894,ŞCOALA GIMNAZIALĂ NR. 3 CISNĂDIE,7.70,-,-,8.65,-,-,-,-,-,-,8.17
895,SB9269996,895,ŞCOALA GIMNAZIALĂ NR. 4 SIBIU,7.55,-,-,8.80,-,-,-,-,-,-,8.17
896,SB9989994,896,ŞCOALA GIMNAZIALĂ NR. 21 SIBIU,7.55,-,-,8.80,-,-,-,-,-,-,8.17
897,SB8575047,897,ŞCOALA GIMNAZIALĂ NR. 4 SIBIU,7.95,-,-,8.40,-,-,Limba germana,8.15,-,-,8.16
898,SB10091775,898,"COLEGIUL NAȚIONAL ""SAMUEL VON BRUKENTHAL"" SIBIU",7.80,-,-,7.55,-,-,Limba germana,9.15,-,-,8.16
899,SB10455800,899,"ŞCOALA GIMNAZIALĂ ""ION LUCA CARAGIALE"" SIBIU",7.50,-,-,7.80,-,-,Limba germana,9.20,-,-,8.16
900,SB9543199,900,"ŞCOALA GIMNAZIALĂ ""AUREL DECEI"" GURA RÂULUI",9.15,-,-,7.15,-,-,-,-,-,-,8.15
901,SB10150100,901,ŞCOALA GIMNAZIALĂ NR. 21 SIBIU,8.85,-,-,7.45,-,-,-,-,-,-,8.15
902,SB10060084,902,"COLEGIUL NAȚIONAL ""OCTAVIAN GOGA"" SIBIU",8.60,-,-,7.70,-,-,-,-,-,-,8.15
903,SB12323920,903,"LICEUL TEORETIC ""CONSTANTIN NOICA"" SIBIU",8.50,-,-,7.80,-,-,-,-,-,-,8.15
904,SB10331912,904,"ŞCOALA GIMNAZIALĂ ""CIREŞARII"" MEDIAŞ",8.45,-,-,7.85,-,-,-,-,-,-,8.15
905,SB9510638,905,ŞCOALA GIMNAZIALĂ NR. 25 SIBIU,8.45,-,-,7.85,-,-,-,-,-,-,8.15
906,SB10458787,906,"COLEGIUL NAȚIONAL ""OCTAVIAN GOGA"" SIBIU",8.45,-,-,7.10,-,-,Limba germana,8.90,-,-,8.15
907,SB10315884,907,"ŞCOALA GIMNAZIALĂ ""CIREŞARII"" MEDIAŞ",8.40,-,-,7.90,-,-,-,-,-,-,8.15
908,SB10399620,908,"ŞCOALA GIMNAZIALĂ ""REGINA MARIA"" SIBIU",8.35,-,-,7.95,-,-,-,-,-,-,8.15
909,SB12409910,909,ŞCOALA GIMNAZIALĂ NR. 18 SIBIU,8.35,-,-,7.95,-,-,-,-,-,-,8.15
910,SB9083435,910,ŞCOALA GIMNAZIALĂ NR. 1 SIBIU,8.30,-,-,8.00,-,-,-,-,-,-,8.15
911,SB10407687,911,"LICEUL TEORETIC ""CONSTANTIN NOICA"" SIBIU",8.25,-,-,8.05,-,-,-,-,-,-,8.15
912,SB9997478,912,"LICEUL TEORETIC ""ONISIFOR GHIBU"" SIBIU",8.25,-,-,7.55,-,-,Limba germana,8.65,-,-,8.15
913,SB10092605,913,"ŞCOALA GIMNAZIALĂ ""RADU SELEJAN"" SIBIU",8.15,-,-,8.15,-,-,-,-,-,-,8.15
914,SB9189329,914,"ŞCOALA GIMNAZIALĂ ""REGINA MARIA"" SIBIU",7.95,-,-,8.35,-,-,-,-,-,-,8.15
915,SB10021476,915,ŞCOALA GIMNAZIALĂ NR. 13 SIBIU,7.85,-,-,8.45,-,-,-,-,-,-,8.15
916,SB10407894,916,ŞCOALA GIMNAZIALĂ NR. 25 SIBIU,7.85,-,-,8.45,-,-,-,-,-,-,8.15
917,SB10264789,917,ŞCOALA GIMNAZIALĂ NR. 18 SIBIU,7.70,-,-,8.60,-,-,-,-,-,-,8.15
918,SB8996183,918,ŞCOALA GIMNAZIALĂ NR. 4 SIBIU,7.70,-,-,8.60,-,-,-,-,-,-,8.15
919,SB4856451,919,ŞCOALA GIMNAZIALĂ NR. 18 SIBIU,7.30,-,-,9.00,-,-,-,-,-,-,8.15
920,SB10453924,920,"LICEUL TEORETIC ""ONISIFOR GHIBU"" SIBIU",8.00,-,-,6.85,-,-,Limba germana,9.55,-,-,8.13
921,SB14960273,921,"LICEUL TEORETIC ""ONISIFOR GHIBU"" SIBIU",7.85,-,-,6.70,-,-,Limba germana,9.85,-,-,8.13
922,SB9684395,922,ŞCOALA GIMNAZIALĂ CRISTIAN,8.85,-,-,7.40,-,-,-,-,-,-,8.12
923,SB10336198,923,"ŞCOALA GIMNAZIALĂ ""CONSTANTIN IOAN MOTAŞ"" MEDIAŞ",8.60,-,-,7.65,-,-,-,-,-,-,8.12
924,SB10665028,924,"ŞCOALA GIMNAZIALĂ ""NICOLAE IORGA"" SIBIU",8.45,-,-,7.80,-,-,-,-,-,-,8.12
925,SB9591541,925,"ŞCOALA GIMNAZIALĂ ""MIHAI VITEAZU"" ŞELIMBĂR",8.10,-,-,8.15,-,-,-,-,-,-,8.12
926,SB10325043,926,"ŞCOALA GIMNAZIALĂ ""CONSTANTIN IOAN MOTAŞ"" MEDIAŞ",7.90,-,-,8.35,-,-,-,-,-,-,8.12
927,SB10411885,927,ŞCOALA GIMNAZIALĂ NR. 4 SIBIU,7.90,-,-,8.35,-,-,-,-,-,-,8.12
928,SB726751,928,"ŞCOALA GIMNAZIALĂ ""NICOLAE IORGA"" SIBIU",7.85,-,-,8.40,-,-,-,-,-,-,8.12
929,SB10264811,929,ŞCOALA GIMNAZIALĂ NR. 18 SIBIU,7.60,-,-,8.65,-,-,-,-,-,-,8.12
930,SB4075351,930,"COLEGIUL NAȚIONAL ""SAMUEL VON BRUKENTHAL"" SIBIU",8.75,-,-,7.50,-,-,Limba germana,8.05,-,-,8.10
931,SB9817532,931,"ŞCOALA GIMNAZIALĂ ""IOAN SLAVICI"" SIBIU",8.65,-,-,7.55,-,-,-,-,-,-,8.10
932,SB9597730,932,ŞCOALA GIMNAZIALĂ NR. 4 SIBIU,8.60,-,-,8.15,-,-,Limba germana,7.55,-,-,8.10
933,SB8466495,933,ŞCOALA GIMNAZIALĂ NR. 21 SIBIU,8.45,-,-,7.75,-,-,-,-,-,-,8.10
934,SB10399792,934,ŞCOALA GIMNAZIALĂ NR. 13 SIBIU,8.35,-,-,7.85,-,-,-,-,-,-,8.10
935,SB12297413,935,ŞCOALA GIMNAZIALĂ NR. 8 SIBIU,8.25,-,-,7.95,-,-,-,-,-,-,8.10
936,SB12614433,936,"ŞCOALA GIMNAZIALĂ ""RADU SELEJAN"" SIBIU",8.20,-,-,8.00,-,-,-,-,-,-,8.10
937,SB10104017,937,ŞCOALA GIMNAZIALĂ NR. 18 SIBIU,8.15,-,-,8.05,-,-,-,-,-,-,8.10
938,SB10336082,938,"ŞCOALA GIMNAZIALĂ ""CIREŞARII"" MEDIAŞ",8.10,-,-,8.10,-,-,-,-,-,-,8.10
939,SB9880100,939,"ŞCOALA GIMNAZIALĂ ""ION POP RETEGANUL"" ORLAT",7.95,-,-,8.25,-,-,-,-,-,-,8.10
940,SB10019105,940,"COLEGIUL NAȚIONAL ""OCTAVIAN GOGA"" SIBIU",7.85,-,-,8.35,-,-,-,-,-,-,8.10
941,SB12098441,941,ŞCOALA GIMNAZIALĂ NR. 21 SIBIU,7.80,-,-,8.40,-,-,-,-,-,-,8.10
942,SB645701,942,ŞCOALA GIMNAZIALĂ NR. 1 SIBIU,7.40,-,-,8.80,-,-,-,-,-,-,8.10
943,SB7506701,943,ŞCOALA GIMNAZIALĂ NR. 21 SIBIU,7.35,-,-,8.85,-,-,-,-,-,-,8.10
944,SB9806847,944,"COLEGIUL NAȚIONAL ""SAMUEL VON BRUKENTHAL"" SIBIU",8.35,-,-,8.50,-,-,Limba germana,7.40,-,-,8.08
945,SB12553116,945,"COLEGIUL NAȚIONAL ""SAMUEL VON BRUKENTHAL"" SIBIU",8.10,-,-,6.80,-,-,Limba germana,9.35,-,-,8.08
946,SB10315485,946,"LICEUL TEORETIC ""ROTH - OBERTH"" MEDIAŞ",8.05,-,-,7.40,-,-,Limba germana,8.80,-,-,8.08
947,SB12346495,947,"COLEGIUL NAȚIONAL ""SAMUEL VON BRUKENTHAL"" SIBIU",7.65,-,-,7.25,-,-,Limba germana,9.35,-,-,8.08
948,SB10512117,948,"LICEUL TEORETIC ""CONSTANTIN NOICA"" SIBIU",8.70,-,-,7.45,-,-,-,-,-,-,8.07
949,SB10847245,949,"ŞCOALA GIMNAZIALĂ ""REGINA MARIA"" SIBIU",8.25,-,-,7.90,-,-,-,-,-,-,8.07
950,SB11073141,950,"ŞCOALA GIMNAZIALĂ ""REGINA MARIA"" SIBIU",8.20,-,-,7.95,-,-,-,-,-,-,8.07
951,SB10391244,951,ŞCOALA GIMNAZIALĂ POPLACA,8.10,-,-,8.05,-,-,-,-,-,-,8.07
952,SB10464967,952,LICEUL DE ARTĂ SIBIU,8.00,-,-,8.15,-,-,-,-,-,-,8.07
953,SB10267994,953,"LICEUL ""AUGUST TREBONIU LAURIAN"" AGNITA",7.95,-,-,8.20,-,-,-,-,-,-,8.07
954,SB9824431,954,ŞCOALA GIMNAZIALĂ NR. 18 SIBIU,7.90,-,-,8.25,-,-,-,-,-,-,8.07
955,SB4093501,955,ŞCOALA GIMNAZIALĂ NR. 18 SIBIU,7.80,-,-,8.35,-,-,-,-,-,-,8.07
956,SB10568472,956,"COLEGIUL NAȚIONAL ""OCTAVIAN GOGA"" SIBIU",7.50,-,-,8.65,-,-,-,-,-,-,8.07
957,SB10044254,957,ŞCOALA GIMNAZIALĂ NR. 18 SIBIU,7.45,-,-,8.70,-,-,-,-,-,-,8.07
958,SB10426995,958,"ŞCOALA GIMNAZIALĂ ""ION LUCA CARAGIALE"" SIBIU",7.90,-,-,7.85,-,-,Limba germana,8.45,-,-,8.06
959,SB10317780,959,ŞCOALA GIMNAZIALĂ NR. 18 SIBIU,8.70,-,-,7.40,-,-,-,-,-,-,8.05
960,SB9667894,960,"ŞCOALA GIMNAZIALĂ ""BADEA CÎRŢAN"" CÂRŢIŞOARA",8.50,-,-,7.60,-,-,-,-,-,-,8.05
961,SB8870936,961,ŞCOALA GIMNAZIALĂ NR. 4 SIBIU,8.45,-,-,7.65,-,-,-,-,-,-,8.05
962,SB12297709,962,"ŞCOALA GIMNAZIALĂ ""RADU SELEJAN"" SIBIU",8.30,-,-,7.80,-,-,-,-,-,-,8.05
963,SB10464496,963,"COLEGIUL NAȚIONAL ""OCTAVIAN GOGA"" SIBIU",8.15,-,-,8.90,-,-,Limba germana,7.10,-,-,8.05
964,SB640351,964,ŞCOALA GIMNAZIALĂ NR. 25 SIBIU,8.15,-,-,7.95,-,-,-,-,-,-,8.05
965,SB10095653,965,LICEUL ROMÂNO - FINLANDEZ ERI SIBIU,8.00,-,-,8.10,-,-,-,-,-,-,8.05
966,SB10400413,966,ŞCOALA GIMNAZIALĂ NR. 25 SIBIU,8.00,-,-,8.10,-,-,-,-,-,-,8.05
967,SB10464177,967,"ŞCOALA GIMNAZIALĂ ""NICOLAE IORGA"" SIBIU",8.00,-,-,8.10,-,-,-,-,-,-,8.05
968,SB9536223,968,"COLEGIUL NAȚIONAL PEDAGOGIC ""ANDREI ŞAGUNA"" SIBIU",7.65,-,-,8.45,-,-,-,-,-,-,8.05
969,SB8788409,969,ŞCOALA GIMNAZIALĂ ŞEICA MARE,7.60,-,-,8.50,-,-,-,-,-,-,8.05
970,SB12297701,970,"ŞCOALA GIMNAZIALĂ ""IOAN SLAVICI"" SIBIU",7.45,-,-,8.65,-,-,-,-,-,-,8.05
971,SB10298704,971,"LICEUL TEORETIC ""ROTH - OBERTH"" MEDIAŞ",8.60,-,-,6.80,-,-,Limba germana,8.70,-,-,8.03
972,SB10327014,972,"ŞCOALA GIMNAZIALĂ ""CIREŞARII"" MEDIAŞ",8.95,-,-,7.10,-,-,-,-,-,-,8.02
973,SB10087979,973,ŞCOALA GIMNAZIALĂ NR. 7 MEDIAŞ,8.65,-,-,7.40,-,-,-,-,-,-,8.02
974,SB626201,974,LICEUL DE ARTĂ SIBIU,8.65,-,-,7.40,-,-,-,-,-,-,8.02
975,SB9376430,975,ŞCOALA GIMNAZIALĂ NR. 2 CISNĂDIE,8.35,-,-,7.70,-,-,-,-,-,-,8.02
976,SB9003720,976,"ŞCOALA GIMNAZIALĂ ""IOAN SLAVICI"" SIBIU",8.25,-,-,7.80,-,-,-,-,-,-,8.02
977,SB10298816,977,ŞCOALA GIMNAZIALĂ NR. 18 SIBIU,8.20,-,-,7.85,-,-,-,-,-,-,8.02
978,SB11077920,978,"ŞCOALA GIMNAZIALĂ ""REGINA MARIA"" SIBIU",8.15,-,-,7.90,-,-,-,-,-,-,8.02
979,SB9141069,979,"ŞCOALA GIMNAZIALĂ ""OCTAVIAN GOGA"" RĂŞINARI",8.00,-,-,8.05,-,-,-,-,-,-,8.02
980,SB11073655,980,ŞCOALA GIMNAZIALĂ NR. 1 SIBIU,7.85,-,-,8.20,-,-,-,-,-,-,8.02
981,SB7890118,981,ŞCOALA GIMNAZIALĂ NR. 21 SIBIU,7.80,-,-,8.25,-,-,-,-,-,-,8.02
982,SB10076867,982,ŞCOALA GIMNAZIALĂ NR. 18 SIBIU,7.65,-,-,8.40,-,-,-,-,-,-,8.02
983,SB9870693,983,ŞCOALA GIMNAZIALĂ NR. 4 MEDIAŞ,7.60,-,-,8.45,-,-,-,-,-,-,8.02
984,SB10109503,984,"COLEGIUL NAȚIONAL ""OCTAVIAN GOGA"" SIBIU",7.35,-,-,8.70,-,-,-,-,-,-,8.02
985,SB10125459,985,"LICEUL TEORETIC ""ONISIFOR GHIBU"" SIBIU",7.90,-,-,8.80,-,-,Limba germana,7.35,-,-,8.01
986,SB9807023,986,"COLEGIUL NAȚIONAL ""SAMUEL VON BRUKENTHAL"" SIBIU",6.90,-,-,7.80,-,-,Limba germana,9.35,-,-,8.01
987,SB10270829,987,"LICEUL TEORETIC ""GHEORGHE LAZĂR"" AVRIG",8.90,-,-,7.10,-,-,-,-,-,-,8.00
988,SB13418703,988,ŞCOALA GIMNAZIALĂ NR. 4 SIBIU,8.90,-,-,7.10,-,-,-,-,-,-,8.00
989,SB8877237,989,"ŞCOALA GIMNAZIALĂ ""MIHAI VITEAZU"" ŞELIMBĂR",8.75,-,-,7.25,-,-,-,-,-,-,8.00
990,SB10510650,990,"LICEUL TEORETIC ""ROTH - OBERTH"" MEDIAŞ",8.45,-,-,6.60,-,-,Limba germana,8.95,-,-,8.00
991,SB9726822,991,ŞCOALA GIMNAZIALĂ CRISTIAN,8.40,-,-,7.60,-,-,-,-,-,-,8.00
992,SB9996795,992,"ŞCOALA GIMNAZIALĂ ""NICOLAE IORGA"" SIBIU",8.40,-,-,7.60,-,-,-,-,-,-,8.00
993,SB10465966,993,"COLEGIUL NAȚIONAL PEDAGOGIC ""ANDREI ŞAGUNA"" SIBIU",8.15,-,-,7.85,-,-,-,-,-,-,8.00
994,SB12153006,994,ŞCOALA GIMNAZIALĂ ŞEICA MARE,8.10,-,-,7.90,-,-,-,-,-,-,8.00
995,SB14725029,995,"ŞCOALA GIMNAZIALĂ ""MIHAI VITEAZU"" ŞELIMBĂR",8.10,-,-,7.90,-,-,-,-,-,-,8.00
996,SB10046197,996,"ŞCOALA GIMNAZIALĂ ""NICOLAE IORGA"" SIBIU",8.05,-,-,7.95,-,-,-,-,-,-,8.00
997,SB10059903,997,"ŞCOALA GIMNAZIALĂ ""IOAN SLAVICI"" SIBIU",7.70,-,-,8.30,-,-,-,-,-,-,8.00
998,SB10318740,998,"ŞCOALA GIMNAZIALĂ ""MIHAI EMINESCU"" MEDIAŞ",7.70,-,-,8.30,-,-,-,-,-,-,8.00
999,SB9065617,999,"ŞCOALA GIMNAZIALĂ ""NICOLAE IORGA"" SIBIU",7.60,-,-,8.40,-,-,-,-,-,-,8.00
1000,SB10269242,1000,"ŞCOALA GIMNAZIALĂ ""GEORG DANIEL TEUTSCH"" AGNITA",7.50,-,-,8.50,-,-,-,-,-,-,8.00
1001,SB10048836,1001,ŞCOALA GIMNAZIALĂ NR. 12 SIBIU,7.40,-,-,8.60,-,-,-,-,-,-,8.00
1002,SB9136847,1002,"ŞCOALA GIMNAZIALĂ ""SAVA POPOVICI BARCIANU"" RĂŞINARI",7.20,-,-,8.80,-,-,-,-,-,-,8.00
1003,SB9588131,1003,"LICEUL TEORETIC ""GUSTAV GÜNDISCH"" CISNĂDIE",8.60,-,-,7.40,-,-,Limba germana,7.95,-,-,7.98
1004,SB11076023,1004,"LICEUL TEORETIC ""ROTH - OBERTH"" MEDIAŞ",8.00,-,-,7.65,-,-,Limba germana,8.30,-,-,7.98
1005,SB10963123,1005,"LICEUL TEORETIC ""GUSTAV GÜNDISCH"" CISNĂDIE",7.65,-,-,8.70,-,-,Limba germana,7.60,-,-,7.98
1006,SB10305796,1006,ŞCOALA GIMNAZIALĂ NR. 4 MEDIAŞ,8.50,-,-,7.45,-,-,-,-,-,-,7.97
1007,SB10353542,1007,"ŞCOALA GIMNAZIALĂ ""REGINA MARIA"" SIBIU",8.45,-,-,7.50,-,-,-,-,-,-,7.97
1008,SB10824966,1008,"ŞCOALA GIMNAZIALĂ ""ION LUCA CARAGIALE"" SIBIU",8.45,-,-,7.50,-,-,-,-,-,-,7.97
1009,SB10363172,1009,"LICEUL TEORETIC ""CONSTANTIN NOICA"" SIBIU",8.40,-,-,7.55,-,-,-,-,-,-,7.97
1010,SB13422832,1010,"ŞCOALA GIMNAZIALĂ ""RADU SELEJAN"" SIBIU",8.35,-,-,7.60,-,-,-,-,-,-,7.97
1011,SB10335616,1011,"ŞCOALA GIMNAZIALĂ ""CONSTANTIN IOAN MOTAŞ"" MEDIAŞ",8.20,-,-,7.75,-,-,-,-,-,-,7.97
1012,SB11010428,1012,ŞCOALA GIMNAZIALĂ NR. 25 SIBIU,8.20,-,-,7.75,-,-,-,-,-,-,7.97
1013,SB10106868,1013,ŞCOALA GIMNAZIALĂ NR. 13 SIBIU,8.05,-,-,7.90,-,-,-,-,-,-,7.97
1014,SB10464946,1014,LICEUL DE ARTĂ SIBIU,8.05,-,-,7.90,-,-,-,-,-,-,7.97
1015,SB8875628,1015,"ŞCOALA GIMNAZIALĂ ""MIHAI VITEAZU"" ŞELIMBĂR",8.05,-,-,7.90,-,-,-,-,-,-,7.97
1016,SB9104038,1016,"COLEGIUL NAȚIONAL ""OCTAVIAN GOGA"" SIBIU",8.00,-,-,7.95,-,-,-,-,-,-,7.97
1017,SB10465062,1017,"ŞCOALA GIMNAZIALĂ ""NICOLAE IORGA"" SIBIU",7.60,-,-,8.35,-,-,-,-,-,-,7.97
1018,SB10383445,1018,"ŞCOALA GIMNAZIALĂ ""ION LUCA CARAGIALE"" SIBIU",7.55,-,-,8.40,-,-,-,-,-,-,7.97
1019,SB10424720,1019,"ŞCOALA GIMNAZIALĂ ""ION LUCA CARAGIALE"" SIBIU",7.40,-,-,8.55,-,-,-,-,-,-,7.97
1020,SB12614783,1020,"ŞCOALA GIMNAZIALĂ ""ION LUCA CARAGIALE"" SIBIU",8.50,-,-,7.45,-,-,Limba germana,7.95,-,-,7.96
1021,SB9103822,1021,"COLEGIUL NAȚIONAL ""OCTAVIAN GOGA"" SIBIU",9.25,-,-,6.65,-,-,-,-,-,-,7.95
1022,SB10002877,1022,"ŞCOALA GIMNAZIALĂ ""RADU SELEJAN"" SIBIU",8.70,-,-,7.20,-,-,-,-,-,-,7.95
1023,SB10488492,1023,"ŞCOALA GIMNAZIALĂ ""ION LUCA CARAGIALE"" SIBIU",8.70,-,-,7.20,-,-,-,-,-,-,7.95
1024,SB9824944,1024,"ŞCOALA GIMNAZIALĂ ""RADU SELEJAN"" SIBIU",8.35,-,-,7.55,-,-,-,-,-,-,7.95
1025,SB10069507,1025,ŞCOALA GIMNAZIALĂ NR. 4 MEDIAŞ,8.05,-,-,7.85,-,-,-,-,-,-,7.95
1026,SB10121310,1026,ŞCOALA GIMNAZIALĂ NR. 8 SIBIU,8.00,-,-,7.90,-,-,-,-,-,-,7.95
1027,SB12066981,1027,"ŞCOALA GIMNAZIALĂ ""ION ALBESCU"" BOIŢA",7.95,-,-,7.95,-,-,-,-,-,-,7.95
1028,SB12615370,1028,ŞCOALA GIMNAZIALĂ TILIŞCA,7.95,-,-,7.95,-,-,-,-,-,-,7.95
1029,SB9674183,1029,"ŞCOALA GIMNAZIALĂ ""IOAN SLAVICI"" SIBIU",7.80,-,-,8.10,-,-,-,-,-,-,7.95
1030,SB10600156,1030,"LICEUL TEORETIC ""GUSTAV GÜNDISCH"" CISNĂDIE",7.70,-,-,8.20,-,-,-,-,-,-,7.95
1031,SB10020664,1031,"ŞCOALA GIMNAZIALĂ ""CONSTANTIN IOAN MOTAŞ"" MEDIAŞ",7.65,-,-,8.25,-,-,-,-,-,-,7.95
1032,SB10307274,1032,ŞCOALA GIMNAZIALĂ NR. 1 SIBIU,7.50,-,-,8.40,-,-,-,-,-,-,7.95
1033,SB9886457,1033,ŞCOALA GIMNAZIALĂ SLIMNIC,7.30,-,-,8.60,-,-,-,-,-,-,7.95
1034,SB10294173,1034,"COLEGIUL NAȚIONAL ""OCTAVIAN GOGA"" SIBIU",9.05,-,-,8.20,-,-,Limba germana,6.55,-,-,7.93
1035,SB10158590,1035,"LICEUL TEORETIC ""ONISIFOR GHIBU"" SIBIU",8.45,-,-,7.20,-,-,Limba germana,8.15,-,-,7.93
1036,SB14990326,1036,"LICEUL TEORETIC ""GUSTAV GÜNDISCH"" CISNĂDIE",8.10,-,-,8.10,-,-,Limba germana,7.60,-,-,7.93
1037,SB13421137,1037,"LICEUL TEORETIC ""GUSTAV GÜNDISCH"" CISNĂDIE",7.70,-,-,7.90,-,-,Limba germana,8.20,-,-,7.93
1038,SB9587151,1038,"LICEUL TEORETIC ""GUSTAV GÜNDISCH"" CISNĂDIE",7.60,-,-,8.10,-,-,Limba germana,8.10,-,-,7.93
1039,SB10407741,1039,ŞCOALA GIMNAZIALĂ NR. 25 SIBIU,9.10,-,-,6.75,-,-,-,-,-,-,7.92
1040,SB10412755,1040,ŞCOALA GIMNAZIALĂ NR. 4 MEDIAŞ,8.65,-,-,7.20,-,-,-,-,-,-,7.92
1041,SB12615767,1041,ŞCOALA GIMNAZIALĂ NR. 13 SIBIU,8.55,-,-,7.30,-,-,-,-,-,-,7.92
1042,SB10511343,1042,"ŞCOALA GIMNAZIALĂ ""NICOLAE IORGA"" SIBIU",8.30,-,-,7.55,-,-,-,-,-,-,7.92
1043,SB10492064,1043,"ŞCOALA GIMNAZIALĂ ""CIREŞARII"" MEDIAŞ",8.15,-,-,7.70,-,-,-,-,-,-,7.92
1044,SB9815747,1044,"LICEUL TEORETIC ""GHEORGHE LAZĂR"" AVRIG",8.15,-,-,7.70,-,-,-,-,-,-,7.92
1045,SB8876416,1045,"COLEGIUL NAȚIONAL ""OCTAVIAN GOGA"" SIBIU",8.10,-,-,7.75,-,-,-,-,-,-,7.92
1046,SB10094847,1046,"ŞCOALA GIMNAZIALĂ ""MIHAI EMINESCU"" MEDIAŞ",8.05,-,-,7.80,-,-,-,-,-,-,7.92
1047,SB10123797,1047,ŞCOALA GIMNAZIALĂ NR. 12 SIBIU,7.80,-,-,8.05,-,-,-,-,-,-,7.92
1048,SB10542473,1048,ŞCOALA GIMNAZIALĂ NR. 3 CISNĂDIE,7.65,-,-,8.20,-,-,-,-,-,-,7.92
1049,SB9626631,1049,"ŞCOALA GIMNAZIALĂ ""VIOREL CUCU PALTIN"" ARPAȘU DE JOS",7.25,-,-,8.60,-,-,-,-,-,-,7.92
1050,SB10458741,1050,"ŞCOALA GIMNAZIALĂ ""REGINA MARIA"" SIBIU",8.90,-,-,6.90,-,-,-,-,-,-,7.90
1051,SB4069951,1051,ŞCOALA GIMNAZIALĂ NR. 18 SIBIU,8.80,-,-,7.00,-,-,-,-,-,-,7.90
1052,SB13585537,1052,"ŞCOALA GIMNAZIALĂ ""REGINA MARIA"" SIBIU",8.30,-,-,7.50,-,-,-,-,-,-,7.90
1053,SB12297906,1053,LICEUL DE ARTĂ SIBIU,8.15,-,-,7.65,-,-,-,-,-,-,7.90
1054,SB10002144,1054,"ŞCOALA GIMNAZIALĂ ""MIHAI VITEAZU"" ŞELIMBĂR",7.95,-,-,7.85,-,-,-,-,-,-,7.90
1055,SB12291760,1055,"COLEGIUL NAȚIONAL PEDAGOGIC ""ANDREI ŞAGUNA"" SIBIU",7.75,-,-,8.05,-,-,-,-,-,-,7.90
1056,SB10006579,1056,"LICEUL TEORETIC ""GHEORGHE LAZĂR"" AVRIG",7.60,-,-,8.20,-,-,-,-,-,-,7.90
1057,SB10350821,1057,"ŞCOALA GIMNAZIALĂ ""NICOLAE IORGA"" SIBIU",7.50,-,-,8.30,-,-,-,-,-,-,7.90
1058,SB9385774,1058,ŞCOALA GIMNAZIALĂ NR. 3 CISNĂDIE,7.25,-,-,8.55,-,-,-,-,-,-,7.90
1059,SB14308791,1059,"COLEGIUL NAȚIONAL ""SAMUEL VON BRUKENTHAL"" SIBIU",6.80,-,-,7.15,-,-,Limba germana,9.70,-,-,7.88
1060,SB10344461,1060,"ŞCOALA GIMNAZIALĂ ""RADU SELEJAN"" SIBIU",9.00,-,-,6.75,-,-,-,-,-,-,7.87
1061,SB10299995,1061,"ŞCOALA GIMNAZIALĂ ""MIHAI EMINESCU"" MEDIAŞ",8.85,-,-,6.90,-,-,-,-,-,-,7.87
1062,SB10399970,1062,"ŞCOALA GIMNAZIALĂ ""REGELE FERDINAND"" SIBIU",8.60,-,-,7.15,-,-,-,-,-,-,7.87
1063,SB10293713,1063,ŞCOALA GIMNAZIALĂ NR. 25 SIBIU,8.55,-,-,7.20,-,-,-,-,-,-,7.87
1064,SB10467986,1064,ŞCOALA GIMNAZIALĂ NR. 7 MEDIAŞ,8.40,-,-,7.35,-,-,-,-,-,-,7.87
1065,SB9378516,1065,ŞCOALA GIMNAZIALĂ NR. 3 CISNĂDIE,8.35,-,-,7.40,-,-,-,-,-,-,7.87
1066,SB10399662,1066,"COLEGIUL NAȚIONAL ""OCTAVIAN GOGA"" SIBIU",8.30,-,-,7.45,-,-,-,-,-,-,7.87
1067,SB13048047,1067,ŞCOALA GIMNAZIALĂ NR. 1 SIBIU,8.20,-,-,7.55,-,-,-,-,-,-,7.87
1068,SB9474793,1068,"ŞCOALA GIMNAZIALĂ ""AUREL DECEI"" GURA RÂULUI",8.20,-,-,7.55,-,-,-,-,-,-,7.87
1069,SB10321521,1069,"ŞCOALA GIMNAZIALĂ ""CONSTANTIN IOAN MOTAŞ"" MEDIAŞ",8.15,-,-,7.60,-,-,-,-,-,-,7.87
1070,SB10116988,1070,ŞCOALA GIMNAZIALĂ NR. 18 SIBIU,8.05,-,-,7.70,-,-,-,-,-,-,7.87
1071,SB10600357,1071,"COLEGIUL NAȚIONAL ""GHEORGHE LAZĂR"" SIBIU",8.00,-,-,7.75,-,-,-,-,-,-,7.87
1072,SB9674938,1072,"ŞCOALA GIMNAZIALĂ ""IOAN SLAVICI"" SIBIU",8.00,-,-,7.75,-,-,-,-,-,-,7.87
1073,SB10049239,1073,"ŞCOALA GIMNAZIALĂ ""MIHAI EMINESCU"" MEDIAŞ",7.95,-,-,7.80,-,-,-,-,-,-,7.87
1074,SB4074501,1074,ŞCOALA GIMNAZIALĂ NR. 18 SIBIU,7.90,-,-,7.85,-,-,-,-,-,-,7.87
1075,SB9005323,1075,"ŞCOALA GIMNAZIALĂ ""MIHAI VITEAZU"" ŞELIMBĂR",7.90,-,-,7.85,-,-,-,-,-,-,7.87
1076,SB13099729,1076,"COLEGIUL NAȚIONAL PEDAGOGIC ""ANDREI ŞAGUNA"" SIBIU",7.85,-,-,7.90,-,-,-,-,-,-,7.87
1077,SB10088767,1077,ŞCOALA GIMNAZIALĂ NR. 7 MEDIAŞ,7.75,-,-,8.00,-,-,-,-,-,-,7.87
1078,SB10351317,1078,ŞCOALA GIMNAZIALĂ NR. 21 SIBIU,7.60,-,-,8.15,-,-,-,-,-,-,7.87
1079,SB10077591,1079,"ŞCOALA GIMNAZIALĂ ""NICOLAE IORGA"" SIBIU",7.50,-,-,8.25,-,-,-,-,-,-,7.87
1080,SB11169653,1080,"ŞCOALA GIMNAZIALĂ ""ION LUCA CARAGIALE"" SIBIU",7.15,-,-,8.60,-,-,-,-,-,-,7.87
1081,SB7503301,1081,"ŞCOALA GIMNAZIALĂ ""NICOLAE IORGA"" SIBIU",7.75,-,-,7.65,-,-,Limba germana,8.20,-,-,7.86
1082,SB8966665,1082,ŞCOALA GIMNAZIALĂ BAZNA,9.45,-,-,6.25,-,-,-,-,-,-,7.85
1083,SB10433701,1083,"LICEUL TEORETIC ""ROTH - OBERTH"" MEDIAŞ",9.25,-,-,7.05,-,-,Limba germana,7.25,-,-,7.85
1084,SB10329224,1084,"ŞCOALA GIMNAZIALĂ ""CIREŞARII"" MEDIAŞ",9.00,-,-,6.70,-,-,-,-,-,-,7.85
1085,SB9439919,1085,ŞCOALA GIMNAZIALĂ ALĂMOR,8.90,-,-,6.80,-,-,-,-,-,-,7.85
1086,SB10330476,1086,"ŞCOALA GIMNAZIALĂ ""CIREŞARII"" MEDIAŞ",8.50,-,-,7.20,-,-,-,-,-,-,7.85
1087,SB10022132,1087,ŞCOALA GIMNAZIALĂ NR. 18 SIBIU,8.35,-,-,7.35,-,-,-,-,-,-,7.85
1088,SB10486523,1088,"ŞCOALA GIMNAZIALĂ ""IOAN BAN - DASCĂLU"" POIANA SIBIULUI",8.25,-,-,7.45,-,-,-,-,-,-,7.85
1089,SB9386787,1089,ŞCOALA GIMNAZIALĂ NR. 3 CISNĂDIE,8.05,-,-,7.65,-,-,-,-,-,-,7.85
1090,SB9071760,1090,"COLEGIUL NAȚIONAL ""OCTAVIAN GOGA"" SIBIU",7.85,-,-,7.75,-,-,Limba germana,7.95,-,-,7.85
1091,SB10571155,1091,ŞCOALA GIMNAZIALĂ NR. 25 SIBIU,7.75,-,-,7.95,-,-,-,-,-,-,7.85
1092,SB9990837,1092,"ŞCOALA GIMNAZIALĂ ""REGELE FERDINAND"" SIBIU",7.70,-,-,8.00,-,-,-,-,-,-,7.85
1093,SB8467225,1093,ŞCOALA GIMNAZIALĂ NR. 4 SIBIU,7.70,-,-,7.40,-,-,Limba germana,8.45,-,-,7.85
1094,SB14740455,1094,ŞCOALA GIMNAZIALĂ AVRIG,7.65,-,-,8.05,-,-,-,-,-,-,7.85
1095,SB851151,1095,"ŞCOALA GIMNAZIALĂ ""ION LUCA CARAGIALE"" SIBIU",7.35,-,-,8.35,-,-,-,-,-,-,7.85
1096,SB10108000,1096,"ŞCOALA GIMNAZIALĂ ""NICOLAE IORGA"" SIBIU",7.10,-,-,8.60,-,-,-,-,-,-,7.85
1097,SB12618433,1097,ŞCOALA GIMNAZIALĂ NR. 4 SIBIU,6.65,-,-,8.20,-,-,Limba germana,8.70,-,-,7.85
1098,SB10072738,1098,"ŞCOALA GIMNAZIALĂ ""BATHORY ISTVAN"" MEDIAŞ",8.70,-,-,6.05,-,-,Limba maghiara,8.75,-,-,7.83
1099,SB9587659,1099,"LICEUL TEORETIC ""GUSTAV GÜNDISCH"" CISNĂDIE",8.05,-,-,8.00,-,-,Limba germana,7.45,-,-,7.83
1100,SB10499461,1100,"ŞCOALA GIMNAZIALĂ ""GEORG DANIEL TEUTSCH"" AGNITA",7.90,-,-,7.65,-,-,Limba germana,7.95,-,-,7.83
1101,SB10119965,1101,ŞCOALA GIMNAZIALĂ NR. 4 SIBIU,7.50,-,-,8.65,-,-,Limba germana,7.35,-,-,7.83
1102,SB9943507,1102,"LICEUL TEHNOLOGIC ""IOAN LUPAŞ"" SĂLIŞTE",8.70,-,-,6.95,-,-,-,-,-,-,7.82
1103,SB13640620,1103,"LICEUL TEORETIC ""GUSTAV GÜNDISCH"" CISNĂDIE",8.50,-,-,7.15,-,-,-,-,-,-,7.82
1104,SB9113288,1104,ŞCOALA GIMNAZIALĂ NR. 7 MEDIAŞ,8.45,-,-,7.20,-,-,-,-,-,-,7.82
1105,SB13136726,1105,ŞCOALA GIMNAZIALĂ CRISTIAN,8.35,-,-,7.30,-,-,-,-,-,-,7.82
1106,SB10407843,1106,ŞCOALA GIMNAZIALĂ NR. 25 SIBIU,8.20,-,-,7.45,-,-,-,-,-,-,7.82
1107,SB9082705,1107,"COLEGIUL NAȚIONAL ""OCTAVIAN GOGA"" SIBIU",8.20,-,-,7.45,-,-,-,-,-,-,7.82
1108,SB12297711,1108,ŞCOALA GIMNAZIALĂ NR. 18 SIBIU,7.85,-,-,7.80,-,-,-,-,-,-,7.82
1109,SB9741552,1109,"ŞCOALA GIMNAZIALĂ ""SAVA POPOVICI BARCIANU"" RĂŞINARI",7.70,-,-,7.95,-,-,-,-,-,-,7.82
1110,SB12060821,1110,ŞCOALA GIMNAZIALĂ NR. 13 SIBIU,7.55,-,-,8.10,-,-,-,-,-,-,7.82
1111,SB9815770,1111,"LICEUL TEORETIC ""GHEORGHE LAZĂR"" AVRIG",7.55,-,-,8.10,-,-,-,-,-,-,7.82
1112,SB9804953,1112,ŞCOALA GIMNAZIALĂ NR. 8 SIBIU,7.45,-,-,8.20,-,-,-,-,-,-,7.82
1113,SB10568178,1113,ŞCOALA GIMNAZIALĂ NR. 4 SIBIU,7.20,-,-,8.45,-,-,-,-,-,-,7.82
1114,SB10660805,1114,ŞCOALA GIMNAZIALĂ APOLDU DE JOS,7.00,-,-,8.65,-,-,-,-,-,-,7.82
1115,SB10421618,1115,"LICEUL TEORETIC ""CONSTANTIN NOICA"" SIBIU",6.60,-,-,9.05,-,-,-,-,-,-,7.82
1116,SB12102253,1116,"COLEGIUL NAȚIONAL ""SAMUEL VON BRUKENTHAL"" SIBIU",8.30,-,-,8.40,-,-,Limba germana,6.75,-,-,7.81
1117,SB9593800,1117,ŞCOALA GIMNAZIALĂ NR. 4 SIBIU,8.10,-,-,7.95,-,-,Limba germana,7.40,-,-,7.81
1118,SB12210594,1118,ŞCOALA GIMNAZIALĂ NR. 4 SIBIU,8.95,-,-,6.65,-,-,-,-,-,-,7.80
1119,SB12615964,1119,"COLEGIUL NAȚIONAL ""SAMUEL VON BRUKENTHAL"" SIBIU",8.85,-,-,7.15,-,-,Limba germana,7.40,-,-,7.80
1120,SB10298495,1120,"ŞCOALA GIMNAZIALĂ ""REGELE FERDINAND"" SIBIU",8.75,-,-,6.85,-,-,-,-,-,-,7.80
1121,SB10129290,1121,"COLEGIUL NAȚIONAL ""OCTAVIAN GOGA"" SIBIU",8.60,-,-,7.10,-,-,Limba germana,7.70,-,-,7.80
1122,SB9626685,1122,LICEUL DE ARTĂ SIBIU,8.55,-,-,7.05,-,-,-,-,-,-,7.80
1123,SB10333860,1123,"ŞCOALA GIMNAZIALĂ ""CONSTANTIN IOAN MOTAŞ"" MEDIAŞ",8.50,-,-,7.10,-,-,-,-,-,-,7.80
1124,SB9474724,1124,"ŞCOALA GIMNAZIALĂ ""AUREL DECEI"" GURA RÂULUI",8.50,-,-,7.10,-,-,-,-,-,-,7.80
1125,SB12028540,1125,LICEUL ROMÂNO - FINLANDEZ ERI SIBIU,8.40,-,-,7.20,-,-,-,-,-,-,7.80
1126,SB10492683,1126,"LICEUL TEORETIC ""CONSTANTIN NOICA"" SIBIU",8.30,-,-,7.30,-,-,-,-,-,-,7.80
1127,SB9382539,1127,"LICEUL TEORETIC ""GUSTAV GÜNDISCH"" CISNĂDIE",8.10,-,-,7.50,-,-,-,-,-,-,7.80
1128,SB10524765,1128,"COLEGIUL NAȚIONAL ""OCTAVIAN GOGA"" SIBIU",8.10,-,-,7.05,-,-,Limba maghiara,8.25,-,-,7.80
1129,SB10318924,1129,ŞCOALA GIMNAZIALĂ NR. 13 SIBIU,8.05,-,-,7.55,-,-,-,-,-,-,7.80
1130,SB8400902,1130,ŞCOALA GIMNAZIALĂ RACOVIŢA,7.80,-,-,7.80,-,-,-,-,-,-,7.80
1131,SB10596045,1131,ŞCOALA GIMNAZIALĂ NR. 7 MEDIAŞ,7.50,-,-,8.10,-,-,-,-,-,-,7.80
1132,SB10264679,1132,ŞCOALA GIMNAZIALĂ NR. 13 SIBIU,7.40,-,-,8.20,-,-,-,-,-,-,7.80
1133,SB10400155,1133,ŞCOALA GIMNAZIALĂ NR. 25 SIBIU,7.35,-,-,8.25,-,-,-,-,-,-,7.80
1134,SB10329993,1134,"ŞCOALA GIMNAZIALĂ ""CONSTANTIN IOAN MOTAŞ"" MEDIAŞ",7.00,-,-,8.60,-,-,-,-,-,-,7.80
1135,SB10383795,1135,ŞCOALA GIMNAZIALĂ NR. 18 SIBIU,7.00,-,-,8.60,-,-,-,-,-,-,7.80
1136,SB10114185,1136,ŞCOALA GIMNAZIALĂ NR. 1 SIBIU,6.95,-,-,8.65,-,-,-,-,-,-,7.80
1137,SB12368229,1137,"LICEUL TEORETIC ""ONISIFOR GHIBU"" SIBIU",6.85,-,-,8.60,-,-,Limba germana,7.95,-,-,7.80
1138,SB10352091,1138,"COLEGIUL NAȚIONAL ""SAMUEL VON BRUKENTHAL"" SIBIU",7.65,-,-,6.85,-,-,Limba germana,8.85,-,-,7.78
1139,SB10528890,1139,ŞCOALA GIMNAZIALĂ NR. 21 SIBIU,8.40,-,-,7.15,-,-,-,-,-,-,7.77
1140,SB10383957,1140,LICEUL DE ARTĂ SIBIU,8.35,-,-,7.20,-,-,-,-,-,-,7.77
1141,SB9623870,1141,ŞCOALA GIMNAZIALĂ NR. 25 SIBIU,8.30,-,-,7.25,-,-,-,-,-,-,7.77
1142,SB12188237,1142,"COLEGIUL NAȚIONAL ""OCTAVIAN GOGA"" SIBIU",8.15,-,-,7.40,-,-,-,-,-,-,7.77
1143,SB12733399,1143,"ŞCOALA GIMNAZIALĂ ""AVIATOR IOAN SAVA"" ALŢINA",8.05,-,-,7.50,-,-,-,-,-,-,7.77
1144,SB8252007,1144,"ŞCOALA GIMNAZIALĂ ""SAMUIL MICU"" SADU",8.00,-,-,7.55,-,-,-,-,-,-,7.77
1145,SB10331395,1145,"ŞCOALA GIMNAZIALĂ ""CIREŞARII"" MEDIAŞ",7.95,-,-,7.60,-,-,-,-,-,-,7.77
1146,SB10002205,1146,"ŞCOALA GIMNAZIALĂ ""ION LUCA CARAGIALE"" SIBIU",7.75,-,-,7.80,-,-,-,-,-,-,7.77
1147,SB10600601,1147,ŞCOALA GIMNAZIALĂ NR. 3 CISNĂDIE,7.75,-,-,7.80,-,-,-,-,-,-,7.77
1148,SB10367589,1148,LICEUL ROMÂNO - FINLANDEZ ERI SIBIU,7.65,-,-,7.90,-,-,-,-,-,-,7.77
1149,SB9083653,1149,ŞCOALA GIMNAZIALĂ NR. 4 SIBIU,7.65,-,-,7.90,-,-,-,-,-,-,7.77
1150,SB9805093,1150,"ŞCOALA GIMNAZIALĂ ""IOAN SLAVICI"" SIBIU",7.40,-,-,8.15,-,-,-,-,-,-,7.77
1151,SB10328948,1151,"ŞCOALA GIMNAZIALĂ ""CONSTANTIN IOAN MOTAŞ"" MEDIAŞ",8.65,-,-,6.85,-,-,-,-,-,-,7.75
1152,SB8545506,1152,ŞCOALA GIMNAZIALĂ NR. 7 MEDIAŞ,8.60,-,-,6.90,-,-,-,-,-,-,7.75
1153,SB9975074,1153,"LICEUL TEHNOLOGIC ""IOAN LUPAŞ"" SĂLIŞTE",8.40,-,-,7.10,-,-,-,-,-,-,7.75
1154,SB10344099,1154,"ŞCOALA GIMNAZIALĂ ""MIHAI VITEAZU"" ŞELIMBĂR",8.20,-,-,7.30,-,-,-,-,-,-,7.75
1155,SB7905046,1155,"ŞCOALA GIMNAZIALĂ ""IOAN BAN - DASCĂLU"" POIANA SIBIULUI",8.05,-,-,7.45,-,-,-,-,-,-,7.75
1156,SB9933305,1156,"ŞCOALA GIMNAZIALĂ ""CONSTANTIN IOAN MOTAŞ"" MEDIAŞ",8.05,-,-,7.45,-,-,-,-,-,-,7.75
1157,SB10281525,1157,"ŞCOALA GIMNAZIALĂ ""GEORG DANIEL TEUTSCH"" AGNITA",7.90,-,-,8.45,-,-,Limba germana,6.90,-,-,7.75
1158,SB9094000,1158,"ŞCOALA GIMNAZIALĂ ""OCTAVIAN GOGA"" RĂŞINARI",7.85,-,-,7.65,-,-,-,-,-,-,7.75
1159,SB10745823,1159,"ŞCOALA GIMNAZIALĂ ""NICOLAE IORGA"" SIBIU",7.80,-,-,7.70,-,-,-,-,-,-,7.75
1160,SB11072323,1160,ŞCOALA GIMNAZIALĂ NR. 13 SIBIU,7.80,-,-,7.70,-,-,-,-,-,-,7.75
1161,SB9915487,1161,"ŞCOALA GIMNAZIALĂ ""IOAN SLAVICI"" SIBIU",7.30,-,-,8.20,-,-,-,-,-,-,7.75
1162,SB12619518,1162,LICEUL DE ARTĂ SIBIU,7.20,-,-,8.30,-,-,-,-,-,-,7.75
1163,SB9908458,1163,"LICEUL TEHNOLOGIC ""IOAN LUPAŞ"" SĂLIŞTE",7.05,-,-,8.45,-,-,-,-,-,-,7.75
1164,SB12652942,1164,"COLEGIUL NAȚIONAL ""GHEORGHE LAZĂR"" SIBIU",6.65,-,-,8.85,-,-,-,-,-,-,7.75
1165,SB10072250,1165,"ŞCOALA GIMNAZIALĂ ""BATHORY ISTVAN"" MEDIAŞ",8.40,-,-,6.55,-,-,Limba maghiara,8.25,-,-,7.73
1166,SB10100648,1166,"ŞCOALA GIMNAZIALĂ ""GEORGE POPA"" MEDIAŞ",8.60,-,-,6.85,-,-,-,-,-,-,7.72
1167,SB9232507,1167,ŞCOALA GIMNAZIALĂ NR. 2 CISNĂDIE,8.50,-,-,6.95,-,-,-,-,-,-,7.72
1168,SB10109484,1168,ŞCOALA GIMNAZIALĂ NR. 18 SIBIU,8.30,-,-,7.15,-,-,-,-,-,-,7.72
1169,SB10563329,1169,"COLEGIUL NAȚIONAL PEDAGOGIC ""ANDREI ŞAGUNA"" SIBIU",8.15,-,-,7.30,-,-,-,-,-,-,7.72
1170,SB8952838,1170,"ŞCOALA GIMNAZIALĂ ""CIREŞARII"" MEDIAŞ",8.00,-,-,7.45,-,-,-,-,-,-,7.72
1171,SB9990533,1171,"ŞCOALA GIMNAZIALĂ ""NICOLAE IORGA"" SIBIU",7.80,-,-,7.65,-,-,-,-,-,-,7.72
1172,SB8870683,1172,"COLEGIUL NAȚIONAL ""OCTAVIAN GOGA"" SIBIU",7.60,-,-,7.85,-,-,-,-,-,-,7.72
1173,SB3977051,1173,ŞCOALA GIMNAZIALĂ NR. 18 SIBIU,7.45,-,-,8.00,-,-,-,-,-,-,7.72
1174,SB9975674,1174,"LICEUL TEHNOLOGIC ""IOAN LUPAŞ"" SĂLIŞTE",7.30,-,-,8.15,-,-,-,-,-,-,7.72
1175,SB9818169,1175,"LICEUL TEORETIC ""GHEORGHE LAZĂR"" AVRIG",7.25,-,-,8.20,-,-,-,-,-,-,7.72
1176,SB10321576,1176,"ŞCOALA GIMNAZIALĂ ""CONSTANTIN IOAN MOTAŞ"" MEDIAŞ",6.80,-,-,8.65,-,-,-,-,-,-,7.72
1177,SB10279068,1177,"ŞCOALA GIMNAZIALĂ ""GEORG DANIEL TEUTSCH"" AGNITA",7.95,-,-,7.15,-,-,Limba germana,8.05,-,-,7.71
1178,SB8128394,1178,ŞCOALA GIMNAZIALĂ NR. 4 SIBIU,8.15,-,-,7.25,-,-,-,-,-,-,7.70
1179,SB9843510,1179,ŞCOALA GIMNAZIALĂ LOAMNEŞ,8.15,-,-,7.25,-,-,-,-,-,-,7.70
1180,SB14675303,1180,ŞCOALA GIMNAZIALĂ NR. 7 MEDIAŞ,8.10,-,-,7.30,-,-,-,-,-,-,7.70
1181,SB10420476,1181,"ŞCOALA GIMNAZIALĂ ""ION LUCA CARAGIALE"" SIBIU",8.05,-,-,7.35,-,-,-,-,-,-,7.70
1182,SB11073806,1182,ŞCOALA GIMNAZIALĂ NR. 18 SIBIU,8.05,-,-,7.35,-,-,-,-,-,-,7.70
1183,SB10585146,1183,"ŞCOALA GIMNAZIALĂ ""MIHAI EMINESCU"" MEDIAŞ",7.95,-,-,7.45,-,-,-,-,-,-,7.70
1184,SB9988760,1184,"LICEUL TEHNOLOGIC ""IOAN LUPAŞ"" SĂLIŞTE",7.85,-,-,7.55,-,-,-,-,-,-,7.70
1185,SB10322051,1185,"ŞCOALA GIMNAZIALĂ ""MIHAI EMINESCU"" MEDIAŞ",7.75,-,-,7.65,-,-,-,-,-,-,7.70
1186,SB9626770,1186,"ŞCOALA GIMNAZIALĂ ""VIOREL CUCU PALTIN"" ARPAȘU DE JOS",7.70,-,-,7.70,-,-,-,-,-,-,7.70
1187,SB8994812,1187,"COLEGIUL NAȚIONAL ""OCTAVIAN GOGA"" SIBIU",7.45,-,-,7.95,-,-,-,-,-,-,7.70
1188,SB10064500,1188,ŞCOALA GIMNAZIALĂ NR. 25 SIBIU,7.05,-,-,8.35,-,-,-,-,-,-,7.70
1189,SB10126035,1189,ŞCOALA GIMNAZIALĂ NR. 18 SIBIU,6.80,-,-,8.60,-,-,-,-,-,-,7.70
1190,SB10313843,1190,"LICEUL TEORETIC ""ROTH - OBERTH"" MEDIAŞ",9.00,-,-,5.10,-,-,Limba germana,8.95,-,-,7.68
1191,SB10566543,1191,"COLEGIUL NAȚIONAL PEDAGOGIC ""ANDREI ŞAGUNA"" SIBIU",8.95,-,-,6.40,-,-,-,-,-,-,7.67
1192,SB7862509,1192,ŞCOALA GIMNAZIALĂ NR. 7 MEDIAŞ,8.75,-,-,6.60,-,-,-,-,-,-,7.67
1193,SB12106667,1193,"ŞCOALA GIMNAZIALĂ ""RADU SELEJAN"" SIBIU",8.50,-,-,6.85,-,-,-,-,-,-,7.67
1194,SB10448824,1194,ŞCOALA GIMNAZIALĂ BÂRGHIŞ,8.40,-,-,6.95,-,-,-,-,-,-,7.67
1195,SB9963038,1195,"ŞCOALA GIMNAZIALĂ ""NICOLAE IORGA"" SIBIU",8.20,-,-,7.15,-,-,-,-,-,-,7.67
1196,SB12098325,1196,ŞCOALA GIMNAZIALĂ NR. 3 COPȘA MICĂ,8.15,-,-,7.20,-,-,-,-,-,-,7.67
1197,SB10384287,1197,ŞCOALA GIMNAZIALĂ NR. 1 SIBIU,8.10,-,-,7.25,-,-,-,-,-,-,7.67
1198,SB8209693,1198,"ŞCOALA GIMNAZIALĂ ""ANDREI ȘAGUNA"" ŞURA MARE",8.05,-,-,7.30,-,-,-,-,-,-,7.67
1199,SB10176680,1199,"ŞCOALA GIMNAZIALĂ ""NICOLAE IORGA"" SIBIU",7.95,-,-,7.40,-,-,-,-,-,-,7.67
1200,SB10600485,1200,"COLEGIUL NAȚIONAL ""GHEORGHE LAZĂR"" SIBIU",7.75,-,-,7.60,-,-,-,-,-,-,7.67
1201,SB9129850,1201,"ŞCOALA GIMNAZIALĂ ""OCTAVIAN GOGA"" RĂŞINARI",7.75,-,-,7.60,-,-,-,-,-,-,7.67
1202,SB10320597,1202,"ŞCOALA GIMNAZIALĂ ""CONSTANTIN IOAN MOTAŞ"" MEDIAŞ",7.50,-,-,7.85,-,-,-,-,-,-,7.67
1203,SB12049383,1203,"LICEUL TEHNOLOGIC ""IOAN LUPAŞ"" SĂLIŞTE",7.35,-,-,8.00,-,-,-,-,-,-,7.67
1204,SB9804909,1204,ŞCOALA GIMNAZIALĂ NR. 8 SIBIU,7.35,-,-,8.00,-,-,-,-,-,-,7.67
1205,SB9009450,1205,"LICEUL TEORETIC ""CONSTANTIN NOICA"" SIBIU",7.25,-,-,8.10,-,-,-,-,-,-,7.67
1206,SB10527895,1206,"LICEUL TEORETIC ""ONISIFOR GHIBU"" SIBIU",8.55,-,-,7.70,-,-,Limba germana,6.75,-,-,7.66
1207,SB10514671,1207,"COLEGIUL NAȚIONAL ""SAMUEL VON BRUKENTHAL"" SIBIU",8.10,-,-,7.05,-,-,Limba germana,7.85,-,-,7.66
1208,SB10115908,1208,"LICEUL TEORETIC ""ROTH - OBERTH"" MEDIAŞ",8.05,-,-,6.90,-,-,Limba germana,8.05,-,-,7.66
1209,SB10069598,1209,"LICEUL TEORETIC ""ROTH - OBERTH"" MEDIAŞ",7.40,-,-,8.50,-,-,Limba germana,7.10,-,-,7.66
1210,SB12259871,1210,ŞCOALA GIMNAZIALĂ NOCRICH,8.40,-,-,6.90,-,-,-,-,-,-,7.65
1211,SB9474746,1211,"ŞCOALA GIMNAZIALĂ ""AUREL DECEI"" GURA RÂULUI",8.20,-,-,7.10,-,-,-,-,-,-,7.65
1212,SB12259986,1212,ŞCOALA GIMNAZIALĂ NR. 25 SIBIU,8.05,-,-,7.25,-,-,-,-,-,-,7.65
1213,SB9083168,1213,ŞCOALA GIMNAZIALĂ NR. 1 SIBIU,7.95,-,-,7.35,-,-,-,-,-,-,7.65
1214,SB8128472,1214,ŞCOALA GIMNAZIALĂ BOIAN,7.90,-,-,7.40,-,-,-,-,-,-,7.65
1215,SB9531002,1215,ŞCOALA GIMNAZIALĂ NR. 2 SIBIU,7.75,-,-,7.55,-,-,-,-,-,-,7.65
1216,SB8578209,1216,"ŞCOALA GIMNAZIALĂ ""NICOLAE IORGA"" SIBIU",7.30,-,-,6.85,-,-,Limba germana,8.80,-,-,7.65
1217,SB8908919,1217,ŞCOALA GIMNAZIALĂ NR. 21 SIBIU,7.10,-,-,8.20,-,-,-,-,-,-,7.65
1218,SB10123565,1218,"ŞCOALA GIMNAZIALĂ ""ANDREI ȘAGUNA"" ŞURA MARE",6.95,-,-,8.35,-,-,-,-,-,-,7.65
1219,SB10122429,1219,"COLEGIUL NAȚIONAL ""OCTAVIAN GOGA"" SIBIU",7.30,-,-,7.30,-,-,Limba germana,8.30,-,-,7.63
1220,SB10408775,1220,"ŞCOALA GIMNAZIALĂ ""ION LUCA CARAGIALE"" SIBIU",7.25,-,-,7.80,-,-,Limba germana,7.85,-,-,7.63
1221,SB12060111,1221,"ŞCOALA GIMNAZIALĂ ""CIREŞARII"" MEDIAŞ",8.25,-,-,7.00,-,-,-,-,-,-,7.62
1222,SB9682946,1222,ŞCOALA GIMNAZIALĂ CRISTIAN,8.15,-,-,7.10,-,-,-,-,-,-,7.62
1223,SB9805400,1223,ŞCOALA GIMNAZIALĂ NR. 4 SIBIU,8.00,-,-,7.25,-,-,-,-,-,-,7.62
1224,SB9004793,1224,"ŞCOALA GIMNAZIALĂ ""REGINA MARIA"" SIBIU",7.80,-,-,7.45,-,-,-,-,-,-,7.62
1225,SB9187568,1225,"ŞCOALA GIMNAZIALĂ ""NICOLAE IORGA"" SIBIU",7.60,-,-,7.65,-,-,-,-,-,-,7.62
1226,SB12303517,1226,"ŞCOALA GIMNAZIALĂ ""REGELE FERDINAND"" SIBIU",7.55,-,-,7.70,-,-,-,-,-,-,7.62
1227,SB8880726,1227,"ŞCOALA GIMNAZIALĂ ""MIHAI VITEAZU"" ŞELIMBĂR",7.45,-,-,7.80,-,-,-,-,-,-,7.62
1228,SB9093036,1228,"ŞCOALA GIMNAZIALĂ ""ION LUCA CARAGIALE"" SIBIU",7.35,-,-,7.90,-,-,-,-,-,-,7.62
1229,SB10507098,1229,"ŞCOALA GIMNAZIALĂ ""ION LUCA CARAGIALE"" SIBIU",6.85,-,-,8.40,-,-,-,-,-,-,7.62
1230,SB12017308,1230,ŞCOALA GIMNAZIALĂ NR. 18 SIBIU,8.20,-,-,7.00,-,-,-,-,-,-,7.60
1231,SB10847451,1231,"ŞCOALA GIMNAZIALĂ ""ION LUCA CARAGIALE"" SIBIU",8.10,-,-,7.10,-,-,-,-,-,-,7.60
1232,SB9594521,1232,"ŞCOALA GIMNAZIALĂ ""STEPHAN LUDWIG ROTH"" MOŞNA",8.10,-,-,7.10,-,-,-,-,-,-,7.60
1233,SB10547167,1233,ŞCOALA GIMNAZIALĂ NR. 3 CISNĂDIE,7.90,-,-,7.30,-,-,-,-,-,-,7.60
1234,SB9587384,1234,"ŞCOALA GIMNAZIALĂ ""NICOLAE IORGA"" SIBIU",7.85,-,-,7.35,-,-,-,-,-,-,7.60
1235,SB10104915,1235,"ŞCOALA GIMNAZIALĂ ""ION ALBESCU"" BOIŢA",7.70,-,-,7.50,-,-,-,-,-,-,7.60
1236,SB10298097,1236,ŞCOALA GIMNAZIALĂ NR. 4 MEDIAŞ,7.50,-,-,7.70,-,-,-,-,-,-,7.60
1237,SB666601,1237,"ŞCOALA GIMNAZIALĂ ""REGINA MARIA"" SIBIU",7.40,-,-,7.80,-,-,-,-,-,-,7.60
1238,SB8954969,1238,"ŞCOALA GIMNAZIALĂ ""CONSTANTIN IOAN MOTAŞ"" MEDIAŞ",7.40,-,-,7.80,-,-,-,-,-,-,7.60
1239,SB8881013,1239,"ŞCOALA GIMNAZIALĂ ""ION LUCA CARAGIALE"" SIBIU",6.45,-,-,8.75,-,-,-,-,-,-,7.60
1240,SB10488811,1240,"LICEUL TEORETIC ""ONISIFOR GHIBU"" SIBIU",7.60,-,-,7.95,-,-,Limba germana,7.20,-,-,7.58
1241,SB11076342,1241,ŞCOALA GIMNAZIALĂ NR. 4 SIBIU,7.35,-,-,7.80,-,-,Limba germana,7.60,-,-,7.58
1242,SB10306593,1242,"ŞCOALA GIMNAZIALĂ ""BATHORY ISTVAN"" MEDIAŞ",7.05,-,-,6.35,-,-,Limba maghiara,9.35,-,-,7.58
1243,SB7904106,1243,"ŞCOALA GIMNAZIALĂ ""IOAN BAN - DASCĂLU"" POIANA SIBIULUI",9.20,-,-,5.95,-,-,-,-,-,-,7.57
1244,SB10442482,1244,ŞCOALA GIMNAZIALĂ NR. 7 MEDIAŞ,8.95,-,-,6.20,-,-,-,-,-,-,7.57
1245,SB10318639,1245,"ŞCOALA GIMNAZIALĂ ""GEORGE POPA"" MEDIAŞ",8.20,-,-,6.95,-,-,-,-,-,-,7.57
1246,SB11076899,1246,"ŞCOALA GIMNAZIALĂ ""IOAN SLAVICI"" SIBIU",7.90,-,-,7.25,-,-,-,-,-,-,7.57
1247,SB10425721,1247,"LICEUL TEORETIC ""CONSTANTIN NOICA"" SIBIU",7.80,-,-,7.35,-,-,-,-,-,-,7.57
1248,SB12249543,1248,ŞCOALA GIMNAZIALĂ NR. 1 SIBIU,7.75,-,-,7.40,-,-,-,-,-,-,7.57
1249,SB9674815,1249,"ŞCOALA GIMNAZIALĂ ""IOAN SLAVICI"" SIBIU",7.60,-,-,7.55,-,-,-,-,-,-,7.57
1250,SB10419833,1250,ŞCOALA GIMNAZIALĂ NR. 8 SIBIU,7.25,-,-,7.90,-,-,-,-,-,-,7.57
1251,SB10478693,1251,"ŞCOALA GIMNAZIALĂ ""MIHAI EMINESCU"" MEDIAŞ",7.20,-,-,7.95,-,-,-,-,-,-,7.57
1252,SB10045688,1252,"ŞCOALA GIMNAZIALĂ ""RADU SELEJAN"" SIBIU",8.50,-,-,6.60,-,-,-,-,-,-,7.55
1253,SB10846979,1253,"LICEUL TEORETIC ""CONSTANTIN NOICA"" SIBIU",8.25,-,-,6.85,-,-,-,-,-,-,7.55
1254,SB9531689,1254,ŞCOALA GIMNAZIALĂ NR. 8 SIBIU,8.05,-,-,7.05,-,-,-,-,-,-,7.55
1255,SB10464456,1255,"COLEGIUL NAȚIONAL PEDAGOGIC ""ANDREI ŞAGUNA"" SIBIU",7.90,-,-,7.20,-,-,-,-,-,-,7.55
1256,SB10570104,1256,"ŞCOALA GIMNAZIALĂ ""MIHAI VITEAZU"" ŞELIMBĂR",7.90,-,-,7.20,-,-,-,-,-,-,7.55
1257,SB8837308,1257,"COLEGIUL NAȚIONAL ""OCTAVIAN GOGA"" SIBIU",7.90,-,-,7.20,-,-,-,-,-,-,7.55
1258,SB10546521,1258,ŞCOALA GIMNAZIALĂ NR. 3 CISNĂDIE,7.80,-,-,7.30,-,-,-,-,-,-,7.55
1259,SB9626482,1259,"ŞCOALA GIMNAZIALĂ ""VIOREL CUCU PALTIN"" ARPAȘU DE JOS",7.70,-,-,7.40,-,-,-,-,-,-,7.55
1260,SB4856851,1260,ŞCOALA GIMNAZIALĂ NR. 18 SIBIU,7.65,-,-,7.45,-,-,-,-,-,-,7.55
1261,SB8430029,1261,"COLEGIUL NAȚIONAL ""SAMUEL VON BRUKENTHAL"" SIBIU",7.50,-,-,6.75,-,-,Limba germana,8.40,-,-,7.55
1262,SB4601901,1262,ŞCOALA GIMNAZIALĂ OCNA SIBIULUI,7.40,-,-,7.70,-,-,-,-,-,-,7.55
1263,SB12438738,1263,ŞCOALA GIMNAZIALĂ NR. 18 SIBIU,7.30,-,-,7.80,-,-,-,-,-,-,7.55
1264,SB9817224,1264,ŞCOALA GIMNAZIALĂ NR. 21 SIBIU,7.25,-,-,7.85,-,-,-,-,-,-,7.55
1265,SB10389393,1265,ŞCOALA GIMNAZIALĂ NR. 25 SIBIU,7.05,-,-,8.05,-,-,-,-,-,-,7.55
1266,SB10109967,1266,"COLEGIUL NAȚIONAL ""SAMUEL VON BRUKENTHAL"" SIBIU",6.90,-,-,7.10,-,-,Limba germana,8.65,-,-,7.55
1267,SB9134214,1267,"ŞCOALA GIMNAZIALĂ ""NICOLAE IORGA"" SIBIU",6.80,-,-,8.30,-,-,-,-,-,-,7.55
1268,SB10825209,1268,"ŞCOALA GIMNAZIALĂ ""ION LUCA CARAGIALE"" SIBIU",6.50,-,-,8.60,-,-,-,-,-,-,7.55
1269,SB9172127,1269,"ŞCOALA GIMNAZIALĂ ""NICOLAE IORGA"" SIBIU",8.45,-,-,6.40,-,-,Limba germana,7.75,-,-,7.53
1270,SB12442390,1270,LICEUL DE ARTĂ SIBIU,8.50,-,-,6.55,-,-,-,-,-,-,7.52
1271,SB8398725,1271,ŞCOALA GIMNAZIALĂ RACOVIŢA,8.45,-,-,6.60,-,-,-,-,-,-,7.52
1272,SB10710425,1272,"LICEUL TEORETIC ""CONSTANTIN NOICA"" SIBIU",8.40,-,-,6.65,-,-,-,-,-,-,7.52
1273,SB4108701,1273,ŞCOALA GIMNAZIALĂ NR. 18 SIBIU,8.35,-,-,6.70,-,-,-,-,-,-,7.52
1274,SB12438739,1274,ŞCOALA GIMNAZIALĂ NR. 23 SIBIU,7.95,-,-,7.10,-,-,-,-,-,-,7.52
1275,SB10057842,1275,"COLEGIUL NAȚIONAL ""OCTAVIAN GOGA"" SIBIU",7.85,-,-,7.20,-,-,-,-,-,-,7.52
1276,SB9538853,1276,"LICEUL TEORETIC ""CONSTANTIN NOICA"" SIBIU",7.85,-,-,7.20,-,-,-,-,-,-,7.52
1277,SB645951,1277,"ŞCOALA GIMNAZIALĂ ""REGELE FERDINAND"" SIBIU",7.80,-,-,7.25,-,-,-,-,-,-,7.52
1278,SB10329831,1278,"LICEUL TEHNOLOGIC ""ILIE MĂCELARIU"" MIERCUREA SIBIULUI",7.70,-,-,7.35,-,-,-,-,-,-,7.52
1279,SB9834800,1279,ŞCOALA GIMNAZIALĂ PORUMBACU DE JOS,7.55,-,-,7.50,-,-,-,-,-,-,7.52
1280,SB10400362,1280,"COLEGIUL NAȚIONAL ""OCTAVIAN GOGA"" SIBIU",7.45,-,-,7.60,-,-,-,-,-,-,7.52
1281,SB7109301,1281,ŞCOALA GIMNAZIALĂ NR. 4 SIBIU,7.45,-,-,7.60,-,-,-,-,-,-,7.52
1282,SB9239748,1282,"ŞCOALA GIMNAZIALĂ ""REGINA MARIA"" SIBIU",7.35,-,-,7.70,-,-,-,-,-,-,7.52
1283,SB10400079,1283,ŞCOALA GIMNAZIALĂ NR. 25 SIBIU,7.15,-,-,7.90,-,-,-,-,-,-,7.52
1284,SB657801,1284,ŞCOALA GIMNAZIALĂ NR. 25 SIBIU,7.10,-,-,7.95,-,-,-,-,-,-,7.52
1285,SB10349852,1285,ŞCOALA GIMNAZIALĂ NR. 4 SIBIU,7.05,-,-,8.00,-,-,-,-,-,-,7.52
1286,SB12442980,1286,ŞCOALA GIMNAZIALĂ NR. 7 MEDIAŞ,6.75,-,-,8.30,-,-,-,-,-,-,7.52
1287,SB9803084,1287,ŞCOALA GIMNAZIALĂ TĂLMACIU,6.70,-,-,8.35,-,-,-,-,-,-,7.52
1288,SB10301804,1288,"LICEUL TEORETIC ""ROTH - OBERTH"" MEDIAŞ",7.30,-,-,6.30,-,-,Limba germana,8.95,-,-,7.51
1289,SB10005108,1289,"LICEUL TEORETIC ""GHEORGHE LAZĂR"" AVRIG",8.75,-,-,6.25,-,-,-,-,-,-,7.50
1290,SB9805584,1290,ŞCOALA GIMNAZIALĂ TĂLMACIU,8.55,-,-,6.45,-,-,-,-,-,-,7.50
1291,SB10490239,1291,"ŞCOALA GIMNAZIALĂ ""CORNELIU PĂCURARIU"" MICĂSASA",7.90,-,-,7.10,-,-,-,-,-,-,7.50
1292,SB9005423,1292,LICEUL DE ARTĂ SIBIU,7.85,-,-,7.15,-,-,-,-,-,-,7.50
1293,SB10514113,1293,ŞCOALA GIMNAZIALĂ NR. 18 SIBIU,7.55,-,-,7.45,-,-,-,-,-,-,7.50
1294,SB4856251,1294,ŞCOALA GIMNAZIALĂ NR. 18 SIBIU,7.40,-,-,7.60,-,-,-,-,-,-,7.50
1295,SB10561268,1295,ŞCOALA GIMNAZIALĂ NR. 4 SIBIU,7.35,-,-,7.65,-,-,-,-,-,-,7.50
1296,SB12615742,1296,"LICEUL TEHNOLOGIC ""IOAN LUPAŞ"" SĂLIŞTE",7.35,-,-,7.65,-,-,-,-,-,-,7.50
1297,SB11999478,1297,ŞCOALA GIMNAZIALĂ NR. 21 SIBIU,7.25,-,-,7.75,-,-,-,-,-,-,7.50
1298,SB9064814,1298,"ŞCOALA GIMNAZIALĂ ""REGINA MARIA"" SIBIU",7.25,-,-,7.75,-,-,-,-,-,-,7.50
1299,SB8874231,1299,"ŞCOALA GIMNAZIALĂ ""NICOLAE IORGA"" SIBIU",7.20,-,-,7.80,-,-,-,-,-,-,7.50
1300,SB13939198,1300,"ŞCOALA GIMNAZIALĂ ""CONSTANTIN IOAN MOTAŞ"" MEDIAŞ",7.05,-,-,7.95,-,-,-,-,-,-,7.50
1301,SB12478371,1301,"LICEUL ""AUGUST TREBONIU LAURIAN"" AGNITA",6.85,-,-,8.15,-,-,-,-,-,-,7.50
1302,SB7890264,1302,"ŞCOALA GIMNAZIALĂ ""NICOLAE IORGA"" SIBIU",6.85,-,-,8.15,-,-,-,-,-,-,7.50
1303,SB10592744,1303,ŞCOALA GIMNAZIALĂ NR. 3 CISNĂDIE,6.35,-,-,8.65,-,-,-,-,-,-,7.50
1304,SB10399827,1304,"ŞCOALA GIMNAZIALĂ ""ION LUCA CARAGIALE"" SIBIU",8.10,-,-,5.50,-,-,Limba germana,8.85,-,-,7.48
1305,SB10303187,1305,"LICEUL TEORETIC ""ROTH - OBERTH"" MEDIAŞ",7.70,-,-,6.40,-,-,Limba germana,8.35,-,-,7.48
1306,SB4070701,1306,"ŞCOALA GIMNAZIALĂ ""RADU SELEJAN"" SIBIU",8.60,-,-,6.35,-,-,-,-,-,-,7.47
1307,SB10466046,1307,"ŞCOALA GIMNAZIALĂ ""NICOLAE IORGA"" SIBIU",8.35,-,-,6.60,-,-,-,-,-,-,7.47
1308,SB10085661,1308,"ŞCOALA GIMNAZIALĂ ""NICOLAE IORGA"" SIBIU",7.65,-,-,7.30,-,-,-,-,-,-,7.47
1309,SB12327224,1309,"ŞCOALA GIMNAZIALĂ ""IOAN SLAVICI"" SIBIU",7.55,-,-,7.40,-,-,-,-,-,-,7.47
1310,SB7503101,1310,ŞCOALA GIMNAZIALĂ NR. 8 SIBIU,7.55,-,-,7.40,-,-,-,-,-,-,7.47
1311,SB10488239,1311,"ŞCOALA GIMNAZIALĂ ""ION LUCA CARAGIALE"" SIBIU",7.50,-,-,7.45,-,-,-,-,-,-,7.47
1312,SB3978451,1312,ŞCOALA GIMNAZIALĂ NR. 18 SIBIU,7.50,-,-,7.45,-,-,-,-,-,-,7.47
1313,SB8355604,1313,"ŞCOALA GIMNAZIALĂ ""ANDREI ȘAGUNA"" ŞURA MARE",7.15,-,-,7.80,-,-,-,-,-,-,7.47
1314,SB9385683,1314,ŞCOALA GIMNAZIALĂ NR. 3 CISNĂDIE,7.05,-,-,7.90,-,-,-,-,-,-,7.47
1315,SB12063993,1315,"ŞCOALA GIMNAZIALĂ ""NICOLAE IORGA"" SIBIU",6.95,-,-,8.00,-,-,-,-,-,-,7.47
1316,SB9376504,1316,ŞCOALA GIMNAZIALĂ NR. 3 CISNĂDIE,6.90,-,-,8.05,-,-,-,-,-,-,7.47
1317,SB10542096,1317,ŞCOALA GIMNAZIALĂ NR. 3 CISNĂDIE,6.85,-,-,8.10,-,-,-,-,-,-,7.47
1318,SB10294216,1318,"LICEUL TEORETIC ""ROTH - OBERTH"" MEDIAŞ",7.35,-,-,8.00,-,-,Limba germana,7.05,-,-,7.46
1319,SB10399498,1319,"ŞCOALA GIMNAZIALĂ ""NICOLAE IORGA"" SIBIU",8.95,-,-,5.95,-,-,-,-,-,-,7.45
1320,SB10162674,1320,"COLEGIUL NAȚIONAL ""OCTAVIAN GOGA"" SIBIU",8.90,-,-,6.00,-,-,-,-,-,-,7.45
1321,SB12094078,1321,LICEUL TEHNOLOGIC MÂRŞA,8.90,-,-,6.00,-,-,-,-,-,-,7.45
1322,SB10458640,1322,"COLEGIUL NAȚIONAL ""OCTAVIAN GOGA"" SIBIU",8.30,-,-,6.60,-,-,-,-,-,-,7.45
1323,SB9886539,1323,ŞCOALA GIMNAZIALĂ SLIMNIC,8.05,-,-,6.85,-,-,-,-,-,-,7.45
1324,SB10092668,1324,"COLEGIUL NAȚIONAL ""OCTAVIAN GOGA"" SIBIU",8.00,-,-,6.90,-,-,-,-,-,-,7.45
1325,SB10546805,1325,ŞCOALA GIMNAZIALĂ NR. 3 CISNĂDIE,7.85,-,-,7.05,-,-,-,-,-,-,7.45
1326,SB9741578,1326,"ŞCOALA GIMNAZIALĂ ""SAVA POPOVICI BARCIANU"" RĂŞINARI",7.55,-,-,7.35,-,-,-,-,-,-,7.45
1327,SB10433665,1327,"LICEUL TEORETIC ""ROTH - OBERTH"" MEDIAŞ",7.50,-,-,6.90,-,-,Limba germana,7.95,-,-,7.45
1328,SB10327413,1328,"ŞCOALA GIMNAZIALĂ ""REGELE FERDINAND"" SIBIU",7.45,-,-,7.45,-,-,-,-,-,-,7.45
1329,SB10045591,1329,"ŞCOALA GIMNAZIALĂ ""MIHAI VITEAZU"" ŞELIMBĂR",7.35,-,-,7.55,-,-,-,-,-,-,7.45
1330,SB10299292,1330,"ŞCOALA GIMNAZIALĂ ""MIHAI EMINESCU"" MEDIAŞ",7.35,-,-,7.55,-,-,-,-,-,-,7.45
1331,SB9138152,1331,"ŞCOALA GIMNAZIALĂ ""OCTAVIAN GOGA"" RĂŞINARI",7.10,-,-,7.80,-,-,-,-,-,-,7.45
1332,SB10399612,1332,"ŞCOALA GIMNAZIALĂ ""NICOLAE IORGA"" SIBIU",6.80,-,-,8.10,-,-,-,-,-,-,7.45
1333,SB10784693,1333,ŞCOALA GIMNAZIALĂ NR. 25 SIBIU,6.75,-,-,8.15,-,-,-,-,-,-,7.45
1334,SB8020503,1334,"LICEUL ""TIMOTEI CIPARIU"" DUMBRĂVENI",6.65,-,-,8.25,-,-,-,-,-,-,7.45
1335,SB10327267,1335,"ŞCOALA GIMNAZIALĂ ""CIREŞARII"" MEDIAŞ",6.60,-,-,8.30,-,-,-,-,-,-,7.45
1336,SB10295936,1336,"ŞCOALA GIMNAZIALĂ ""CONSTANTIN IOAN MOTAŞ"" MEDIAŞ",8.40,-,-,6.45,-,-,-,-,-,-,7.42
1337,SB1139901,1337,ŞCOALA GIMNAZIALĂ NR. 1 SIBIU,8.30,-,-,6.55,-,-,-,-,-,-,7.42
1338,SB10451457,1338,ŞCOALA GIMNAZIALĂ BÂRGHIŞ,8.20,-,-,6.65,-,-,-,-,-,-,7.42
1339,SB10159886,1339,LICEUL DE ARTĂ SIBIU,8.10,-,-,6.75,-,-,-,-,-,-,7.42
1340,SB9942734,1340,"LICEUL TEHNOLOGIC ""IOAN LUPAŞ"" SĂLIŞTE",8.05,-,-,6.80,-,-,-,-,-,-,7.42
1341,SB9536692,1341,"ŞCOALA GIMNAZIALĂ ""AUREL DECEI"" GURA RÂULUI",8.00,-,-,6.85,-,-,-,-,-,-,7.42
1342,SB10756104,1342,"ŞCOALA GIMNAZIALĂ ""RADU SELEJAN"" SIBIU",7.95,-,-,6.90,-,-,-,-,-,-,7.42
1343,SB10983143,1343,"ŞCOALA GIMNAZIALĂ ""NICOLAE IORGA"" SIBIU",7.70,-,-,7.15,-,-,-,-,-,-,7.42
1344,SB7904876,1344,"ŞCOALA GIMNAZIALĂ ""IOAN BAN - DASCĂLU"" POIANA SIBIULUI",7.65,-,-,7.20,-,-,-,-,-,-,7.42
1345,SB10264766,1345,ŞCOALA GIMNAZIALĂ NR. 18 SIBIU,7.40,-,-,7.45,-,-,-,-,-,-,7.42
1346,SB10599571,1346,ŞCOALA GIMNAZIALĂ NR. 3 CISNĂDIE,7.40,-,-,7.45,-,-,-,-,-,-,7.42
1347,SB4093551,1347,ŞCOALA GIMNAZIALĂ NR. 18 SIBIU,7.10,-,-,7.75,-,-,-,-,-,-,7.42
1348,SB10308704,1348,ŞCOALA GIMNAZIALĂ NR. 1 SIBIU,6.85,-,-,8.00,-,-,-,-,-,-,7.42
1349,SB10848146,1349,"LICEUL TEORETIC ""CONSTANTIN NOICA"" SIBIU",6.55,-,-,8.30,-,-,-,-,-,-,7.42
1350,SB9103846,1350,"COLEGIUL NAȚIONAL ""SAMUEL VON BRUKENTHAL"" SIBIU",7.95,-,-,6.75,-,-,Limba germana,7.55,-,-,7.41
1351,SB10070668,1351,"LICEUL TEORETIC ""ROTH - OBERTH"" MEDIAŞ",7.75,-,-,5.80,-,-,Limba germana,8.70,-,-,7.41
1352,SB9806137,1352,"COLEGIUL NAȚIONAL ""SAMUEL VON BRUKENTHAL"" SIBIU",7.50,-,-,7.35,-,-,Limba germana,7.40,-,-,7.41
1353,SB9723437,1353,"LICEUL TEORETIC ""ROTH - OBERTH"" MEDIAŞ",7.05,-,-,7.00,-,-,Limba germana,8.20,-,-,7.41
1354,SB10431790,1354,ŞCOALA GIMNAZIALĂ NR. 4 SIBIU,6.85,-,-,7.85,-,-,Limba germana,7.55,-,-,7.41
1355,SB12385390,1355,ŞCOALA GIMNAZIALĂ PĂUCA,9.00,-,-,5.80,-,-,-,-,-,-,7.40
1356,SB10824425,1356,LICEUL DE ARTĂ SIBIU,8.60,-,-,6.20,-,-,-,-,-,-,7.40
1357,SB10025548,1357,LICEUL TEHNOLOGIC MÂRŞA,8.40,-,-,6.40,-,-,-,-,-,-,7.40
1358,SB8223346,1358,"ŞCOALA GIMNAZIALĂ ""SAMUIL MICU"" SADU",8.10,-,-,6.70,-,-,-,-,-,-,7.40
1359,SB10463799,1359,"ŞCOALA GIMNAZIALĂ ""REGINA MARIA"" SIBIU",7.75,-,-,7.05,-,-,-,-,-,-,7.40
1360,SB10678655,1360,"ŞCOALA GIMNAZIALĂ ""RADU SELEJAN"" SIBIU",7.65,-,-,7.15,-,-,-,-,-,-,7.40
1361,SB12297713,1361,"ŞCOALA GIMNAZIALĂ ""IOAN SLAVICI"" SIBIU",7.65,-,-,7.15,-,-,-,-,-,-,7.40
1362,SB10465930,1362,LICEUL DE ARTĂ SIBIU,7.60,-,-,7.20,-,-,-,-,-,-,7.40
1363,SB7890187,1363,ŞCOALA GIMNAZIALĂ NR. 21 SIBIU,7.55,-,-,7.25,-,-,-,-,-,-,7.40
1364,SB10541681,1364,ŞCOALA GIMNAZIALĂ NR. 3 CISNĂDIE,7.35,-,-,7.45,-,-,-,-,-,-,7.40
1365,SB10586932,1365,"ŞCOALA GIMNAZIALĂ ""ION ALBESCU"" BOIŢA",7.35,-,-,7.45,-,-,-,-,-,-,7.40
1366,SB9941955,1366,"LICEUL TEHNOLOGIC ""IOAN LUPAŞ"" SĂLIŞTE",7.25,-,-,7.55,-,-,-,-,-,-,7.40
1367,SB8398468,1367,ŞCOALA GIMNAZIALĂ RACOVIŢA,7.15,-,-,7.65,-,-,-,-,-,-,7.40
1368,SB9806052,1368,"ŞCOALA GIMNAZIALĂ ""NICOLAE IORGA"" SIBIU",7.05,-,-,7.75,-,-,-,-,-,-,7.40
1369,SB9664191,1369,ŞCOALA GIMNAZIALĂ ŞEICA MARE,8.45,-,-,6.30,-,-,-,-,-,-,7.37
1370,SB11026698,1370,LICEUL ROMÂNO - FINLANDEZ ERI SIBIU,8.35,-,-,6.40,-,-,-,-,-,-,7.37
1371,SB4555651,1371,ŞCOALA GIMNAZIALĂ OCNA SIBIULUI,8.15,-,-,6.60,-,-,-,-,-,-,7.37
1372,SB9657422,1372,ŞCOALA GIMNAZIALĂ ŞEICA MARE,7.85,-,-,6.90,-,-,-,-,-,-,7.37
1373,SB659501,1373,ŞCOALA GIMNAZIALĂ NR. 1 SIBIU,7.65,-,-,7.10,-,-,-,-,-,-,7.37
1374,SB9848989,1374,"ŞCOALA GIMNAZIALĂ ""MIHAI EMINESCU"" MEDIAŞ",7.35,-,-,7.40,-,-,-,-,-,-,7.37
1375,SB8879587,1375,"ŞCOALA GIMNAZIALĂ ""MIHAI VITEAZU"" ŞELIMBĂR",7.00,-,-,7.75,-,-,-,-,-,-,7.37
1376,SB10167272,1376,ŞCOALA GIMNAZIALĂ SLIMNIC,6.95,-,-,7.80,-,-,-,-,-,-,7.37
1377,SB12442060,1377,"COLEGIUL NAȚIONAL ""OCTAVIAN GOGA"" SIBIU",6.85,-,-,7.90,-,-,-,-,-,-,7.37
1378,SB10320903,1378,"LICEUL TEORETIC ""ROTH - OBERTH"" MEDIAŞ",7.50,-,-,5.45,-,-,Limba germana,9.15,-,-,7.36
1379,SB10070243,1379,"LICEUL TEORETIC ""ROTH - OBERTH"" MEDIAŞ",7.35,-,-,6.70,-,-,Limba germana,8.05,-,-,7.36
1380,SB11076370,1380,"ŞCOALA GIMNAZIALĂ ""REGINA MARIA"" SIBIU",8.50,-,-,6.20,-,-,-,-,-,-,7.35
1381,SB9008243,1381,"ŞCOALA GIMNAZIALĂ ""RADU SELEJAN"" SIBIU",8.30,-,-,6.40,-,-,-,-,-,-,7.35
1382,SB10494051,1382,"ŞCOALA GIMNAZIALĂ ""REGELE FERDINAND"" SIBIU",8.15,-,-,6.55,-,-,-,-,-,-,7.35
1383,SB10440719,1383,ŞCOALA GIMNAZIALĂ NR. 7 MEDIAŞ,8.00,-,-,6.70,-,-,-,-,-,-,7.35
1384,SB12321014,1384,"ŞCOALA GIMNAZIALĂ ""REGINA MARIA"" SIBIU",7.80,-,-,6.90,-,-,-,-,-,-,7.35
1385,SB9238095,1385,ŞCOALA GIMNAZIALĂ ŞEICA MARE,7.80,-,-,6.90,-,-,-,-,-,-,7.35
1386,SB9928292,1386,"ŞCOALA GIMNAZIALĂ ""ION ALBESCU"" BOIŢA",7.75,-,-,6.95,-,-,-,-,-,-,7.35
1387,SB12408511,1387,"ŞCOALA GIMNAZIALĂ ""AUREL DECEI"" GURA RÂULUI",7.65,-,-,7.05,-,-,-,-,-,-,7.35
1388,SB10540381,1388,ŞCOALA GIMNAZIALĂ NR. 18 SIBIU,7.60,-,-,7.10,-,-,-,-,-,-,7.35
1389,SB12616167,1389,"ŞCOALA GIMNAZIALĂ ""REGINA MARIA"" SIBIU",7.50,-,-,7.20,-,-,-,-,-,-,7.35
1390,SB7960444,1390,"ŞCOALA GIMNAZIALĂ ""IOAN BAN - DASCĂLU"" POIANA SIBIULUI",7.45,-,-,7.25,-,-,-,-,-,-,7.35
1391,SB11073028,1391,ŞCOALA GIMNAZIALĂ NR. 18 SIBIU,7.35,-,-,7.35,-,-,-,-,-,-,7.35
1392,SB10477041,1392,"ŞCOALA GIMNAZIALĂ ""NICOLAE IORGA"" SIBIU",7.25,-,-,7.45,-,-,-,-,-,-,7.35
1393,SB10426720,1393,"COLEGIUL NAȚIONAL PEDAGOGIC ""ANDREI ŞAGUNA"" SIBIU",7.05,-,-,7.65,-,-,-,-,-,-,7.35
1394,SB13186714,1394,"LICEUL TEORETIC ""CONSTANTIN NOICA"" SIBIU",6.75,-,-,7.95,-,-,-,-,-,-,7.35
1395,SB10071785,1395,"LICEUL TEORETIC ""ROTH - OBERTH"" MEDIAŞ",7.30,-,-,6.65,-,-,Limba germana,8.05,-,-,7.33
1396,SB10744160,1396,ŞCOALA GIMNAZIALĂ VURPĂR,8.00,-,-,6.65,-,-,-,-,-,-,7.32
1397,SB13608452,1397,ŞCOALA GIMNAZIALĂ NR. 8 SIBIU,8.00,-,-,6.65,-,-,-,-,-,-,7.32
1398,SB2829851,1398,"ŞCOALA GIMNAZIALĂ ""RADU SELEJAN"" SIBIU",7.90,-,-,6.75,-,-,-,-,-,-,7.32
1399,SB10301824,1399,ŞCOALA GIMNAZIALĂ NR. 1 SIBIU,7.70,-,-,6.95,-,-,-,-,-,-,7.32
1400,SB10125948,1400,"COLEGIUL NAȚIONAL ""OCTAVIAN GOGA"" SIBIU",7.65,-,-,7.00,-,-,-,-,-,-,7.32
1401,SB10662460,1401,"ŞCOALA GIMNAZIALĂ ""REGINA MARIA"" SIBIU",7.15,-,-,7.50,-,-,-,-,-,-,7.32
1402,SB9076495,1402,"ŞCOALA GIMNAZIALĂ ""REGINA MARIA"" SIBIU",7.00,-,-,7.65,-,-,-,-,-,-,7.32
1403,SB10045244,1403,ŞCOALA GIMNAZIALĂ NR. 18 SIBIU,6.95,-,-,7.70,-,-,-,-,-,-,7.32
1404,SB2521501,1404,"LICEUL TEHNOLOGIC ""JOHANNES LEBEL"" TĂLMACIU",6.90,-,-,7.75,-,-,-,-,-,-,7.32
1405,SB12121012,1405,"LICEUL TEORETIC ""ROTH - OBERTH"" MEDIAŞ",7.30,-,-,5.85,-,-,Limba germana,8.80,-,-,7.31
1406,SB9589197,1406,"LICEUL TEORETIC ""GUSTAV GÜNDISCH"" CISNĂDIE",8.05,-,-,8.35,-,-,Limba germana,5.50,-,-,7.30
1407,SB10384763,1407,"LICEUL ""AUGUST TREBONIU LAURIAN"" AGNITA",7.90,-,-,6.70,-,-,-,-,-,-,7.30
1408,SB10113871,1408,ŞCOALA GIMNAZIALĂ NR. 21 SIBIU,7.80,-,-,6.80,-,-,-,-,-,-,7.30
1409,SB9148809,1409,"ŞCOALA GIMNAZIALĂ ""MATEI BASARAB"" TURNU ROŞU",7.45,-,-,7.15,-,-,-,-,-,-,7.30
1410,SB9538879,1410,"ŞCOALA GIMNAZIALĂ ""IOAN SLAVICI"" SIBIU",7.40,-,-,7.20,-,-,-,-,-,-,7.30
1411,SB10297967,1411,ŞCOALA GIMNAZIALĂ NR. 2 CISNĂDIE,7.35,-,-,7.25,-,-,-,-,-,-,7.30
1412,SB10383853,1412,"COLEGIUL NAȚIONAL ""OCTAVIAN GOGA"" SIBIU",7.35,-,-,7.25,-,-,-,-,-,-,7.30
1413,SB10750716,1413,"ŞCOALA GIMNAZIALĂ ""MIHAI VITEAZU"" ŞELIMBĂR",7.35,-,-,7.25,-,-,-,-,-,-,7.30
1414,SB9474770,1414,"ŞCOALA GIMNAZIALĂ ""AUREL DECEI"" GURA RÂULUI",7.15,-,-,7.45,-,-,-,-,-,-,7.30
1415,SB10275195,1415,"COLEGIUL NAȚIONAL ""SAMUEL VON BRUKENTHAL"" SIBIU",7.10,-,-,6.90,-,-,Limba germana,7.90,-,-,7.30
1416,SB9741573,1416,"ŞCOALA GIMNAZIALĂ ""SAVA POPOVICI BARCIANU"" RĂŞINARI",6.85,-,-,7.75,-,-,-,-,-,-,7.30
1417,SB10424694,1417,ŞCOALA GIMNAZIALĂ NR. 25 SIBIU,6.50,-,-,8.10,-,-,-,-,-,-,7.30
1418,SB10665909,1418,ŞCOALA GIMNAZIALĂ NR. 3 COPȘA MICĂ,6.20,-,-,8.40,-,-,-,-,-,-,7.30
1419,SB9901405,1419,"ŞCOALA GIMNAZIALĂ ""ION POP RETEGANUL"" ORLAT",6.20,-,-,8.40,-,-,-,-,-,-,7.30
1420,SB10098726,1420,"COLEGIUL NAȚIONAL ""OCTAVIAN GOGA"" SIBIU",8.55,-,-,8.40,-,-,Limba germana,4.90,-,-,7.28
1421,SB10326641,1421,"ŞCOALA GIMNAZIALĂ ""CIREŞARII"" MEDIAŞ",8.35,-,-,6.20,-,-,-,-,-,-,7.27
1422,SB10608562,1422,ŞCOALA GIMNAZIALĂ NR. 2 SIBIU,8.25,-,-,6.30,-,-,-,-,-,-,7.27
1423,SB10089336,1423,"ŞCOALA GIMNAZIALĂ ""MIHAI EMINESCU"" MEDIAŞ",7.75,-,-,6.80,-,-,-,-,-,-,7.27
1424,SB7504351,1424,ŞCOALA GIMNAZIALĂ NR. 21 SIBIU,7.65,-,-,6.90,-,-,-,-,-,-,7.27
1425,SB9004129,1425,"COLEGIUL NAȚIONAL ""OCTAVIAN GOGA"" SIBIU",7.55,-,-,7.00,-,-,-,-,-,-,7.27
1426,SB8987503,1426,"COLEGIUL NAȚIONAL PEDAGOGIC ""ANDREI ŞAGUNA"" SIBIU",7.50,-,-,7.05,-,-,-,-,-,-,7.27
1427,SB8873866,1427,"ŞCOALA GIMNAZIALĂ ""RADU SELEJAN"" SIBIU",7.35,-,-,7.20,-,-,-,-,-,-,7.27
1428,SB10295319,1428,ŞCOALA GIMNAZIALĂ NR. 7 MEDIAŞ,7.15,-,-,7.40,-,-,-,-,-,-,7.27
1429,SB9474838,1429,"ŞCOALA GIMNAZIALĂ ""AUREL DECEI"" GURA RÂULUI",7.00,-,-,7.55,-,-,-,-,-,-,7.27
1430,SB4109151,1430,ŞCOALA GIMNAZIALĂ NR. 18 SIBIU,6.90,-,-,7.65,-,-,-,-,-,-,7.27
1431,SB9102383,1431,ŞCOALA GIMNAZIALĂ NR. 25 SIBIU,6.85,-,-,7.70,-,-,-,-,-,-,7.27
1432,SB10124574,1432,ŞCOALA GIMNAZIALĂ NR. 12 SIBIU,6.50,-,-,8.05,-,-,-,-,-,-,7.27
1433,SB10466030,1433,ŞCOALA GIMNAZIALĂ NR. 4 SIBIU,6.50,-,-,8.05,-,-,-,-,-,-,7.27
1434,SB10431047,1434,"ŞCOALA GIMNAZIALĂ ""ION LUCA CARAGIALE"" SIBIU",7.15,-,-,6.95,-,-,Limba germana,7.70,-,-,7.26
1435,SB10591073,1435,"LICEUL TEORETIC ""ROTH - OBERTH"" MEDIAŞ",6.05,-,-,8.55,-,-,Limba germana,7.20,-,-,7.26
1436,SB9658573,1436,"COLEGIUL NAȚIONAL PEDAGOGIC ""ANDREI ŞAGUNA"" SIBIU",8.50,-,-,6.00,-,-,-,-,-,-,7.25
1437,SB9137834,1437,"ŞCOALA GIMNAZIALĂ ""OCTAVIAN GOGA"" RĂŞINARI",8.15,-,-,6.35,-,-,-,-,-,-,7.25
1438,SB3979751,1438,ŞCOALA GIMNAZIALĂ NR. 13 SIBIU,7.80,-,-,6.70,-,-,-,-,-,-,7.25
1439,SB12616514,1439,LICEUL ROMÂNO - FINLANDEZ ERI SIBIU,7.65,-,-,6.85,-,-,-,-,-,-,7.25
1440,SB3976801,1440,ŞCOALA GIMNAZIALĂ NR. 18 SIBIU,7.60,-,-,6.90,-,-,-,-,-,-,7.25
1441,SB10529449,1441,"COLEGIUL NAȚIONAL ""OCTAVIAN GOGA"" SIBIU",7.55,-,-,6.95,-,-,-,-,-,-,7.25
1442,SB12094458,1442,ŞCOALA GIMNAZIALĂ NR. 21 SIBIU,7.55,-,-,6.95,-,-,-,-,-,-,7.25
1443,SB10587581,1443,"LICEUL ""TIMOTEI CIPARIU"" DUMBRĂVENI",7.45,-,-,7.05,-,-,-,-,-,-,7.25
1444,SB9474627,1444,"ŞCOALA GIMNAZIALĂ ""AUREL DECEI"" GURA RÂULUI",7.20,-,-,7.30,-,-,-,-,-,-,7.25
1445,SB10307150,1445,"ŞCOALA GIMNAZIALĂ ""BATHORY ISTVAN"" MEDIAŞ",8.60,-,-,4.70,-,-,Limba maghiara,8.40,-,-,7.23
1446,SB10301565,1446,"LICEUL TEORETIC ""ROTH - OBERTH"" MEDIAŞ",7.90,-,-,6.40,-,-,Limba germana,7.40,-,-,7.23
1447,SB9172217,1447,"LICEUL TEORETIC ""GUSTAV GÜNDISCH"" CISNĂDIE",7.60,-,-,8.20,-,-,Limba germana,5.90,-,-,7.23
1448,SB12056777,1448,"ŞCOALA GIMNAZIALĂ ""NICOLAE IORGA"" SIBIU",7.55,-,-,6.65,-,-,Limba germana,7.50,-,-,7.23
1449,SB10299056,1449,"LICEUL TEORETIC ""ROTH - OBERTH"" MEDIAŞ",7.45,-,-,6.75,-,-,Limba germana,7.50,-,-,7.23
1450,SB10104700,1450,"COLEGIUL NAȚIONAL ""SAMUEL VON BRUKENTHAL"" SIBIU",7.05,-,-,7.20,-,-,Limba germana,7.45,-,-,7.23
1451,SB643251,1451,"COLEGIUL NAȚIONAL ""OCTAVIAN GOGA"" SIBIU",8.45,-,-,6.00,-,-,-,-,-,-,7.22
1452,SB9990265,1452,"ŞCOALA GIMNAZIALĂ ""NICOLAE IORGA"" SIBIU",8.05,-,-,6.40,-,-,-,-,-,-,7.22
1453,SB4069851,1453,ŞCOALA GIMNAZIALĂ NR. 13 SIBIU,7.90,-,-,6.55,-,-,-,-,-,-,7.22
1454,SB4856951,1454,"ŞCOALA GIMNAZIALĂ ""RADU SELEJAN"" SIBIU",7.85,-,-,6.60,-,-,-,-,-,-,7.22
1455,SB10294359,1455,ŞCOALA GIMNAZIALĂ NR. 25 SIBIU,7.80,-,-,6.65,-,-,-,-,-,-,7.22
1456,SB10176757,1456,ŞCOALA GIMNAZIALĂ NR. 18 SIBIU,7.55,-,-,6.90,-,-,-,-,-,-,7.22
1457,SB10019875,1457,"ŞCOALA GIMNAZIALĂ ""MIHAI EMINESCU"" MEDIAŞ",7.25,-,-,7.20,-,-,-,-,-,-,7.22
1458,SB4535551,1458,ŞCOALA GIMNAZIALĂ OCNA SIBIULUI,7.20,-,-,7.25,-,-,-,-,-,-,7.22
1459,SB9184297,1459,"ŞCOALA GIMNAZIALĂ ""REGELE FERDINAND"" SIBIU",7.20,-,-,7.25,-,-,-,-,-,-,7.22
1460,SB7505901,1460,ŞCOALA GIMNAZIALĂ NR. 21 SIBIU,6.50,-,-,7.95,-,-,-,-,-,-,7.22
1461,SB9593357,1461,ŞCOALA GIMNAZIALĂ NR. 4 SIBIU,8.05,-,-,7.60,-,-,Limba germana,5.95,-,-,7.20
1462,SB10269262,1462,ŞCOALA GIMNAZIALĂ ŞURA MICĂ,7.95,-,-,6.45,-,-,-,-,-,-,7.20
1463,SB10825385,1463,"LICEUL TEORETIC ""CONSTANTIN NOICA"" SIBIU",7.80,-,-,6.60,-,-,-,-,-,-,7.20
1464,SB9352947,1464,"LICEUL TEHNOLOGIC ""JOHANNES LEBEL"" TĂLMACIU",7.50,-,-,6.90,-,-,-,-,-,-,7.20
1465,SB6699951,1465,ŞCOALA GIMNAZIALĂ NR. 21 SIBIU,7.30,-,-,7.10,-,-,-,-,-,-,7.20
1466,SB10301969,1466,"ŞCOALA GIMNAZIALĂ ""REGELE FERDINAND"" SIBIU",7.15,-,-,7.25,-,-,-,-,-,-,7.20
1467,SB12066424,1467,"ŞCOALA GIMNAZIALĂ ""IOAN SLAVICI"" SIBIU",7.15,-,-,7.25,-,-,-,-,-,-,7.20
1468,SB10437792,1468,ŞCOALA GIMNAZIALĂ NR. 8 SIBIU,6.85,-,-,7.55,-,-,-,-,-,-,7.20
1469,SB9933679,1469,"LICEUL TEHNOLOGIC ""JOHANNES LEBEL"" TĂLMACIU",6.65,-,-,7.75,-,-,-,-,-,-,7.20
1470,SB10298810,1470,"LICEUL TEORETIC ""ROTH - OBERTH"" MEDIAŞ",7.80,-,-,6.35,-,-,Limba germana,7.40,-,-,7.18
1471,SB11074572,1471,"COLEGIUL NAȚIONAL ""SAMUEL VON BRUKENTHAL"" SIBIU",7.70,-,-,6.50,-,-,Limba germana,7.35,-,-,7.18
1472,SB8474966,1472,"ŞCOALA GIMNAZIALĂ ""REGINA MARIA"" SIBIU",9.00,-,-,5.35,-,-,-,-,-,-,7.17
1473,SB10117519,1473,ŞCOALA GIMNAZIALĂ NR. 13 SIBIU,8.60,-,-,5.75,-,-,-,-,-,-,7.17
1474,SB10446711,1474,ŞCOALA GIMNAZIALĂ NR. 4 SIBIU,8.40,-,-,5.95,-,-,-,-,-,-,7.17
1475,SB10637121,1475,"LICEUL ""TIMOTEI CIPARIU"" DUMBRĂVENI",7.90,-,-,6.45,-,-,-,-,-,-,7.17
1476,SB10295418,1476,"ŞCOALA GIMNAZIALĂ ""RADU SELEJAN"" SIBIU",7.85,-,-,6.50,-,-,-,-,-,-,7.17
1477,SB10735220,1477,"ŞCOALA GIMNAZIALĂ ""BADEA CÎRŢAN"" CÂRŢIŞOARA",7.65,-,-,6.70,-,-,-,-,-,-,7.17
1478,SB9841845,1478,ŞCOALA GIMNAZIALĂ PORUMBACU DE JOS,7.55,-,-,6.80,-,-,-,-,-,-,7.17
1479,SB10399744,1479,ŞCOALA GIMNAZIALĂ NR. 25 SIBIU,7.45,-,-,6.90,-,-,-,-,-,-,7.17
1480,SB13992970,1480,ŞCOALA GIMNAZIALĂ NR. 3 COPȘA MICĂ,7.45,-,-,6.90,-,-,-,-,-,-,7.17
1481,SB10421678,1481,"LICEUL TEORETIC ""CONSTANTIN NOICA"" SIBIU",7.35,-,-,7.00,-,-,-,-,-,-,7.17
1482,SB10123618,1482,"ŞCOALA GIMNAZIALĂ ""NICOLAE IORGA"" SIBIU",7.30,-,-,7.05,-,-,-,-,-,-,7.17
1483,SB10431159,1483,ŞCOALA GIMNAZIALĂ NR. 13 SIBIU,6.90,-,-,7.45,-,-,-,-,-,-,7.17
1484,SB10506620,1484,"ŞCOALA GIMNAZIALĂ ""ION LUCA CARAGIALE"" SIBIU",6.90,-,-,7.45,-,-,-,-,-,-,7.17
1485,SB9173122,1485,"LICEUL TEORETIC ""GUSTAV GÜNDISCH"" CISNĂDIE",6.40,-,-,7.95,-,-,-,-,-,-,7.17
1486,SB9044455,1486,"COLEGIUL NAȚIONAL ""OCTAVIAN GOGA"" SIBIU",8.30,-,-,6.00,-,-,-,-,-,-,7.15
1487,SB10330718,1487,"ŞCOALA GIMNAZIALĂ ""CIREŞARII"" MEDIAŞ",7.85,-,-,6.45,-,-,-,-,-,-,7.15
1488,SB10280327,1488,"COLEGIUL NAȚIONAL ""OCTAVIAN GOGA"" SIBIU",7.70,-,-,6.60,-,-,-,-,-,-,7.15
1489,SB10120926,1489,ŞCOALA GIMNAZIALĂ NR. 21 SIBIU,7.60,-,-,6.70,-,-,-,-,-,-,7.15
1490,SB10305721,1490,"ŞCOALA GIMNAZIALĂ ""BATHORY ISTVAN"" MEDIAŞ",7.55,-,-,5.65,-,-,Limba maghiara,8.25,-,-,7.15
1491,SB10106897,1491,"ŞCOALA GIMNAZIALĂ ""MIHAI VITEAZU"" ŞELIMBĂR",7.50,-,-,6.80,-,-,-,-,-,-,7.15
1492,SB10384489,1492,ŞCOALA GIMNAZIALĂ NR. 8 SIBIU,7.25,-,-,7.05,-,-,-,-,-,-,7.15
1493,SB8998075,1493,LICEUL DE ARTĂ SIBIU,7.20,-,-,7.10,-,-,-,-,-,-,7.15
1494,SB9109119,1494,"ŞCOALA GIMNAZIALĂ ""MARȚIAN NEGREA"" VALEA VIILOR",7.05,-,-,7.25,-,-,-,-,-,-,7.15
1495,SB10410568,1495,ŞCOALA GIMNAZIALĂ NR. 2 SIBIU,6.70,-,-,7.60,-,-,-,-,-,-,7.15
1496,SB10003088,1496,"ŞCOALA GIMNAZIALĂ ""RADU SELEJAN"" SIBIU",6.60,-,-,7.70,-,-,-,-,-,-,7.15
1497,SB9132208,1497,"ŞCOALA GIMNAZIALĂ ""OCTAVIAN GOGA"" RĂŞINARI",6.50,-,-,7.80,-,-,-,-,-,-,7.15
1498,SB12618682,1498,ŞCOALA GIMNAZIALĂ NR. 13 SIBIU,6.20,-,-,8.10,-,-,-,-,-,-,7.15
1499,SB12616581,1499,ŞCOALA GIMNAZIALĂ NR. 25 SIBIU,8.25,-,-,6.00,-,-,-,-,-,-,7.12
1500,SB1988101,1500,"ŞCOALA GIMNAZIALĂ ""NICOLAE IORGA"" SIBIU",7.75,-,-,6.50,-,-,-,-,-,-,7.12
1501,SB9817817,1501,"LICEUL TEORETIC ""GHEORGHE LAZĂR"" AVRIG",7.75,-,-,6.50,-,-,-,-,-,-,7.12
1502,SB11008877,1502,"COLEGIUL NAȚIONAL ""OCTAVIAN GOGA"" SIBIU",7.70,-,-,6.55,-,-,-,-,-,-,7.12
1503,SB9858358,1503,"ŞCOALA GIMNAZIALĂ ""STEPHAN LUDWIG ROTH"" MOŞNA",7.55,-,-,6.70,-,-,-,-,-,-,7.12
1504,SB10045450,1504,"ŞCOALA GIMNAZIALĂ ""REGELE FERDINAND"" SIBIU",7.30,-,-,6.95,-,-,-,-,-,-,7.12
1505,SB12071131,1505,"ŞCOALA GIMNAZIALĂ ""MIHAI EMINESCU"" MEDIAŞ",6.70,-,-,7.55,-,-,-,-,-,-,7.12
1506,SB10297612,1506,LICEUL DE ARTĂ SIBIU,6.35,-,-,7.90,-,-,-,-,-,-,7.12
1507,SB10666107,1507,ŞCOALA GIMNAZIALĂ NR. 3 COPȘA MICĂ,6.25,-,-,8.00,-,-,-,-,-,-,7.12
1508,SB9535416,1508,"COLEGIUL NAȚIONAL PEDAGOGIC ""ANDREI ŞAGUNA"" SIBIU",6.25,-,-,8.00,-,-,-,-,-,-,7.12
1509,SB11059789,1509,"ŞCOALA GIMNAZIALĂ ""NICOLAE IORGA"" SIBIU",7.25,-,-,8.50,-,-,Limba germana,5.60,-,-,7.11
1510,SB10418652,1510,ŞCOALA GIMNAZIALĂ NR. 25 SIBIU,8.45,-,-,5.75,-,-,-,-,-,-,7.10
1511,SB12270293,1511,ŞCOALA GIMNAZIALĂ NR. 1 SIBIU,8.40,-,-,5.80,-,-,-,-,-,-,7.10
1512,SB10408762,1512,ŞCOALA GIMNAZIALĂ NR. 1 SIBIU,7.85,-,-,6.35,-,-,-,-,-,-,7.10
1513,SB10294757,1513,"ŞCOALA GIMNAZIALĂ ""MIHAI EMINESCU"" MEDIAŞ",7.45,-,-,6.75,-,-,-,-,-,-,7.10
1514,SB12793214,1514,ŞCOALA GIMNAZIALĂ NR. 18 SIBIU,7.40,-,-,6.80,-,-,-,-,-,-,7.10
1515,SB10046248,1515,LICEUL DE ARTĂ SIBIU,7.35,-,-,6.85,-,-,-,-,-,-,7.10
1516,SB7506401,1516,ŞCOALA GIMNAZIALĂ NR. 21 SIBIU,7.35,-,-,6.85,-,-,-,-,-,-,7.10
1517,SB12375245,1517,"ŞCOALA GIMNAZIALĂ ""ION LUCA CARAGIALE"" SIBIU",7.20,-,-,7.00,-,-,-,-,-,-,7.10
1518,SB10348563,1518,ŞCOALA GIMNAZIALĂ NR. 1 SIBIU,6.15,-,-,8.05,-,-,-,-,-,-,7.10
1519,SB9815643,1519,ŞCOALA GIMNAZIALĂ AVRIG,7.50,-,-,6.65,-,-,-,-,-,-,7.07
1520,SB12915093,1520,ŞCOALA GIMNAZIALĂ ŞEICA MARE,7.40,-,-,6.75,-,-,-,-,-,-,7.07
1521,SB8996643,1521,"ŞCOALA GIMNAZIALĂ ""NICOLAE IORGA"" SIBIU",7.40,-,-,6.75,-,-,-,-,-,-,7.07
1522,SB13189507,1522,"LICEUL TEORETIC ""CONSTANTIN NOICA"" SIBIU",7.35,-,-,6.80,-,-,-,-,-,-,7.07
1523,SB9004449,1523,ŞCOALA GIMNAZIALĂ NR. 12 SIBIU,6.95,-,-,7.20,-,-,-,-,-,-,7.07
1524,SB9836930,1524,"ŞCOALA GIMNAZIALĂ ""OCTAVIAN GOGA"" RĂŞINARI",6.90,-,-,7.25,-,-,-,-,-,-,7.07
1525,SB9837805,1525,ŞCOALA GIMNAZIALĂ LOAMNEŞ,6.75,-,-,7.40,-,-,-,-,-,-,7.07
1526,SB10070147,1526,"LICEUL TEORETIC ""ROTH - OBERTH"" MEDIAŞ",8.20,-,-,5.55,-,-,Limba germana,7.45,-,-,7.06
1527,SB10175023,1527,"ŞCOALA GIMNAZIALĂ ""NICOLAE IORGA"" SIBIU",7.65,-,-,7.00,-,-,Limba germana,6.55,-,-,7.06
1528,SB9237965,1528,ŞCOALA GIMNAZIALĂ ŞEICA MARE,8.00,-,-,6.10,-,-,-,-,-,-,7.05
1529,SB9093175,1529,"ŞCOALA GIMNAZIALĂ ""SAVA POPOVICI BARCIANU"" RĂŞINARI",7.85,-,-,6.25,-,-,-,-,-,-,7.05
1530,SB11090380,1530,"COLEGIUL NAȚIONAL PEDAGOGIC ""ANDREI ŞAGUNA"" SIBIU",7.80,-,-,6.30,-,-,-,-,-,-,7.05
1531,SB10464820,1531,"COLEGIUL NAȚIONAL ""OCTAVIAN GOGA"" SIBIU",7.40,-,-,7.95,-,-,Limba germana,5.80,-,-,7.05
1532,SB12093676,1532,LICEUL TEHNOLOGIC IACOBENI,7.40,-,-,6.70,-,-,-,-,-,-,7.05
1533,SB12211212,1533,ŞCOALA GIMNAZIALĂ AVRIG,7.30,-,-,6.80,-,-,-,-,-,-,7.05
1534,SB8605446,1534,ŞCOALA GIMNAZIALĂ NR. 10 SIBIU,7.30,-,-,6.80,-,-,-,-,-,-,7.05
1535,SB10359968,1535,ŞCOALA GIMNAZIALĂ TILIŞCA,7.10,-,-,7.00,-,-,-,-,-,-,7.05
1536,SB9108964,1536,"ŞCOALA GIMNAZIALĂ ""MARȚIAN NEGREA"" VALEA VIILOR",7.10,-,-,7.00,-,-,-,-,-,-,7.05
1537,SB11013645,1537,"ŞCOALA GIMNAZIALĂ ""NICOLAE IORGA"" SIBIU",7.00,-,-,6.70,-,-,Limba germana,7.45,-,-,7.05
1538,SB1140201,1538,ŞCOALA GIMNAZIALĂ NR. 1 SIBIU,6.70,-,-,7.40,-,-,-,-,-,-,7.05
1539,SB10077389,1539,ŞCOALA GIMNAZIALĂ NR. 1 SIBIU,5.30,-,-,8.80,-,-,-,-,-,-,7.05
1540,SB10173486,1540,"COLEGIUL NAȚIONAL ""OCTAVIAN GOGA"" SIBIU",7.90,-,-,5.50,-,-,Limba germana,7.70,-,-,7.03
1541,SB10122983,1541,"COLEGIUL NAȚIONAL ""OCTAVIAN GOGA"" SIBIU",7.35,-,-,6.50,-,-,Limba maghiara,7.25,-,-,7.03
1542,SB12037936,1542,"ŞCOALA GIMNAZIALĂ ""AVIATOR IOAN SAVA"" ALŢINA",8.10,-,-,5.95,-,-,-,-,-,-,7.02
1543,SB10744097,1543,ŞCOALA GIMNAZIALĂ VURPĂR,7.80,-,-,6.25,-,-,-,-,-,-,7.02
1544,SB10547003,1544,ŞCOALA GIMNAZIALĂ NR. 3 CISNĂDIE,7.35,-,-,6.70,-,-,-,-,-,-,7.02
1545,SB10341160,1545,ŞCOALA GIMNAZIALĂ NR. 2 SIBIU,7.05,-,-,7.00,-,-,-,-,-,-,7.02
1546,SB10011079,1546,ŞCOALA GIMNAZIALĂ SĂCEL,6.85,-,-,7.20,-,-,-,-,-,-,7.02
1547,SB10428594,1547,ŞCOALA GIMNAZIALĂ NR. 13 SIBIU,6.75,-,-,7.30,-,-,-,-,-,-,7.02
1548,SB10446819,1548,ŞCOALA GIMNAZIALĂ NR. 13 SIBIU,6.75,-,-,7.30,-,-,-,-,-,-,7.02
1549,SB10445744,1549,ŞCOALA GIMNAZIALĂ NR. 4 SIBIU,6.70,-,-,7.35,-,-,-,-,-,-,7.02
1550,SB14748606,1550,"ŞCOALA GIMNAZIALĂ ""MIHAI EMINESCU"" MEDIAŞ",6.45,-,-,7.60,-,-,-,-,-,-,7.02
1551,SB10952763,1551,"ŞCOALA GIMNAZIALĂ ""MIHAI VITEAZU"" ŞELIMBĂR",6.35,-,-,7.70,-,-,-,-,-,-,7.02
1552,SB12412498,1552,"ŞCOALA GIMNAZIALĂ ""REGELE FERDINAND"" SIBIU",6.30,-,-,7.75,-,-,-,-,-,-,7.02
1553,SB10432630,1553,"LICEUL TEORETIC ""ONISIFOR GHIBU"" SIBIU",8.05,-,-,7.10,-,-,Limba germana,5.90,-,-,7.01
1554,SB10352075,1554,"ŞCOALA GIMNAZIALĂ ""NICOLAE IORGA"" SIBIU",7.05,-,-,8.15,-,-,Limba germana,5.85,-,-,7.01
1555,SB12536796,1555,ŞCOALA GIMNAZIALĂ CRISTIAN,8.00,-,-,6.00,-,-,-,-,-,-,7.00
1556,SB10816602,1556,"ŞCOALA GIMNAZIALĂ ""NICOLAE IORGA"" SIBIU",7.95,-,-,6.05,-,-,-,-,-,-,7.00
1557,SB8225006,1557,"LICEUL TEHNOLOGIC ""JOHANNES LEBEL"" TĂLMACIU",7.75,-,-,6.25,-,-,-,-,-,-,7.00
1558,SB6698601,1558,ŞCOALA GIMNAZIALĂ NR. 21 SIBIU,7.55,-,-,6.45,-,-,-,-,-,-,7.00
1559,SB8714461,1559,"ŞCOALA GIMNAZIALĂ ""NICOLAE IORGA"" SIBIU",7.45,-,-,6.55,-,-,-,-,-,-,7.00
1560,SB10496753,1560,"ŞCOALA GIMNAZIALĂ ""NICOLAE IORGA"" SIBIU",7.35,-,-,6.65,-,-,-,-,-,-,7.00
1561,SB10290323,1561,ŞCOALA GIMNAZIALĂ NR. 25 SIBIU,7.25,-,-,6.75,-,-,-,-,-,-,7.00
1562,SB10465928,1562,ŞCOALA GIMNAZIALĂ NR. 21 SIBIU,7.25,-,-,6.75,-,-,-,-,-,-,7.00
1563,SB14363953,1563,ŞCOALA GIMNAZIALĂ NR. 7 MEDIAŞ,7.20,-,-,6.80,-,-,-,-,-,-,7.00
1564,SB10320738,1564,"LICEUL ""AUGUST TREBONIU LAURIAN"" AGNITA",7.05,-,-,6.95,-,-,-,-,-,-,7.00
1565,SB9149768,1565,"ŞCOALA GIMNAZIALĂ ""MATEI BASARAB"" TURNU ROŞU",6.95,-,-,7.05,-,-,-,-,-,-,7.00
1566,SB12047208,1566,ŞCOALA GIMNAZIALĂ NR. 13 SIBIU,6.75,-,-,7.25,-,-,-,-,-,-,7.00
1567,SB9899659,1567,"ŞCOALA GIMNAZIALĂ ""ION POP RETEGANUL"" ORLAT",6.40,-,-,7.60,-,-,-,-,-,-,7.00
1568,SB10279701,1568,"ŞCOALA GIMNAZIALĂ ""GEORG DANIEL TEUTSCH"" AGNITA",8.20,-,-,5.75,-,-,-,-,-,-,6.97
1569,SB12614641,1569,ŞCOALA GIMNAZIALĂ NR. 1 SIBIU,7.35,-,-,6.60,-,-,-,-,-,-,6.97
1570,SB10325610,1570,"ŞCOALA GIMNAZIALĂ ""CONSTANTIN IOAN MOTAŞ"" MEDIAŞ",7.20,-,-,6.75,-,-,-,-,-,-,6.97
1571,SB12329720,1571,LICEUL DE ARTĂ SIBIU,7.00,-,-,6.95,-,-,-,-,-,-,6.97
1572,SB10498250,1572,"LICEUL TEORETIC ""CONSTANTIN NOICA"" SIBIU",6.95,-,-,7.00,-,-,-,-,-,-,6.97
1573,SB9066364,1573,ŞCOALA GIMNAZIALĂ SLIMNIC,6.90,-,-,7.05,-,-,-,-,-,-,6.97
1574,SB12763332,1574,ŞCOALA GIMNAZIALĂ NR. 13 SIBIU,6.70,-,-,7.25,-,-,-,-,-,-,6.97
1575,SB10321010,1575,"ŞCOALA GIMNAZIALĂ ""CONSTANTIN IOAN MOTAŞ"" MEDIAŞ",6.40,-,-,7.55,-,-,-,-,-,-,6.97
1576,SB10340751,1576,"ŞCOALA GIMNAZIALĂ ""CONSTANTIN IOAN MOTAŞ"" MEDIAŞ",6.20,-,-,7.75,-,-,-,-,-,-,6.97
1577,SB9674918,1577,"ŞCOALA GIMNAZIALĂ ""IOAN SLAVICI"" SIBIU",5.85,-,-,8.10,-,-,-,-,-,-,6.97
1578,SB9683477,1578,ŞCOALA GIMNAZIALĂ CRISTIAN,7.75,-,-,6.15,-,-,-,-,-,-,6.95
1579,SB10175249,1579,"COLEGIUL NAȚIONAL ""SAMUEL VON BRUKENTHAL"" SIBIU",7.60,-,-,6.40,-,-,Limba germana,6.85,-,-,6.95
1580,SB10435003,1580,"ŞCOALA GIMNAZIALĂ ""IOAN SLAVICI"" SIBIU",7.25,-,-,6.65,-,-,-,-,-,-,6.95
1581,SB10391185,1581,ŞCOALA GIMNAZIALĂ POPLACA,6.95,-,-,6.95,-,-,-,-,-,-,6.95
1582,SB10591664,1582,"LICEUL TEORETIC ""GUSTAV GÜNDISCH"" CISNĂDIE",6.90,-,-,7.00,-,-,-,-,-,-,6.95
1583,SB10408358,1583,"ŞCOALA GIMNAZIALĂ ""ION LUCA CARAGIALE"" SIBIU",7.80,-,-,5.30,-,-,Limba germana,7.70,-,-,6.93
1584,SB13110524,1584,ŞCOALA GIMNAZIALĂ NR. 4 SIBIU,7.35,-,-,7.40,-,-,Limba germana,6.05,-,-,6.93
1585,SB9633491,1585,"COLEGIUL NAȚIONAL ""SAMUEL VON BRUKENTHAL"" SIBIU",6.10,-,-,6.35,-,-,Limba germana,8.35,-,-,6.93
1586,SB4638001,1586,"ŞCOALA GIMNAZIALĂ ""REGINA MARIA"" SIBIU",8.35,-,-,5.50,-,-,-,-,-,-,6.92
1587,SB12384626,1587,ŞCOALA GIMNAZIALĂ PĂUCA,8.00,-,-,5.85,-,-,-,-,-,-,6.92
1588,SB10665449,1588,ŞCOALA GIMNAZIALĂ NR. 3 COPȘA MICĂ,7.60,-,-,6.25,-,-,-,-,-,-,6.92
1589,SB6687651,1589,"LICEUL TEORETIC ""CONSTANTIN NOICA"" SIBIU",7.50,-,-,6.35,-,-,-,-,-,-,6.92
1590,SB10444429,1590,"ŞCOALA GIMNAZIALĂ ""RADU SELEJAN"" SIBIU",7.30,-,-,6.55,-,-,-,-,-,-,6.92
1591,SB10587122,1591,"ŞCOALA GIMNAZIALĂ ""ION ALBESCU"" BOIŢA",7.25,-,-,6.60,-,-,-,-,-,-,6.92
1592,SB9985678,1592,LICEUL TEHNOLOGIC IACOBENI,7.15,-,-,6.70,-,-,-,-,-,-,6.92
1593,SB9673968,1593,"ŞCOALA GIMNAZIALĂ ""IOAN SLAVICI"" SIBIU",7.10,-,-,6.75,-,-,-,-,-,-,6.92
1594,SB7885551,1594,"ŞCOALA GIMNAZIALĂ ""RADU SELEJAN"" SIBIU",6.85,-,-,7.00,-,-,-,-,-,-,6.92
1595,SB10709884,1595,"LICEUL TEORETIC ""CONSTANTIN NOICA"" SIBIU",6.75,-,-,7.10,-,-,-,-,-,-,6.92
1596,SB10391388,1596,ŞCOALA GIMNAZIALĂ POPLACA,6.35,-,-,7.50,-,-,-,-,-,-,6.92
1597,SB659551,1597,ŞCOALA GIMNAZIALĂ NR. 4 SIBIU,6.35,-,-,7.50,-,-,-,-,-,-,6.92
1598,SB10295643,1598,"LICEUL TEORETIC ""ROTH - OBERTH"" MEDIAŞ",6.85,-,-,8.35,-,-,Limba germana,5.55,-,-,6.91
1599,SB10095928,1599,ŞCOALA GIMNAZIALĂ NR. 18 SIBIU,7.25,-,-,6.55,-,-,-,-,-,-,6.90
1600,SB636551,1600,"ŞCOALA GIMNAZIALĂ ""REGINA MARIA"" SIBIU",6.70,-,-,7.10,-,-,-,-,-,-,6.90
1601,SB10020752,1601,"ŞCOALA GIMNAZIALĂ ""MIHAI EMINESCU"" MEDIAŞ",6.55,-,-,7.25,-,-,-,-,-,-,6.90
1602,SB10092738,1602,ŞCOALA GIMNAZIALĂ NR. 18 SIBIU,6.40,-,-,7.40,-,-,-,-,-,-,6.90
1603,SB10692315,1603,"ŞCOALA GIMNAZIALĂ ""RADU SELEJAN"" SIBIU",7.80,-,-,5.95,-,-,-,-,-,-,6.87
1604,SB10301733,1604,ŞCOALA GIMNAZIALĂ NR. 7 MEDIAŞ,7.60,-,-,6.15,-,-,-,-,-,-,6.87
1605,SB12297697,1605,"COLEGIUL NAȚIONAL ""OCTAVIAN GOGA"" SIBIU",7.55,-,-,6.20,-,-,-,-,-,-,6.87
1606,SB9006399,1606,"ŞCOALA GIMNAZIALĂ ""IOAN SLAVICI"" SIBIU",7.05,-,-,6.70,-,-,-,-,-,-,6.87
1607,SB9669576,1607,"ŞCOALA GIMNAZIALĂ ""VIOREL CUCU PALTIN"" ARPAȘU DE JOS",6.85,-,-,6.90,-,-,-,-,-,-,6.87
1608,SB11078819,1608,ŞCOALA GIMNAZIALĂ NR. 23 SIBIU,8.10,-,-,5.60,-,-,-,-,-,-,6.85
1609,SB10298553,1609,"LICEUL TEORETIC ""ROTH - OBERTH"" MEDIAŞ",7.65,-,-,5.35,-,-,Limba germana,7.55,-,-,6.85
1610,SB10467641,1610,ŞCOALA GIMNAZIALĂ NR. 7 MEDIAŞ,7.50,-,-,6.20,-,-,-,-,-,-,6.85
1611,SB12613941,1611,LICEUL DE ARTĂ SIBIU,7.45,-,-,6.25,-,-,-,-,-,-,6.85
1612,SB4563101,1612,ŞCOALA GIMNAZIALĂ NR. 13 SIBIU,7.45,-,-,6.25,-,-,-,-,-,-,6.85
1613,SB9899994,1613,"ŞCOALA GIMNAZIALĂ ""ION POP RETEGANUL"" ORLAT",7.35,-,-,6.35,-,-,-,-,-,-,6.85
1614,SB10278463,1614,"ŞCOALA GIMNAZIALĂ ""CIREŞARII"" MEDIAŞ",6.95,-,-,6.75,-,-,-,-,-,-,6.85
1615,SB12059499,1615,ŞCOALA GIMNAZIALĂ BAZNA,6.85,-,-,6.85,-,-,-,-,-,-,6.85
1616,SB9538229,1616,ŞCOALA GIMNAZIALĂ NR. 8 SIBIU,6.75,-,-,6.95,-,-,-,-,-,-,6.85
1617,SB12101739,1617,"LICEUL TEORETIC ""GHEORGHE LAZĂR"" AVRIG",6.40,-,-,7.30,-,-,-,-,-,-,6.85
1618,SB10045521,1618,ŞCOALA GIMNAZIALĂ NR. 8 SIBIU,6.35,-,-,7.35,-,-,-,-,-,-,6.85
1619,SB10522489,1619,ŞCOALA GIMNAZIALĂ NR. 3 CISNĂDIE,6.30,-,-,7.40,-,-,-,-,-,-,6.85
1620,SB10513953,1620,"ŞCOALA GIMNAZIALĂ ""NICOLAE IORGA"" SIBIU",6.20,-,-,7.50,-,-,-,-,-,-,6.85
1621,SB9673843,1621,ŞCOALA GIMNAZIALĂ NR. 8 SIBIU,6.15,-,-,7.55,-,-,-,-,-,-,6.85
1622,SB10122889,1622,"ŞCOALA GIMNAZIALĂ ""RADU SELEJAN"" SIBIU",6.05,-,-,7.65,-,-,-,-,-,-,6.85
1623,SB10124738,1623,LICEUL DE ARTĂ SIBIU,6.00,-,-,7.70,-,-,-,-,-,-,6.85
1624,SB9535628,1624,ŞCOALA GIMNAZIALĂ NR. 8 SIBIU,7.75,-,-,5.90,-,-,-,-,-,-,6.82
1625,SB10328248,1625,"ŞCOALA GIMNAZIALĂ ""CIREŞARII"" MEDIAŞ",7.45,-,-,6.20,-,-,-,-,-,-,6.82
1626,SB1140901,1626,"ŞCOALA GIMNAZIALĂ ""REGINA MARIA"" SIBIU",7.45,-,-,6.20,-,-,-,-,-,-,6.82
1627,SB12616136,1627,ŞCOALA GIMNAZIALĂ NR. 18 SIBIU,7.35,-,-,6.30,-,-,-,-,-,-,6.82
1628,SB9569070,1628,ŞCOALA GIMNAZIALĂ AGÂRBICIU,7.25,-,-,6.40,-,-,-,-,-,-,6.82
1629,SB10599980,1629,ŞCOALA GIMNAZIALĂ NR. 2 CISNĂDIE,7.00,-,-,6.65,-,-,-,-,-,-,6.82
1630,SB10298336,1630,"LICEUL TEORETIC ""ROTH - OBERTH"" MEDIAŞ",7.35,-,-,6.90,-,-,Limba germana,6.20,-,-,6.81
1631,SB10447666,1631,ŞCOALA GIMNAZIALĂ BÂRGHIŞ,8.50,-,-,5.10,-,-,-,-,-,-,6.80
1632,SB8402025,1632,ŞCOALA GIMNAZIALĂ RACOVIŢA,8.30,-,-,5.30,-,-,-,-,-,-,6.80
1633,SB10381346,1633,"ŞCOALA GIMNAZIALĂ ""MIHAI EMINESCU"" MEDIAŞ",7.85,-,-,5.75,-,-,-,-,-,-,6.80
1634,SB9989651,1634,"ŞCOALA GIMNAZIALĂ ""MATEI BASARAB"" TURNU ROŞU",7.20,-,-,6.40,-,-,-,-,-,-,6.80
1635,SB9378029,1635,"COLEGIUL NAȚIONAL ""OCTAVIAN GOGA"" SIBIU",6.75,-,-,6.85,-,-,-,-,-,-,6.80
1636,SB10709993,1636,"LICEUL TEORETIC ""CONSTANTIN NOICA"" SIBIU",6.70,-,-,6.90,-,-,-,-,-,-,6.80
1637,SB10513207,1637,ŞCOALA GIMNAZIALĂ NR. 8 SIBIU,6.25,-,-,7.35,-,-,-,-,-,-,6.80
1638,SB11076976,1638,ŞCOALA GIMNAZIALĂ NR. 4 SIBIU,6.70,-,-,6.60,-,-,Limba germana,7.05,-,-,6.78
1639,SB4562551,1639,ŞCOALA GIMNAZIALĂ OCNA SIBIULUI,8.05,-,-,5.50,-,-,-,-,-,-,6.77
1640,SB9538529,1640,"ŞCOALA GIMNAZIALĂ ""AUREL DECEI"" GURA RÂULUI",7.60,-,-,5.95,-,-,-,-,-,-,6.77
1641,SB10399436,1641,"ŞCOALA GIMNAZIALĂ ""IOAN SLAVICI"" SIBIU",7.30,-,-,6.25,-,-,-,-,-,-,6.77
1642,SB12387398,1642,ŞCOALA GIMNAZIALĂ NR. 21 SIBIU,7.25,-,-,6.30,-,-,-,-,-,-,6.77
1643,SB10058343,1643,ŞCOALA GIMNAZIALĂ OCNA SIBIULUI,7.15,-,-,6.40,-,-,-,-,-,-,6.77
1644,SB10102312,1644,ŞCOALA GIMNAZIALĂ NR. 4 SIBIU,7.10,-,-,6.45,-,-,-,-,-,-,6.77
1645,SB9741671,1645,"ŞCOALA GIMNAZIALĂ ""SAVA POPOVICI BARCIANU"" RĂŞINARI",7.10,-,-,6.45,-,-,-,-,-,-,6.77
1646,SB10112858,1646,ŞCOALA GIMNAZIALĂ NR. 13 SIBIU,6.95,-,-,6.60,-,-,-,-,-,-,6.77
1647,SB10329619,1647,"ŞCOALA GIMNAZIALĂ ""MIHAI EMINESCU"" MEDIAŞ",6.80,-,-,6.75,-,-,-,-,-,-,6.77
1648,SB10348605,1648,"COLEGIUL NAȚIONAL ""OCTAVIAN GOGA"" SIBIU",6.70,-,-,6.85,-,-,-,-,-,-,6.77
1649,SB9135818,1649,"COLEGIUL NAȚIONAL ""OCTAVIAN GOGA"" SIBIU",6.25,-,-,7.30,-,-,-,-,-,-,6.77
1650,SB14986971,1650,"ŞCOALA GIMNAZIALĂ ""REGELE FERDINAND"" SIBIU",5.95,-,-,7.60,-,-,-,-,-,-,6.77
1651,SB12615230,1651,"ŞCOALA GIMNAZIALĂ ""ION LUCA CARAGIALE"" SIBIU",6.10,-,-,6.40,-,-,Limba germana,7.80,-,-,6.76
1652,SB10306868,1652,ŞCOALA GIMNAZIALĂ NR. 7 MEDIAŞ,7.70,-,-,5.80,-,-,-,-,-,-,6.75
1653,SB9163977,1653,"ŞCOALA GIMNAZIALĂ ""MATEI BASARAB"" TURNU ROŞU",7.35,-,-,6.15,-,-,-,-,-,-,6.75
1654,SB9908274,1654,"LICEUL TEHNOLOGIC ""IOAN LUPAŞ"" SĂLIŞTE",7.35,-,-,6.15,-,-,-,-,-,-,6.75
1655,SB10464415,1655,"ŞCOALA GIMNAZIALĂ ""REGINA MARIA"" SIBIU",6.60,-,-,6.90,-,-,-,-,-,-,6.75
1656,SB14918878,1656,ŞCOALA GIMNAZIALĂ CRISTIAN,6.50,-,-,7.00,-,-,-,-,-,-,6.75
1657,SB9187808,1657,"ŞCOALA GIMNAZIALĂ ""NICOLAE IORGA"" SIBIU",6.30,-,-,6.55,-,-,Limba germana,7.40,-,-,6.75
1658,SB10332120,1658,"ŞCOALA GIMNAZIALĂ ""CONSTANTIN IOAN MOTAŞ"" MEDIAŞ",6.20,-,-,7.30,-,-,-,-,-,-,6.75
1659,SB10420058,1659,ŞCOALA GIMNAZIALĂ CRISTIAN,8.40,-,-,5.05,-,-,-,-,-,-,6.72
1660,SB9901114,1660,"ŞCOALA GIMNAZIALĂ ""ION POP RETEGANUL"" ORLAT",8.15,-,-,5.30,-,-,-,-,-,-,6.72
1661,SB10447260,1661,LICEUL TEHNOLOGIC MÂRŞA,8.10,-,-,5.35,-,-,-,-,-,-,6.72
1662,SB11059580,1662,LICEUL ROMÂNO - FINLANDEZ ERI SIBIU,7.65,-,-,5.80,-,-,-,-,-,-,6.72
1663,SB10277871,1663,"ŞCOALA GIMNAZIALĂ ""GEORGE POPA"" MEDIAŞ",7.45,-,-,6.00,-,-,-,-,-,-,6.72
1664,SB10314788,1664,ŞCOALA GIMNAZIALĂ NR. 23 SIBIU,7.40,-,-,6.05,-,-,-,-,-,-,6.72
1665,SB10268249,1665,"ŞCOALA GIMNAZIALĂ ""GEORG DANIEL TEUTSCH"" AGNITA",7.15,-,-,6.30,-,-,-,-,-,-,6.72
1666,SB10046068,1666,"ŞCOALA GIMNAZIALĂ ""RADU SELEJAN"" SIBIU",6.55,-,-,6.90,-,-,-,-,-,-,6.72
1667,SB10660684,1667,ŞCOALA GIMNAZIALĂ ŞURA MICĂ,6.55,-,-,6.90,-,-,-,-,-,-,6.72
1668,SB11023602,1668,ŞCOALA GIMNAZIALĂ NR. 13 SIBIU,6.25,-,-,7.20,-,-,-,-,-,-,6.72
1669,SB12026754,1669,"ŞCOALA GIMNAZIALĂ ""MIHAI EMINESCU"" MEDIAŞ",6.20,-,-,7.25,-,-,-,-,-,-,6.72
1670,SB7505201,1670,ŞCOALA GIMNAZIALĂ NR. 21 SIBIU,6.20,-,-,7.25,-,-,-,-,-,-,6.72
1671,SB10539860,1671,"ŞCOALA GIMNAZIALĂ ""NICOLAE IORGA"" SIBIU",7.65,-,-,5.75,-,-,-,-,-,-,6.70
1672,SB642701,1672,ŞCOALA GIMNAZIALĂ NR. 1 SIBIU,7.65,-,-,5.75,-,-,-,-,-,-,6.70
1673,SB10006656,1673,ŞCOALA GIMNAZIALĂ NR. 1 SIBIU,7.60,-,-,5.80,-,-,-,-,-,-,6.70
1674,SB10092502,1674,"LICEUL TEHNOLOGIC ""JOHANNES LEBEL"" TĂLMACIU",7.50,-,-,5.90,-,-,-,-,-,-,6.70
1675,SB10465901,1675,"ŞCOALA GIMNAZIALĂ ""NICOLAE IORGA"" SIBIU",7.50,-,-,5.90,-,-,-,-,-,-,6.70
1676,SB10092523,1676,ŞCOALA GIMNAZIALĂ NR. 4 MEDIAŞ,7.10,-,-,6.30,-,-,-,-,-,-,6.70
1677,SB10492538,1677,"ŞCOALA GIMNAZIALĂ ""MIHAI EMINESCU"" MEDIAŞ",7.00,-,-,6.40,-,-,-,-,-,-,6.70
1678,SB3980051,1678,ŞCOALA GIMNAZIALĂ NR. 8 SIBIU,6.25,-,-,7.15,-,-,-,-,-,-,6.70
1679,SB9072670,1679,ŞCOALA GIMNAZIALĂ NR. 13 SIBIU,6.25,-,-,7.15,-,-,-,-,-,-,6.70
1680,SB9184540,1680,"ŞCOALA GIMNAZIALĂ ""REGINA MARIA"" SIBIU",6.25,-,-,7.15,-,-,-,-,-,-,6.70
1681,SB10327670,1681,"LICEUL TEHNOLOGIC ""ILIE MĂCELARIU"" MIERCUREA SIBIULUI",7.65,-,-,5.70,-,-,-,-,-,-,6.67
1682,SB9065444,1682,ŞCOALA GIMNAZIALĂ NOCRICH,7.65,-,-,5.70,-,-,-,-,-,-,6.67
1683,SB9650111,1683,"ŞCOALA GIMNAZIALĂ ""MARȚIAN NEGREA"" VALEA VIILOR",7.50,-,-,5.85,-,-,-,-,-,-,6.67
1684,SB9139531,1684,"ŞCOALA GIMNAZIALĂ ""OCTAVIAN GOGA"" RĂŞINARI",7.45,-,-,5.90,-,-,-,-,-,-,6.67
1685,SB10022008,1685,ŞCOALA GIMNAZIALĂ NR. 13 SIBIU,7.30,-,-,6.05,-,-,-,-,-,-,6.67
1686,SB9818303,1686,ŞCOALA GIMNAZIALĂ NR. 12 SIBIU,7.10,-,-,6.25,-,-,-,-,-,-,6.67
1687,SB8997190,1687,"ŞCOALA GIMNAZIALĂ ""ANDREI ȘAGUNA"" ŞURA MARE",6.90,-,-,6.45,-,-,-,-,-,-,6.67
1688,SB10271944,1688,ŞCOALA GIMNAZIALĂ ŞURA MICĂ,6.75,-,-,6.60,-,-,-,-,-,-,6.67
1689,SB8873662,1689,"LICEUL TEORETIC ""CONSTANTIN NOICA"" SIBIU",6.75,-,-,6.60,-,-,-,-,-,-,6.67
1690,SB10587337,1690,"ŞCOALA GIMNAZIALĂ ""ION ALBESCU"" BOIŢA",6.60,-,-,6.75,-,-,-,-,-,-,6.67
1691,SB8924350,1691,ŞCOALA GIMNAZIALĂ NR. 25 SIBIU,6.15,-,-,7.20,-,-,-,-,-,-,6.67
1692,SB9626995,1692,"ŞCOALA GIMNAZIALĂ ""VIOREL CUCU PALTIN"" ARPAȘU DE JOS",6.15,-,-,7.20,-,-,-,-,-,-,6.67
1693,SB10296743,1693,"LICEUL ""AUGUST TREBONIU LAURIAN"" AGNITA",6.10,-,-,7.25,-,-,-,-,-,-,6.67
1694,SB10311039,1694,"ŞCOALA GIMNAZIALĂ ""GEORGE POPA"" MEDIAŞ",8.35,-,-,4.95,-,-,-,-,-,-,6.65
1695,SB10298310,1695,"ŞCOALA GIMNAZIALĂ ""REGELE FERDINAND"" SIBIU",7.40,-,-,5.90,-,-,-,-,-,-,6.65
1696,SB12496773,1696,ŞCOALA GIMNAZIALĂ BUZD,7.40,-,-,5.90,-,-,-,-,-,-,6.65
1697,SB10161502,1697,LICEUL ROMÂNO - FINLANDEZ ERI SIBIU,7.35,-,-,5.95,-,-,-,-,-,-,6.65
1698,SB9818182,1698,"LICEUL TEORETIC ""GHEORGHE LAZĂR"" AVRIG",7.10,-,-,6.20,-,-,-,-,-,-,6.65
1699,SB10021793,1699,ŞCOALA GIMNAZIALĂ NR. 18 SIBIU,6.90,-,-,6.40,-,-,-,-,-,-,6.65
1700,SB10597589,1700,"ŞCOALA GIMNAZIALĂ ""ION ALBESCU"" BOIŢA",6.80,-,-,6.50,-,-,-,-,-,-,6.65
1701,SB10046487,1701,ŞCOALA GIMNAZIALĂ NR. 18 SIBIU,6.15,-,-,7.15,-,-,-,-,-,-,6.65
1702,SB10318776,1702,"LICEUL TEORETIC ""ONISIFOR GHIBU"" SIBIU",6.00,-,-,7.45,-,-,Limba germana,6.50,-,-,6.65
1703,SB10426265,1703,"LICEUL TEORETIC ""CONSTANTIN NOICA"" SIBIU",5.85,-,-,7.45,-,-,-,-,-,-,6.65
1704,SB10388329,1704,"LICEUL TEORETIC ""GUSTAV GÜNDISCH"" CISNĂDIE",7.25,-,-,5.50,-,-,Limba germana,7.15,-,-,6.63
1705,SB10111301,1705,"ŞCOALA GIMNAZIALĂ ""ION LUCA CARAGIALE"" SIBIU",5.70,-,-,6.35,-,-,Limba germana,7.85,-,-,6.63
1706,SB32051,1706,"COLEGIUL NAȚIONAL ""OCTAVIAN GOGA"" SIBIU",8.05,-,-,5.20,-,-,-,-,-,-,6.62
1707,SB8224787,1707,"ŞCOALA GIMNAZIALĂ ""SAMUIL MICU"" SADU",7.85,-,-,5.40,-,-,-,-,-,-,6.62
1708,SB12056321,1708,ŞCOALA GIMNAZIALĂ ŞURA MICĂ,7.80,-,-,5.45,-,-,-,-,-,-,6.62
1709,SB8251815,1709,"ŞCOALA GIMNAZIALĂ ""SAMUIL MICU"" SADU",7.75,-,-,5.50,-,-,-,-,-,-,6.62
1710,SB4069701,1710,"ŞCOALA GIMNAZIALĂ ""ANDREI ȘAGUNA"" ŞURA MARE",7.20,-,-,6.05,-,-,-,-,-,-,6.62
1711,SB10359992,1711,ŞCOALA GIMNAZIALĂ TILIŞCA,7.15,-,-,6.10,-,-,-,-,-,-,6.62
1712,SB10468022,1712,ŞCOALA GIMNAZIALĂ NR. 4 MEDIAŞ,7.15,-,-,6.10,-,-,-,-,-,-,6.62
1713,SB10306936,1713,ŞCOALA GIMNAZIALĂ NR. 1 SIBIU,7.05,-,-,6.20,-,-,-,-,-,-,6.62
1714,SB10305429,1714,"ŞCOALA GIMNAZIALĂ ""MIHAI EMINESCU"" MEDIAŞ",6.95,-,-,6.30,-,-,-,-,-,-,6.62
1715,SB10075049,1715,ŞCOALA GIMNAZIALĂ NR. 13 SIBIU,6.85,-,-,6.40,-,-,-,-,-,-,6.62
1716,SB9805253,1716,LICEUL DE ARTĂ SIBIU,6.80,-,-,6.45,-,-,-,-,-,-,6.62
1717,SB13358743,1717,"ŞCOALA GIMNAZIALĂ ""REGELE FERDINAND"" SIBIU",5.80,-,-,7.45,-,-,-,-,-,-,6.62
1718,SB10312765,1718,"LICEUL TEORETIC ""ROTH - OBERTH"" MEDIAŞ",6.80,-,-,6.15,-,-,Limba germana,6.90,-,-,6.61
1719,SB9886864,1719,ŞCOALA GIMNAZIALĂ SLIMNIC,7.80,-,-,5.40,-,-,-,-,-,-,6.60
1720,SB12841633,1720,"ŞCOALA GIMNAZIALĂ ""ION POP RETEGANUL"" ORLAT",7.70,-,-,5.50,-,-,-,-,-,-,6.60
1721,SB10073726,1721,"ŞCOALA GIMNAZIALĂ ""BATHORY ISTVAN"" MEDIAŞ",7.15,-,-,5.35,-,-,Limba maghiara,7.30,-,-,6.60
1722,SB10400485,1722,ŞCOALA GIMNAZIALĂ NR. 1 SIBIU,6.95,-,-,6.25,-,-,-,-,-,-,6.60
1723,SB8875870,1723,"ŞCOALA GIMNAZIALĂ ""MIHAI VITEAZU"" ŞELIMBĂR",6.95,-,-,6.25,-,-,-,-,-,-,6.60
1724,SB10124824,1724,"ŞCOALA GIMNAZIALĂ ""NICOLAE IORGA"" SIBIU",6.85,-,-,6.35,-,-,-,-,-,-,6.60
1725,SB12336844,1725,"ŞCOALA GIMNAZIALĂ ""NICOLAE IORGA"" SIBIU",6.80,-,-,6.40,-,-,-,-,-,-,6.60
1726,SB10415623,1726,"COLEGIUL NAȚIONAL ""OCTAVIAN GOGA"" SIBIU",6.60,-,-,6.60,-,-,-,-,-,-,6.60
1727,SB9815669,1727,ŞCOALA GIMNAZIALĂ AVRIG,6.50,-,-,6.70,-,-,-,-,-,-,6.60
1728,SB13350470,1728,"COLEGIUL NAȚIONAL ""SAMUEL VON BRUKENTHAL"" SIBIU",6.30,-,-,5.85,-,-,Limba germana,7.65,-,-,6.60
1729,SB10360210,1729,ŞCOALA GIMNAZIALĂ TILIŞCA,6.25,-,-,6.95,-,-,-,-,-,-,6.60
1730,SB14777541,1730,"ŞCOALA GIMNAZIALĂ ""RADU SELEJAN"" SIBIU",6.25,-,-,6.95,-,-,-,-,-,-,6.60
1731,SB10709081,1731,"LICEUL TEORETIC ""CONSTANTIN NOICA"" SIBIU",6.00,-,-,7.20,-,-,-,-,-,-,6.60
1732,SB9474491,1732,"ŞCOALA GIMNAZIALĂ ""AUREL DECEI"" GURA RÂULUI",5.90,-,-,7.30,-,-,-,-,-,-,6.60
1733,SB10465434,1733,"COLEGIUL NAȚIONAL ""SAMUEL VON BRUKENTHAL"" SIBIU",7.20,-,-,4.80,-,-,Limba germana,7.75,-,-,6.58
1734,SB10045321,1734,"ŞCOALA GIMNAZIALĂ ""REGINA MARIA"" SIBIU",7.25,-,-,5.90,-,-,-,-,-,-,6.57
1735,SB10173836,1735,ŞCOALA GIMNAZIALĂ RUŞI,7.05,-,-,6.10,-,-,-,-,-,-,6.57
1736,SB9252719,1736,"ŞCOALA GIMNAZIALĂ ""BADEA CÎRŢAN"" CÂRŢIŞOARA",7.00,-,-,6.15,-,-,-,-,-,-,6.57
1737,SB9787005,1737,"LICEUL TEORETIC ""GHEORGHE LAZĂR"" AVRIG",6.80,-,-,6.35,-,-,-,-,-,-,6.57
1738,SB9902033,1738,"ŞCOALA GIMNAZIALĂ ""ION POP RETEGANUL"" ORLAT",6.80,-,-,6.35,-,-,-,-,-,-,6.57
1739,SB10465987,1739,"ŞCOALA GIMNAZIALĂ ""REGINA MARIA"" SIBIU",6.55,-,-,6.60,-,-,-,-,-,-,6.57
1740,SB10390348,1740,"ŞCOALA GIMNAZIALĂ ""GEORG DANIEL TEUTSCH"" AGNITA",6.45,-,-,6.70,-,-,-,-,-,-,6.57
1741,SB10350920,1741,"ŞCOALA GIMNAZIALĂ ""REGINA MARIA"" SIBIU",5.70,-,-,7.45,-,-,-,-,-,-,6.57
1742,SB9385894,1742,ŞCOALA GIMNAZIALĂ NR. 2 CISNĂDIE,8.10,-,-,5.00,-,-,-,-,-,-,6.55
1743,SB10415468,1743,ŞCOALA GIMNAZIALĂ NR. 25 SIBIU,7.40,-,-,5.70,-,-,-,-,-,-,6.55
1744,SB10095557,1744,ŞCOALA GIMNAZIALĂ NR. 8 SIBIU,7.25,-,-,5.85,-,-,-,-,-,-,6.55
1745,SB10108091,1745,ŞCOALA GIMNAZIALĂ NR. 18 SIBIU,7.20,-,-,5.90,-,-,-,-,-,-,6.55
1746,SB10686884,1746,"ŞCOALA GIMNAZIALĂ ""SAMUIL MICU"" SADU",7.15,-,-,5.95,-,-,-,-,-,-,6.55
1747,SB12057343,1747,"LICEUL TEHNOLOGIC ""JOHANNES LEBEL"" TĂLMACIU",7.15,-,-,5.95,-,-,-,-,-,-,6.55
1748,SB11080119,1748,"LICEUL TEORETIC ""GUSTAV GÜNDISCH"" CISNĂDIE",7.05,-,-,6.50,-,-,Limba germana,6.10,-,-,6.55
1749,SB10408473,1749,"ŞCOALA GIMNAZIALĂ ""NICOLAE IORGA"" SIBIU",6.85,-,-,5.35,-,-,Limba germana,7.45,-,-,6.55
1750,SB2531651,1750,"LICEUL TEORETIC ""GUSTAV GÜNDISCH"" CISNĂDIE",6.50,-,-,6.60,-,-,-,-,-,-,6.55
1751,SB10599037,1751,ŞCOALA GIMNAZIALĂ NR. 3 CISNĂDIE,6.35,-,-,6.75,-,-,-,-,-,-,6.55
1752,SB10115327,1752,"ŞCOALA GIMNAZIALĂ ""ION LUCA CARAGIALE"" SIBIU",6.20,-,-,5.45,-,-,Limba germana,8.00,-,-,6.55
1753,SB12537016,1753,"LICEUL TEORETIC ""GUSTAV GÜNDISCH"" CISNĂDIE",6.05,-,-,6.40,-,-,Limba germana,7.20,-,-,6.55
1754,SB8995386,1754,"ŞCOALA GIMNAZIALĂ ""REGINA MARIA"" SIBIU",7.95,-,-,5.10,-,-,-,-,-,-,6.52
1755,SB10971541,1755,"ŞCOALA GIMNAZIALĂ ""AVIATOR IOAN SAVA"" ALŢINA",7.65,-,-,5.40,-,-,-,-,-,-,6.52
1756,SB9161690,1756,"ŞCOALA GIMNAZIALĂ ""OCTAVIAN GOGA"" RĂŞINARI",7.50,-,-,5.55,-,-,-,-,-,-,6.52
1757,SB10542573,1757,ŞCOALA GIMNAZIALĂ NR. 3 CISNĂDIE,7.25,-,-,5.80,-,-,-,-,-,-,6.52
1758,SB10406957,1758,"ŞCOALA GIMNAZIALĂ ""RADU SELEJAN"" SIBIU",7.20,-,-,5.85,-,-,-,-,-,-,6.52
1759,SB10341046,1759,"ŞCOALA GIMNAZIALĂ ""RADU SELEJAN"" SIBIU",7.10,-,-,5.95,-,-,-,-,-,-,6.52
1760,SB10112616,1760,ŞCOALA GIMNAZIALĂ NR. 13 SIBIU,6.15,-,-,6.90,-,-,-,-,-,-,6.52
1761,SB9974907,1761,"LICEUL TEHNOLOGIC ""IOAN LUPAŞ"" SĂLIŞTE",6.15,-,-,6.90,-,-,-,-,-,-,6.52
1762,SB10111074,1762,ŞCOALA GIMNAZIALĂ NR. 13 SIBIU,6.10,-,-,6.95,-,-,-,-,-,-,6.52
1763,SB10269453,1763,"ŞCOALA GIMNAZIALĂ ""GEORG DANIEL TEUTSCH"" AGNITA",5.60,-,-,7.45,-,-,-,-,-,-,6.52
1764,SB8222797,1764,"ŞCOALA GIMNAZIALĂ ""SAMUIL MICU"" SADU",8.30,-,-,4.70,-,-,-,-,-,-,6.50
1765,SB12325903,1765,"ŞCOALA GIMNAZIALĂ ""RADU SELEJAN"" SIBIU",7.30,-,-,5.70,-,-,-,-,-,-,6.50
1766,SB9082805,1766,ŞCOALA GIMNAZIALĂ NR. 18 SIBIU,7.30,-,-,5.70,-,-,-,-,-,-,6.50
1767,SB12239964,1767,ŞCOALA GIMNAZIALĂ NR. 21 SIBIU,6.90,-,-,6.10,-,-,-,-,-,-,6.50
1768,SB9843755,1768,ŞCOALA GIMNAZIALĂ NR. 21 SIBIU,6.90,-,-,6.10,-,-,-,-,-,-,6.50
1769,SB12442406,1769,ŞCOALA GIMNAZIALĂ NR. 18 SIBIU,6.80,-,-,6.20,-,-,-,-,-,-,6.50
1770,SB11145678,1770,"COLEGIUL NAȚIONAL ""SAMUEL VON BRUKENTHAL"" SIBIU",6.70,-,-,4.70,-,-,Limba germana,8.10,-,-,6.50
1771,SB10025153,1771,ŞCOALA GIMNAZIALĂ VEŞTEM,6.65,-,-,6.35,-,-,-,-,-,-,6.50
1772,SB9880538,1772,LICEUL DE ARTĂ SIBIU,6.40,-,-,6.60,-,-,-,-,-,-,6.50
1773,SB10111871,1773,ŞCOALA GIMNAZIALĂ NR. 13 SIBIU,6.20,-,-,6.80,-,-,-,-,-,-,6.50
1774,SB12001541,1774,"ŞCOALA GIMNAZIALĂ ""MIHAI VITEAZU"" ŞELIMBĂR",6.20,-,-,6.80,-,-,-,-,-,-,6.50
1775,SB11013785,1775,ŞCOALA GIMNAZIALĂ NR. 4 SIBIU,6.85,-,-,6.10,-,-,Limba germana,6.50,-,-,6.48
1776,SB10299842,1776,"ŞCOALA GIMNAZIALĂ ""ION LUCA CARAGIALE"" SIBIU",7.85,-,-,5.10,-,-,-,-,-,-,6.47
1777,SB10489913,1777,"ŞCOALA GIMNAZIALĂ ""CORNELIU PĂCURARIU"" MICĂSASA",7.85,-,-,5.10,-,-,-,-,-,-,6.47
1778,SB10887890,1778,ŞCOALA GIMNAZIALĂ NR. 25 SIBIU,7.75,-,-,5.20,-,-,-,-,-,-,6.47
1779,SB12332854,1779,"COLEGIUL NAȚIONAL ""OCTAVIAN GOGA"" SIBIU",7.50,-,-,5.45,-,-,-,-,-,-,6.47
1780,SB646451,1780,ŞCOALA GIMNAZIALĂ NR. 1 SIBIU,7.45,-,-,5.50,-,-,-,-,-,-,6.47
1781,SB9815868,1781,ŞCOALA GIMNAZIALĂ AVRIG,7.45,-,-,5.50,-,-,-,-,-,-,6.47
1782,SB10335893,1782,"ŞCOALA GIMNAZIALĂ ""CONSTANTIN IOAN MOTAŞ"" MEDIAŞ",7.10,-,-,5.85,-,-,-,-,-,-,6.47
1783,SB9417660,1783,ŞCOALA GIMNAZIALĂ NR. 1 SIBIU,6.95,-,-,6.00,-,-,-,-,-,-,6.47
1784,SB3977151,1784,ŞCOALA GIMNAZIALĂ NR. 21 SIBIU,6.65,-,-,6.30,-,-,-,-,-,-,6.47
1785,SB8990937,1785,ŞCOALA GIMNAZIALĂ VEŞTEM,6.20,-,-,6.75,-,-,-,-,-,-,6.47
1786,SB10273849,1786,"ŞCOALA GIMNAZIALĂ ""GEORG DANIEL TEUTSCH"" AGNITA",6.00,-,-,6.95,-,-,-,-,-,-,6.47
1787,SB6696601,1787,ŞCOALA GIMNAZIALĂ NR. 13 SIBIU,5.80,-,-,7.15,-,-,-,-,-,-,6.47
1788,SB10687468,1788,ŞCOALA GIMNAZIALĂ RÂU SADULUI,5.70,-,-,7.25,-,-,-,-,-,-,6.47
1789,SB8128949,1789,ŞCOALA GIMNAZIALĂ BOIAN,7.65,-,-,5.25,-,-,-,-,-,-,6.45
1790,SB10464725,1790,LICEUL DE ARTĂ SIBIU,7.50,-,-,5.40,-,-,-,-,-,-,6.45
1791,SB8008935,1791,ŞCOALA GIMNAZIALĂ AGÂRBICIU,7.25,-,-,5.65,-,-,-,-,-,-,6.45
1792,SB10602423,1792,"LICEUL TEORETIC ""ROTH - OBERTH"" MEDIAŞ",7.25,-,-,5.60,-,-,Limba germana,6.50,-,-,6.45
1793,SB7890207,1793,"ŞCOALA GIMNAZIALĂ ""REGELE FERDINAND"" SIBIU",7.15,-,-,5.75,-,-,-,-,-,-,6.45
1794,SB9858519,1794,"ŞCOALA GIMNAZIALĂ ""STEPHAN LUDWIG ROTH"" MOŞNA",6.95,-,-,5.95,-,-,-,-,-,-,6.45
1795,SB10091787,1795,"LICEUL TEHNOLOGIC ""JOHANNES LEBEL"" TĂLMACIU",6.75,-,-,6.15,-,-,-,-,-,-,6.45
1796,SB10264875,1796,"ŞCOALA GIMNAZIALĂ ""RADU SELEJAN"" SIBIU",6.40,-,-,6.50,-,-,-,-,-,-,6.45
1797,SB10712618,1797,ŞCOALA GIMNAZIALĂ RUŞI,6.40,-,-,6.50,-,-,-,-,-,-,6.45
1798,SB12583364,1798,"ŞCOALA GIMNAZIALĂ ""IOAN SLAVICI"" SIBIU",6.40,-,-,6.50,-,-,-,-,-,-,6.45
1799,SB10514126,1799,"ŞCOALA GIMNAZIALĂ ""ION LUCA CARAGIALE"" SIBIU",6.15,-,-,7.20,-,-,Limba germana,6.00,-,-,6.45
1800,SB12588784,1800,ŞCOALA GIMNAZIALĂ NOIŞTAT,5.95,-,-,6.95,-,-,-,-,-,-,6.45
1801,SB9609220,1801,ŞCOALA GIMNAZIALĂ RUŞI,5.90,-,-,7.00,-,-,-,-,-,-,6.45
1802,SB10267495,1802,"ŞCOALA GIMNAZIALĂ ""GEORG DANIEL TEUTSCH"" AGNITA",8.20,-,-,5.40,-,-,Limba germana,5.70,-,-,6.43
1803,SB9684536,1803,ŞCOALA GIMNAZIALĂ CRISTIAN,8.35,-,-,4.50,-,-,-,-,-,-,6.42
1804,SB9234569,1804,"LICEUL TEORETIC ""GUSTAV GÜNDISCH"" CISNĂDIE",7.95,-,-,4.90,-,-,-,-,-,-,6.42
1805,SB10320724,1805,"ŞCOALA GIMNAZIALĂ ""CIREŞARII"" MEDIAŞ",7.65,-,-,5.20,-,-,-,-,-,-,6.42
1806,SB9805042,1806,ŞCOALA GIMNAZIALĂ ȘEICA MICĂ,7.25,-,-,5.60,-,-,-,-,-,-,6.42
1807,SB10330982,1807,"ŞCOALA GIMNAZIALĂ ""MIHAI EMINESCU"" MEDIAŞ",6.95,-,-,5.90,-,-,-,-,-,-,6.42
1808,SB10399673,1808,ŞCOALA GIMNAZIALĂ NR. 25 SIBIU,6.70,-,-,6.15,-,-,-,-,-,-,6.42
1809,SB9422812,1809,"LICEUL ""AUGUST TREBONIU LAURIAN"" AGNITA",6.30,-,-,6.55,-,-,-,-,-,-,6.42
1810,SB12336327,1810,"ŞCOALA GIMNAZIALĂ ""GEORG DANIEL TEUTSCH"" AGNITA",6.25,-,-,6.60,-,-,-,-,-,-,6.42
1811,SB12043749,1811,"LICEUL TEORETIC ""CONSTANTIN NOICA"" SIBIU",6.20,-,-,6.65,-,-,-,-,-,-,6.42
1812,SB10324691,1812,ŞCOALA GIMNAZIALĂ NR. 7 MEDIAŞ,6.15,-,-,6.70,-,-,-,-,-,-,6.42
1813,SB10021898,1813,"ŞCOALA GIMNAZIALĂ ""ANDREI ȘAGUNA"" ŞURA MARE",6.00,-,-,6.85,-,-,-,-,-,-,6.42
1814,SB10586879,1814,"ŞCOALA GIMNAZIALĂ ""ION ALBESCU"" BOIŢA",5.60,-,-,7.25,-,-,-,-,-,-,6.42
1815,SB10593598,1815,"ŞCOALA GIMNAZIALĂ ""ION ALBESCU"" BOIŢA",5.55,-,-,7.30,-,-,-,-,-,-,6.42
1816,SB10549920,1816,ŞCOALA GIMNAZIALĂ NR. 4 SIBIU,7.10,-,-,8.35,-,-,Limba germana,3.80,-,-,6.41
1817,SB10592832,1817,ŞCOALA GIMNAZIALĂ NR. 2 CISNĂDIE,7.80,-,-,5.00,-,-,-,-,-,-,6.40
1818,SB9674430,1818,"ŞCOALA GIMNAZIALĂ ""IOAN SLAVICI"" SIBIU",7.60,-,-,5.20,-,-,-,-,-,-,6.40
1819,SB10335807,1819,"ŞCOALA GIMNAZIALĂ ""CONSTANTIN IOAN MOTAŞ"" MEDIAŞ",7.40,-,-,5.40,-,-,-,-,-,-,6.40
1820,SB9876207,1820,"ŞCOALA GIMNAZIALĂ ""ION POP RETEGANUL"" ORLAT",7.35,-,-,5.45,-,-,-,-,-,-,6.40
1821,SB12059462,1821,"LICEUL TEHNOLOGIC ""JOHANNES LEBEL"" TĂLMACIU",7.30,-,-,5.50,-,-,-,-,-,-,6.40
1822,SB8128865,1822,ŞCOALA GIMNAZIALĂ BOIAN,7.30,-,-,5.50,-,-,-,-,-,-,6.40
1823,SB8992946,1823,"ŞCOALA GIMNAZIALĂ ""MIHAI VITEAZU"" ŞELIMBĂR",7.30,-,-,5.50,-,-,-,-,-,-,6.40
1824,SB3975451,1824,ŞCOALA GIMNAZIALĂ NR. 18 SIBIU,7.25,-,-,5.55,-,-,-,-,-,-,6.40
1825,SB9599321,1825,"ŞCOALA GIMNAZIALĂ ""STEPHAN LUDWIG ROTH"" MOŞNA",7.10,-,-,5.70,-,-,-,-,-,-,6.40
1826,SB10488127,1826,"ŞCOALA GIMNAZIALĂ ""ION LUCA CARAGIALE"" SIBIU",7.05,-,-,5.75,-,-,-,-,-,-,6.40
1827,SB10012175,1827,ŞCOALA GIMNAZIALĂ SĂCEL,6.90,-,-,5.90,-,-,-,-,-,-,6.40
1828,SB9939317,1828,"LICEUL TEHNOLOGIC ""IOAN LUPAŞ"" SĂLIŞTE",6.80,-,-,6.00,-,-,-,-,-,-,6.40
1829,SB10071050,1829,ŞCOALA GIMNAZIALĂ NR. 4 MEDIAŞ,6.50,-,-,6.30,-,-,-,-,-,-,6.40
1830,SB10328481,1830,"ŞCOALA GIMNAZIALĂ ""CIREŞARII"" MEDIAŞ",5.80,-,-,7.00,-,-,-,-,-,-,6.40
1831,SB9623693,1831,"ŞCOALA GIMNAZIALĂ ""ION LUCA CARAGIALE"" SIBIU",5.80,-,-,7.00,-,-,-,-,-,-,6.40
1832,SB10650864,1832,ŞCOALA GIMNAZIALĂ APOLDU DE SUS,6.55,-,-,7.00,-,-,Limba germana,5.60,-,-,6.38
1833,SB10325845,1833,ŞCOALA GIMNAZIALĂ NR. 4 MEDIAŞ,7.25,-,-,5.50,-,-,-,-,-,-,6.37
1834,SB12000773,1834,ŞCOALA GIMNAZIALĂ NR. 21 SIBIU,6.60,-,-,6.15,-,-,-,-,-,-,6.37
1835,SB10057139,1835,ŞCOALA GIMNAZIALĂ NR. 8 SIBIU,6.10,-,-,6.65,-,-,-,-,-,-,6.37
1836,SB11077869,1836,"ŞCOALA GIMNAZIALĂ ""REGINA MARIA"" SIBIU",6.00,-,-,6.75,-,-,-,-,-,-,6.37
1837,SB12297149,1837,ŞCOALA GIMNAZIALĂ NR. 8 SIBIU,5.95,-,-,6.80,-,-,-,-,-,-,6.37
1838,SB12046419,1838,ŞCOALA GIMNAZIALĂ ŞEICA MARE,7.70,-,-,5.00,-,-,-,-,-,-,6.35
1839,SB12615419,1839,"COLEGIUL NAȚIONAL ""OCTAVIAN GOGA"" SIBIU",7.55,-,-,5.15,-,-,-,-,-,-,6.35
1840,SB10301801,1840,"LICEUL TEORETIC ""ROTH - OBERTH"" MEDIAŞ",7.45,-,-,5.40,-,-,Limba germana,6.20,-,-,6.35
1841,SB10319909,1841,"ŞCOALA GIMNAZIALĂ ""MIHAI EMINESCU"" MEDIAŞ",7.40,-,-,5.30,-,-,-,-,-,-,6.35
1842,SB10568291,1842,"ŞCOALA GIMNAZIALĂ ""ION LUCA CARAGIALE"" SIBIU",7.40,-,-,5.30,-,-,-,-,-,-,6.35
1843,SB8967221,1843,ŞCOALA GIMNAZIALĂ BAZNA,7.10,-,-,5.60,-,-,-,-,-,-,6.35
1844,SB647201,1844,ŞCOALA GIMNAZIALĂ NR. 1 SIBIU,7.00,-,-,5.70,-,-,-,-,-,-,6.35
1845,SB10294435,1845,"LICEUL ""AUGUST TREBONIU LAURIAN"" AGNITA",6.95,-,-,5.75,-,-,-,-,-,-,6.35
1846,SB10327432,1846,"ŞCOALA GIMNAZIALĂ ""MIHAI VITEAZU"" ŞELIMBĂR",6.90,-,-,5.80,-,-,-,-,-,-,6.35
1847,SB10100107,1847,"ŞCOALA GIMNAZIALĂ ""MIHAI EMINESCU"" MEDIAŞ",6.75,-,-,5.95,-,-,-,-,-,-,6.35
1848,SB10709832,1848,LICEUL DE ARTĂ SIBIU,6.65,-,-,6.05,-,-,-,-,-,-,6.35
1849,SB7506601,1849,ŞCOALA GIMNAZIALĂ NR. 21 SIBIU,6.65,-,-,6.05,-,-,-,-,-,-,6.35
1850,SB10286215,1850,"ŞCOALA GIMNAZIALĂ ""GEORG DANIEL TEUTSCH"" AGNITA",6.55,-,-,6.15,-,-,-,-,-,-,6.35
1851,SB10391861,1851,ŞCOALA GIMNAZIALĂ POPLACA,6.45,-,-,6.25,-,-,-,-,-,-,6.35
1852,SB12044496,1852,"ŞCOALA GIMNAZIALĂ ""ANDREI ȘAGUNA"" ŞURA MARE",6.45,-,-,6.25,-,-,-,-,-,-,6.35
1853,SB8548555,1853,"ŞCOALA GIMNAZIALĂ ""NICOLAE IORGA"" SIBIU",6.20,-,-,7.00,-,-,Limba germana,5.85,-,-,6.35
1854,SB10311714,1854,"ŞCOALA GIMNAZIALĂ ""CIREŞARII"" MEDIAŞ",6.20,-,-,6.50,-,-,-,-,-,-,6.35
1855,SB9928097,1855,"LICEUL TEHNOLOGIC ""JOHANNES LEBEL"" TĂLMACIU",6.10,-,-,6.60,-,-,-,-,-,-,6.35
1856,SB10298684,1856,"LICEUL TEORETIC ""ROTH - OBERTH"" MEDIAŞ",7.45,-,-,5.60,-,-,Limba germana,5.95,-,-,6.33
1857,SB10121020,1857,ŞCOALA GIMNAZIALĂ NR. 21 SIBIU,7.50,-,-,5.15,-,-,-,-,-,-,6.32
1858,SB10007256,1858,"COLEGIUL NAȚIONAL ""OCTAVIAN GOGA"" SIBIU",7.25,-,-,5.40,-,-,-,-,-,-,6.32
1859,SB9180840,1859,"ŞCOALA GIMNAZIALĂ ""MIHAI VITEAZU"" ŞELIMBĂR",6.80,-,-,5.85,-,-,-,-,-,-,6.32
1860,SB7505001,1860,"ŞCOALA GIMNAZIALĂ ""RADU SELEJAN"" SIBIU",6.75,-,-,5.90,-,-,-,-,-,-,6.32
1861,SB8442465,1861,"ŞCOALA GIMNAZIALĂ ""CONSTANTIN IOAN MOTAŞ"" MEDIAŞ",6.75,-,-,5.90,-,-,-,-,-,-,6.32
1862,SB10603978,1862,"LICEUL ""TIMOTEI CIPARIU"" DUMBRĂVENI",6.70,-,-,5.95,-,-,-,-,-,-,6.32
1863,SB9805071,1863,"ŞCOALA GIMNAZIALĂ ""IOAN SLAVICI"" SIBIU",6.60,-,-,6.05,-,-,-,-,-,-,6.32
1864,SB12070540,1864,"LICEUL TEHNOLOGIC ""JOHANNES LEBEL"" TĂLMACIU",6.50,-,-,6.15,-,-,-,-,-,-,6.32
1865,SB9900818,1865,"ŞCOALA GIMNAZIALĂ ""MIHAI VITEAZU"" ŞELIMBĂR",6.50,-,-,6.15,-,-,-,-,-,-,6.32
1866,SB10295938,1866,ŞCOALA GIMNAZIALĂ NR. 4 SIBIU,6.40,-,-,6.25,-,-,-,-,-,-,6.32
1867,SB10723628,1867,ŞCOALA GIMNAZIALĂ NR. 21 SIBIU,6.40,-,-,6.25,-,-,-,-,-,-,6.32
1868,SB9815600,1868,ŞCOALA GIMNAZIALĂ AVRIG,6.30,-,-,6.35,-,-,-,-,-,-,6.32
1869,SB9886831,1869,ŞCOALA GIMNAZIALĂ SLIMNIC,6.15,-,-,6.50,-,-,-,-,-,-,6.32
1870,SB12060262,1870,"COLEGIUL NAȚIONAL ""SAMUEL VON BRUKENTHAL"" SIBIU",6.05,-,-,6.95,-,-,Limba germana,5.95,-,-,6.31
1871,SB10011367,1871,"LICEUL TEHNOLOGIC ""IOAN LUPAŞ"" SĂLIŞTE",7.05,-,-,5.55,-,-,-,-,-,-,6.30
1872,SB10383960,1872,"COLEGIUL NAȚIONAL ""OCTAVIAN GOGA"" SIBIU",6.80,-,-,5.80,-,-,-,-,-,-,6.30
1873,SB686501,1873,"ŞCOALA GIMNAZIALĂ ""REGINA MARIA"" SIBIU",6.75,-,-,5.85,-,-,-,-,-,-,6.30
1874,SB12119954,1874,ŞCOALA GIMNAZIALĂ NR. 1 SIBIU,6.25,-,-,6.35,-,-,-,-,-,-,6.30
1875,SB9375943,1875,"ŞCOALA GIMNAZIALĂ ""ION LUCA CARAGIALE"" SIBIU",6.20,-,-,6.40,-,-,-,-,-,-,6.30
1876,SB10394024,1876,"LICEUL TEHNOLOGIC ""IOAN LUPAŞ"" SĂLIŞTE",6.05,-,-,6.55,-,-,-,-,-,-,6.30
1877,SB8970180,1877,ŞCOALA GIMNAZIALĂ IGHIŞU NOU,5.80,-,-,6.80,-,-,-,-,-,-,6.30
1878,SB9511188,1878,ŞCOALA GIMNAZIALĂ NR. 23 SIBIU,7.95,-,-,4.60,-,-,-,-,-,-,6.27
1879,SB7903986,1879,"ŞCOALA GIMNAZIALĂ ""IOAN BAN - DASCĂLU"" POIANA SIBIULUI",7.70,-,-,4.85,-,-,-,-,-,-,6.27
1880,SB10712507,1880,"ŞCOALA GIMNAZIALĂ ""REGINA MARIA"" SIBIU",7.35,-,-,5.20,-,-,-,-,-,-,6.27
1881,SB9815718,1881,"LICEUL TEORETIC ""GHEORGHE LAZĂR"" AVRIG",7.35,-,-,5.20,-,-,-,-,-,-,6.27
1882,SB12575208,1882,"ŞCOALA GIMNAZIALĂ ""REGELE FERDINAND"" SIBIU",7.30,-,-,5.25,-,-,-,-,-,-,6.27
1883,SB11023451,1883,ŞCOALA GIMNAZIALĂ SLIMNIC,7.00,-,-,5.55,-,-,-,-,-,-,6.27
1884,SB9215017,1884,ŞCOALA GIMNAZIALĂ BIERTAN,6.75,-,-,5.80,-,-,-,-,-,-,6.27
1885,SB10476082,1885,ŞCOALA GIMNAZIALĂ NR. 25 SIBIU,6.40,-,-,6.15,-,-,-,-,-,-,6.27
1886,SB7924186,1886,"LICEUL ""AUGUST TREBONIU LAURIAN"" AGNITA",6.30,-,-,6.25,-,-,-,-,-,-,6.27
1887,SB657651,1887,ŞCOALA GIMNAZIALĂ NR. 1 SIBIU,6.10,-,-,6.45,-,-,-,-,-,-,6.27
1888,SB10340688,1888,"ŞCOALA GIMNAZIALĂ ""CONSTANTIN IOAN MOTAŞ"" MEDIAŞ",5.95,-,-,6.60,-,-,-,-,-,-,6.27
1889,SB9817284,1889,ŞCOALA GIMNAZIALĂ NR. 25 SIBIU,7.30,-,-,5.20,-,-,-,-,-,-,6.25
1890,SB10549808,1890,"LICEUL TEHNOLOGIC ""JOHANNES LEBEL"" TĂLMACIU",7.05,-,-,5.45,-,-,-,-,-,-,6.25
1891,SB9252784,1891,"ŞCOALA GIMNAZIALĂ ""BADEA CÎRŢAN"" CÂRŢIŞOARA",6.90,-,-,5.60,-,-,-,-,-,-,6.25
1892,SB9439938,1892,ŞCOALA GIMNAZIALĂ ALĂMOR,6.85,-,-,5.65,-,-,-,-,-,-,6.25
1893,SB10646838,1893,ŞCOALA GIMNAZIALĂ NR. 3 COPȘA MICĂ,6.80,-,-,5.70,-,-,-,-,-,-,6.25
1894,SB12211904,1894,ŞCOALA GIMNAZIALĂ POPLACA,6.70,-,-,5.80,-,-,-,-,-,-,6.25
1895,SB10019653,1895,"ŞCOALA GIMNAZIALĂ ""MIHAI EMINESCU"" MEDIAŞ",6.55,-,-,5.95,-,-,-,-,-,-,6.25
1896,SB11131305,1896,ŞCOALA GIMNAZIALĂ NR. 4 SIBIU,6.40,-,-,6.10,-,-,-,-,-,-,6.25
1897,SB9109339,1897,"ŞCOALA GIMNAZIALĂ ""MARȚIAN NEGREA"" VALEA VIILOR",6.20,-,-,6.30,-,-,-,-,-,-,6.25
1898,SB14363939,1898,ŞCOALA GIMNAZIALĂ NR. 7 MEDIAŞ,5.75,-,-,6.75,-,-,-,-,-,-,6.25
1899,SB10317326,1899,"ŞCOALA GIMNAZIALĂ ""GEORGE POPA"" MEDIAŞ",7.25,-,-,5.20,-,-,-,-,-,-,6.22
1900,SB10005013,1900,ŞCOALA GIMNAZIALĂ AVRIG,7.20,-,-,5.25,-,-,-,-,-,-,6.22
1901,SB8402389,1901,ŞCOALA GIMNAZIALĂ RACOVIŢA,7.15,-,-,5.30,-,-,-,-,-,-,6.22
1902,SB9822262,1902,ŞCOALA GIMNAZIALĂ NR. 2 SIBIU,7.15,-,-,5.30,-,-,-,-,-,-,6.22
1903,SB9818244,1903,"LICEUL TEORETIC ""GHEORGHE LAZĂR"" AVRIG",6.95,-,-,5.50,-,-,-,-,-,-,6.22
1904,SB7503201,1904,"ŞCOALA GIMNAZIALĂ ""REGINA MARIA"" SIBIU",6.75,-,-,5.70,-,-,-,-,-,-,6.22
1905,SB9841486,1905,"LICEUL TEORETIC ""CONSTANTIN NOICA"" SIBIU",6.75,-,-,5.70,-,-,-,-,-,-,6.22
1906,SB10063926,1906,"LICEUL TEORETIC ""GHEORGHE LAZĂR"" AVRIG",6.70,-,-,5.75,-,-,-,-,-,-,6.22
1907,SB10107233,1907,LICEUL DE ARTĂ SIBIU,6.70,-,-,5.75,-,-,-,-,-,-,6.22
1908,SB10351944,1908,ŞCOALA GIMNAZIALĂ NR. 4 SIBIU,6.70,-,-,5.75,-,-,-,-,-,-,6.22
1909,SB10046135,1909,"ŞCOALA GIMNAZIALĂ ""MIHAI VITEAZU"" ŞELIMBĂR",6.35,-,-,6.10,-,-,-,-,-,-,6.22
1910,SB13152415,1910,"ŞCOALA GIMNAZIALĂ ""GEORG DANIEL TEUTSCH"" AGNITA",6.35,-,-,6.10,-,-,-,-,-,-,6.22
1911,SB10422985,1911,ŞCOALA GIMNAZIALĂ NR. 8 SIBIU,6.15,-,-,6.30,-,-,-,-,-,-,6.22
1912,SB7890102,1912,ŞCOALA GIMNAZIALĂ NR. 21 SIBIU,6.05,-,-,6.40,-,-,-,-,-,-,6.22
1913,SB9975048,1913,LICEUL TEHNOLOGIC IACOBENI,5.95,-,-,6.50,-,-,-,-,-,-,6.22
1914,SB9510559,1914,ŞCOALA GIMNAZIALĂ NR. 25 SIBIU,5.85,-,-,6.60,-,-,-,-,-,-,6.22
1915,SB4074101,1915,ŞCOALA GIMNAZIALĂ NR. 13 SIBIU,5.75,-,-,6.70,-,-,-,-,-,-,6.22
1916,SB13888016,1916,ŞCOALA GIMNAZIALĂ NR. 18 SIBIU,5.65,-,-,6.80,-,-,-,-,-,-,6.22
1917,SB12380185,1917,ŞCOALA GIMNAZIALĂ NR. 4 SIBIU,5.25,-,-,7.20,-,-,-,-,-,-,6.22
1918,SB10107518,1918,"ŞCOALA GIMNAZIALĂ ""ION LUCA CARAGIALE"" SIBIU",7.30,-,-,5.10,-,-,-,-,-,-,6.20
1919,SB10543549,1919,"ŞCOALA GIMNAZIALĂ ""SAMUIL MICU"" SADU",7.30,-,-,5.10,-,-,-,-,-,-,6.20
1920,SB10426157,1920,"ŞCOALA GIMNAZIALĂ ""NICOLAE IORGA"" SIBIU",7.10,-,-,5.30,-,-,-,-,-,-,6.20
1921,SB10320030,1921,"ŞCOALA GIMNAZIALĂ ""MIHAI EMINESCU"" MEDIAŞ",6.80,-,-,5.60,-,-,-,-,-,-,6.20
1922,SB9878721,1922,"ŞCOALA GIMNAZIALĂ ""ION POP RETEGANUL"" ORLAT",6.70,-,-,5.70,-,-,-,-,-,-,6.20
1923,SB9252821,1923,"ŞCOALA GIMNAZIALĂ ""BADEA CÎRŢAN"" CÂRŢIŞOARA",6.65,-,-,5.75,-,-,-,-,-,-,6.20
1924,SB10020817,1924,"ŞCOALA GIMNAZIALĂ ""MIHAI EMINESCU"" MEDIAŞ",6.50,-,-,5.90,-,-,-,-,-,-,6.20
1925,SB9232849,1925,ŞCOALA GIMNAZIALĂ NR. 3 CISNĂDIE,6.00,-,-,6.40,-,-,-,-,-,-,6.20
1926,SB14971065,1926,"ŞCOALA GIMNAZIALĂ ""ION LUCA CARAGIALE"" SIBIU",5.45,-,-,6.95,-,-,-,-,-,-,6.20
1927,SB9805469,1927,ŞCOALA GIMNAZIALĂ TĂLMACIU,7.10,-,-,5.25,-,-,-,-,-,-,6.17
1928,SB10109690,1928,"ŞCOALA GIMNAZIALĂ ""NICOLAE IORGA"" SIBIU",6.85,-,-,5.50,-,-,-,-,-,-,6.17
1929,SB10299108,1929,"ŞCOALA GIMNAZIALĂ ""REGELE FERDINAND"" SIBIU",6.75,-,-,5.60,-,-,-,-,-,-,6.17
1930,SB10760799,1930,"COLEGIUL NAȚIONAL PEDAGOGIC ""ANDREI ŞAGUNA"" SIBIU",6.65,-,-,5.70,-,-,-,-,-,-,6.17
1931,SB10650814,1931,ŞCOALA GIMNAZIALĂ NR. 3 COPȘA MICĂ,6.55,-,-,5.80,-,-,-,-,-,-,6.17
1932,SB9611160,1932,ŞCOALA GIMNAZIALĂ BRATEIU,6.55,-,-,5.80,-,-,-,-,-,-,6.17
1933,SB9943362,1933,"LICEUL TEHNOLOGIC ""IOAN LUPAŞ"" SĂLIŞTE",6.30,-,-,6.05,-,-,-,-,-,-,6.17
1934,SB10287439,1934,"ŞCOALA GIMNAZIALĂ ""GEORG DANIEL TEUTSCH"" AGNITA",6.10,-,-,6.25,-,-,-,-,-,-,6.17
1935,SB2685301,1935,"LICEUL TEORETIC ""GUSTAV GÜNDISCH"" CISNĂDIE",5.85,-,-,6.50,-,-,-,-,-,-,6.17
1936,SB10351900,1936,"ŞCOALA GIMNAZIALĂ ""NICOLAE IORGA"" SIBIU",5.25,-,-,7.10,-,-,-,-,-,-,6.17
1937,SB9818478,1937,ŞCOALA GIMNAZIALĂ AVRIG,8.00,-,-,4.30,-,-,-,-,-,-,6.15
1938,SB10085359,1938,"LICEUL TEHNOLOGIC ""JOHANNES LEBEL"" TĂLMACIU",7.40,-,-,4.90,-,-,-,-,-,-,6.15
1939,SB10003337,1939,"LICEUL TEORETIC ""GUSTAV GÜNDISCH"" CISNĂDIE",6.85,-,-,5.70,-,-,Limba germana,5.90,-,-,6.15
1940,SB10095080,1940,ŞCOALA GIMNAZIALĂ NR. 4 SIBIU,6.30,-,-,7.35,-,-,Limba germana,4.80,-,-,6.15
1941,SB10602210,1941,"LICEUL ""TIMOTEI CIPARIU"" DUMBRĂVENI",5.90,-,-,6.40,-,-,-,-,-,-,6.15
1942,SB8498950,1942,ŞCOALA GIMNAZIALĂ RACOVIŢA,5.90,-,-,6.40,-,-,-,-,-,-,6.15
1943,SB9931870,1943,"LICEUL TEHNOLOGIC ""JOHANNES LEBEL"" TĂLMACIU",5.75,-,-,6.55,-,-,-,-,-,-,6.15
1944,SB10174153,1944,ŞCOALA GIMNAZIALĂ NR. 4 SIBIU,5.60,-,-,6.70,-,-,-,-,-,-,6.15
1945,SB12615975,1945,"ŞCOALA GIMNAZIALĂ ""ION LUCA CARAGIALE"" SIBIU",5.45,-,-,6.85,-,-,-,-,-,-,6.15
1946,SB7926098,1946,"LICEUL ""AUGUST TREBONIU LAURIAN"" AGNITA",5.20,-,-,7.10,-,-,-,-,-,-,6.15
1947,SB10348355,1947,ŞCOALA GIMNAZIALĂ NR. 21 SIBIU,5.05,-,-,7.25,-,-,-,-,-,-,6.15
1948,SB9818421,1948,ŞCOALA GIMNAZIALĂ AVRIG,7.45,-,-,4.80,-,-,-,-,-,-,6.12
1949,SB8885869,1949,"ŞCOALA GIMNAZIALĂ ""REGELE FERDINAND"" SIBIU",7.40,-,-,4.85,-,-,-,-,-,-,6.12
1950,SB10367962,1950,"ŞCOALA GIMNAZIALĂ ""NICOLAE IORGA"" SIBIU",6.80,-,-,5.45,-,-,-,-,-,-,6.12
1951,SB12090980,1951,ŞCOALA GIMNAZIALĂ ȘEICA MICĂ,6.60,-,-,5.65,-,-,-,-,-,-,6.12
1952,SB9146960,1952,"ŞCOALA GIMNAZIALĂ ""ION ALBESCU"" BOIŢA",6.55,-,-,5.70,-,-,-,-,-,-,6.12
1953,SB10012847,1953,"LICEUL TEHNOLOGIC ""ILIE MĂCELARIU"" MIERCUREA SIBIULUI",6.50,-,-,5.75,-,-,-,-,-,-,6.12
1954,SB9606413,1954,ŞCOALA GIMNAZIALĂ NR. 3 CISNĂDIE,6.50,-,-,5.75,-,-,-,-,-,-,6.12
1955,SB9741618,1955,"ŞCOALA GIMNAZIALĂ ""OCTAVIAN GOGA"" RĂŞINARI",6.40,-,-,5.85,-,-,-,-,-,-,6.12
1956,SB9997618,1956,"ŞCOALA GIMNAZIALĂ ""RADU SELEJAN"" SIBIU",6.30,-,-,5.95,-,-,-,-,-,-,6.12
1957,SB9741466,1957,"ŞCOALA GIMNAZIALĂ ""SAVA POPOVICI BARCIANU"" RĂŞINARI",7.15,-,-,5.05,-,-,-,-,-,-,6.10
1958,SB10021057,1958,ŞCOALA GIMNAZIALĂ NR. 12 SIBIU,6.70,-,-,5.50,-,-,-,-,-,-,6.10
1959,SB12043638,1959,"COLEGIUL NAȚIONAL PEDAGOGIC ""ANDREI ŞAGUNA"" SIBIU",6.70,-,-,5.50,-,-,-,-,-,-,6.10
1960,SB9420479,1960,ŞCOALA GIMNAZIALĂ BRADU,6.60,-,-,5.60,-,-,-,-,-,-,6.10
1961,SB10096298,1961,ŞCOALA GIMNAZIALĂ ŞURA MICĂ,5.70,-,-,6.50,-,-,-,-,-,-,6.10
1962,SB10094700,1962,"ŞCOALA GIMNAZIALĂ ""MIHAI EMINESCU"" MEDIAŞ",7.00,-,-,5.15,-,-,-,-,-,-,6.07
1963,SB10061131,1963,ŞCOALA GIMNAZIALĂ SĂCEL,6.65,-,-,5.50,-,-,-,-,-,-,6.07
1964,SB9420964,1964,ŞCOALA GIMNAZIALĂ BRADU,6.30,-,-,5.85,-,-,-,-,-,-,6.07
1965,SB9944727,1965,LICEUL TEHNOLOGIC CISNĂDIE,6.30,-,-,5.85,-,-,-,-,-,-,6.07
1966,SB10360031,1966,"ŞCOALA GIMNAZIALĂ ""REGINA MARIA"" SIBIU",5.95,-,-,6.20,-,-,-,-,-,-,6.07
1967,SB13691049,1967,"ŞCOALA GIMNAZIALĂ ""VIOREL CUCU PALTIN"" ARPAȘU DE JOS",5.50,-,-,6.65,-,-,-,-,-,-,6.07
1968,SB9939280,1968,"ŞCOALA GIMNAZIALĂ ""MIHAI VITEAZU"" ŞELIMBĂR",5.15,-,-,7.00,-,-,-,-,-,-,6.07
1969,SB10348172,1969,ŞCOALA GIMNAZIALĂ NR. 4 SIBIU,6.05,-,-,6.95,-,-,Limba germana,5.20,-,-,6.06
1970,SB10302461,1970,"LICEUL TEORETIC ""ROTH - OBERTH"" MEDIAŞ",7.00,-,-,5.70,-,-,Limba germana,5.45,-,-,6.05
1971,SB10431117,1971,ŞCOALA GIMNAZIALĂ ROŞIA,7.00,-,-,5.10,-,-,-,-,-,-,6.05
1972,SB9439993,1972,ŞCOALA GIMNAZIALĂ ALĂMOR,6.50,-,-,5.60,-,-,-,-,-,-,6.05
1973,SB9726909,1973,ŞCOALA GIMNAZIALĂ CRISTIAN,6.45,-,-,5.65,-,-,-,-,-,-,6.05
1974,SB12172233,1974,ŞCOALA GIMNAZIALĂ NR. 3 CISNĂDIE,6.30,-,-,5.80,-,-,-,-,-,-,6.05
1975,SB12017679,1975,"LICEUL TEORETIC ""CONSTANTIN NOICA"" SIBIU",6.10,-,-,6.00,-,-,-,-,-,-,6.05
1976,SB9741807,1976,"ŞCOALA GIMNAZIALĂ ""OCTAVIAN GOGA"" RĂŞINARI",5.95,-,-,6.15,-,-,-,-,-,-,6.05
1977,SB9982847,1977,ŞCOALA GIMNAZIALĂ NR. 3 CISNĂDIE,5.80,-,-,6.30,-,-,-,-,-,-,6.05
1978,SB10294544,1978,ŞCOALA GIMNAZIALĂ NR. 4 SIBIU,5.60,-,-,6.50,-,-,-,-,-,-,6.05
1979,SB12614075,1979,"COLEGIUL NAȚIONAL ""SAMUEL VON BRUKENTHAL"" SIBIU",6.90,-,-,5.05,-,-,Limba germana,6.15,-,-,6.03
1980,SB9690424,1980,ŞCOALA GIMNAZIALĂ CRISTIAN,7.50,-,-,4.55,-,-,-,-,-,-,6.02
1981,SB8398614,1981,ŞCOALA GIMNAZIALĂ RACOVIŢA,7.30,-,-,4.75,-,-,-,-,-,-,6.02
1982,SB10620320,1982,LICEUL TEHNOLOGIC MÂRŞA,7.10,-,-,4.95,-,-,-,-,-,-,6.02
1983,SB9188163,1983,"ŞCOALA GIMNAZIALĂ ""RADU SELEJAN"" SIBIU",6.55,-,-,5.50,-,-,-,-,-,-,6.02
1984,SB12092595,1984,ŞCOALA GIMNAZIALĂ NR. 10 SIBIU,6.15,-,-,5.90,-,-,-,-,-,-,6.02
1985,SB9886766,1985,ŞCOALA GIMNAZIALĂ SLIMNIC,6.05,-,-,6.00,-,-,-,-,-,-,6.02
1986,SB10327957,1986,"LICEUL TEHNOLOGIC ""ILIE MĂCELARIU"" MIERCUREA SIBIULUI",5.65,-,-,6.40,-,-,-,-,-,-,6.02
1987,SB12392018,1987,"ŞCOALA GIMNAZIALĂ ""CONSTANTIN IOAN MOTAŞ"" MEDIAŞ",5.65,-,-,6.40,-,-,-,-,-,-,6.02
1988,SB9929187,1988,"LICEUL TEHNOLOGIC ""JOHANNES LEBEL"" TĂLMACIU",5.35,-,-,6.70,-,-,-,-,-,-,6.02
1989,SB9602022,1989,"ŞCOALA GIMNAZIALĂ ""NICOLAE IORGA"" SIBIU",5.05,-,-,7.00,-,-,-,-,-,-,6.02
1990,SB6232551,1990,"COLEGIUL NAȚIONAL ""OCTAVIAN GOGA"" SIBIU",6.90,-,-,7.20,-,-,Limba germana,3.95,-,-,6.01
1991,SB10399537,1991,"LICEUL TEORETIC ""CONSTANTIN NOICA"" SIBIU",7.85,-,-,4.15,-,-,-,-,-,-,6.00
1992,SB10448653,1992,ŞCOALA GIMNAZIALĂ BÂRGHIŞ,7.25,-,-,4.75,-,-,-,-,-,-,6.00
1993,SB9590128,1993,"ŞCOALA GIMNAZIALĂ ""STEPHAN LUDWIG ROTH"" MOŞNA",7.20,-,-,4.80,-,-,-,-,-,-,6.00
1994,SB10433458,1994,"LICEUL TEORETIC ""ROTH - OBERTH"" MEDIAŞ",6.70,-,-,5.10,-,-,Limba germana,6.20,-,-,6.00
1995,SB9975276,1995,"LICEUL TEHNOLOGIC ""IOAN LUPAŞ"" SĂLIŞTE",6.10,-,-,5.90,-,-,-,-,-,-,6.00
1996,SB10293754,1996,"LICEUL ""AUGUST TREBONIU LAURIAN"" AGNITA",6.00,-,-,6.00,-,-,-,-,-,-,6.00
1997,SB7960342,1997,"ŞCOALA GIMNAZIALĂ ""RADU SELEJAN"" SIBIU",5.95,-,-,6.05,-,-,-,-,-,-,6.00
1998,SB8355638,1998,"ŞCOALA GIMNAZIALĂ ""ANDREI ȘAGUNA"" ŞURA MARE",5.95,-,-,6.05,-,-,-,-,-,-,6.00
1999,SB8932128,1999,ŞCOALA GIMNAZIALĂ ŞAROŞ PE TÂRNAVE,5.70,-,-,6.30,-,-,-,-,-,-,6.00
2000,SB10275964,2000,"ŞCOALA GIMNAZIALĂ ""GEORG DANIEL TEUTSCH"" AGNITA",5.60,-,-,6.40,-,-,-,-,-,-,6.00
2001,SB12619169,2001,ŞCOALA GIMNAZIALĂ NR. 2 CISNĂDIE,5.50,-,-,6.50,-,-,-,-,-,-,6.00
2002,SB9081385,2002,"ŞCOALA GIMNAZIALĂ ""OCTAVIAN GOGA"" RĂŞINARI",5.20,-,-,6.80,-,-,-,-,-,-,6.00
2003,SB10476849,2003,"LICEUL ""AUGUST TREBONIU LAURIAN"" AGNITA",4.95,-,-,7.05,-,-,-,-,-,-,6.00
2004,SB10087603,2004,"ŞCOALA GIMNAZIALĂ ""IOAN SLAVICI"" SIBIU",4.55,-,-,7.45,-,-,-,-,-,-,6.00
2005,SB8996537,2005,ŞCOALA GIMNAZIALĂ VEŞTEM,6.65,-,-,5.30,-,-,-,-,-,-,5.97
2006,SB9706764,2006,ŞCOALA GIMNAZIALĂ AŢEL,6.55,-,-,5.40,-,-,-,-,-,-,5.97
2007,SB12442547,2007,ŞCOALA GIMNAZIALĂ NR. 23 SIBIU,6.50,-,-,5.45,-,-,-,-,-,-,5.97
2008,SB10387468,2008,"ŞCOALA GIMNAZIALĂ ""REGINA MARIA"" SIBIU",6.45,-,-,5.50,-,-,-,-,-,-,5.97
2009,SB10049103,2009,ŞCOALA GIMNAZIALĂ CURCIU,6.40,-,-,5.55,-,-,-,-,-,-,5.97
2010,SB10292258,2010,"ŞCOALA GIMNAZIALĂ ""ION LUCA CARAGIALE"" SIBIU",6.15,-,-,5.80,-,-,-,-,-,-,5.97
2011,SB10367546,2011,"ŞCOALA GIMNAZIALĂ ""REGINA MARIA"" SIBIU",6.10,-,-,5.85,-,-,-,-,-,-,5.97
2012,SB10390532,2012,ŞCOALA GIMNAZIALĂ NOIŞTAT,5.10,-,-,6.85,-,-,-,-,-,-,5.97
2013,SB9991508,2013,ŞCOALA GIMNAZIALĂ NR. 4 SIBIU,7.20,-,-,4.70,-,-,-,-,-,-,5.95
2014,SB5072301,2014,ŞCOALA GIMNAZIALĂ NR. 12 SIBIU,6.95,-,-,4.95,-,-,-,-,-,-,5.95
2015,SB10586421,2015,ŞCOALA GIMNAZIALĂ TĂLMACIU,6.35,-,-,5.55,-,-,-,-,-,-,5.95
2016,SB9674274,2016,ŞCOALA GIMNAZIALĂ NR. 8 SIBIU,6.25,-,-,5.65,-,-,-,-,-,-,5.95
2017,SB9990408,2017,"LICEUL TEORETIC ""GUSTAV GÜNDISCH"" CISNĂDIE",6.25,-,-,5.65,-,-,-,-,-,-,5.95
2018,SB9688200,2018,ŞCOALA GIMNAZIALĂ CRISTIAN,6.10,-,-,5.80,-,-,-,-,-,-,5.95
2019,SB12122409,2019,ŞCOALA GIMNAZIALĂ NR. 23 SIBIU,5.90,-,-,6.00,-,-,-,-,-,-,5.95
2020,SB10022638,2020,ŞCOALA GIMNAZIALĂ NR. 12 SIBIU,5.85,-,-,6.05,-,-,-,-,-,-,5.95
2021,SB9129661,2021,"ŞCOALA GIMNAZIALĂ ""OCTAVIAN GOGA"" RĂŞINARI",5.80,-,-,6.10,-,-,-,-,-,-,5.95
2022,SB9676013,2022,"ŞCOALA GIMNAZIALĂ ""IOAN SLAVICI"" SIBIU",5.70,-,-,6.20,-,-,-,-,-,-,5.95
2023,SB7890179,2023,ŞCOALA GIMNAZIALĂ NR. 21 SIBIU,5.15,-,-,6.75,-,-,-,-,-,-,5.95
2024,SB10269021,2024,"ŞCOALA GIMNAZIALĂ ""GEORG DANIEL TEUTSCH"" AGNITA",4.95,-,-,6.95,-,-,-,-,-,-,5.95
2025,SB15018089,2025,LICEUL TEHNOLOGIC MÂRŞA,8.10,-,-,3.75,-,-,-,-,-,-,5.92
2026,SB10319087,2026,"ŞCOALA GIMNAZIALĂ ""GEORGE POPA"" MEDIAŞ",7.70,-,-,4.15,-,-,-,-,-,-,5.92
2027,SB10280850,2027,"ŞCOALA GIMNAZIALĂ ""GEORGE POPA"" MEDIAŞ",7.55,-,-,4.30,-,-,-,-,-,-,5.92
2028,SB10431518,2028,ŞCOALA GIMNAZIALĂ ROŞIA,7.35,-,-,4.50,-,-,-,-,-,-,5.92
2029,SB10432056,2029,ŞCOALA GIMNAZIALĂ ROŞIA,7.15,-,-,4.70,-,-,-,-,-,-,5.92
2030,SB10728779,2030,ŞCOALA GIMNAZIALĂ NR. 3 CISNĂDIE,6.60,-,-,5.25,-,-,-,-,-,-,5.92
2031,SB10101134,2031,ŞCOALA GIMNAZIALĂ NR. 7 MEDIAŞ,6.05,-,-,5.80,-,-,-,-,-,-,5.92
2032,SB10399566,2032,ŞCOALA GIMNAZIALĂ NR. 25 SIBIU,5.95,-,-,5.90,-,-,-,-,-,-,5.92
2033,SB8530580,2033,ŞCOALA GIMNAZIALĂ AGÂRBICIU,5.75,-,-,6.10,-,-,-,-,-,-,5.92
2034,SB11072657,2034,ŞCOALA GIMNAZIALĂ NR. 18 SIBIU,7.50,-,-,4.30,-,-,-,-,-,-,5.90
2035,SB10444382,2035,ŞCOALA GIMNAZIALĂ NR. 4 SIBIU,7.25,-,-,4.55,-,-,-,-,-,-,5.90
2036,SB8532597,2036,ŞCOALA GIMNAZIALĂ AXENTE SEVER,7.20,-,-,4.60,-,-,-,-,-,-,5.90
2037,SB9081277,2037,"ŞCOALA GIMNAZIALĂ ""OCTAVIAN GOGA"" RĂŞINARI",7.15,-,-,4.65,-,-,-,-,-,-,5.90
2038,SB10446172,2038,ŞCOALA GIMNAZIALĂ NR. 4 SIBIU,6.90,-,-,4.90,-,-,-,-,-,-,5.90
2039,SB10450895,2039,ŞCOALA GIMNAZIALĂ BÂRGHIŞ,6.80,-,-,5.00,-,-,-,-,-,-,5.90
2040,SB10744120,2040,ŞCOALA GIMNAZIALĂ VURPĂR,6.65,-,-,5.15,-,-,-,-,-,-,5.90
2041,SB12276469,2041,"ŞCOALA GIMNAZIALĂ ""LUCIAN BOLOGA"" MARPOD",6.40,-,-,5.40,-,-,-,-,-,-,5.90
2042,SB9741227,2042,"ŞCOALA GIMNAZIALĂ ""SAVA POPOVICI BARCIANU"" RĂŞINARI",6.40,-,-,5.40,-,-,-,-,-,-,5.90
2043,SB12122345,2043,ŞCOALA GIMNAZIALĂ JINA,6.30,-,-,5.50,-,-,-,-,-,-,5.90
2044,SB7503051,2044,ŞCOALA GIMNAZIALĂ NR. 21 SIBIU,5.80,-,-,6.00,-,-,-,-,-,-,5.90
2045,SB8994267,2045,ŞCOALA GIMNAZIALĂ RACOVIŢA,5.70,-,-,6.10,-,-,-,-,-,-,5.90
2046,SB9988408,2046,"LICEUL TEHNOLOGIC ""IOAN LUPAŞ"" SĂLIŞTE",5.65,-,-,6.15,-,-,-,-,-,-,5.90
2047,SB10330815,2047,"ŞCOALA GIMNAZIALĂ ""CONSTANTIN IOAN MOTAŞ"" MEDIAŞ",5.30,-,-,6.50,-,-,-,-,-,-,5.90
2048,SB10839598,2048,"ŞCOALA GIMNAZIALĂ ""GEORG DANIEL TEUTSCH"" AGNITA",5.30,-,-,6.50,-,-,-,-,-,-,5.90
2049,SB10359866,2049,ŞCOALA GIMNAZIALĂ TILIŞCA,4.85,-,-,6.95,-,-,-,-,-,-,5.90
2050,SB4635101,2050,ŞCOALA GIMNAZIALĂ OCNA SIBIULUI,4.60,-,-,7.20,-,-,-,-,-,-,5.90
2051,SB10332230,2051,ŞCOALA GIMNAZIALĂ NR. 18 SIBIU,7.55,-,-,4.20,-,-,-,-,-,-,5.87
2052,SB638751,2052,LICEUL DE ARTĂ SIBIU,6.90,-,-,4.85,-,-,-,-,-,-,5.87
2053,SB8684655,2053,"ŞCOALA GIMNAZIALĂ ""NICOLAE IORGA"" SIBIU",6.75,-,-,5.00,-,-,-,-,-,-,5.87
2054,SB10326879,2054,ŞCOALA GIMNAZIALĂ NR. 25 SIBIU,6.45,-,-,5.30,-,-,-,-,-,-,5.87
2055,SB10125957,2055,"ŞCOALA GIMNAZIALĂ ""NICOLAE IORGA"" SIBIU",6.35,-,-,5.40,-,-,-,-,-,-,5.87
2056,SB10712365,2056,"COLEGIUL NAȚIONAL PEDAGOGIC ""ANDREI ŞAGUNA"" SIBIU",5.95,-,-,5.80,-,-,-,-,-,-,5.87
2057,SB9239578,2057,ŞCOALA GIMNAZIALĂ ŞEICA MARE,5.15,-,-,6.60,-,-,-,-,-,-,5.87
2058,SB14279202,2058,ŞCOALA GIMNAZIALĂ NR. 21 SIBIU,5.05,-,-,6.70,-,-,-,-,-,-,5.87
2059,SB9423169,2059,ŞCOALA GIMNAZIALĂ AVRIG,6.80,-,-,4.90,-,-,-,-,-,-,5.85
2060,SB12296931,2060,ŞCOALA GIMNAZIALĂ NR. 3 CISNĂDIE,6.50,-,-,5.20,-,-,-,-,-,-,5.85
2061,SB12067762,2061,LICEUL ROMÂNO - FINLANDEZ ERI SIBIU,6.40,-,-,5.30,-,-,-,-,-,-,5.85
2062,SB8996391,2062,ŞCOALA GIMNAZIALĂ VEŞTEM,6.20,-,-,5.50,-,-,-,-,-,-,5.85
2063,SB9252742,2063,"ŞCOALA GIMNAZIALĂ ""BADEA CÎRŢAN"" CÂRŢIŞOARA",6.15,-,-,5.55,-,-,-,-,-,-,5.85
2064,SB10384422,2064,"COLEGIUL NAȚIONAL ""OCTAVIAN GOGA"" SIBIU",6.00,-,-,5.70,-,-,-,-,-,-,5.85
2065,SB9595124,2065,"ŞCOALA GIMNAZIALĂ ""MIHAI EMINESCU"" MEDIAŞ",5.80,-,-,5.90,-,-,-,-,-,-,5.85
2066,SB8906234,2066,"LICEUL TEORETIC ""CONSTANTIN NOICA"" SIBIU",5.20,-,-,6.50,-,-,-,-,-,-,5.85
2067,SB9807640,2067,"COLEGIUL NAȚIONAL ""SAMUEL VON BRUKENTHAL"" SIBIU",6.15,-,-,6.55,-,-,Limba germana,4.80,-,-,5.83
2068,SB10546142,2068,"LICEUL TEORETIC ""GUSTAV GÜNDISCH"" CISNĂDIE",6.05,-,-,5.80,-,-,Limba germana,5.65,-,-,5.83
2069,SB9125055,2069,"ŞCOALA GIMNAZIALĂ ""MARȚIAN NEGREA"" VALEA VIILOR",7.20,-,-,4.45,-,-,-,-,-,-,5.82
2070,SB8232475,2070,"ŞCOALA GIMNAZIALĂ ""SAMUIL MICU"" SADU",7.15,-,-,4.50,-,-,-,-,-,-,5.82
2071,SB10689696,2071,"ŞCOALA GIMNAZIALĂ ""ION ALBESCU"" BOIŢA",6.60,-,-,5.05,-,-,-,-,-,-,5.82
2072,SB12615342,2072,"ŞCOALA GIMNAZIALĂ ""AVIATOR IOAN SAVA"" ALŢINA",5.15,-,-,6.50,-,-,-,-,-,-,5.82
2073,SB9076171,2073,"COLEGIUL NAȚIONAL ""SAMUEL VON BRUKENTHAL"" SIBIU",6.35,-,-,5.45,-,-,Limba germana,5.65,-,-,5.81
2074,SB9838601,2074,"LICEUL TEORETIC ""GUSTAV GÜNDISCH"" CISNĂDIE",5.75,-,-,5.40,-,-,Limba germana,6.30,-,-,5.81
2075,SB8935045,2075,"ŞCOALA GIMNAZIALĂ ""GEORGE POPA"" MEDIAŞ",7.30,-,-,4.30,-,-,-,-,-,-,5.80
2076,SB9887024,2076,ŞCOALA GIMNAZIALĂ SLIMNIC,7.20,-,-,4.40,-,-,-,-,-,-,5.80
2077,SB8296204,2077,ŞCOALA GIMNAZIALĂ BOIAN,7.10,-,-,4.50,-,-,-,-,-,-,5.80
2078,SB9383804,2078,"ŞCOALA GIMNAZIALĂ ""AVIATOR IOAN SAVA"" ALŢINA",6.95,-,-,4.65,-,-,-,-,-,-,5.80
2079,SB12028957,2079,ŞCOALA GIMNAZIALĂ BOIAN,6.60,-,-,5.00,-,-,-,-,-,-,5.80
2080,SB9900726,2080,"ŞCOALA GIMNAZIALĂ ""ION POP RETEGANUL"" ORLAT",6.25,-,-,5.35,-,-,-,-,-,-,5.80
2081,SB10825145,2081,LICEUL DE ARTĂ SIBIU,6.10,-,-,5.50,-,-,-,-,-,-,5.80
2082,SB12331987,2082,LICEUL DE ARTĂ SIBIU,6.00,-,-,5.60,-,-,-,-,-,-,5.80
2083,SB9988567,2083,"LICEUL TEHNOLOGIC ""IOAN LUPAŞ"" SĂLIŞTE",5.95,-,-,5.65,-,-,-,-,-,-,5.80
2084,SB7109801,2084,ŞCOALA GIMNAZIALĂ NR. 21 SIBIU,5.90,-,-,5.70,-,-,-,-,-,-,5.80
2085,SB10400470,2085,ŞCOALA GIMNAZIALĂ NR. 1 SIBIU,5.80,-,-,5.80,-,-,-,-,-,-,5.80
2086,SB11078767,2086,ŞCOALA GIMNAZIALĂ NR. 12 SIBIU,5.80,-,-,5.80,-,-,-,-,-,-,5.80
2087,SB12538191,2087,"ŞCOALA GIMNAZIALĂ ""MIHAI VITEAZU"" ŞELIMBĂR",5.75,-,-,5.85,-,-,-,-,-,-,5.80
2088,SB10063584,2088,"LICEUL TEORETIC ""GHEORGHE LAZĂR"" AVRIG",5.40,-,-,6.20,-,-,-,-,-,-,5.80
2089,SB2528951,2089,"ŞCOALA GIMNAZIALĂ ""MIHAI VITEAZU"" ŞELIMBĂR",5.35,-,-,6.25,-,-,-,-,-,-,5.80
2090,SB340601,2090,"COLEGIUL NAȚIONAL ""OCTAVIAN GOGA"" SIBIU",5.25,-,-,6.35,-,-,-,-,-,-,5.80
2091,SB12118773,2091,LICEUL DE ARTĂ SIBIU,7.15,-,-,4.40,-,-,-,-,-,-,5.77
2092,SB9741774,2092,"ŞCOALA GIMNAZIALĂ ""OCTAVIAN GOGA"" RĂŞINARI",6.85,-,-,4.70,-,-,-,-,-,-,5.77
2093,SB4074201,2093,ŞCOALA GIMNAZIALĂ NR. 13 SIBIU,6.65,-,-,4.90,-,-,-,-,-,-,5.77
2094,SB10406304,2094,ŞCOALA GIMNAZIALĂ NR. 10 SIBIU,6.60,-,-,4.95,-,-,-,-,-,-,5.77
2095,SB10479874,2095,ŞCOALA GIMNAZIALĂ NR. 7 MEDIAŞ,5.80,-,-,5.75,-,-,-,-,-,-,5.77
2096,SB9687835,2096,ŞCOALA GIMNAZIALĂ CRISTIAN,5.10,-,-,6.45,-,-,-,-,-,-,5.77
2097,SB12258908,2097,ŞCOALA GIMNAZIALĂ CRISTIAN,7.15,-,-,4.35,-,-,-,-,-,-,5.75
2098,SB10173874,2098,ŞCOALA GIMNAZIALĂ RUŞI,6.30,-,-,5.20,-,-,-,-,-,-,5.75
2099,SB8972072,2099,ŞCOALA GIMNAZIALĂ BOIAN,6.30,-,-,5.20,-,-,-,-,-,-,5.75
2100,SB9900977,2100,"ŞCOALA GIMNAZIALĂ ""ION POP RETEGANUL"" ORLAT",6.20,-,-,5.30,-,-,-,-,-,-,5.75
2101,SB14024384,2101,"LICEUL TEORETIC ""GUSTAV GÜNDISCH"" CISNĂDIE",6.20,-,-,3.70,-,-,Limba germana,7.35,-,-,5.75
2102,SB10529521,2102,"COLEGIUL NAȚIONAL PEDAGOGIC ""ANDREI ŞAGUNA"" SIBIU",6.00,-,-,5.50,-,-,-,-,-,-,5.75
2103,SB10439735,2103,ŞCOALA GIMNAZIALĂ POPLACA,5.90,-,-,5.60,-,-,-,-,-,-,5.75
2104,SB12800428,2104,ŞCOALA GIMNAZIALĂ NR. 25 SIBIU,5.80,-,-,5.70,-,-,-,-,-,-,5.75
2105,SB9684269,2105,ŞCOALA GIMNAZIALĂ CRISTIAN,5.75,-,-,5.75,-,-,-,-,-,-,5.75
2106,SB9939644,2106,"LICEUL TEHNOLOGIC ""IOAN LUPAŞ"" SĂLIŞTE",5.45,-,-,6.05,-,-,-,-,-,-,5.75
2107,SB10575921,2107,"ŞCOALA GIMNAZIALĂ ""NICOLAE IORGA"" SIBIU",5.00,-,-,6.50,-,-,-,-,-,-,5.75
2108,SB11145684,2108,"LICEUL TEORETIC ""GHEORGHE LAZĂR"" AVRIG",7.35,-,-,4.10,-,-,-,-,-,-,5.72
2109,SB9474813,2109,"ŞCOALA GIMNAZIALĂ ""AUREL DECEI"" GURA RÂULUI",7.25,-,-,4.20,-,-,-,-,-,-,5.72
2110,SB9626655,2110,"ŞCOALA GIMNAZIALĂ ""VIOREL CUCU PALTIN"" ARPAȘU DE JOS",7.15,-,-,4.30,-,-,-,-,-,-,5.72
2111,SB638051,2111,"ŞCOALA GIMNAZIALĂ ""ION LUCA CARAGIALE"" SIBIU",6.55,-,-,4.90,-,-,-,-,-,-,5.72
2112,SB9577187,2112,"COLEGIUL NAȚIONAL PEDAGOGIC ""ANDREI ŞAGUNA"" SIBIU",6.35,-,-,5.10,-,-,-,-,-,-,5.72
2113,SB10102234,2113,"ŞCOALA GIMNAZIALĂ ""MIHAI EMINESCU"" MEDIAŞ",6.10,-,-,5.35,-,-,-,-,-,-,5.72
2114,SB13917766,2114,"LICEUL TEORETIC ""GHEORGHE LAZĂR"" AVRIG",5.95,-,-,5.50,-,-,-,-,-,-,5.72
2115,SB9833971,2115,ŞCOALA GIMNAZIALĂ PORUMBACU DE JOS,5.70,-,-,5.75,-,-,-,-,-,-,5.72
2116,SB6146951,2116,ŞCOALA GIMNAZIALĂ NR. 25 SIBIU,5.20,-,-,6.25,-,-,-,-,-,-,5.72
2117,SB9605507,2117,"LICEUL TEORETIC ""GUSTAV GÜNDISCH"" CISNĂDIE",5.80,-,-,3.15,-,-,Limba germana,8.20,-,-,5.71
2118,SB10665266,2118,"ŞCOALA GIMNAZIALĂ ""MIHAI EMINESCU"" MEDIAŞ",6.65,-,-,4.75,-,-,-,-,-,-,5.70
2119,SB8535293,2119,ŞCOALA GIMNAZIALĂ AXENTE SEVER,6.40,-,-,5.00,-,-,-,-,-,-,5.70
2120,SB9683944,2120,ŞCOALA GIMNAZIALĂ CRISTIAN,6.35,-,-,5.05,-,-,-,-,-,-,5.70
2121,SB8851333,2121,ŞCOALA GIMNAZIALĂ NR. 4 SIBIU,6.20,-,-,5.20,-,-,-,-,-,-,5.70
2122,SB8788411,2122,ŞCOALA GIMNAZIALĂ ŞEICA MARE,5.90,-,-,5.50,-,-,-,-,-,-,5.70
2123,SB10091390,2123,ŞCOALA GIMNAZIALĂ NR. 1 SIBIU,5.85,-,-,5.55,-,-,-,-,-,-,5.70
2124,SB8449592,2124,"ŞCOALA GIMNAZIALĂ ""ANDREI ȘAGUNA"" ŞURA MARE",5.55,-,-,5.85,-,-,-,-,-,-,5.70
2125,SB12789154,2125,ŞCOALA GIMNAZIALĂ AVRIG,4.90,-,-,6.50,-,-,-,-,-,-,5.70
2126,SB8857477,2126,ŞCOALA GIMNAZIALĂ AŢEL,4.85,-,-,6.55,-,-,-,-,-,-,5.70
2127,SB10009870,2127,ŞCOALA GIMNAZIALĂ NR. 2 SIBIU,6.65,-,-,4.70,-,-,-,-,-,-,5.67
2128,SB10466010,2128,"ŞCOALA GIMNAZIALĂ ""REGINA MARIA"" SIBIU",6.50,-,-,4.85,-,-,-,-,-,-,5.67
2129,SB10476749,2129,"LICEUL ""AUGUST TREBONIU LAURIAN"" AGNITA",6.25,-,-,5.10,-,-,-,-,-,-,5.67
2130,SB10116429,2130,ŞCOALA GIMNAZIALĂ NR. 18 SIBIU,6.10,-,-,5.25,-,-,-,-,-,-,5.67
2131,SB10294645,2131,"ŞCOALA GIMNAZIALĂ ""REGELE FERDINAND"" SIBIU",6.00,-,-,5.35,-,-,-,-,-,-,5.67
2132,SB10844173,2132,"LICEUL TEORETIC ""CONSTANTIN NOICA"" SIBIU",5.95,-,-,5.40,-,-,-,-,-,-,5.67
2133,SB10110167,2133,ŞCOALA GIMNAZIALĂ NR. 13 SIBIU,5.25,-,-,6.10,-,-,-,-,-,-,5.67
2134,SB9991348,2134,ŞCOALA GIMNAZIALĂ NR. 1 SIBIU,5.10,-,-,6.25,-,-,-,-,-,-,5.67
2135,SB8347832,2135,"ŞCOALA GIMNAZIALĂ ""REGELE FERDINAND"" SIBIU",4.35,-,-,7.00,-,-,-,-,-,-,5.67
2136,SB9741866,2136,"ŞCOALA GIMNAZIALĂ ""OCTAVIAN GOGA"" RĂŞINARI",6.80,-,-,4.50,-,-,-,-,-,-,5.65
2137,SB10420021,2137,"ŞCOALA GIMNAZIALĂ ""RADU SELEJAN"" SIBIU",6.70,-,-,4.60,-,-,-,-,-,-,5.65
2138,SB8132299,2138,"COLEGIUL NAȚIONAL PEDAGOGIC ""ANDREI ŞAGUNA"" SIBIU",6.65,-,-,4.65,-,-,-,-,-,-,5.65
2139,SB9707178,2139,ŞCOALA GIMNAZIALĂ AŢEL,6.20,-,-,5.10,-,-,-,-,-,-,5.65
2140,SB10329929,2140,"ŞCOALA GIMNAZIALĂ ""CIREŞARII"" MEDIAŞ",6.15,-,-,5.15,-,-,-,-,-,-,5.65
2141,SB10660087,2141,ŞCOALA GIMNAZIALĂ NOU,6.10,-,-,5.20,-,-,-,-,-,-,5.65
2142,SB10433319,2142,"ŞCOALA GIMNAZIALĂ ""REGELE FERDINAND"" SIBIU",6.00,-,-,5.30,-,-,-,-,-,-,5.65
2143,SB10020835,2143,ŞCOALA GIMNAZIALĂ NR. 3 COPȘA MICĂ,5.80,-,-,5.50,-,-,-,-,-,-,5.65
2144,SB9815856,2144,"LICEUL TEORETIC ""GHEORGHE LAZĂR"" AVRIG",5.80,-,-,5.50,-,-,-,-,-,-,5.65
2145,SB10290789,2145,ŞCOALA GIMNAZIALĂ BRADU,5.50,-,-,5.80,-,-,-,-,-,-,5.65
2146,SB12077292,2146,LICEUL TEHNOLOGIC IACOBENI,5.30,-,-,6.00,-,-,-,-,-,-,5.65
2147,SB9928955,2147,"LICEUL TEORETIC ""GUSTAV GÜNDISCH"" CISNĂDIE",7.10,-,-,4.15,-,-,-,-,-,-,5.62
2148,SB10087870,2148,"LICEUL TEORETIC ""CONSTANTIN NOICA"" SIBIU",6.80,-,-,4.45,-,-,-,-,-,-,5.62
2149,SB10294886,2149,"LICEUL ""AUGUST TREBONIU LAURIAN"" AGNITA",6.50,-,-,4.75,-,-,-,-,-,-,5.62
2150,SB12619437,2150,"ŞCOALA GIMNAZIALĂ ""IOAN SLAVICI"" SIBIU",6.25,-,-,5.00,-,-,-,-,-,-,5.62
2151,SB7864285,2151,ŞCOALA GIMNAZIALĂ BOIAN,6.25,-,-,5.00,-,-,-,-,-,-,5.62
2152,SB10299466,2152,"ŞCOALA GIMNAZIALĂ ""RADU SELEJAN"" SIBIU",6.15,-,-,5.10,-,-,-,-,-,-,5.62
2153,SB9104061,2153,ŞCOALA GIMNAZIALĂ NR. 2 SIBIU,5.75,-,-,5.50,-,-,-,-,-,-,5.62
2154,SB10332764,2154,"ŞCOALA GIMNAZIALĂ ""CONSTANTIN IOAN MOTAŞ"" MEDIAŞ",5.65,-,-,5.60,-,-,-,-,-,-,5.62
2155,SB11164549,2155,ŞCOALA GIMNAZIALĂ NR. 21 SIBIU,5.60,-,-,5.65,-,-,-,-,-,-,5.62
2156,SB10065478,2156,"LICEUL TEORETIC ""GHEORGHE LAZĂR"" AVRIG",5.45,-,-,5.80,-,-,-,-,-,-,5.62
2157,SB10323996,2157,"ŞCOALA GIMNAZIALĂ ""CONSTANTIN IOAN MOTAŞ"" MEDIAŞ",5.40,-,-,5.85,-,-,-,-,-,-,5.62
2158,SB10449373,2158,"LICEUL TEORETIC ""ONISIFOR GHIBU"" SIBIU",6.30,-,-,6.70,-,-,Limba germana,3.85,-,-,5.61
2159,SB10440085,2159,"ŞCOALA GIMNAZIALĂ ""IOAN SLAVICI"" SIBIU",6.10,-,-,5.10,-,-,-,-,-,-,5.60
2160,SB10467921,2160,"ŞCOALA GIMNAZIALĂ ""MIHAI EMINESCU"" MEDIAŞ",5.60,-,-,5.60,-,-,-,-,-,-,5.60
2161,SB10664840,2161,ŞCOALA GIMNAZIALĂ NR. 3 COPȘA MICĂ,5.50,-,-,5.70,-,-,-,-,-,-,5.60
2162,SB12033615,2162,ŞCOALA GIMNAZIALĂ NR. 4 SIBIU,5.50,-,-,5.70,-,-,-,-,-,-,5.60
2163,SB6729151,2163,ŞCOALA GIMNAZIALĂ NR. 21 SIBIU,5.20,-,-,6.00,-,-,-,-,-,-,5.60
2164,SB12412025,2164,ŞCOALA GIMNAZIALĂ BÂRGHIŞ,7.50,-,-,3.65,-,-,-,-,-,-,5.57
2165,SB9931739,2165,"LICEUL TEHNOLOGIC ""JOHANNES LEBEL"" TĂLMACIU",7.05,-,-,4.10,-,-,-,-,-,-,5.57
2166,SB10384659,2166,"LICEUL ""AUGUST TREBONIU LAURIAN"" AGNITA",6.95,-,-,4.20,-,-,-,-,-,-,5.57
2167,SB9252832,2167,"ŞCOALA GIMNAZIALĂ ""BADEA CÎRŢAN"" CÂRŢIŞOARA",6.90,-,-,4.25,-,-,-,-,-,-,5.57
2168,SB12066348,2168,ŞCOALA GIMNAZIALĂ NR. 4 MEDIAŞ,6.55,-,-,4.60,-,-,-,-,-,-,5.57
2169,SB9842750,2169,ŞCOALA GIMNAZIALĂ LOAMNEŞ,6.35,-,-,4.80,-,-,-,-,-,-,5.57
2170,SB10447996,2170,ŞCOALA GIMNAZIALĂ BÂRGHIŞ,6.15,-,-,5.00,-,-,-,-,-,-,5.57
2171,SB10687578,2171,ŞCOALA GIMNAZIALĂ RÂU SADULUI,5.85,-,-,5.30,-,-,-,-,-,-,5.57
2172,SB9536804,2172,"ŞCOALA GIMNAZIALĂ ""AUREL DECEI"" GURA RÂULUI",5.35,-,-,5.80,-,-,-,-,-,-,5.57
2173,SB11079192,2173,ŞCOALA GIMNAZIALĂ NR. 2 CISNĂDIE,5.15,-,-,6.00,-,-,-,-,-,-,5.57
2174,SB10329593,2174,ŞCOALA GIMNAZIALĂ APOLDU DE SUS,6.45,-,-,6.85,-,-,Limba germana,3.40,-,-,5.56
2175,SB10064056,2175,"LICEUL TEORETIC ""GHEORGHE LAZĂR"" AVRIG",7.60,-,-,3.50,-,-,-,-,-,-,5.55
2176,SB10329371,2176,ŞCOALA GIMNAZIALĂ NR. 7 MEDIAŞ,6.70,-,-,4.40,-,-,-,-,-,-,5.55
2177,SB12091219,2177,ŞCOALA GIMNAZIALĂ BAZNA,5.95,-,-,5.15,-,-,-,-,-,-,5.55
2178,SB9494939,2178,ŞCOALA GIMNAZIALĂ LOAMNEŞ,5.80,-,-,5.30,-,-,-,-,-,-,5.55
2179,SB12416961,2179,ŞCOALA GIMNAZIALĂ NR. 4 MEDIAŞ,5.10,-,-,6.00,-,-,-,-,-,-,5.55
2180,SB9076639,2180,ŞCOALA GIMNAZIALĂ NR. 2 SIBIU,6.55,-,-,4.50,-,-,-,-,-,-,5.52
2181,SB10317569,2181,"ŞCOALA GIMNAZIALĂ ""GEORGE POPA"" MEDIAŞ",6.45,-,-,4.60,-,-,-,-,-,-,5.52
2182,SB13617239,2182,"ŞCOALA GIMNAZIALĂ ""ANDREI ȘAGUNA"" ŞURA MARE",6.05,-,-,5.00,-,-,-,-,-,-,5.52
2183,SB8399643,2183,ŞCOALA GIMNAZIALĂ RACOVIŢA,6.05,-,-,5.00,-,-,-,-,-,-,5.52
2184,SB10448502,2184,ŞCOALA GIMNAZIALĂ DAIA,6.00,-,-,5.05,-,-,-,-,-,-,5.52
2185,SB7504651,2185,"COLEGIUL NAȚIONAL ""OCTAVIAN GOGA"" SIBIU",5.85,-,-,5.20,-,-,-,-,-,-,5.52
2186,SB10062958,2186,"LICEUL TEORETIC ""GHEORGHE LAZĂR"" AVRIG",5.75,-,-,5.30,-,-,-,-,-,-,5.52
2187,SB10332645,2187,LICEUL DE ARTĂ SIBIU,5.75,-,-,5.30,-,-,-,-,-,-,5.52
2188,SB10383711,2188,ŞCOALA GIMNAZIALĂ NR. 18 SIBIU,5.40,-,-,5.65,-,-,-,-,-,-,5.52
2189,SB10000201,2189,ŞCOALA GIMNAZIALĂ NR. 21 SIBIU,5.30,-,-,5.75,-,-,-,-,-,-,5.52
2190,SB12092046,2190,ŞCOALA GIMNAZIALĂ BAZNA,5.00,-,-,6.05,-,-,-,-,-,-,5.52
2191,SB12027642,2191,LICEUL TEHNOLOGIC IACOBENI,4.55,-,-,6.50,-,-,-,-,-,-,5.52
2192,SB8499094,2192,ŞCOALA GIMNAZIALĂ RACOVIŢA,6.75,-,-,4.25,-,-,-,-,-,-,5.50
2193,SB10544179,2193,"ŞCOALA GIMNAZIALĂ ""SAMUIL MICU"" SADU",6.50,-,-,4.50,-,-,-,-,-,-,5.50
2194,SB8028500,2194,ŞCOALA GIMNAZIALĂ VALCHID,6.50,-,-,4.50,-,-,-,-,-,-,5.50
2195,SB11077725,2195,ŞCOALA GIMNAZIALĂ NR. 23 SIBIU,6.20,-,-,4.80,-,-,-,-,-,-,5.50
2196,SB8917507,2196,"ŞCOALA GIMNAZIALĂ ""MIHAI EMINESCU"" MEDIAŞ",6.05,-,-,4.95,-,-,-,-,-,-,5.50
2197,SB10421871,2197,"ŞCOALA GIMNAZIALĂ ""RADU SELEJAN"" SIBIU",6.00,-,-,5.00,-,-,-,-,-,-,5.50
2198,SB10606315,2198,"LICEUL ""TIMOTEI CIPARIU"" DUMBRĂVENI",5.50,-,-,5.50,-,-,-,-,-,-,5.50
2199,SB12078258,2199,ŞCOALA GIMNAZIALĂ VURPĂR,5.50,-,-,5.50,-,-,-,-,-,-,5.50
2200,SB10501485,2200,"LICEUL TEORETIC ""CONSTANTIN NOICA"" SIBIU",5.20,-,-,5.80,-,-,-,-,-,-,5.50
2201,SB12076663,2201,ŞCOALA GIMNAZIALĂ AŢEL,5.05,-,-,5.95,-,-,-,-,-,-,5.50
2202,SB9880466,2202,"ŞCOALA GIMNAZIALĂ ""ION POP RETEGANUL"" ORLAT",5.00,-,-,6.00,-,-,-,-,-,-,5.50
2203,SB10325252,2203,"ŞCOALA GIMNAZIALĂ ""CONSTANTIN IOAN MOTAŞ"" MEDIAŞ",4.00,-,-,7.00,-,-,-,-,-,-,5.50
2204,SB10433346,2204,"LICEUL TEORETIC ""ROTH - OBERTH"" MEDIAŞ",6.35,-,-,4.70,-,-,Limba germana,5.40,-,-,5.48
2205,SB12441995,2205,"ŞCOALA GIMNAZIALĂ ""REGELE FERDINAND"" SIBIU",6.95,-,-,4.00,-,-,-,-,-,-,5.47
2206,SB9536308,2206,"ŞCOALA GIMNAZIALĂ ""AUREL DECEI"" GURA RÂULUI",6.55,-,-,4.40,-,-,-,-,-,-,5.47
2207,SB9626677,2207,ŞCOALA GIMNAZIALĂ DAIA,6.45,-,-,4.50,-,-,-,-,-,-,5.47
2208,SB10045209,2208,"ŞCOALA GIMNAZIALĂ ""RADU SELEJAN"" SIBIU",5.90,-,-,5.05,-,-,-,-,-,-,5.47
2209,SB10316868,2209,ŞCOALA GIMNAZIALĂ NR. 3 COPȘA MICĂ,5.65,-,-,5.30,-,-,-,-,-,-,5.47
2210,SB10507504,2210,ŞCOALA GIMNAZIALĂ NR. 7 MEDIAŞ,5.50,-,-,5.45,-,-,-,-,-,-,5.47
2211,SB11001049,2211,ŞCOALA GIMNAZIALĂ VURPĂR,5.45,-,-,5.50,-,-,-,-,-,-,5.47
2212,SB10263735,2212,ŞCOALA GIMNAZIALĂ NR. 8 SIBIU,5.35,-,-,5.60,-,-,-,-,-,-,5.47
2213,SB12066970,2213,"ŞCOALA GIMNAZIALĂ ""NICOLAE IORGA"" SIBIU",5.35,-,-,5.60,-,-,-,-,-,-,5.47
2214,SB9159793,2214,LICEUL TEHNOLOGIC CISNĂDIE,6.35,-,-,4.55,-,-,-,-,-,-,5.45
2215,SB11077555,2215,ŞCOALA GIMNAZIALĂ NR. 4 MEDIAŞ,6.30,-,-,4.60,-,-,-,-,-,-,5.45
2216,SB8128481,2216,ŞCOALA GIMNAZIALĂ NR. 7 MEDIAŞ,6.20,-,-,4.70,-,-,-,-,-,-,5.45
2217,SB8399146,2217,ŞCOALA GIMNAZIALĂ RACOVIŢA,5.90,-,-,5.00,-,-,-,-,-,-,5.45
2218,SB9886333,2218,ŞCOALA GIMNAZIALĂ SLIMNIC,5.80,-,-,5.10,-,-,-,-,-,-,5.45
2219,SB9886954,2219,ŞCOALA GIMNAZIALĂ SLIMNIC,5.70,-,-,5.20,-,-,-,-,-,-,5.45
2220,SB10269370,2220,"ŞCOALA GIMNAZIALĂ ""GEORG DANIEL TEUTSCH"" AGNITA",5.50,-,-,5.40,-,-,-,-,-,-,5.45
2221,SB9474662,2221,"ŞCOALA GIMNAZIALĂ ""AUREL DECEI"" GURA RÂULUI",5.50,-,-,5.40,-,-,-,-,-,-,5.45
2222,SB4624551,2222,"ŞCOALA GIMNAZIALĂ ""ION LUCA CARAGIALE"" SIBIU",5.45,-,-,5.45,-,-,-,-,-,-,5.45
2223,SB7890214,2223,"ŞCOALA GIMNAZIALĂ ""NICOLAE IORGA"" SIBIU",5.40,-,-,5.50,-,-,-,-,-,-,5.45
2224,SB8967150,2224,ŞCOALA GIMNAZIALĂ NR. 4 MEDIAŞ,5.40,-,-,5.50,-,-,-,-,-,-,5.45
2225,SB4564451,2225,ŞCOALA GIMNAZIALĂ OCNA SIBIULUI,5.10,-,-,5.80,-,-,-,-,-,-,5.45
2226,SB9977672,2226,LICEUL TEHNOLOGIC CISNĂDIE,5.10,-,-,5.80,-,-,-,-,-,-,5.45
2227,SB10545529,2227,"LICEUL TEORETIC ""GUSTAV GÜNDISCH"" CISNĂDIE",6.15,-,-,5.30,-,-,Limba germana,4.85,-,-,5.43
2228,SB9786843,2228,"LICEUL TEORETIC ""GHEORGHE LAZĂR"" AVRIG",7.05,-,-,3.80,-,-,-,-,-,-,5.42
2229,SB10595413,2229,"LICEUL ""TIMOTEI CIPARIU"" DUMBRĂVENI",6.00,-,-,4.85,-,-,-,-,-,-,5.42
2230,SB9694053,2230,ŞCOALA GIMNAZIALĂ CRISTIAN,6.00,-,-,4.85,-,-,-,-,-,-,5.42
2231,SB13416337,2231,ŞCOALA GIMNAZIALĂ NR. 3 CISNĂDIE,5.90,-,-,4.95,-,-,-,-,-,-,5.42
2232,SB9136478,2232,"ŞCOALA GIMNAZIALĂ ""OCTAVIAN GOGA"" RĂŞINARI",4.85,-,-,6.00,-,-,-,-,-,-,5.42
2233,SB10448320,2233,"ŞCOALA GIMNAZIALĂ ""MIHAI VITEAZU"" ŞELIMBĂR",4.45,-,-,6.40,-,-,-,-,-,-,5.42
2234,SB10494525,2234,"LICEUL TEHNOLOGIC ""IOAN LUPAŞ"" SĂLIŞTE",4.30,-,-,6.55,-,-,-,-,-,-,5.42
2235,SB10712025,2235,ŞCOALA GIMNAZIALĂ NOU,6.00,-,-,4.80,-,-,-,-,-,-,5.40
2236,SB10594077,2236,"LICEUL TEORETIC ""CONSTANTIN NOICA"" SIBIU",5.95,-,-,4.85,-,-,-,-,-,-,5.40
2237,SB9255291,2237,"ŞCOALA GIMNAZIALĂ ""BADEA CÎRŢAN"" CÂRŢIŞOARA",5.80,-,-,5.00,-,-,-,-,-,-,5.40
2238,SB12032294,2238,ŞCOALA GIMNAZIALĂ NR. 18 SIBIU,5.60,-,-,5.20,-,-,-,-,-,-,5.40
2239,SB12890408,2239,ŞCOALA GIMNAZIALĂ RUŞI,5.50,-,-,5.30,-,-,-,-,-,-,5.40
2240,SB9440104,2240,ŞCOALA GIMNAZIALĂ ALĂMOR,5.30,-,-,5.50,-,-,-,-,-,-,5.40
2241,SB10465044,2241,"ŞCOALA GIMNAZIALĂ ""NICOLAE IORGA"" SIBIU",5.15,-,-,5.65,-,-,-,-,-,-,5.40
2242,SB8441828,2242,"ŞCOALA GIMNAZIALĂ ""CONSTANTIN IOAN MOTAŞ"" MEDIAŞ",5.10,-,-,5.70,-,-,-,-,-,-,5.40
2243,SB9238460,2243,ŞCOALA GIMNAZIALĂ ŞEICA MARE,4.75,-,-,6.05,-,-,-,-,-,-,5.40
2244,SB9817219,2244,"LICEUL TEORETIC ""GHEORGHE LAZĂR"" AVRIG",7.15,-,-,3.60,-,-,-,-,-,-,5.37
2245,SB10387517,2245,ŞCOALA GIMNAZIALĂ NR. 1 SIBIU,6.25,-,-,4.50,-,-,-,-,-,-,5.37
2246,SB10448387,2246,ŞCOALA GIMNAZIALĂ DAIA,5.95,-,-,4.80,-,-,-,-,-,-,5.37
2247,SB9992905,2247,"LICEUL TEORETIC ""GHEORGHE LAZĂR"" AVRIG",5.95,-,-,4.80,-,-,-,-,-,-,5.37
2248,SB9232352,2248,ŞCOALA GIMNAZIALĂ NR. 2 CISNĂDIE,5.90,-,-,4.85,-,-,-,-,-,-,5.37
2249,SB8788350,2249,ŞCOALA GIMNAZIALĂ ŞEICA MARE,5.70,-,-,5.05,-,-,-,-,-,-,5.37
2250,SB9701269,2250,ŞCOALA GIMNAZIALĂ CRISTIAN,5.70,-,-,5.05,-,-,-,-,-,-,5.37
2251,SB10545664,2251,ŞCOALA GIMNAZIALĂ NR. 3 CISNĂDIE,5.40,-,-,5.35,-,-,-,-,-,-,5.37
2252,SB10385958,2252,ŞCOALA GIMNAZIALĂ NR. 8 SIBIU,4.45,-,-,6.30,-,-,-,-,-,-,5.37
2253,SB8008242,2253,ŞCOALA GIMNAZIALĂ AGÂRBICIU,4.25,-,-,6.50,-,-,-,-,-,-,5.37
2254,SB8467683,2254,"ŞCOALA GIMNAZIALĂ ""RADU SELEJAN"" SIBIU",4.25,-,-,6.50,-,-,-,-,-,-,5.37
2255,SB13179011,2255,ŞCOALA GIMNAZIALĂ NR. 8 SIBIU,5.55,-,-,5.15,-,-,-,-,-,-,5.35
2256,SB10330932,2256,"ŞCOALA GIMNAZIALĂ ""CONSTANTIN IOAN MOTAŞ"" MEDIAŞ",5.50,-,-,5.20,-,-,-,-,-,-,5.35
2257,SB9813813,2257,ŞCOALA GIMNAZIALĂ AVRIG,5.45,-,-,5.25,-,-,-,-,-,-,5.35
2258,SB8924829,2258,ŞCOALA GIMNAZIALĂ BUZD,6.60,-,-,4.05,-,-,-,-,-,-,5.32
2259,SB8924661,2259,ŞCOALA GIMNAZIALĂ BUZD,6.50,-,-,4.15,-,-,-,-,-,-,5.32
2260,SB12616873,2260,"LICEUL TEORETIC ""CONSTANTIN NOICA"" SIBIU",6.40,-,-,4.25,-,-,-,-,-,-,5.32
2261,SB10298625,2261,"ŞCOALA GIMNAZIALĂ ""MARȚIAN NEGREA"" VALEA VIILOR",5.95,-,-,4.70,-,-,-,-,-,-,5.32
2262,SB11072641,2262,ŞCOALA GIMNAZIALĂ NR. 13 SIBIU,5.85,-,-,4.80,-,-,-,-,-,-,5.32
2263,SB9880363,2263,"ŞCOALA GIMNAZIALĂ ""ION POP RETEGANUL"" ORLAT",5.85,-,-,4.80,-,-,-,-,-,-,5.32
2264,SB10524165,2264,ŞCOALA GIMNAZIALĂ NR. 1 SIBIU,5.65,-,-,5.00,-,-,-,-,-,-,5.32
2265,SB10127233,2265,"COLEGIUL NAȚIONAL PEDAGOGIC ""ANDREI ŞAGUNA"" SIBIU",5.60,-,-,5.05,-,-,-,-,-,-,5.32
2266,SB12330677,2266,"LICEUL TEORETIC ""GHEORGHE LAZĂR"" AVRIG",5.55,-,-,5.10,-,-,-,-,-,-,5.32
2267,SB9980695,2267,"LICEUL TEORETIC ""GUSTAV GÜNDISCH"" CISNĂDIE",5.45,-,-,5.20,-,-,-,-,-,-,5.32
2268,SB10329866,2268,"ŞCOALA GIMNAZIALĂ ""CONSTANTIN IOAN MOTAŞ"" MEDIAŞ",4.70,-,-,5.95,-,-,-,-,-,-,5.32
2269,SB10174292,2269,"ŞCOALA GIMNAZIALĂ ""RADU SELEJAN"" SIBIU",4.65,-,-,6.00,-,-,-,-,-,-,5.32
2270,SB12077606,2270,ŞCOALA GIMNAZIALĂ BRĂDENI,4.65,-,-,6.00,-,-,-,-,-,-,5.32
2271,SB9604483,2271,ŞCOALA GIMNAZIALĂ NR. 2 CISNĂDIE,7.45,-,-,3.15,-,-,-,-,-,-,5.30
2272,SB11077761,2272,ŞCOALA GIMNAZIALĂ NR. 23 SIBIU,6.40,-,-,4.20,-,-,-,-,-,-,5.30
2273,SB13109633,2273,"LICEUL ""TIMOTEI CIPARIU"" DUMBRĂVENI",6.40,-,-,4.20,-,-,-,-,-,-,5.30
2274,SB720301,2274,ŞCOALA GIMNAZIALĂ NR. 1 SIBIU,6.25,-,-,4.35,-,-,-,-,-,-,5.30
2275,SB10465995,2275,"COLEGIUL NAȚIONAL PEDAGOGIC ""ANDREI ŞAGUNA"" SIBIU",6.20,-,-,4.40,-,-,-,-,-,-,5.30
2276,SB10071773,2276,ŞCOALA GIMNAZIALĂ NR. 1 SIBIU,6.10,-,-,4.50,-,-,-,-,-,-,5.30
2277,SB8667209,2277,ŞCOALA GIMNAZIALĂ BRĂDENI,6.00,-,-,4.60,-,-,-,-,-,-,5.30
2278,SB10399416,2278,ŞCOALA GIMNAZIALĂ NOCRICH,5.90,-,-,4.70,-,-,-,-,-,-,5.30
2279,SB12086083,2279,ŞCOALA GIMNAZIALĂ NR. 2 SIBIU,5.90,-,-,4.70,-,-,-,-,-,-,5.30
2280,SB11145683,2280,ŞCOALA GIMNAZIALĂ CAŞOLŢ,5.80,-,-,4.80,-,-,-,-,-,-,5.30
2281,SB11077755,2281,ŞCOALA GIMNAZIALĂ NR. 23 SIBIU,5.60,-,-,5.00,-,-,-,-,-,-,5.30
2282,SB12038653,2282,"ŞCOALA GIMNAZIALĂ ""ILIE MICU"" LUDOŞ",5.15,-,-,5.45,-,-,-,-,-,-,5.30
2283,SB12069256,2283,ŞCOALA GIMNAZIALĂ BIERTAN,5.05,-,-,5.55,-,-,-,-,-,-,5.30
2284,SB12312028,2284,ŞCOALA GIMNAZIALĂ NR. 18 SIBIU,5.05,-,-,5.55,-,-,-,-,-,-,5.30
2285,SB10380824,2285,ŞCOALA GIMNAZIALĂ NR. 4 MEDIAŞ,6.05,-,-,4.50,-,-,-,-,-,-,5.27
2286,SB9627791,2286,"ŞCOALA GIMNAZIALĂ ""VIOREL CUCU PALTIN"" ARPAȘU DE JOS",5.45,-,-,5.10,-,-,-,-,-,-,5.27
2287,SB12516340,2287,"ŞCOALA GIMNAZIALĂ ""RADU SELEJAN"" SIBIU",5.30,-,-,5.25,-,-,-,-,-,-,5.27
2288,SB9648532,2288,ŞCOALA GIMNAZIALĂ ALMA,5.25,-,-,5.30,-,-,-,-,-,-,5.27
2289,SB7936714,2289,"ŞCOALA GIMNAZIALĂ ""IOAN SLAVICI"" SIBIU",5.20,-,-,5.35,-,-,-,-,-,-,5.27
2290,SB8788216,2290,ŞCOALA GIMNAZIALĂ ŞEICA MARE,5.05,-,-,5.50,-,-,-,-,-,-,5.27
2291,SB10059052,2291,LICEUL DE ARTĂ SIBIU,4.70,-,-,5.85,-,-,-,-,-,-,5.27
2292,SB12035232,2292,"ŞCOALA GIMNAZIALĂ ""CONSTANTIN IOAN MOTAŞ"" MEDIAŞ",6.30,-,-,4.20,-,-,-,-,-,-,5.25
2293,SB3975301,2293,"ŞCOALA GIMNAZIALĂ ""REGELE FERDINAND"" SIBIU",5.85,-,-,4.65,-,-,-,-,-,-,5.25
2294,SB9083783,2294,LICEUL DE ARTĂ SIBIU,5.75,-,-,4.75,-,-,-,-,-,-,5.25
2295,SB10930142,2295,ŞCOALA GIMNAZIALĂ NR. 4 MEDIAŞ,5.50,-,-,5.00,-,-,-,-,-,-,5.25
2296,SB12615973,2296,ŞCOALA GIMNAZIALĂ NR. 7 MEDIAŞ,5.50,-,-,5.00,-,-,-,-,-,-,5.25
2297,SB12761117,2297,ŞCOALA GIMNAZIALĂ AVRIG,5.30,-,-,5.20,-,-,-,-,-,-,5.25
2298,SB9813758,2298,ŞCOALA GIMNAZIALĂ AVRIG,5.30,-,-,5.20,-,-,-,-,-,-,5.25
2299,SB9886905,2299,ŞCOALA GIMNAZIALĂ NR. 18 SIBIU,5.15,-,-,5.35,-,-,-,-,-,-,5.25
2300,SB9536091,2300,"ŞCOALA GIMNAZIALĂ ""AUREL DECEI"" GURA RÂULUI",5.05,-,-,5.45,-,-,-,-,-,-,5.25
2301,SB10605399,2301,"LICEUL ""TIMOTEI CIPARIU"" DUMBRĂVENI",4.60,-,-,5.90,-,-,-,-,-,-,5.25
2302,SB10393566,2302,"LICEUL TEHNOLOGIC ""ILIE MĂCELARIU"" MIERCUREA SIBIULUI",4.50,-,-,6.00,-,-,-,-,-,-,5.25
2303,SB10105853,2303,ŞCOALA GIMNAZIALĂ NR. 13 SIBIU,5.95,-,-,4.50,-,-,-,-,-,-,5.22
2304,SB10077006,2304,"COLEGIUL NAȚIONAL PEDAGOGIC ""ANDREI ŞAGUNA"" SIBIU",5.75,-,-,4.70,-,-,-,-,-,-,5.22
2305,SB9604965,2305,"ŞCOALA GIMNAZIALĂ ""REGINA MARIA"" SIBIU",5.75,-,-,4.70,-,-,-,-,-,-,5.22
2306,SB7890110,2306,"ŞCOALA GIMNAZIALĂ ""REGELE FERDINAND"" SIBIU",5.60,-,-,4.85,-,-,-,-,-,-,5.22
2307,SB10650728,2307,ŞCOALA GIMNAZIALĂ APOLDU DE JOS,5.45,-,-,5.00,-,-,-,-,-,-,5.22
2308,SB7503451,2308,ŞCOALA GIMNAZIALĂ BÂRGHIŞ,5.35,-,-,5.10,-,-,-,-,-,-,5.22
2309,SB659351,2309,"ŞCOALA GIMNAZIALĂ ""REGINA MARIA"" SIBIU",5.05,-,-,5.40,-,-,-,-,-,-,5.22
2310,SB11156033,2310,LICEUL TEHNOLOGIC MÂRŞA,4.95,-,-,5.50,-,-,-,-,-,-,5.22
2311,SB8990253,2311,"ŞCOALA GIMNAZIALĂ ""REGINA MARIA"" SIBIU",4.70,-,-,5.75,-,-,-,-,-,-,5.22
2312,SB9537557,2312,"ŞCOALA GIMNAZIALĂ ""AUREL DECEI"" GURA RÂULUI",6.40,-,-,4.00,-,-,-,-,-,-,5.20
2313,SB9986062,2313,ŞCOALA GIMNAZIALĂ PĂUCA,6.40,-,-,4.00,-,-,-,-,-,-,5.20
2314,SB8252177,2314,"ŞCOALA GIMNAZIALĂ ""SAMUIL MICU"" SADU",6.20,-,-,4.20,-,-,-,-,-,-,5.20
2315,SB9081349,2315,"ŞCOALA GIMNAZIALĂ ""OCTAVIAN GOGA"" RĂŞINARI",6.20,-,-,4.20,-,-,-,-,-,-,5.20
2316,SB9876390,2316,ŞCOALA GIMNAZIALĂ BAZNA,6.15,-,-,4.25,-,-,-,-,-,-,5.20
2317,SB9926441,2317,"ŞCOALA GIMNAZIALĂ ""REGELE FERDINAND"" SIBIU",6.15,-,-,4.25,-,-,-,-,-,-,5.20
2318,SB12617039,2318,ŞCOALA GIMNAZIALĂ BRĂDENI,5.90,-,-,4.50,-,-,-,-,-,-,5.20
2319,SB10267929,2319,ŞCOALA GIMNAZIALĂ ŞURA MICĂ,5.80,-,-,4.60,-,-,-,-,-,-,5.20
2320,SB10095314,2320,ŞCOALA GIMNAZIALĂ NR. 4 SIBIU,5.70,-,-,6.80,-,-,Limba germana,3.10,-,-,5.20
2321,SB14363973,2321,ŞCOALA GIMNAZIALĂ NR. 7 MEDIAŞ,5.40,-,-,5.00,-,-,-,-,-,-,5.20
2322,SB10637086,2322,"LICEUL ""TIMOTEI CIPARIU"" DUMBRĂVENI",5.20,-,-,5.20,-,-,-,-,-,-,5.20
2323,SB9388645,2323,"LICEUL TEORETIC ""GUSTAV GÜNDISCH"" CISNĂDIE",4.40,-,-,6.00,-,-,-,-,-,-,5.20
2324,SB9805837,2324,ŞCOALA GIMNAZIALĂ NR. 3 CISNĂDIE,6.30,-,-,4.05,-,-,-,-,-,-,5.17
2325,SB11077055,2325,ŞCOALA GIMNAZIALĂ NR. 13 SIBIU,5.95,-,-,4.40,-,-,-,-,-,-,5.17
2326,SB9924927,2326,"LICEUL TEORETIC ""GUSTAV GÜNDISCH"" CISNĂDIE",5.75,-,-,4.60,-,-,-,-,-,-,5.17
2327,SB9818270,2327,"LICEUL TEORETIC ""GHEORGHE LAZĂR"" AVRIG",5.70,-,-,4.65,-,-,-,-,-,-,5.17
2328,SB8531467,2328,ŞCOALA GIMNAZIALĂ AGÂRBICIU,5.65,-,-,4.70,-,-,-,-,-,-,5.17
2329,SB10112372,2329,"ŞCOALA GIMNAZIALĂ ""AUREL DECEI"" GURA RÂULUI",5.40,-,-,4.95,-,-,-,-,-,-,5.17
2330,SB4563651,2330,ŞCOALA GIMNAZIALĂ OCNA SIBIULUI,5.30,-,-,5.05,-,-,-,-,-,-,5.17
2331,SB9385319,2331,ŞCOALA GIMNAZIALĂ NR. 3 CISNĂDIE,5.25,-,-,5.10,-,-,-,-,-,-,5.17
2332,SB4601651,2332,ŞCOALA GIMNAZIALĂ OCNA SIBIULUI,5.15,-,-,5.20,-,-,-,-,-,-,5.17
2333,SB8355610,2333,ŞCOALA GIMNAZIALĂ NR. 10 SIBIU,5.15,-,-,5.20,-,-,-,-,-,-,5.17
2334,SB9598638,2334,"ŞCOALA GIMNAZIALĂ ""STEPHAN LUDWIG ROTH"" MOŞNA",5.05,-,-,5.30,-,-,-,-,-,-,5.17
2335,SB12531230,2335,"ŞCOALA GIMNAZIALĂ ""IOAN SLAVICI"" SIBIU",4.35,-,-,6.00,-,-,-,-,-,-,5.17
2336,SB9597261,2336,"ŞCOALA GIMNAZIALĂ ""STEPHAN LUDWIG ROTH"" MOŞNA",4.35,-,-,6.00,-,-,-,-,-,-,5.17
2337,SB10476342,2337,ŞCOALA GIMNAZIALĂ NR. 25 SIBIU,6.65,-,-,3.65,-,-,-,-,-,-,5.15
2338,SB14983477,2338,"LICEUL TEHNOLOGIC ""IOAN LUPAŞ"" SĂLIŞTE",6.20,-,-,4.10,-,-,-,-,-,-,5.15
2339,SB10025199,2339,LICEUL TEHNOLOGIC MÂRŞA,5.80,-,-,4.50,-,-,-,-,-,-,5.15
2340,SB10289433,2340,"ŞCOALA GIMNAZIALĂ ""GEORG DANIEL TEUTSCH"" AGNITA",5.80,-,-,4.50,-,-,-,-,-,-,5.15
2341,SB9990967,2341,"LICEUL TEORETIC ""GUSTAV GÜNDISCH"" CISNĂDIE",5.40,-,-,6.25,-,-,Limba germana,3.80,-,-,5.15
2342,SB10290900,2342,ŞCOALA GIMNAZIALĂ BRADU,6.70,-,-,3.55,-,-,-,-,-,-,5.12
2343,SB9255331,2343,"ŞCOALA GIMNAZIALĂ ""BADEA CÎRŢAN"" CÂRŢIŞOARA",6.45,-,-,3.80,-,-,-,-,-,-,5.12
2344,SB10297390,2344,"ŞCOALA GIMNAZIALĂ ""MIHAI EMINESCU"" MEDIAŞ",5.95,-,-,4.30,-,-,-,-,-,-,5.12
2345,SB10587011,2345,"ŞCOALA GIMNAZIALĂ ""ION ALBESCU"" BOIŢA",5.60,-,-,4.65,-,-,-,-,-,-,5.12
2346,SB10660738,2346,ŞCOALA GIMNAZIALĂ APOLDU DE JOS,5.60,-,-,4.65,-,-,-,-,-,-,5.12
2347,SB12241641,2347,ŞCOALA GIMNAZIALĂ TILIŞCA,5.25,-,-,5.00,-,-,-,-,-,-,5.12
2348,SB9520045,2348,ŞCOALA GIMNAZIALĂ OCNA SIBIULUI,7.20,-,-,3.00,-,-,-,-,-,-,5.10
2349,SB12619480,2349,"LICEUL ""TIMOTEI CIPARIU"" DUMBRĂVENI",5.90,-,-,4.30,-,-,-,-,-,-,5.10
2350,SB10272165,2350,ŞCOALA GIMNAZIALĂ BRUIU,5.80,-,-,4.40,-,-,-,-,-,-,5.10
2351,SB9113061,2351,"ŞCOALA GIMNAZIALĂ ""MARȚIAN NEGREA"" VALEA VIILOR",5.75,-,-,4.45,-,-,-,-,-,-,5.10
2352,SB10650033,2352,ŞCOALA GIMNAZIALĂ NR. 3 COPȘA MICĂ,5.40,-,-,4.80,-,-,-,-,-,-,5.10
2353,SB12874363,2353,ŞCOALA GIMNAZIALĂ NR. 10 SIBIU,3.95,-,-,6.25,-,-,-,-,-,-,5.10
2354,SB10602638,2354,ŞCOALA GIMNAZIALĂ NR. 4 MEDIAŞ,6.45,-,-,3.70,-,-,-,-,-,-,5.07
2355,SB9726321,2355,ŞCOALA GIMNAZIALĂ CRISTIAN,6.45,-,-,3.70,-,-,-,-,-,-,5.07
2356,SB8223537,2356,"ŞCOALA GIMNAZIALĂ ""SAMUIL MICU"" SADU",6.15,-,-,4.00,-,-,-,-,-,-,5.07
2357,SB10514965,2357,"LICEUL TEHNOLOGIC ""IOAN LUPAŞ"" SĂLIŞTE",5.45,-,-,4.70,-,-,-,-,-,-,5.07
2358,SB10678930,2358,"ŞCOALA GIMNAZIALĂ ""RADU SELEJAN"" SIBIU",5.15,-,-,5.00,-,-,-,-,-,-,5.07
2359,SB9537790,2359,"ŞCOALA GIMNAZIALĂ ""AUREL DECEI"" GURA RÂULUI",5.15,-,-,5.00,-,-,-,-,-,-,5.07
2360,SB10109893,2360,ŞCOALA GIMNAZIALĂ NR. 13 SIBIU,5.00,-,-,5.15,-,-,-,-,-,-,5.07
2361,SB8251755,2361,"ŞCOALA GIMNAZIALĂ ""SAMUIL MICU"" SADU",4.90,-,-,5.25,-,-,-,-,-,-,5.07
2362,SB10523673,2362,"LICEUL TEORETIC ""CONSTANTIN NOICA"" SIBIU",4.15,-,-,6.00,-,-,-,-,-,-,5.07
2363,SB10056681,2363,"LICEUL TEORETIC ""ROTH - OBERTH"" MEDIAŞ",5.00,-,-,5.00,-,-,Limba germana,5.20,-,-,5.06
2364,SB10500332,2364,ŞCOALA GIMNAZIALĂ NR. 21 SIBIU,7.10,-,-,3.00,-,-,-,-,-,-,5.05
2365,SB10320212,2365,ŞCOALA GIMNAZIALĂ NR. 4 MEDIAŞ,6.35,-,-,3.75,-,-,-,-,-,-,5.05
2366,SB9704480,2366,ŞCOALA GIMNAZIALĂ ALĂMOR,5.80,-,-,4.30,-,-,-,-,-,-,5.05
2367,SB12211094,2367,"LICEUL TEORETIC ""GHEORGHE LAZĂR"" AVRIG",5.60,-,-,4.50,-,-,-,-,-,-,5.05
2368,SB8252148,2368,"ŞCOALA GIMNAZIALĂ ""SAMUIL MICU"" SADU",5.10,-,-,5.00,-,-,-,-,-,-,5.05
2369,SB8441104,2369,"ŞCOALA GIMNAZIALĂ ""CONSTANTIN IOAN MOTAŞ"" MEDIAŞ",5.10,-,-,5.00,-,-,-,-,-,-,5.05
2370,SB11054752,2370,ŞCOALA GIMNAZIALĂ NR. 21 SIBIU,4.80,-,-,5.30,-,-,-,-,-,-,5.05
2371,SB8356142,2371,ŞCOALA GIMNAZIALĂ NR. 13 SIBIU,4.45,-,-,5.65,-,-,-,-,-,-,5.05
2372,SB10319995,2372,ŞCOALA GIMNAZIALĂ NR. 4 MEDIAŞ,6.05,-,-,4.00,-,-,-,-,-,-,5.02
2373,SB11072201,2373,ŞCOALA GIMNAZIALĂ NR. 23 SIBIU,6.00,-,-,4.05,-,-,-,-,-,-,5.02
2374,SB12297001,2374,ŞCOALA GIMNAZIALĂ NR. 4 MEDIAŞ,5.45,-,-,4.60,-,-,-,-,-,-,5.02
2375,SB12333115,2375,ŞCOALA GIMNAZIALĂ BRĂDENI,5.45,-,-,4.60,-,-,-,-,-,-,5.02
2376,SB9530680,2376,ŞCOALA GIMNAZIALĂ NR. 21 SIBIU,5.10,-,-,4.95,-,-,-,-,-,-,5.02
2377,SB9420570,2377,ŞCOALA GIMNAZIALĂ BRADU,6.30,-,-,3.70,-,-,-,-,-,-,5.00
2378,SB12128248,2378,"LICEUL TEORETIC ""CONSTANTIN NOICA"" SIBIU",5.90,-,-,4.10,-,-,-,-,-,-,5.00
2379,SB10497371,2379,ŞCOALA GIMNAZIALĂ ŞAROŞ PE TÂRNAVE,5.65,-,-,4.35,-,-,-,-,-,-,5.00
2380,SB9804879,2380,ŞCOALA GIMNAZIALĂ NR. 21 SIBIU,5.55,-,-,4.45,-,-,-,-,-,-,5.00
2381,SB10692840,2381,"ŞCOALA GIMNAZIALĂ ""IOAN SLAVICI"" SIBIU",5.40,-,-,4.60,-,-,-,-,-,-,5.00
2382,SB12071034,2382,ŞCOALA GIMNAZIALĂ BIERTAN,5.15,-,-,4.85,-,-,-,-,-,-,5.00
2383,SB9491101,2383,"ŞCOALA GIMNAZIALĂ ""ANDREI ȘAGUNA"" ŞURA MARE",5.00,-,-,5.00,-,-,-,-,-,-,5.00
2384,SB10295230,2384,"ŞCOALA GIMNAZIALĂ ""CONSTANTIN IOAN MOTAŞ"" MEDIAŞ",4.85,-,-,5.15,-,-,-,-,-,-,5.00
2385,SB10063102,2385,"LICEUL TEORETIC ""GHEORGHE LAZĂR"" AVRIG",6.65,-,-,3.30,-,-,-,-,-,-,4.97
2386,SB10391936,2386,ŞCOALA GIMNAZIALĂ POPLACA,6.60,-,-,3.35,-,-,-,-,-,-,4.97
2387,SB12211049,2387,ŞCOALA GIMNAZIALĂ AVRIG,5.45,-,-,4.50,-,-,-,-,-,-,4.97
2388,SB10069246,2388,"COLEGIUL NAȚIONAL ""OCTAVIAN GOGA"" SIBIU",4.95,-,-,5.00,-,-,-,-,-,-,4.97
2389,SB10306588,2389,"ŞCOALA GIMNAZIALĂ ""CIREŞARII"" MEDIAŞ",4.95,-,-,5.00,-,-,-,-,-,-,4.97
2390,SB9385154,2390,"ŞCOALA GIMNAZIALĂ ""GEORG DANIEL TEUTSCH"" AGNITA",4.95,-,-,5.00,-,-,-,-,-,-,4.97
2391,SB9942296,2391,"LICEUL TEHNOLOGIC ""IOAN LUPAŞ"" SĂLIŞTE",4.75,-,-,5.20,-,-,-,-,-,-,4.97
2392,SB9878839,2392,"ŞCOALA GIMNAZIALĂ ""ION POP RETEGANUL"" ORLAT",6.50,-,-,3.40,-,-,-,-,-,-,4.95
2393,SB10317427,2393,ŞCOALA GIMNAZIALĂ NR. 4 MEDIAŞ,6.20,-,-,3.70,-,-,-,-,-,-,4.95
2394,SB8955682,2394,ŞCOALA GIMNAZIALĂ NR. 4 MEDIAŞ,6.05,-,-,3.85,-,-,-,-,-,-,4.95
2395,SB10288257,2395,"ŞCOALA GIMNAZIALĂ ""GEORGE POPA"" MEDIAŞ",5.40,-,-,4.50,-,-,-,-,-,-,4.95
2396,SB10649163,2396,LICEUL TEHNOLOGIC CISNĂDIE,5.40,-,-,4.50,-,-,-,-,-,-,4.95
2397,SB9474523,2397,"ŞCOALA GIMNAZIALĂ ""AUREL DECEI"" GURA RÂULUI",5.40,-,-,4.50,-,-,-,-,-,-,4.95
2398,SB12130475,2398,"LICEUL TEHNOLOGIC ""JOHANNES LEBEL"" TĂLMACIU",5.10,-,-,4.80,-,-,-,-,-,-,4.95
2399,SB9420822,2399,ŞCOALA GIMNAZIALĂ BRADU,5.10,-,-,4.80,-,-,-,-,-,-,4.95
2400,SB10658639,2400,ŞCOALA GIMNAZIALĂ NOU,5.00,-,-,4.90,-,-,-,-,-,-,4.95
2401,SB10176812,2401,ŞCOALA GIMNAZIALĂ NR. 13 SIBIU,4.45,-,-,5.45,-,-,-,-,-,-,4.95
2402,SB10095424,2402,"LICEUL TEORETIC ""ROTH - OBERTH"" MEDIAŞ",4.20,-,-,4.65,-,-,Limba germana,6.00,-,-,4.95
2403,SB10420538,2403,ŞCOALA GIMNAZIALĂ CHIRPĂR,3.70,-,-,6.20,-,-,-,-,-,-,4.95
2404,SB10406483,2404,"ŞCOALA GIMNAZIALĂ ""RADU SELEJAN"" SIBIU",6.55,-,-,3.30,-,-,-,-,-,-,4.92
2405,SB12003225,2405,"COLEGIUL NAȚIONAL PEDAGOGIC ""ANDREI ŞAGUNA"" SIBIU",6.50,-,-,3.35,-,-,-,-,-,-,4.92
2406,SB10963157,2406,"ŞCOALA GIMNAZIALĂ ""AVIATOR IOAN SAVA"" ALŢINA",6.35,-,-,3.50,-,-,-,-,-,-,4.92
2407,SB12032450,2407,ŞCOALA GIMNAZIALĂ IGHIŞU NOU,6.35,-,-,3.50,-,-,-,-,-,-,4.92
2408,SB10047832,2408,ŞCOALA GIMNAZIALĂ ŞEICA MARE,5.85,-,-,4.00,-,-,-,-,-,-,4.92
2409,SB10351344,2409,ŞCOALA GIMNAZIALĂ NR. 1 SIBIU,5.75,-,-,4.10,-,-,-,-,-,-,4.92
2410,SB10437727,2410,ŞCOALA GIMNAZIALĂ NR. 8 SIBIU,5.75,-,-,4.10,-,-,-,-,-,-,4.92
2411,SB7502701,2411,ŞCOALA GIMNAZIALĂ NR. 21 SIBIU,5.55,-,-,4.30,-,-,-,-,-,-,4.92
2412,SB9860874,2412,"ŞCOALA GIMNAZIALĂ ""STEPHAN LUDWIG ROTH"" MOŞNA",5.30,-,-,4.55,-,-,-,-,-,-,4.92
2413,SB10045784,2413,"ŞCOALA GIMNAZIALĂ ""REGELE FERDINAND"" SIBIU",5.05,-,-,4.80,-,-,-,-,-,-,4.92
2414,SB3975351,2414,ŞCOALA GIMNAZIALĂ NR. 13 SIBIU,5.00,-,-,4.85,-,-,-,-,-,-,4.92
2415,SB10092576,2415,"LICEUL TEHNOLOGIC ""JOHANNES LEBEL"" TĂLMACIU",4.55,-,-,5.30,-,-,-,-,-,-,4.92
2416,SB10455959,2416,"ŞCOALA GIMNAZIALĂ WALDORF ""HANS SPALINGER"" ROŞIA",4.55,-,-,5.30,-,-,-,-,-,-,4.92
2417,SB9879307,2417,"ŞCOALA GIMNAZIALĂ ""ION POP RETEGANUL"" ORLAT",6.75,-,-,3.05,-,-,-,-,-,-,4.90
2418,SB8929371,2418,ŞCOALA GIMNAZIALĂ ŞAROŞ PE TÂRNAVE,6.10,-,-,3.70,-,-,-,-,-,-,4.90
2419,SB12320755,2419,ŞCOALA GIMNAZIALĂ JINA,5.80,-,-,4.00,-,-,-,-,-,-,4.90
2420,SB9929079,2420,"LICEUL TEORETIC ""GUSTAV GÜNDISCH"" CISNĂDIE",5.70,-,-,4.10,-,-,-,-,-,-,4.90
2421,SB9540109,2421,ŞCOALA GIMNAZIALĂ RÂU SADULUI,5.40,-,-,4.40,-,-,-,-,-,-,4.90
2422,SB10325457,2422,"ŞCOALA GIMNAZIALĂ ""CIREŞARII"" MEDIAŞ",5.30,-,-,4.50,-,-,-,-,-,-,4.90
2423,SB10393619,2423,"LICEUL TEHNOLOGIC ""ILIE MĂCELARIU"" MIERCUREA SIBIULUI",5.30,-,-,4.50,-,-,-,-,-,-,4.90
2424,SB10063029,2424,ŞCOALA GIMNAZIALĂ SĂCEL,5.10,-,-,4.70,-,-,-,-,-,-,4.90
2425,SB10708954,2425,"ŞCOALA GIMNAZIALĂ ""NICOLAE IORGA"" SIBIU",5.05,-,-,4.75,-,-,-,-,-,-,4.90
2426,SB14284130,2426,"ŞCOALA GIMNAZIALĂ ""IOAN SLAVICI"" SIBIU",5.05,-,-,4.75,-,-,-,-,-,-,4.90
2427,SB9539378,2427,"ŞCOALA GIMNAZIALĂ ""AUREL DECEI"" GURA RÂULUI",4.90,-,-,4.90,-,-,-,-,-,-,4.90
2428,SB9899561,2428,"ŞCOALA GIMNAZIALĂ ""ION POP RETEGANUL"" ORLAT",5.70,-,-,4.05,-,-,-,-,-,-,4.87
2429,SB9803080,2429,ŞCOALA GIMNAZIALĂ TĂLMACIU,5.55,-,-,4.20,-,-,-,-,-,-,4.87
2430,SB10268522,2430,ŞCOALA GIMNAZIALĂ ŞURA MICĂ,5.25,-,-,4.50,-,-,-,-,-,-,4.87
2431,SB9072897,2431,ŞCOALA GIMNAZIALĂ NR. 10 SIBIU,5.25,-,-,4.50,-,-,-,-,-,-,4.87
2432,SB9849175,2432,"ŞCOALA GIMNAZIALĂ ""REGELE FERDINAND"" SIBIU",5.20,-,-,4.55,-,-,-,-,-,-,4.87
2433,SB9082912,2433,ŞCOALA GIMNAZIALĂ NR. 18 SIBIU,4.55,-,-,5.20,-,-,-,-,-,-,4.87
2434,SB12070926,2434,ŞCOALA GIMNAZIALĂ BIERTAN,3.95,-,-,5.80,-,-,-,-,-,-,4.87
2435,SB9588284,2435,"LICEUL TEORETIC ""GUSTAV GÜNDISCH"" CISNĂDIE",5.90,-,-,4.50,-,-,Limba germana,4.20,-,-,4.86
2436,SB9835019,2436,ŞCOALA GIMNAZIALĂ PORUMBACU DE JOS,6.20,-,-,3.50,-,-,-,-,-,-,4.85
2437,SB9592018,2437,LICEUL DE ARTĂ SIBIU,5.70,-,-,4.00,-,-,-,-,-,-,4.85
2438,SB8356157,2438,"ŞCOALA GIMNAZIALĂ ""ANDREI ȘAGUNA"" ŞURA MARE",5.20,-,-,4.50,-,-,-,-,-,-,4.85
2439,SB9525588,2439,"ŞCOALA GIMNAZIALĂ ""AUREL DECEI"" GURA RÂULUI",5.10,-,-,4.60,-,-,-,-,-,-,4.85
2440,SB9859817,2440,"ŞCOALA GIMNAZIALĂ ""STEPHAN LUDWIG ROTH"" MOŞNA",4.70,-,-,5.00,-,-,-,-,-,-,4.85
2441,SB12579249,2441,ŞCOALA GIMNAZIALĂ BUZD,6.00,-,-,3.65,-,-,-,-,-,-,4.82
2442,SB10089316,2442,"ŞCOALA GIMNAZIALĂ ""MIHAI VITEAZU"" ŞELIMBĂR",5.55,-,-,4.10,-,-,-,-,-,-,4.82
2443,SB12067572,2443,ŞCOALA GIMNAZIALĂ HOSMAN,5.10,-,-,4.55,-,-,-,-,-,-,4.82
2444,SB9594055,2444,"ŞCOALA GIMNAZIALĂ ""STEPHAN LUDWIG ROTH"" MOŞNA",5.00,-,-,4.65,-,-,-,-,-,-,4.82
2445,SB12854844,2445,"ŞCOALA GIMNAZIALĂ ""REGELE FERDINAND"" SIBIU",4.15,-,-,5.50,-,-,-,-,-,-,4.82
2446,SB10491618,2446,"ŞCOALA GIMNAZIALĂ ""CORNELIU PĂCURARIU"" MICĂSASA",5.60,-,-,4.00,-,-,-,-,-,-,4.80
2447,SB9701346,2447,ŞCOALA GIMNAZIALĂ CRISTIAN,5.55,-,-,4.05,-,-,-,-,-,-,4.80
2448,SB10398943,2448,ŞCOALA GIMNAZIALĂ NOCRICH,5.35,-,-,4.25,-,-,-,-,-,-,4.80
2449,SB10390286,2449,ŞCOALA GIMNAZIALĂ NOIŞTAT,5.30,-,-,4.30,-,-,-,-,-,-,4.80
2450,SB10392008,2450,ŞCOALA GIMNAZIALĂ POPLACA,5.05,-,-,4.55,-,-,-,-,-,-,4.80
2451,SB9626727,2451,"ŞCOALA GIMNAZIALĂ ""VIOREL CUCU PALTIN"" ARPAȘU DE JOS",4.65,-,-,4.95,-,-,-,-,-,-,4.80
2452,SB12293459,2452,"ŞCOALA GIMNAZIALĂ ""STEPHAN LUDWIG ROTH"" MOŞNA",4.60,-,-,5.00,-,-,-,-,-,-,4.80
2453,SB10399098,2453,ŞCOALA GIMNAZIALĂ NOCRICH,4.50,-,-,5.10,-,-,-,-,-,-,4.80
2454,SB10589610,2454,ŞCOALA GIMNAZIALĂ NR. 3 CISNĂDIE,4.40,-,-,5.20,-,-,-,-,-,-,4.80
2455,SB10489565,2455,"ŞCOALA GIMNAZIALĂ ""CORNELIU PĂCURARIU"" MICĂSASA",4.10,-,-,5.50,-,-,-,-,-,-,4.80
2456,SB10335674,2456,"ŞCOALA GIMNAZIALĂ ""CONSTANTIN IOAN MOTAŞ"" MEDIAŞ",3.60,-,-,6.00,-,-,-,-,-,-,4.80
2457,SB9378857,2457,ŞCOALA GIMNAZIALĂ DAIA,6.05,-,-,3.50,-,-,-,-,-,-,4.77
2458,SB10287775,2458,"ŞCOALA GIMNAZIALĂ ""MIHAI EMINESCU"" MEDIAŞ",5.65,-,-,3.90,-,-,-,-,-,-,4.77
2459,SB9383860,2459,ŞCOALA GIMNAZIALĂ NR. 2 CISNĂDIE,5.50,-,-,4.05,-,-,-,-,-,-,4.77
2460,SB9674856,2460,"ŞCOALA GIMNAZIALĂ ""IOAN SLAVICI"" SIBIU",5.20,-,-,4.35,-,-,-,-,-,-,4.77
2461,SB8223696,2461,ŞCOALA GIMNAZIALĂ RACOVIŢA,5.05,-,-,4.50,-,-,-,-,-,-,4.77
2462,SB10114945,2462,ŞCOALA GIMNAZIALĂ NR. 18 SIBIU,4.95,-,-,4.60,-,-,-,-,-,-,4.77
2463,SB10099139,2463,"ŞCOALA GIMNAZIALĂ ""GEORGE POPA"" MEDIAŞ",6.50,-,-,3.00,-,-,-,-,-,-,4.75
2464,SB12579461,2464,ŞCOALA GIMNAZIALĂ NR. 7 MEDIAŞ,6.50,-,-,3.00,-,-,-,-,-,-,4.75
2465,SB10382782,2465,ŞCOALA GIMNAZIALĂ NOIŞTAT,6.00,-,-,3.50,-,-,-,-,-,-,4.75
2466,SB10663566,2466,"ŞCOALA GIMNAZIALĂ ""MIHAI EMINESCU"" MEDIAŞ",6.00,-,-,3.50,-,-,-,-,-,-,4.75
2467,SB12335660,2467,"ŞCOALA GIMNAZIALĂ ""IOAN MORARU"" DÂRLOS",6.00,-,-,3.50,-,-,-,-,-,-,4.75
2468,SB10592012,2468,"LICEUL ""TIMOTEI CIPARIU"" DUMBRĂVENI",5.80,-,-,3.70,-,-,-,-,-,-,4.75
2469,SB10064207,2469,"LICEUL TEORETIC ""GHEORGHE LAZĂR"" AVRIG",5.60,-,-,3.90,-,-,-,-,-,-,4.75
2470,SB12257804,2470,ŞCOALA GIMNAZIALĂ CAŞOLŢ,4.95,-,-,4.55,-,-,-,-,-,-,4.75
2471,SB10046835,2471,ŞCOALA GIMNAZIALĂ MERGHINDEAL,4.90,-,-,4.60,-,-,-,-,-,-,4.75
2472,SB7867118,2472,ŞCOALA GIMNAZIALĂ OCNA SIBIULUI,4.00,-,-,5.50,-,-,-,-,-,-,4.75
2473,SB9168728,2473,ŞCOALA GIMNAZIALĂ NR. 3 CISNĂDIE,4.00,-,-,5.50,-,-,-,-,-,-,4.75
2474,SB10098027,2474,"LICEUL TEORETIC ""ROTH - OBERTH"" MEDIAŞ",5.55,-,-,4.55,-,-,Limba germana,4.10,-,-,4.73
2475,SB658501,2475,ŞCOALA GIMNAZIALĂ NR. 10 SIBIU,6.25,-,-,3.20,-,-,-,-,-,-,4.72
2476,SB10055021,2476,ŞCOALA GIMNAZIALĂ NR. 8 SIBIU,5.75,-,-,3.70,-,-,-,-,-,-,4.72
2477,SB7885279,2477,"ŞCOALA GIMNAZIALĂ ""RADU SELEJAN"" SIBIU",5.30,-,-,4.15,-,-,-,-,-,-,4.72
2478,SB11077795,2478,ŞCOALA GIMNAZIALĂ NR. 13 SIBIU,5.20,-,-,4.25,-,-,-,-,-,-,4.72
2479,SB10406328,2479,"ŞCOALA GIMNAZIALĂ ""RADU SELEJAN"" SIBIU",5.15,-,-,4.30,-,-,-,-,-,-,4.72
2480,SB9805617,2480,ŞCOALA GIMNAZIALĂ TĂLMACIU,4.80,-,-,4.65,-,-,-,-,-,-,4.72
2481,SB14353708,2481,"ŞCOALA GIMNAZIALĂ ""MIHAI EMINESCU"" MEDIAŞ",4.75,-,-,4.70,-,-,-,-,-,-,4.72
2482,SB3975651,2482,ŞCOALA GIMNAZIALĂ NR. 13 SIBIU,4.30,-,-,5.15,-,-,-,-,-,-,4.72
2483,SB9817790,2483,ŞCOALA GIMNAZIALĂ AVRIG,5.90,-,-,3.50,-,-,-,-,-,-,4.70
2484,SB10465005,2484,"ŞCOALA GIMNAZIALĂ ""REGINA MARIA"" SIBIU",5.40,-,-,4.00,-,-,-,-,-,-,4.70
2485,SB10112096,2485,ŞCOALA GIMNAZIALĂ NR. 13 SIBIU,5.15,-,-,4.25,-,-,-,-,-,-,4.70
2486,SB10087786,2486,ŞCOALA GIMNAZIALĂ NR. 1 SIBIU,4.85,-,-,4.55,-,-,-,-,-,-,4.70
2487,SB10333190,2487,"LICEUL ""TIMOTEI CIPARIU"" DUMBRĂVENI",4.85,-,-,4.55,-,-,-,-,-,-,4.70
2488,SB10063419,2488,ŞCOALA GIMNAZIALĂ SĂCEL,4.40,-,-,5.00,-,-,-,-,-,-,4.70
2489,SB10367659,2489,ŞCOALA GIMNAZIALĂ NR. 13 SIBIU,3.50,-,-,5.90,-,-,-,-,-,-,4.70
2490,SB10107905,2490,"ŞCOALA GIMNAZIALĂ ""IOAN MORARU"" DÂRLOS",6.30,-,-,3.05,-,-,-,-,-,-,4.67
2491,SB12051063,2491,ŞCOALA GIMNAZIALĂ BUZD,6.25,-,-,3.10,-,-,-,-,-,-,4.67
2492,SB9539727,2492,"ŞCOALA GIMNAZIALĂ ""AUREL DECEI"" GURA RÂULUI",4.85,-,-,4.50,-,-,-,-,-,-,4.67
2493,SB10805467,2493,ŞCOALA GIMNAZIALĂ NR. 1 SIBIU,4.30,-,-,5.05,-,-,-,-,-,-,4.67
2494,SB10418595,2494,ŞCOALA GIMNAZIALĂ CHIRPĂR,6.20,-,-,3.10,-,-,-,-,-,-,4.65
2495,SB9472516,2495,"ŞCOALA GIMNAZIALĂ ""AUREL DECEI"" GURA RÂULUI",5.80,-,-,3.50,-,-,-,-,-,-,4.65
2496,SB10744221,2496,"LICEUL TEORETIC ""CONSTANTIN NOICA"" SIBIU",5.30,-,-,4.00,-,-,-,-,-,-,4.65
2497,SB8933680,2497,ŞCOALA GIMNAZIALĂ ŞAROŞ PE TÂRNAVE,5.30,-,-,4.00,-,-,-,-,-,-,4.65
2498,SB9162860,2498,"ŞCOALA GIMNAZIALĂ ""MATEI BASARAB"" TURNU ROŞU",5.10,-,-,4.20,-,-,-,-,-,-,4.65
2499,SB9805787,2499,"LICEUL TEHNOLOGIC ""JOHANNES LEBEL"" TĂLMACIU",4.80,-,-,4.50,-,-,-,-,-,-,4.65
2500,SB9839005,2500,ŞCOALA GIMNAZIALĂ PORUMBACU DE JOS,4.80,-,-,4.50,-,-,-,-,-,-,4.65
2501,SB10378637,2501,ŞCOALA GIMNAZIALĂ NR. 7 MEDIAŞ,4.30,-,-,5.00,-,-,-,-,-,-,4.65
2502,SB8996015,2502,ŞCOALA GIMNAZIALĂ VEŞTEM,4.25,-,-,5.05,-,-,-,-,-,-,4.65
2503,SB10344164,2503,"ŞCOALA GIMNAZIALĂ ""REGELE FERDINAND"" SIBIU",6.25,-,-,3.00,-,-,-,-,-,-,4.62
2504,SB10019173,2504,ŞCOALA GIMNAZIALĂ NR. 18 SIBIU,5.65,-,-,3.60,-,-,-,-,-,-,4.62
2505,SB12293447,2505,ŞCOALA GIMNAZIALĂ BRATEIU,5.50,-,-,3.75,-,-,-,-,-,-,4.62
2506,SB12432132,2506,ŞCOALA GIMNAZIALĂ ŞURA MICĂ,5.25,-,-,4.00,-,-,-,-,-,-,4.62
2507,SB9712115,2507,ŞCOALA GIMNAZIALĂ TĂLMACIU,5.25,-,-,4.00,-,-,-,-,-,-,4.62
2508,SB10420516,2508,ŞCOALA GIMNAZIALĂ CHIRPĂR,4.65,-,-,4.60,-,-,-,-,-,-,4.62
2509,SB9815864,2509,ŞCOALA GIMNAZIALĂ AVRIG,4.65,-,-,4.60,-,-,-,-,-,-,4.62
2510,SB10296960,2510,"ŞCOALA GIMNAZIALĂ ""REGELE FERDINAND"" SIBIU",4.25,-,-,5.00,-,-,-,-,-,-,4.62
2511,SB10436013,2511,"ŞCOALA GIMNAZIALĂ ""IOAN SLAVICI"" SIBIU",4.25,-,-,5.00,-,-,-,-,-,-,4.62
2512,SB8355922,2512,"ŞCOALA GIMNAZIALĂ ""ANDREI ȘAGUNA"" ŞURA MARE",4.25,-,-,5.00,-,-,-,-,-,-,4.62
2513,SB4636151,2513,ŞCOALA GIMNAZIALĂ OCNA SIBIULUI,3.45,-,-,5.80,-,-,-,-,-,-,4.62
2514,SB10167713,2514,"COLEGIUL NAȚIONAL ""OCTAVIAN GOGA"" SIBIU",7.15,-,-,5.20,-,-,Limba germana,1.50,-,-,4.61
2515,SB10661460,2515,ŞCOALA GIMNAZIALĂ APOLDU DE JOS,5.70,-,-,3.50,-,-,-,-,-,-,4.60
2516,SB12496653,2516,ŞCOALA GIMNAZIALĂ BUZD,5.55,-,-,3.65,-,-,-,-,-,-,4.60
2517,SB12033180,2517,ŞCOALA GIMNAZIALĂ VURPĂR,5.50,-,-,3.70,-,-,-,-,-,-,4.60
2518,SB3975701,2518,ŞCOALA GIMNAZIALĂ NR. 18 SIBIU,5.50,-,-,3.70,-,-,-,-,-,-,4.60
2519,SB9844136,2519,ŞCOALA GIMNAZIALĂ SCOREIU,5.50,-,-,3.70,-,-,-,-,-,-,4.60
2520,SB7965382,2520,ŞCOALA GIMNAZIALĂ ȘEICA MICĂ,5.00,-,-,4.20,-,-,-,-,-,-,4.60
2521,SB12092330,2521,ŞCOALA GIMNAZIALĂ NR. 7 MEDIAŞ,4.70,-,-,4.50,-,-,-,-,-,-,4.60
2522,SB9940322,2522,"LICEUL TEORETIC ""GUSTAV GÜNDISCH"" CISNĂDIE",4.70,-,-,4.50,-,-,-,-,-,-,4.60
2523,SB9712900,2523,ŞCOALA GIMNAZIALĂ TĂLMACIU,4.60,-,-,4.60,-,-,-,-,-,-,4.60
2524,SB12744187,2524,ŞCOALA GIMNAZIALĂ NR. 21 SIBIU,4.10,-,-,5.10,-,-,-,-,-,-,4.60
2525,SB10119865,2525,"ŞCOALA GIMNAZIALĂ ""RADU SELEJAN"" SIBIU",3.20,-,-,6.00,-,-,-,-,-,-,4.60
2526,SB12039805,2526,ŞCOALA GIMNAZIALĂ AVRIG,5.65,-,-,3.50,-,-,-,-,-,-,4.57
2527,SB8533333,2527,ŞCOALA GIMNAZIALĂ AXENTE SEVER,5.15,-,-,4.00,-,-,-,-,-,-,4.57
2528,SB9859966,2528,"ŞCOALA GIMNAZIALĂ ""STEPHAN LUDWIG ROTH"" MOŞNA",5.15,-,-,4.00,-,-,-,-,-,-,4.57
2529,SB10093945,2529,ŞCOALA GIMNAZIALĂ CURCIU,5.10,-,-,4.05,-,-,-,-,-,-,4.57
2530,SB9082771,2530,ŞCOALA GIMNAZIALĂ NR. 10 SIBIU,4.75,-,-,4.40,-,-,-,-,-,-,4.57
2531,SB10394252,2531,"LICEUL TEHNOLOGIC ""ILIE MĂCELARIU"" MIERCUREA SIBIULUI",4.65,-,-,4.50,-,-,-,-,-,-,4.57
2532,SB9592907,2532,"ŞCOALA GIMNAZIALĂ ""STEPHAN LUDWIG ROTH"" MOŞNA",4.15,-,-,5.00,-,-,-,-,-,-,4.57
2533,SB11145707,2533,ŞCOALA GIMNAZIALĂ CAŞOLŢ,6.10,-,-,3.00,-,-,-,-,-,-,4.55
2534,SB9065671,2534,ŞCOALA GIMNAZIALĂ NR. 4 SIBIU,5.60,-,-,3.50,-,-,-,-,-,-,4.55
2535,SB9704009,2535,ŞCOALA GIMNAZIALĂ ALĂMOR,5.60,-,-,3.50,-,-,-,-,-,-,4.55
2536,SB9298996,2536,ŞCOALA GIMNAZIALĂ BRĂDENI,5.00,-,-,4.10,-,-,-,-,-,-,4.55
2537,SB10420715,2537,ŞCOALA GIMNAZIALĂ CHIRPĂR,4.85,-,-,4.25,-,-,-,-,-,-,4.55
2538,SB10480108,2538,"ŞCOALA GIMNAZIALĂ ""CONSTANTIN IOAN MOTAŞ"" MEDIAŞ",4.70,-,-,4.40,-,-,-,-,-,-,4.55
2539,SB9081417,2539,"ŞCOALA GIMNAZIALĂ ""OCTAVIAN GOGA"" RĂŞINARI",4.60,-,-,4.50,-,-,-,-,-,-,4.55
2540,SB9132284,2540,"ŞCOALA GIMNAZIALĂ ""MATEI BASARAB"" TURNU ROŞU",4.50,-,-,4.60,-,-,-,-,-,-,4.55
2541,SB10325713,2541,"ŞCOALA GIMNAZIALĂ ""CONSTANTIN IOAN MOTAŞ"" MEDIAŞ",4.15,-,-,4.95,-,-,-,-,-,-,4.55
2542,SB8919349,2542,ŞCOALA GIMNAZIALĂ BUZD,5.95,-,-,3.10,-,-,-,-,-,-,4.52
2543,SB12036775,2543,ŞCOALA GIMNAZIALĂ NR. 25 SIBIU,5.50,-,-,3.55,-,-,-,-,-,-,4.52
2544,SB9986134,2544,ŞCOALA GIMNAZIALĂ PĂUCA,5.45,-,-,3.60,-,-,-,-,-,-,4.52
2545,SB8184354,2545,ŞCOALA GIMNAZIALĂ NR. 4 MEDIAŞ,4.80,-,-,4.25,-,-,-,-,-,-,4.52
2546,SB10267354,2546,"ŞCOALA GIMNAZIALĂ ""GEORG DANIEL TEUTSCH"" AGNITA",4.70,-,-,4.35,-,-,-,-,-,-,4.52
2547,SB10399025,2547,ŞCOALA GIMNAZIALĂ NOCRICH,4.55,-,-,4.50,-,-,-,-,-,-,4.52
2548,SB9707582,2548,ŞCOALA GIMNAZIALĂ AŢEL,4.05,-,-,5.00,-,-,-,-,-,-,4.52
2549,SB12389998,2549,LICEUL TEHNOLOGIC IACOBENI,6.50,-,-,2.50,-,-,-,-,-,-,4.50
2550,SB9072275,2550,ŞCOALA GIMNAZIALĂ NR. 12 SIBIU,5.90,-,-,3.10,-,-,-,-,-,-,4.50
2551,SB10315772,2551,"LICEUL ""AUGUST TREBONIU LAURIAN"" AGNITA",5.25,-,-,3.75,-,-,-,-,-,-,4.50
2552,SB10602717,2552,"LICEUL ""TIMOTEI CIPARIU"" DUMBRĂVENI",5.25,-,-,3.75,-,-,-,-,-,-,4.50
2553,SB10065143,2553,"LICEUL TEORETIC ""GHEORGHE LAZĂR"" AVRIG",5.00,-,-,4.00,-,-,-,-,-,-,4.50
2554,SB12071064,2554,ŞCOALA GIMNAZIALĂ VURPĂR,5.00,-,-,4.00,-,-,-,-,-,-,4.50
2555,SB10971750,2555,"ŞCOALA GIMNAZIALĂ ""LUCIAN BOLOGA"" MARPOD",4.10,-,-,4.90,-,-,-,-,-,-,4.50
2556,SB10433201,2556,ŞCOALA GIMNAZIALĂ HOSMAN,3.50,-,-,5.50,-,-,-,-,-,-,4.50
2557,SB8990821,2557,ŞCOALA GIMNAZIALĂ VEŞTEM,3.00,-,-,6.00,-,-,-,-,-,-,4.50
2558,SB10271426,2558,ŞCOALA GIMNAZIALĂ ŞURA MICĂ,4.95,-,-,4.00,-,-,-,-,-,-,4.47
2559,SB9537115,2559,ŞCOALA GIMNAZIALĂ NR. 8 SIBIU,4.95,-,-,4.00,-,-,-,-,-,-,4.47
2560,SB12147533,2560,ŞCOALA GIMNAZIALĂ BRATEIU,4.65,-,-,4.30,-,-,-,-,-,-,4.47
2561,SB8931359,2561,ŞCOALA GIMNAZIALĂ NOU,4.45,-,-,4.50,-,-,-,-,-,-,4.47
2562,SB7862489,2562,ŞCOALA GIMNAZIALĂ AGÂRBICIU,3.85,-,-,5.10,-,-,-,-,-,-,4.47
2563,SB12884680,2563,ŞCOALA GIMNAZIALĂ ŞAROŞ PE TÂRNAVE,5.70,-,-,3.20,-,-,-,-,-,-,4.45
2564,SB12412539,2564,ŞCOALA GIMNAZIALĂ NOCRICH,5.25,-,-,3.65,-,-,-,-,-,-,4.45
2565,SB10695272,2565,ŞCOALA GIMNAZIALĂ NOU,4.90,-,-,4.00,-,-,-,-,-,-,4.45
2566,SB11023503,2566,ŞCOALA GIMNAZIALĂ NR. 4 SIBIU,4.65,-,-,4.25,-,-,-,-,-,-,4.45
2567,SB7944452,2567,ŞCOALA GIMNAZIALĂ NR. 11 SIBIU,4.40,-,-,4.50,-,-,-,-,-,-,4.45
2568,SB9135124,2568,"ŞCOALA GIMNAZIALĂ ""SAVA POPOVICI BARCIANU"" RĂŞINARI",3.90,-,-,5.00,-,-,-,-,-,-,4.45
2569,SB10412364,2569,ŞCOALA GIMNAZIALĂ NR. 7 MEDIAŞ,5.35,-,-,3.50,-,-,-,-,-,-,4.42
2570,SB11185404,2570,ŞCOALA GIMNAZIALĂ ŞURA MICĂ,5.35,-,-,3.50,-,-,-,-,-,-,4.42
2571,SB8356651,2571,"ŞCOALA GIMNAZIALĂ ""ANDREI ȘAGUNA"" ŞURA MARE",5.35,-,-,3.50,-,-,-,-,-,-,4.42
2572,SB9674666,2572,"ŞCOALA GIMNAZIALĂ ""IOAN SLAVICI"" SIBIU",5.35,-,-,3.50,-,-,-,-,-,-,4.42
2573,SB12241423,2573,"ŞCOALA GIMNAZIALĂ ""REGELE FERDINAND"" SIBIU",5.25,-,-,3.60,-,-,-,-,-,-,4.42
2574,SB9765277,2574,ŞCOALA GIMNAZIALĂ ŞEICA MARE,4.85,-,-,4.00,-,-,-,-,-,-,4.42
2575,SB10020635,2575,"ŞCOALA GIMNAZIALĂ ""LUCIAN BOLOGA"" MARPOD",4.75,-,-,4.10,-,-,-,-,-,-,4.42
2576,SB9726602,2576,ŞCOALA GIMNAZIALĂ CRISTIAN,3.65,-,-,5.20,-,-,-,-,-,-,4.42
2577,SB12473796,2577,LICEUL TEHNOLOGIC CISNĂDIE,3.00,-,-,5.85,-,-,-,-,-,-,4.42
2578,SB10963114,2578,"ŞCOALA GIMNAZIALĂ ""AVIATOR IOAN SAVA"" ALŢINA",6.30,-,-,2.50,-,-,-,-,-,-,4.40
2579,SB10289787,2579,"LICEUL TEORETIC ""ROTH - OBERTH"" MEDIAŞ",5.95,-,-,4.00,-,-,Limba germana,3.25,-,-,4.40
2580,SB10593709,2580,"ŞCOALA GIMNAZIALĂ ""ION ALBESCU"" BOIŢA",5.60,-,-,3.20,-,-,-,-,-,-,4.40
2581,SB10123800,2581,ŞCOALA GIMNAZIALĂ NR. 13 SIBIU,4.80,-,-,4.00,-,-,-,-,-,-,4.40
2582,SB12545244,2582,ŞCOALA GIMNAZIALĂ NR. 2 CISNĂDIE,4.80,-,-,4.00,-,-,-,-,-,-,4.40
2583,SB10298724,2583,ŞCOALA GIMNAZIALĂ AŢEL,3.65,-,-,5.15,-,-,-,-,-,-,4.40
2584,SB10542082,2584,"COLEGIUL NAȚIONAL PEDAGOGIC ""ANDREI ŞAGUNA"" SIBIU",3.50,-,-,5.30,-,-,-,-,-,-,4.40
2585,SB13438218,2585,"ŞCOALA GIMNAZIALĂ ""BATHORY ISTVAN"" MEDIAŞ",2.60,-,-,3.05,-,-,Limba maghiara,7.50,-,-,4.38
2586,SB12106850,2586,ŞCOALA GIMNAZIALĂ CRISTIAN,5.25,-,-,3.50,-,-,-,-,-,-,4.37
2587,SB10046305,2587,ŞCOALA GIMNAZIALĂ MERGHINDEAL,5.00,-,-,3.75,-,-,-,-,-,-,4.37
2588,SB10329761,2588,ŞCOALA GIMNAZIALĂ AXENTE SEVER,5.00,-,-,3.75,-,-,-,-,-,-,4.37
2589,SB9843985,2589,ŞCOALA GIMNAZIALĂ SCOREIU,4.95,-,-,3.80,-,-,-,-,-,-,4.37
2590,SB10637038,2590,"LICEUL ""TIMOTEI CIPARIU"" DUMBRĂVENI",4.25,-,-,4.50,-,-,-,-,-,-,4.37
2591,SB8780842,2591,"ŞCOALA GIMNAZIALĂ ""REGELE FERDINAND"" SIBIU",4.05,-,-,4.70,-,-,-,-,-,-,4.37
2592,SB8875191,2592,"ŞCOALA GIMNAZIALĂ ""MIHAI VITEAZU"" ŞELIMBĂR",3.75,-,-,5.00,-,-,-,-,-,-,4.37
2593,SB10103087,2593,"ŞCOALA GIMNAZIALĂ ""IOAN MORARU"" DÂRLOS",5.10,-,-,3.60,-,-,-,-,-,-,4.35
2594,SB8924429,2594,ŞCOALA GIMNAZIALĂ NR. 7 MEDIAŞ,4.70,-,-,4.00,-,-,-,-,-,-,4.35
2595,SB9647402,2595,ŞCOALA GIMNAZIALĂ ALMA,4.70,-,-,4.00,-,-,-,-,-,-,4.35
2596,SB9933355,2596,"LICEUL TEHNOLOGIC ""JOHANNES LEBEL"" TĂLMACIU",4.65,-,-,4.05,-,-,-,-,-,-,4.35
2597,SB10312461,2597,ŞCOALA GIMNAZIALĂ NR. 7 MEDIAŞ,4.20,-,-,4.50,-,-,-,-,-,-,4.35
2598,SB11001146,2598,CENTRUL ȘCOLAR DE EDUCAȚIE INCLUZIVĂ NR. 2 SIBIU,4.20,-,-,4.50,-,-,-,-,-,-,4.35
2599,SB9474612,2599,"ŞCOALA GIMNAZIALĂ ""AUREL DECEI"" GURA RÂULUI",4.15,-,-,4.55,-,-,-,-,-,-,4.35
2600,SB9488416,2600,ŞCOALA GIMNAZIALĂ NR. 10 SIBIU,4.00,-,-,4.70,-,-,-,-,-,-,4.35
2601,SB12619974,2601,ŞCOALA GIMNAZIALĂ MĂLÂNCRAV,3.55,-,-,5.15,-,-,-,-,-,-,4.35
2602,SB12067648,2602,ŞCOALA GIMNAZIALĂ SLIMNIC,5.65,-,-,3.00,-,-,-,-,-,-,4.32
2603,SB10391353,2603,ŞCOALA GIMNAZIALĂ POPLACA,5.05,-,-,3.60,-,-,-,-,-,-,4.32
2604,SB9683100,2604,ŞCOALA GIMNAZIALĂ CRISTIAN,4.60,-,-,4.05,-,-,-,-,-,-,4.32
2605,SB10382803,2605,ŞCOALA GIMNAZIALĂ NOIŞTAT,4.15,-,-,4.50,-,-,-,-,-,-,4.32
2606,SB14298703,2606,ŞCOALA GIMNAZIALĂ ȘEICA MICĂ,4.15,-,-,4.50,-,-,-,-,-,-,4.32
2607,SB10312084,2607,"ŞCOALA GIMNAZIALĂ ""GEORGE POPA"" MEDIAŞ",6.10,-,-,2.50,-,-,-,-,-,-,4.30
2608,SB10602554,2608,"LICEUL ""TIMOTEI CIPARIU"" DUMBRĂVENI",5.10,-,-,3.50,-,-,-,-,-,-,4.30
2609,SB10289368,2609,ŞCOALA GIMNAZIALĂ ŞURA MICĂ,4.60,-,-,4.00,-,-,-,-,-,-,4.30
2610,SB9593049,2610,"ŞCOALA GIMNAZIALĂ ""STEPHAN LUDWIG ROTH"" MOŞNA",4.60,-,-,4.00,-,-,-,-,-,-,4.30
2611,SB8946069,2611,ŞCOALA GIMNAZIALĂ BAZNA,4.55,-,-,4.05,-,-,-,-,-,-,4.30
2612,SB10501051,2612,"ŞCOALA GIMNAZIALĂ ""NICOLAE IORGA"" SIBIU",4.40,-,-,4.20,-,-,-,-,-,-,4.30
2613,SB10544796,2613,ŞCOALA GIMNAZIALĂ NR. 21 SIBIU,4.10,-,-,4.50,-,-,-,-,-,-,4.30
2614,SB7985774,2614,ŞCOALA GIMNAZIALĂ LASLEA,4.10,-,-,4.50,-,-,-,-,-,-,4.30
2615,SB9171730,2615,LICEUL TEHNOLOGIC CISNĂDIE,4.10,-,-,4.50,-,-,-,-,-,-,4.30
2616,SB14394717,2616,ŞCOALA GIMNAZIALĂ NR. 13 SIBIU,3.35,-,-,5.25,-,-,-,-,-,-,4.30
2617,SB9522886,2617,ŞCOALA GIMNAZIALĂ BIERTAN,6.05,-,-,2.50,-,-,-,-,-,-,4.27
2618,SB12071140,2618,ŞCOALA GIMNAZIALĂ BIERTAN,5.55,-,-,3.00,-,-,-,-,-,-,4.27
2619,SB10324665,2619,"ŞCOALA GIMNAZIALĂ ""MIHAI EMINESCU"" MEDIAŞ",5.05,-,-,3.50,-,-,-,-,-,-,4.27
2620,SB12062256,2620,LICEUL ROMÂNO - FINLANDEZ ERI SIBIU,5.05,-,-,3.50,-,-,-,-,-,-,4.27
2621,SB10391550,2621,ŞCOALA GIMNAZIALĂ POPLACA,4.80,-,-,3.75,-,-,-,-,-,-,4.27
2622,SB10175514,2622,ŞCOALA GIMNAZIALĂ NR. 4 SIBIU,4.55,-,-,4.00,-,-,-,-,-,-,4.27
2623,SB9591249,2623,"ŞCOALA GIMNAZIALĂ ""MIHAI VITEAZU"" ŞELIMBĂR",4.50,-,-,4.05,-,-,-,-,-,-,4.27
2624,SB10419273,2624,"LICEUL ""AUGUST TREBONIU LAURIAN"" AGNITA",4.45,-,-,4.10,-,-,-,-,-,-,4.27
2625,SB10587267,2625,"LICEUL ""AUGUST TREBONIU LAURIAN"" AGNITA",4.05,-,-,4.50,-,-,-,-,-,-,4.27
2626,SB10754833,2626,"ŞCOALA GIMNAZIALĂ ""GEORGE POPA"" MEDIAŞ",4.05,-,-,4.50,-,-,-,-,-,-,4.27
2627,SB10711448,2627,ŞCOALA GIMNAZIALĂ DAIA,3.50,-,-,5.05,-,-,-,-,-,-,4.27
2628,SB10298541,2628,"ŞCOALA GIMNAZIALĂ ""ANDREI ȘAGUNA"" ŞURA MARE",5.00,-,-,3.50,-,-,-,-,-,-,4.25
2629,SB12132419,2629,"ŞCOALA GIMNAZIALĂ ""ANDREI ȘAGUNA"" ŞURA MARE",5.00,-,-,3.50,-,-,-,-,-,-,4.25
2630,SB9592447,2630,ŞCOALA GIMNAZIALĂ NR. 4 MEDIAŞ,5.00,-,-,3.50,-,-,-,-,-,-,4.25
2631,SB11072939,2631,ŞCOALA GIMNAZIALĂ NR. 13 SIBIU,4.50,-,-,4.00,-,-,-,-,-,-,4.25
2632,SB12001104,2632,ŞCOALA GIMNAZIALĂ ȘEICA MICĂ,4.50,-,-,4.00,-,-,-,-,-,-,4.25
2633,SB9879848,2633,"ŞCOALA GIMNAZIALĂ ""ION POP RETEGANUL"" ORLAT",4.10,-,-,4.40,-,-,-,-,-,-,4.25
2634,SB9474564,2634,"ŞCOALA GIMNAZIALĂ ""AUREL DECEI"" GURA RÂULUI",4.00,-,-,4.50,-,-,-,-,-,-,4.25
2635,SB9989942,2635,"ŞCOALA GIMNAZIALĂ ""REGELE FERDINAND"" SIBIU",5.95,-,-,2.50,-,-,-,-,-,-,4.22
2636,SB9474256,2636,"ŞCOALA GIMNAZIALĂ ""AUREL DECEI"" GURA RÂULUI",5.45,-,-,3.00,-,-,-,-,-,-,4.22
2637,SB10064626,2637,"LICEUL TEORETIC ""GHEORGHE LAZĂR"" AVRIG",4.95,-,-,3.50,-,-,-,-,-,-,4.22
2638,SB12617550,2638,LICEUL TEHNOLOGIC MÂRŞA,4.95,-,-,3.50,-,-,-,-,-,-,4.22
2639,SB10269098,2639,"ŞCOALA GIMNAZIALĂ ""GEORG DANIEL TEUTSCH"" AGNITA",4.85,-,-,3.60,-,-,-,-,-,-,4.22
2640,SB12070188,2640,"ŞCOALA GIMNAZIALĂ ""VIOREL CUCU PALTIN"" ARPAȘU DE JOS",4.35,-,-,4.10,-,-,-,-,-,-,4.22
2641,SB10441703,2641,ŞCOALA GIMNAZIALĂ NR. 7 MEDIAŞ,3.95,-,-,4.50,-,-,-,-,-,-,4.22
2642,SB10318338,2642,ŞCOALA GIMNAZIALĂ NR. 4 MEDIAŞ,3.80,-,-,4.65,-,-,-,-,-,-,4.22
2643,SB9990811,2643,LICEUL TEHNOLOGIC CISNĂDIE,3.70,-,-,4.75,-,-,-,-,-,-,4.22
2644,SB10454684,2644,"ŞCOALA GIMNAZIALĂ ""RADU SELEJAN"" SIBIU",5.80,-,-,2.60,-,-,-,-,-,-,4.20
2645,SB9626864,2645,"ŞCOALA GIMNAZIALĂ ""VIOREL CUCU PALTIN"" ARPAȘU DE JOS",5.70,-,-,2.70,-,-,-,-,-,-,4.20
2646,SB9901902,2646,"ŞCOALA GIMNAZIALĂ ""ION POP RETEGANUL"" ORLAT",5.40,-,-,3.00,-,-,-,-,-,-,4.20
2647,SB10431834,2647,ŞCOALA GIMNAZIALĂ ROŞIA,4.90,-,-,3.50,-,-,-,-,-,-,4.20
2648,SB10711471,2648,ŞCOALA GIMNAZIALĂ DAIA,4.90,-,-,3.50,-,-,-,-,-,-,4.20
2649,SB12418806,2649,ŞCOALA GIMNAZIALĂ MIHĂILENI,4.80,-,-,3.60,-,-,-,-,-,-,4.20
2650,SB12025412,2650,LICEUL TEHNOLOGIC IACOBENI,4.75,-,-,3.65,-,-,-,-,-,-,4.20
2651,SB9420400,2651,ŞCOALA GIMNAZIALĂ BRADU,4.70,-,-,3.70,-,-,-,-,-,-,4.20
2652,SB14713155,2652,ŞCOALA GIMNAZIALĂ SĂCEL,3.40,-,-,5.00,-,-,-,-,-,-,4.20
2653,SB10659534,2653,ŞCOALA GIMNAZIALĂ NOU,5.35,-,-,3.00,-,-,-,-,-,-,4.17
2654,SB9886586,2654,ŞCOALA GIMNAZIALĂ NR. 13 SIBIU,5.35,-,-,3.00,-,-,-,-,-,-,4.17
2655,SB12296674,2655,"LICEUL TEORETIC ""GUSTAV GÜNDISCH"" CISNĂDIE",4.85,-,-,3.50,-,-,-,-,-,-,4.17
2656,SB9494770,2656,ŞCOALA GIMNAZIALĂ LOAMNEŞ,4.85,-,-,3.50,-,-,-,-,-,-,4.17
2657,SB9707883,2657,ŞCOALA GIMNAZIALĂ AŢEL,3.30,-,-,5.05,-,-,-,-,-,-,4.17
2658,SB10637446,2658,"LICEUL ""TIMOTEI CIPARIU"" DUMBRĂVENI",4.80,-,-,3.50,-,-,-,-,-,-,4.15
2659,SB10269647,2659,ŞCOALA GIMNAZIALĂ ŞURA MICĂ,4.70,-,-,3.60,-,-,-,-,-,-,4.15
2660,SB12619384,2660,ŞCOALA GIMNAZIALĂ NR. 4 MEDIAŞ,4.65,-,-,3.65,-,-,-,-,-,-,4.15
2661,SB8158214,2661,"ŞCOALA GIMNAZIALĂ ""ANDREI ȘAGUNA"" ŞURA MARE",4.30,-,-,4.00,-,-,-,-,-,-,4.15
2662,SB9568993,2662,ŞCOALA GIMNAZIALĂ ŞEICA MARE,4.25,-,-,4.05,-,-,-,-,-,-,4.15
2663,SB10363408,2663,ŞCOALA GIMNAZIALĂ TILIŞCA,3.80,-,-,4.50,-,-,-,-,-,-,4.15
2664,SB10971021,2664,"ŞCOALA GIMNAZIALĂ ""LUCIAN BOLOGA"" MARPOD",3.75,-,-,4.55,-,-,-,-,-,-,4.15
2665,SB12085832,2665,"ŞCOALA GIMNAZIALĂ ""CONSTANTIN IOAN MOTAŞ"" MEDIAŞ",3.50,-,-,4.80,-,-,-,-,-,-,4.15
2666,SB10105399,2666,"ŞCOALA GIMNAZIALĂ ""VIOREL CUCU PALTIN"" ARPAȘU DE JOS",4.75,-,-,3.50,-,-,-,-,-,-,4.12
2667,SB10659836,2667,"ŞCOALA GIMNAZIALĂ ""IOAN SLAVICI"" SIBIU",4.75,-,-,3.50,-,-,-,-,-,-,4.12
2668,SB9649821,2668,LICEUL TEHNOLOGIC CISNĂDIE,4.25,-,-,4.00,-,-,-,-,-,-,4.12
2669,SB12314891,2669,ŞCOALA GIMNAZIALĂ NR. 4 MEDIAŞ,4.20,-,-,4.05,-,-,-,-,-,-,4.12
2670,SB12589014,2670,"ŞCOALA GIMNAZIALĂ ""ANDREI ȘAGUNA"" ŞURA MARE",3.75,-,-,4.50,-,-,-,-,-,-,4.12
2671,SB15012289,2671,"ŞCOALA GIMNAZIALĂ ""ANDREI ȘAGUNA"" ŞURA MARE",3.70,-,-,4.55,-,-,-,-,-,-,4.12
2672,SB10432669,2672,ŞCOALA GIMNAZIALĂ HOSMAN,3.65,-,-,4.60,-,-,-,-,-,-,4.12
2673,SB12043111,2673,ŞCOALA GIMNAZIALĂ MIHĂILENI,5.35,-,-,2.85,-,-,-,-,-,-,4.10
2674,SB10301556,2674,ŞCOALA GIMNAZIALĂ NR. 2 CISNĂDIE,5.00,-,-,3.20,-,-,-,-,-,-,4.10
2675,SB10120478,2675,ŞCOALA GIMNAZIALĂ NR. 10 SIBIU,4.70,-,-,3.50,-,-,-,-,-,-,4.10
2676,SB10398972,2676,ŞCOALA GIMNAZIALĂ NOCRICH,4.20,-,-,4.00,-,-,-,-,-,-,4.10
2677,SB10399100,2677,ŞCOALA GIMNAZIALĂ NOCRICH,4.20,-,-,4.00,-,-,-,-,-,-,4.10
2678,SB9668439,2678,"ŞCOALA GIMNAZIALĂ ""VIOREL CUCU PALTIN"" ARPAȘU DE JOS",4.20,-,-,4.00,-,-,-,-,-,-,4.10
2679,SB10587197,2679,"LICEUL ""AUGUST TREBONIU LAURIAN"" AGNITA",4.05,-,-,4.15,-,-,-,-,-,-,4.10
2680,SB8355598,2680,"ŞCOALA GIMNAZIALĂ ""ANDREI ȘAGUNA"" ŞURA MARE",4.05,-,-,4.15,-,-,-,-,-,-,4.10
2681,SB10306224,2681,"ŞCOALA GIMNAZIALĂ ""BATHORY ISTVAN"" MEDIAŞ",3.80,-,-,2.50,-,-,Limba maghiara,6.00,-,-,4.10
2682,SB10098602,2682,"ŞCOALA GIMNAZIALĂ ""IOAN MORARU"" DÂRLOS",4.60,-,-,3.55,-,-,-,-,-,-,4.07
2683,SB9727886,2683,"ŞCOALA GIMNAZIALĂ ""REGELE FERDINAND"" SIBIU",4.25,-,-,3.90,-,-,-,-,-,-,4.07
2684,SB10382742,2684,ŞCOALA GIMNAZIALĂ NOIŞTAT,4.05,-,-,4.10,-,-,-,-,-,-,4.07
2685,SB12531096,2685,"LICEUL TEHNOLOGIC ""ILIE MĂCELARIU"" MIERCUREA SIBIULUI",3.95,-,-,4.20,-,-,-,-,-,-,4.07
2686,SB7973098,2686,ŞCOALA GIMNAZIALĂ ȘEICA MICĂ,2.60,-,-,5.55,-,-,-,-,-,-,4.07
2687,SB12022357,2687,ŞCOALA GIMNAZIALĂ NOIŞTAT,4.55,-,-,3.55,-,-,-,-,-,-,4.05
2688,SB12319912,2688,ŞCOALA GIMNAZIALĂ AGÂRBICIU,4.55,-,-,3.55,-,-,-,-,-,-,4.05
2689,SB10173818,2689,ŞCOALA GIMNAZIALĂ RUŞI,4.10,-,-,4.00,-,-,-,-,-,-,4.05
2690,SB12297715,2690,"ŞCOALA GIMNAZIALĂ ""IOAN SLAVICI"" SIBIU",4.10,-,-,4.00,-,-,-,-,-,-,4.05
2691,SB10046299,2691,ŞCOALA GIMNAZIALĂ NR. 4 SIBIU,5.50,-,-,2.55,-,-,-,-,-,-,4.02
2692,SB8914809,2692,ŞCOALA GIMNAZIALĂ BUZD,5.05,-,-,3.00,-,-,-,-,-,-,4.02
2693,SB1149951,2693,ŞCOALA GIMNAZIALĂ APOLDU DE JOS,4.55,-,-,3.50,-,-,-,-,-,-,4.02
2694,SB9591323,2694,"ŞCOALA GIMNAZIALĂ ""MIHAI VITEAZU"" ŞELIMBĂR",4.55,-,-,3.50,-,-,-,-,-,-,4.02
2695,SB9803222,2695,ŞCOALA GIMNAZIALĂ TĂLMACIU,4.05,-,-,4.00,-,-,-,-,-,-,4.02
2696,SB9850663,2696,"ŞCOALA GIMNAZIALĂ ""STEPHAN LUDWIG ROTH"" MOŞNA",4.05,-,-,4.00,-,-,-,-,-,-,4.02
2697,SB10433063,2697,ŞCOALA GIMNAZIALĂ HOSMAN,3.55,-,-,4.50,-,-,-,-,-,-,4.02
2698,SB9683167,2698,ŞCOALA GIMNAZIALĂ CRISTIAN,5.30,-,-,2.70,-,-,-,-,-,-,4.00
2699,SB10392288,2699,ŞCOALA GIMNAZIALĂ POPLACA,4.50,-,-,3.50,-,-,-,-,-,-,4.00
2700,SB10399585,2700,ŞCOALA GIMNAZIALĂ NOCRICH,4.50,-,-,3.50,-,-,-,-,-,-,4.00
2701,SB12109218,2701,ŞCOALA GIMNAZIALĂ NR. 4 MEDIAŞ,4.50,-,-,3.50,-,-,-,-,-,-,4.00
2702,SB13144889,2702,"ŞCOALA GIMNAZIALĂ ""IOAN MORARU"" DÂRLOS",4.50,-,-,3.50,-,-,-,-,-,-,4.00
2703,SB10744009,2703,ŞCOALA GIMNAZIALĂ VURPĂR,3.95,-,-,4.05,-,-,-,-,-,-,4.00
2704,SB7961847,2704,ŞCOALA GIMNAZIALĂ ȘEICA MICĂ,5.25,-,-,2.70,-,-,-,-,-,-,3.97
2705,SB12619116,2705,"ŞCOALA GIMNAZIALĂ ""ION LUCA CARAGIALE"" SIBIU",4.95,-,-,3.00,-,-,-,-,-,-,3.97
2706,SB10010249,2706,ŞCOALA GIMNAZIALĂ NR. 21 SIBIU,4.85,-,-,3.10,-,-,-,-,-,-,3.97
2707,SB10399384,2707,ŞCOALA GIMNAZIALĂ NOCRICH,4.45,-,-,3.50,-,-,-,-,-,-,3.97
2708,SB9849006,2708,"ŞCOALA GIMNAZIALĂ ""IOAN SLAVICI"" SIBIU",4.45,-,-,3.50,-,-,-,-,-,-,3.97
2709,SB9687983,2709,ŞCOALA GIMNAZIALĂ CRISTIAN,4.35,-,-,3.60,-,-,-,-,-,-,3.97
2710,SB10963322,2710,"ŞCOALA GIMNAZIALĂ ""AVIATOR IOAN SAVA"" ALŢINA",3.95,-,-,4.00,-,-,-,-,-,-,3.97
2711,SB3980501,2711,ŞCOALA GIMNAZIALĂ NR. 13 SIBIU,3.95,-,-,4.00,-,-,-,-,-,-,3.97
2712,SB10393680,2712,"LICEUL TEHNOLOGIC ""ILIE MĂCELARIU"" MIERCUREA SIBIULUI",3.85,-,-,4.10,-,-,-,-,-,-,3.97
2713,SB12618674,2713,ŞCOALA GIMNAZIALĂ NR. 10 SIBIU,3.85,-,-,4.10,-,-,-,-,-,-,3.97
2714,SB9804866,2714,"ŞCOALA GIMNAZIALĂ ""IOAN SLAVICI"" SIBIU",2.90,-,-,5.05,-,-,-,-,-,-,3.97
2715,SB12279131,2715,ŞCOALA GIMNAZIALĂ VURPĂR,4.90,-,-,3.00,-,-,-,-,-,-,3.95
2716,SB8019940,2716,"LICEUL ""TIMOTEI CIPARIU"" DUMBRĂVENI",4.90,-,-,3.00,-,-,-,-,-,-,3.95
2717,SB9592570,2717,"ŞCOALA GIMNAZIALĂ ""STEPHAN LUDWIG ROTH"" MOŞNA",5.35,-,-,2.50,-,-,-,-,-,-,3.92
2718,SB727401,2718,"LICEUL TEORETIC ""CONSTANTIN NOICA"" SIBIU",5.25,-,-,2.60,-,-,-,-,-,-,3.92
2719,SB9239110,2719,ŞCOALA GIMNAZIALĂ ŞEICA MARE,4.35,-,-,3.50,-,-,-,-,-,-,3.92
2720,SB10098947,2720,"ŞCOALA GIMNAZIALĂ ""IOAN MORARU"" DÂRLOS",4.30,-,-,3.55,-,-,-,-,-,-,3.92
2721,SB10012007,2721,ŞCOALA GIMNAZIALĂ SĂCEL,3.85,-,-,4.00,-,-,-,-,-,-,3.92
2722,SB12055881,2722,ŞCOALA GIMNAZIALĂ MIHĂILENI,3.85,-,-,4.00,-,-,-,-,-,-,3.92
2723,SB9163639,2723,"ŞCOALA GIMNAZIALĂ ""MATEI BASARAB"" TURNU ROŞU",3.70,-,-,4.15,-,-,-,-,-,-,3.92
2724,SB12064104,2724,"ŞCOALA GIMNAZIALĂ ""REGELE FERDINAND"" SIBIU",4.70,-,-,3.10,-,-,-,-,-,-,3.90
2725,SB12350357,2725,ŞCOALA GIMNAZIALĂ JINA,4.25,-,-,3.55,-,-,-,-,-,-,3.90
2726,SB7965266,2726,ŞCOALA GIMNAZIALĂ ȘEICA MICĂ,3.10,-,-,4.70,-,-,-,-,-,-,3.90
2727,SB13179405,2727,ŞCOALA GIMNAZIALĂ NR. 2 SIBIU,5.25,-,-,2.50,-,-,-,-,-,-,3.87
2728,SB10448741,2728,"ŞCOALA GIMNAZIALĂ ""IOAN SLAVICI"" SIBIU",4.75,-,-,3.00,-,-,-,-,-,-,3.87
2729,SB12099294,2729,"ŞCOALA GIMNAZIALĂ ""MIHAI EMINESCU"" MEDIAŞ",4.75,-,-,3.00,-,-,-,-,-,-,3.87
2730,SB9494846,2730,ŞCOALA GIMNAZIALĂ LOAMNEŞ,4.75,-,-,3.00,-,-,-,-,-,-,3.87
2731,SB15001710,2731,"ŞCOALA GIMNAZIALĂ ""BADEA CÎRŢAN"" CÂRŢIŞOARA",4.65,-,-,3.10,-,-,-,-,-,-,3.87
2732,SB8969472,2732,ŞCOALA GIMNAZIALĂ BLĂJEL,4.10,-,-,3.65,-,-,-,-,-,-,3.87
2733,SB10121379,2733,"ŞCOALA GIMNAZIALĂ ""RADU SELEJAN"" SIBIU",4.70,-,-,3.00,-,-,-,-,-,-,3.85
2734,SB11179263,2734,"ŞCOALA GIMNAZIALĂ ""SAVA POPOVICI BARCIANU"" RĂŞINARI",3.70,-,-,4.00,-,-,-,-,-,-,3.85
2735,SB10330677,2735,"LICEUL ""TIMOTEI CIPARIU"" DUMBRĂVENI",3.10,-,-,4.60,-,-,-,-,-,-,3.85
2736,SB7963963,2736,ŞCOALA GIMNAZIALĂ LASLEA,3.10,-,-,4.60,-,-,-,-,-,-,3.85
2737,SB8993970,2737,ŞCOALA GIMNAZIALĂ VEŞTEM,5.15,-,-,2.50,-,-,-,-,-,-,3.82
2738,SB12102580,2738,ŞCOALA GIMNAZIALĂ JINA,4.65,-,-,3.00,-,-,-,-,-,-,3.82
2739,SB9627252,2739,"ŞCOALA GIMNAZIALĂ ""VIOREL CUCU PALTIN"" ARPAȘU DE JOS",4.65,-,-,3.00,-,-,-,-,-,-,3.82
2740,SB10044790,2740,"ŞCOALA GIMNAZIALĂ ""AUREL DECEI"" GURA RÂULUI",4.15,-,-,3.50,-,-,-,-,-,-,3.82
2741,SB12062695,2741,ŞCOALA GIMNAZIALĂ TÂRNAVA,4.15,-,-,3.50,-,-,-,-,-,-,3.82
2742,SB10294571,2742,"LICEUL ""AUGUST TREBONIU LAURIAN"" AGNITA",3.65,-,-,4.00,-,-,-,-,-,-,3.82
2743,SB10659054,2743,ŞCOALA GIMNAZIALĂ NOU,3.60,-,-,4.05,-,-,-,-,-,-,3.82
2744,SB11082553,2744,"ŞCOALA GIMNAZIALĂ ""ILIE MICU"" LUDOŞ",4.60,-,-,3.00,-,-,-,-,-,-,3.80
2745,SB10384605,2745,"LICEUL ""AUGUST TREBONIU LAURIAN"" AGNITA",4.10,-,-,3.50,-,-,-,-,-,-,3.80
2746,SB10581127,2746,"LICEUL ""TIMOTEI CIPARIU"" DUMBRĂVENI",4.10,-,-,3.50,-,-,-,-,-,-,3.80
2747,SB10659077,2747,ŞCOALA GIMNAZIALĂ NOU,4.10,-,-,3.50,-,-,-,-,-,-,3.80
2748,SB12042221,2748,ŞCOALA GIMNAZIALĂ DAIA,4.10,-,-,3.50,-,-,-,-,-,-,3.80
2749,SB8931907,2749,ŞCOALA GIMNAZIALĂ ŞAROŞ PE TÂRNAVE,4.10,-,-,3.50,-,-,-,-,-,-,3.80
2750,SB8020703,2750,ŞCOALA GIMNAZIALĂ HOGHILAG,3.60,-,-,4.00,-,-,-,-,-,-,3.80
2751,SB10313770,2751,"LICEUL ""AUGUST TREBONIU LAURIAN"" AGNITA",3.50,-,-,4.10,-,-,-,-,-,-,3.80
2752,SB8650270,2752,ŞCOALA GIMNAZIALĂ NOIŞTAT,5.00,-,-,2.55,-,-,-,-,-,-,3.77
2753,SB12019816,2753,ŞCOALA GIMNAZIALĂ MIHĂILENI,4.00,-,-,3.55,-,-,-,-,-,-,3.77
2754,SB10359885,2754,ŞCOALA GIMNAZIALĂ TILIŞCA,3.55,-,-,4.00,-,-,-,-,-,-,3.77
2755,SB7511601,2755,ŞCOALA GIMNAZIALĂ NR. 21 SIBIU,2.90,-,-,4.65,-,-,-,-,-,-,3.77
2756,SB12032487,2756,ŞCOALA GIMNAZIALĂ IGHIŞU NOU,2.55,-,-,5.00,-,-,-,-,-,-,3.77
2757,SB10439317,2757,"ŞCOALA GIMNAZIALĂ ""ION LUCA CARAGIALE"" SIBIU",4.75,-,-,3.00,-,-,Limba germana,3.50,-,-,3.75
2758,SB9704805,2758,ŞCOALA GIMNAZIALĂ NR. 13 SIBIU,4.35,-,-,3.15,-,-,-,-,-,-,3.75
2759,SB14384334,2759,"CENTRUL ȘCOLAR DE EDUCAȚIE INCLUZIVĂ ""ELENA DELIA STOICESCU"" SIBIU",4.00,-,-,3.50,-,-,-,-,-,-,3.75
2760,SB10059391,2760,ŞCOALA GIMNAZIALĂ NR. 2 SIBIU,3.50,-,-,4.00,-,-,-,-,-,-,3.75
2761,SB10658923,2761,ŞCOALA GIMNAZIALĂ NOU,4.45,-,-,3.00,-,-,-,-,-,-,3.72
2762,SB10394119,2762,"LICEUL TEHNOLOGIC ""ILIE MĂCELARIU"" MIERCUREA SIBIULUI",3.95,-,-,3.50,-,-,-,-,-,-,3.72
2763,SB10320343,2763,"ŞCOALA GIMNAZIALĂ ""GEORGE POPA"" MEDIAŞ",4.90,-,-,2.50,-,-,-,-,-,-,3.70
2764,SB10660338,2764,ŞCOALA GIMNAZIALĂ NOU,4.40,-,-,3.00,-,-,-,-,-,-,3.70
2765,SB10019357,2765,ŞCOALA GIMNAZIALĂ NR. 12 SIBIU,3.90,-,-,3.50,-,-,-,-,-,-,3.70
2766,SB12331343,2766,"LICEUL ""AUGUST TREBONIU LAURIAN"" AGNITA",3.90,-,-,3.50,-,-,-,-,-,-,3.70
2767,SB14359877,2767,ŞCOALA GIMNAZIALĂ NR. 4 MEDIAŞ,2.40,-,-,5.00,-,-,-,-,-,-,3.70
2768,SB9987847,2768,ŞCOALA GIMNAZIALĂ PĂUCA,2.40,-,-,5.00,-,-,-,-,-,-,3.70
2769,SB10019839,2769,"LICEUL TEHNOLOGIC ""IOAN LUPAŞ"" SĂLIŞTE",5.35,-,-,2.00,-,-,-,-,-,-,3.67
2770,SB8972513,2770,ŞCOALA GIMNAZIALĂ BLĂJEL,4.85,-,-,2.50,-,-,-,-,-,-,3.67
2771,SB9523176,2771,ŞCOALA GIMNAZIALĂ BIERTAN,3.85,-,-,3.50,-,-,-,-,-,-,3.67
2772,SB9642745,2772,ŞCOALA GIMNAZIALĂ SCOREIU,3.75,-,-,3.60,-,-,-,-,-,-,3.67
2773,SB9805473,2773,"ŞCOALA GIMNAZIALĂ ""IOAN SLAVICI"" SIBIU",3.60,-,-,3.75,-,-,-,-,-,-,3.67
2774,SB9983378,2774,"LICEUL TEORETIC ""GUSTAV GÜNDISCH"" CISNĂDIE",4.30,-,-,3.00,-,-,-,-,-,-,3.65
2775,SB10300314,2775,"ŞCOALA GIMNAZIALĂ ""REGELE FERDINAND"" SIBIU",4.25,-,-,3.05,-,-,-,-,-,-,3.65
2776,SB10384737,2776,LICEUL TEHNOLOGIC IACOBENI,4.25,-,-,3.05,-,-,-,-,-,-,3.65
2777,SB12297559,2777,ŞCOALA GIMNAZIALĂ NR. 8 SIBIU,3.30,-,-,4.00,-,-,-,-,-,-,3.65
2778,SB12424353,2778,ŞCOALA GIMNAZIALĂ JINA,3.30,-,-,4.00,-,-,-,-,-,-,3.65
2779,SB10318551,2779,ŞCOALA GIMNAZIALĂ IGHIŞU NOU,2.80,-,-,4.50,-,-,-,-,-,-,3.65
2780,SB10394150,2780,"LICEUL TEHNOLOGIC ""ILIE MĂCELARIU"" MIERCUREA SIBIULUI",2.80,-,-,4.50,-,-,-,-,-,-,3.65
2781,SB12014935,2781,"ŞCOALA GIMNAZIALĂ ""GEORGE POPA"" MEDIAŞ",2.80,-,-,4.50,-,-,-,-,-,-,3.65
2782,SB9627089,2782,"ŞCOALA GIMNAZIALĂ ""VIOREL CUCU PALTIN"" ARPAȘU DE JOS",4.25,-,-,3.00,-,-,-,-,-,-,3.62
2783,SB12118697,2783,ŞCOALA GIMNAZIALĂ NR. 11 SIBIU,3.75,-,-,3.50,-,-,-,-,-,-,3.62
2784,SB10301300,2784,"ŞCOALA GIMNAZIALĂ ""REGELE FERDINAND"" SIBIU",3.25,-,-,4.00,-,-,-,-,-,-,3.62
2785,SB10071058,2785,ŞCOALA GIMNAZIALĂ NR. 13 SIBIU,2.70,-,-,4.55,-,-,-,-,-,-,3.62
2786,SB4535001,2786,ŞCOALA GIMNAZIALĂ OCNA SIBIULUI,4.50,-,-,2.70,-,-,-,-,-,-,3.60
2787,SB10419008,2787,ŞCOALA GIMNAZIALĂ CHIRPĂR,4.20,-,-,3.00,-,-,-,-,-,-,3.60
2788,SB12617630,2788,"LICEUL ""AUGUST TREBONIU LAURIAN"" AGNITA",4.15,-,-,3.05,-,-,-,-,-,-,3.60
2789,SB8122889,2789,ŞCOALA GIMNAZIALĂ MĂLÂNCRAV,3.70,-,-,3.50,-,-,-,-,-,-,3.60
2790,SB9674544,2790,"ŞCOALA GIMNAZIALĂ ""IOAN SLAVICI"" SIBIU",3.70,-,-,3.50,-,-,-,-,-,-,3.60
2791,SB9234751,2791,ŞCOALA GIMNAZIALĂ NR. 12 SIBIU,2.90,-,-,4.30,-,-,-,-,-,-,3.60
2792,SB9390826,2792,"COLEGIUL NAȚIONAL ""OCTAVIAN GOGA"" SIBIU",3.00,-,-,3.50,-,-,Limba maghiara,4.25,-,-,3.58
2793,SB12089748,2793,ŞCOALA GIMNAZIALĂ RACOVIŢA,5.15,-,-,2.00,-,-,-,-,-,-,3.57
2794,SB10889629,2794,"ŞCOALA GIMNAZIALĂ ""REGELE FERDINAND"" SIBIU",4.15,-,-,3.00,-,-,-,-,-,-,3.57
2795,SB8421210,2795,ŞCOALA GIMNAZIALĂ ALMA,4.10,-,-,3.05,-,-,-,-,-,-,3.57
2796,SB9595575,2796,"ŞCOALA GIMNAZIALĂ ""STEPHAN LUDWIG ROTH"" MOŞNA",3.15,-,-,4.00,-,-,-,-,-,-,3.57
2797,SB8890850,2797,"ŞCOALA GIMNAZIALĂ ""MIHAI EMINESCU"" MEDIAŞ",4.60,-,-,2.50,-,-,-,-,-,-,3.55
2798,SB9423245,2798,ŞCOALA GIMNAZIALĂ AVRIG,4.60,-,-,2.50,-,-,-,-,-,-,3.55
2799,SB12259873,2799,ŞCOALA GIMNAZIALĂ NOCRICH,3.60,-,-,3.50,-,-,-,-,-,-,3.55
2800,SB9688064,2800,ŞCOALA GIMNAZIALĂ CRISTIAN,3.55,-,-,3.55,-,-,-,-,-,-,3.55
2801,SB10391734,2801,ŞCOALA GIMNAZIALĂ POPLACA,3.00,-,-,4.10,-,-,-,-,-,-,3.55
2802,SB10392043,2802,ŞCOALA GIMNAZIALĂ POPLACA,2.60,-,-,4.50,-,-,-,-,-,-,3.55
2803,SB12334386,2803,ŞCOALA GIMNAZIALĂ BRĂDENI,2.60,-,-,4.50,-,-,-,-,-,-,3.55
2804,SB12158857,2804,ŞCOALA GIMNAZIALĂ BUZD,5.05,-,-,2.00,-,-,-,-,-,-,3.52
2805,SB10318912,2805,"ŞCOALA GIMNAZIALĂ ""CIREŞARII"" MEDIAŞ",4.55,-,-,2.50,-,-,-,-,-,-,3.52
2806,SB10341598,2806,ŞCOALA GIMNAZIALĂ NR. 7 MEDIAŞ,4.55,-,-,2.50,-,-,-,-,-,-,3.52
2807,SB12331294,2807,"ŞCOALA GIMNAZIALĂ ""GEORGE POPA"" MEDIAŞ",4.55,-,-,2.50,-,-,-,-,-,-,3.52
2808,SB12001091,2808,"ŞCOALA GIMNAZIALĂ ""CONSTANTIN IOAN MOTAŞ"" MEDIAŞ",4.05,-,-,3.00,-,-,-,-,-,-,3.52
2809,SB12334385,2809,ŞCOALA GIMNAZIALĂ BRĂDENI,4.05,-,-,3.00,-,-,-,-,-,-,3.52
2810,SB8544239,2810,"LICEUL ""TIMOTEI CIPARIU"" DUMBRĂVENI",4.05,-,-,3.00,-,-,-,-,-,-,3.52
2811,SB9627030,2811,"ŞCOALA GIMNAZIALĂ ""VIOREL CUCU PALTIN"" ARPAȘU DE JOS",2.50,-,-,4.55,-,-,-,-,-,-,3.52
2812,SB10579821,2812,"LICEUL ""TIMOTEI CIPARIU"" DUMBRĂVENI",4.50,-,-,2.50,-,-,-,-,-,-,3.50
2813,SB12259886,2813,ŞCOALA GIMNAZIALĂ NOCRICH,4.50,-,-,2.50,-,-,-,-,-,-,3.50
2814,SB12325119,2814,ŞCOALA GIMNAZIALĂ CRISTIAN,4.45,-,-,2.55,-,-,-,-,-,-,3.50
2815,SB10340710,2815,"CENTRUL ȘCOLAR DE EDUCAȚIE INCLUZIVĂ ""ELENA DELIA STOICESCU"" SIBIU",4.00,-,-,3.00,-,-,-,-,-,-,3.50
2816,SB9535610,2816,"ŞCOALA GIMNAZIALĂ ""AUREL DECEI"" GURA RÂULUI",3.00,-,-,4.00,-,-,-,-,-,-,3.50
2817,SB12068755,2817,"ŞCOALA GIMNAZIALĂ ""CORNELIU PĂCURARIU"" MICĂSASA",2.50,-,-,4.50,-,-,-,-,-,-,3.50
2818,SB12271170,2818,"ŞCOALA GIMNAZIALĂ ""REGELE FERDINAND"" SIBIU",4.45,-,-,2.50,-,-,-,-,-,-,3.47
2819,SB10357096,2819,ŞCOALA GIMNAZIALĂ TILIŞCA,3.95,-,-,3.00,-,-,-,-,-,-,3.47
2820,SB8549937,2820,ŞCOALA GIMNAZIALĂ MIHĂILENI,3.95,-,-,3.00,-,-,-,-,-,-,3.47
2821,SB9592730,2821,"ŞCOALA GIMNAZIALĂ ""STEPHAN LUDWIG ROTH"" MOŞNA",3.95,-,-,3.00,-,-,-,-,-,-,3.47
2822,SB8649778,2822,ŞCOALA GIMNAZIALĂ BRĂDENI,3.60,-,-,3.35,-,-,-,-,-,-,3.47
2823,SB10970970,2823,"ŞCOALA GIMNAZIALĂ ""AVIATOR IOAN SAVA"" ALŢINA",2.95,-,-,4.00,-,-,-,-,-,-,3.47
2824,SB7995047,2824,ŞCOALA GIMNAZIALĂ LASLEA,2.90,-,-,4.05,-,-,-,-,-,-,3.47
2825,SB12257839,2825,ŞCOALA GIMNAZIALĂ BUZD,4.40,-,-,2.50,-,-,-,-,-,-,3.45
2826,SB12483783,2826,ŞCOALA GIMNAZIALĂ TÂRNAVA,3.40,-,-,3.50,-,-,-,-,-,-,3.45
2827,SB10348258,2827,ŞCOALA GIMNAZIALĂ BRĂDENI,2.90,-,-,4.00,-,-,-,-,-,-,3.45
2828,SB10410890,2828,ŞCOALA GIMNAZIALĂ NR. 7 MEDIAŞ,2.90,-,-,4.00,-,-,-,-,-,-,3.45
2829,SB12124914,2829,"LICEUL TEHNOLOGIC ""ILIE MĂCELARIU"" MIERCUREA SIBIULUI",2.80,-,-,4.10,-,-,-,-,-,-,3.45
2830,SB9646863,2830,ŞCOALA GIMNAZIALĂ ALMA,4.80,-,-,2.05,-,-,-,-,-,-,3.42
2831,SB11193670,2831,ŞCOALA GIMNAZIALĂ NR. 11 SIBIU,4.35,-,-,2.50,-,-,-,-,-,-,3.42
2832,SB9494809,2832,ŞCOALA GIMNAZIALĂ LOAMNEŞ,4.35,-,-,2.50,-,-,-,-,-,-,3.42
2833,SB10313633,2833,"ŞCOALA GIMNAZIALĂ ""GEORGE POPA"" MEDIAŞ",3.85,-,-,3.00,-,-,-,-,-,-,3.42
2834,SB10448333,2834,ŞCOALA GIMNAZIALĂ DAIA,3.35,-,-,3.50,-,-,-,-,-,-,3.42
2835,SB12077058,2835,LICEUL TEHNOLOGIC IACOBENI,3.35,-,-,3.50,-,-,-,-,-,-,3.42
2836,SB12152529,2836,"ŞCOALA GIMNAZIALĂ ""GEORG DANIEL TEUTSCH"" AGNITA",3.35,-,-,3.50,-,-,-,-,-,-,3.42
2837,SB12430684,2837,"ŞCOALA GIMNAZIALĂ ""MATEI BASARAB"" TURNU ROŞU",3.80,-,-,3.00,-,-,-,-,-,-,3.40
2838,SB9163464,2838,"ŞCOALA GIMNAZIALĂ ""MATEI BASARAB"" TURNU ROŞU",3.75,-,-,3.05,-,-,-,-,-,-,3.40
2839,SB12069472,2839,ŞCOALA GIMNAZIALĂ HOSMAN,3.30,-,-,3.50,-,-,-,-,-,-,3.40
2840,SB11185755,2840,"ŞCOALA GIMNAZIALĂ ""LUCIAN BOLOGA"" MARPOD",3.25,-,-,3.55,-,-,-,-,-,-,3.40
2841,SB9133363,2841,"ŞCOALA GIMNAZIALĂ ""OCTAVIAN GOGA"" RĂŞINARI",4.75,-,-,2.00,-,-,-,-,-,-,3.37
2842,SB10400740,2842,ŞCOALA GIMNAZIALĂ HOSMAN,4.25,-,-,2.50,-,-,-,-,-,-,3.37
2843,SB12035489,2843,"LICEUL TEORETIC ""CONSTANTIN NOICA"" SIBIU",4.25,-,-,2.50,-,-,-,-,-,-,3.37
2844,SB7973082,2844,ŞCOALA GIMNAZIALĂ LASLEA,4.25,-,-,2.50,-,-,-,-,-,-,3.37
2845,SB10084854,2845,"ŞCOALA GIMNAZIALĂ ""REGELE FERDINAND"" SIBIU",3.75,-,-,3.00,-,-,-,-,-,-,3.37
2846,SB8356105,2846,"ŞCOALA GIMNAZIALĂ ""ANDREI ȘAGUNA"" ŞURA MARE",3.75,-,-,3.00,-,-,-,-,-,-,3.37
2847,SB10745371,2847,"ŞCOALA GIMNAZIALĂ ""OCTAVIAN GOGA"" RĂŞINARI",3.70,-,-,3.05,-,-,-,-,-,-,3.37
2848,SB12758269,2848,ŞCOALA GIMNAZIALĂ AVRIG,3.25,-,-,3.50,-,-,-,-,-,-,3.37
2849,SB9682835,2849,ŞCOALA GIMNAZIALĂ CRISTIAN,3.25,-,-,3.50,-,-,-,-,-,-,3.37
2850,SB9849635,2850,ŞCOALA GIMNAZIALĂ NR. 10 SIBIU,3.25,-,-,3.50,-,-,-,-,-,-,3.37
2851,SB12063638,2851,ŞCOALA GIMNAZIALĂ BIERTAN,3.20,-,-,3.55,-,-,-,-,-,-,3.37
2852,SB9383045,2852,"LICEUL TEORETIC ""GUSTAV GÜNDISCH"" CISNĂDIE",4.70,-,-,2.00,-,-,-,-,-,-,3.35
2853,SB10649259,2853,ŞCOALA GIMNAZIALĂ APOLDU DE JOS,4.20,-,-,2.50,-,-,-,-,-,-,3.35
2854,SB10930760,2854,ŞCOALA GIMNAZIALĂ NR. 2 CISNĂDIE,4.20,-,-,2.50,-,-,-,-,-,-,3.35
2855,SB12100313,2855,ŞCOALA GIMNAZIALĂ JINA,4.20,-,-,2.50,-,-,-,-,-,-,3.35
2856,SB10454710,2856,ŞCOALA GIMNAZIALĂ DAIA,3.70,-,-,3.00,-,-,-,-,-,-,3.35
2857,SB12617893,2857,ŞCOALA GIMNAZIALĂ NR. 4 MEDIAŞ,3.65,-,-,3.05,-,-,-,-,-,-,3.35
2858,SB12507223,2858,ŞCOALA GIMNAZIALĂ POPLACA,3.20,-,-,3.50,-,-,-,-,-,-,3.35
2859,SB12028537,2859,ŞCOALA GIMNAZIALĂ VEŞTEM,3.15,-,-,3.55,-,-,-,-,-,-,3.35
2860,SB10587067,2860,"LICEUL ""TIMOTEI CIPARIU"" DUMBRĂVENI",2.70,-,-,4.00,-,-,-,-,-,-,3.35
2861,SB13144882,2861,"ŞCOALA GIMNAZIALĂ ""IOAN MORARU"" DÂRLOS",2.70,-,-,4.00,-,-,-,-,-,-,3.35
2862,SB9225847,2862,ŞCOALA GIMNAZIALĂ BIERTAN,2.70,-,-,4.00,-,-,-,-,-,-,3.35
2863,SB9591136,2863,"ŞCOALA GIMNAZIALĂ ""MIHAI VITEAZU"" ŞELIMBĂR",2.70,-,-,4.00,-,-,-,-,-,-,3.35
2864,SB12063390,2864,ŞCOALA GIMNAZIALĂ BIERTAN,4.15,-,-,2.50,-,-,-,-,-,-,3.32
2865,SB9931219,2865,"LICEUL TEHNOLOGIC ""JOHANNES LEBEL"" TĂLMACIU",4.15,-,-,2.50,-,-,-,-,-,-,3.32
2866,SB10593778,2866,ŞCOALA GIMNAZIALĂ TĂLMACIU,3.65,-,-,3.00,-,-,-,-,-,-,3.32
2867,SB9538647,2867,ŞCOALA GIMNAZIALĂ CAŞOLŢ,3.65,-,-,3.00,-,-,-,-,-,-,3.32
2868,SB10712111,2868,ŞCOALA GIMNAZIALĂ NOU,3.15,-,-,3.50,-,-,-,-,-,-,3.32
2869,SB12538196,2869,ŞCOALA GIMNAZIALĂ HOSMAN,3.60,-,-,3.00,-,-,-,-,-,-,3.30
2870,SB9593670,2870,ŞCOALA GIMNAZIALĂ BRATEIU,3.60,-,-,3.00,-,-,-,-,-,-,3.30
2871,SB10399516,2871,ŞCOALA GIMNAZIALĂ NOCRICH,3.10,-,-,3.50,-,-,-,-,-,-,3.30
2872,SB10697411,2872,ŞCOALA GIMNAZIALĂ NOU,3.55,-,-,3.00,-,-,-,-,-,-,3.27
2873,SB10971302,2873,"LICEUL ""AUGUST TREBONIU LAURIAN"" AGNITA",3.05,-,-,3.50,-,-,-,-,-,-,3.27
2874,SB12073001,2874,ŞCOALA GIMNAZIALĂ VURPĂR,5.00,-,-,1.50,-,-,-,-,-,-,3.25
2875,SB10433711,2875,"ŞCOALA GIMNAZIALĂ ""IOAN SLAVICI"" SIBIU",4.00,-,-,2.50,-,-,-,-,-,-,3.25
2876,SB6693551,2876,ŞCOALA GIMNAZIALĂ NR. 21 SIBIU,3.50,-,-,3.00,-,-,-,-,-,-,3.25
2877,SB11999508,2877,"LICEUL ""AUGUST TREBONIU LAURIAN"" AGNITA",3.00,-,-,3.50,-,-,-,-,-,-,3.25
2878,SB9706514,2878,ŞCOALA GIMNAZIALĂ AŢEL,3.00,-,-,3.50,-,-,-,-,-,-,3.25
2879,SB10728786,2879,"ŞCOALA GIMNAZIALĂ ""AVIATOR IOAN SAVA"" ALŢINA",2.50,-,-,4.00,-,-,-,-,-,-,3.25
2880,SB11038160,2880,ŞCOALA GIMNAZIALĂ HOSMAN,2.50,-,-,4.00,-,-,-,-,-,-,3.25
2881,SB9704642,2881,ŞCOALA GIMNAZIALĂ ALĂMOR,2.00,-,-,4.50,-,-,-,-,-,-,3.25
2882,SB6782751,2882,ŞCOALA GIMNAZIALĂ NR. 1 SIBIU,3.45,-,-,3.00,-,-,-,-,-,-,3.22
2883,SB12105546,2883,ŞCOALA GIMNAZIALĂ ȘEICA MICĂ,2.95,-,-,3.50,-,-,-,-,-,-,3.22
2884,SB9473455,2884,"ŞCOALA GIMNAZIALĂ ""AUREL DECEI"" GURA RÂULUI",2.95,-,-,3.50,-,-,-,-,-,-,3.22
2885,SB10659313,2885,ŞCOALA GIMNAZIALĂ NOU,4.90,-,-,1.50,-,-,-,-,-,-,3.20
2886,SB12122234,2886,"LICEUL ""AUGUST TREBONIU LAURIAN"" AGNITA",3.40,-,-,3.00,-,-,-,-,-,-,3.20
2887,SB12293492,2887,"ŞCOALA GIMNAZIALĂ ""STEPHAN LUDWIG ROTH"" MOŞNA",3.40,-,-,3.00,-,-,-,-,-,-,3.20
2888,SB8971757,2888,ŞCOALA GIMNAZIALĂ BAZNA,3.40,-,-,3.00,-,-,-,-,-,-,3.20
2889,SB11999887,2889,"LICEUL ""AUGUST TREBONIU LAURIAN"" AGNITA",3.35,-,-,3.05,-,-,-,-,-,-,3.20
2890,SB10112210,2890,ŞCOALA GIMNAZIALĂ NR. 4 MEDIAŞ,2.90,-,-,3.50,-,-,-,-,-,-,3.20
2891,SB10441270,2891,ŞCOALA GIMNAZIALĂ NR. 7 MEDIAŞ,3.85,-,-,2.50,-,-,-,-,-,-,3.17
2892,SB13098145,2892,ŞCOALA GIMNAZIALĂ BRĂDENI,3.85,-,-,2.50,-,-,-,-,-,-,3.17
2893,SB9815909,2893,"LICEUL TEORETIC ""GHEORGHE LAZĂR"" AVRIG",3.75,-,-,2.60,-,-,-,-,-,-,3.17
2894,SB10329671,2894,ŞCOALA GIMNAZIALĂ TÂRNAVA,3.70,-,-,2.65,-,-,-,-,-,-,3.17
2895,SB10007648,2895,ŞCOALA GIMNAZIALĂ NR. 2 SIBIU,3.35,-,-,3.00,-,-,-,-,-,-,3.17
2896,SB10522204,2896,"ŞCOALA GIMNAZIALĂ ""ION LUCA CARAGIALE"" SIBIU",3.75,-,-,2.55,-,-,-,-,-,-,3.15
2897,SB11030065,2897,ŞCOALA GIMNAZIALĂ CHIRPĂR,3.30,-,-,3.00,-,-,-,-,-,-,3.15
2898,SB12741746,2898,ŞCOALA GIMNAZIALĂ NR. 4 SIBIU,2.80,-,-,3.50,-,-,-,-,-,-,3.15
2899,SB9887070,2899,LICEUL TEHNOLOGIC CISNĂDIE,4.25,-,-,2.00,-,-,-,-,-,-,3.12
2900,SB10399140,2900,ŞCOALA GIMNAZIALĂ NOCRICH,3.75,-,-,2.50,-,-,-,-,-,-,3.12
2901,SB10399067,2901,ŞCOALA GIMNAZIALĂ NOCRICH,3.25,-,-,3.00,-,-,-,-,-,-,3.12
2902,SB12614256,2902,ŞCOALA GIMNAZIALĂ CHIRPĂR,3.25,-,-,3.00,-,-,-,-,-,-,3.12
2903,SB7510951,2903,ŞCOALA GIMNAZIALĂ NR. 21 SIBIU,3.25,-,-,3.00,-,-,-,-,-,-,3.12
2904,SB9522956,2904,ŞCOALA GIMNAZIALĂ BIERTAN,2.20,-,-,4.05,-,-,-,-,-,-,3.12
2905,SB10271829,2905,ŞCOALA GIMNAZIALĂ ŞURA MICĂ,3.70,-,-,2.50,-,-,-,-,-,-,3.10
2906,SB12800266,2906,ŞCOALA GIMNAZIALĂ TILIŞCA,3.70,-,-,2.50,-,-,-,-,-,-,3.10
2907,SB12030119,2907,ŞCOALA GIMNAZIALĂ IGHIŞU NOU,3.20,-,-,3.00,-,-,-,-,-,-,3.10
2908,SB9385539,2908,"ŞCOALA GIMNAZIALĂ ""GEORG DANIEL TEUTSCH"" AGNITA",2.70,-,-,3.50,-,-,-,-,-,-,3.10
2909,SB12293489,2909,"ŞCOALA GIMNAZIALĂ ""STEPHAN LUDWIG ROTH"" MOŞNA",2.60,-,-,3.60,-,-,-,-,-,-,3.10
2910,SB7975160,2910,ŞCOALA GIMNAZIALĂ MIHĂILENI,2.20,-,-,4.00,-,-,-,-,-,-,3.10
2911,SB11165637,2911,"LICEUL ""AUGUST TREBONIU LAURIAN"" AGNITA",2.65,-,-,3.50,-,-,-,-,-,-,3.07
2912,SB10266647,2912,ŞCOALA GIMNAZIALĂ NR. 25 SIBIU,3.10,-,-,3.00,-,-,-,-,-,-,3.05
2913,SB10696056,2913,ŞCOALA GIMNAZIALĂ NOU,3.10,-,-,3.00,-,-,-,-,-,-,3.05
2914,SB10743993,2914,ŞCOALA GIMNAZIALĂ VURPĂR,3.10,-,-,3.00,-,-,-,-,-,-,3.05
2915,SB8662351,2915,ŞCOALA GIMNAZIALĂ NR. 21 SIBIU,3.10,-,-,3.00,-,-,-,-,-,-,3.05
2916,SB12096635,2916,"ŞCOALA GIMNAZIALĂ ""IOAN BAN - DASCĂLU"" POIANA SIBIULUI",2.60,-,-,3.50,-,-,-,-,-,-,3.05
2917,SB8372547,2917,"LICEUL ""TIMOTEI CIPARIU"" DUMBRĂVENI",2.60,-,-,3.50,-,-,-,-,-,-,3.05
2918,SB9741510,2918,"ŞCOALA GIMNAZIALĂ ""SAVA POPOVICI BARCIANU"" RĂŞINARI",2.60,-,-,3.50,-,-,-,-,-,-,3.05
2919,SB8993448,2919,ŞCOALA GIMNAZIALĂ VEŞTEM,4.05,-,-,2.00,-,-,-,-,-,-,3.02
2920,SB10282329,2920,ŞCOALA GIMNAZIALĂ NR. 4 MEDIAŞ,3.55,-,-,2.50,-,-,-,-,-,-,3.02
2921,SB10360098,2921,ŞCOALA GIMNAZIALĂ TILIŞCA,3.55,-,-,2.50,-,-,-,-,-,-,3.02
2922,SB10399243,2922,ŞCOALA GIMNAZIALĂ NOCRICH,3.50,-,-,2.55,-,-,-,-,-,-,3.02
2923,SB12093542,2923,ŞCOALA GIMNAZIALĂ MĂLÂNCRAV,2.55,-,-,3.50,-,-,-,-,-,-,3.02
2924,SB10046719,2924,ŞCOALA GIMNAZIALĂ MERGHINDEAL,3.50,-,-,2.50,-,-,-,-,-,-,3.00
2925,SB12445668,2925,ŞCOALA GIMNAZIALĂ VALCHID,3.50,-,-,2.50,-,-,-,-,-,-,3.00
2926,SB10111904,2926,"ŞCOALA GIMNAZIALĂ ""REGELE FERDINAND"" SIBIU",3.00,-,-,3.00,-,-,-,-,-,-,3.00
2927,SB12616485,2927,"LICEUL ""TIMOTEI CIPARIU"" DUMBRĂVENI",3.00,-,-,3.00,-,-,-,-,-,-,3.00
2928,SB10637619,2928,"LICEUL ""TIMOTEI CIPARIU"" DUMBRĂVENI",2.50,-,-,3.50,-,-,-,-,-,-,3.00
2929,SB8216489,2929,"ŞCOALA GIMNAZIALĂ ""ANDREI ȘAGUNA"" ŞURA MARE",2.00,-,-,4.00,-,-,-,-,-,-,3.00
2930,SB9583344,2930,"CENTRUL ȘCOLAR DE EDUCAȚIE INCLUZIVĂ ""ELENA DELIA STOICESCU"" SIBIU",2.95,-,-,3.00,-,-,-,-,-,-,2.97
2931,SB8997588,2931,ŞCOALA GIMNAZIALĂ NR. 2 SIBIU,3.90,-,-,2.00,-,-,-,-,-,-,2.95
2932,SB10762629,2932,"ŞCOALA GIMNAZIALĂ ""CORNELIU PĂCURARIU"" MICĂSASA",3.40,-,-,2.50,-,-,-,-,-,-,2.95
2933,SB12068528,2933,ŞCOALA GIMNAZIALĂ NR. 10 SIBIU,3.40,-,-,2.50,-,-,-,-,-,-,2.95
2934,SB10418518,2934,ŞCOALA GIMNAZIALĂ CHIRPĂR,2.85,-,-,3.05,-,-,-,-,-,-,2.95
2935,SB10422512,2935,ŞCOALA GIMNAZIALĂ DAIA,1.90,-,-,4.00,-,-,-,-,-,-,2.95
2936,SB10448287,2936,ŞCOALA GIMNAZIALĂ DAIA,3.35,-,-,2.50,-,-,-,-,-,-,2.92
2937,SB12318142,2937,"LICEUL ""AUGUST TREBONIU LAURIAN"" AGNITA",2.85,-,-,3.00,-,-,-,-,-,-,2.92
2938,SB9647153,2938,ŞCOALA GIMNAZIALĂ ALMA,2.85,-,-,3.00,-,-,-,-,-,-,2.92
2939,SB10311924,2939,"ŞCOALA GIMNAZIALĂ ""GEORGE POPA"" MEDIAŞ",3.30,-,-,2.50,-,-,-,-,-,-,2.90
2940,SB9817523,2940,ŞCOALA GIMNAZIALĂ AVRIG,3.30,-,-,2.50,-,-,-,-,-,-,2.90
2941,SB10963340,2941,"ŞCOALA GIMNAZIALĂ ""AVIATOR IOAN SAVA"" ALŢINA",2.80,-,-,3.00,-,-,-,-,-,-,2.90
2942,SB12065736,2942,ŞCOALA GIMNAZIALĂ TÂRNAVA,1.80,-,-,4.00,-,-,-,-,-,-,2.90
2943,SB10601812,2943,"LICEUL ""TIMOTEI CIPARIU"" DUMBRĂVENI",3.75,-,-,2.00,-,-,-,-,-,-,2.87
2944,SB11999958,2944,ŞCOALA GIMNAZIALĂ BLĂJEL,3.75,-,-,2.00,-,-,-,-,-,-,2.87
2945,SB9984174,2945,LICEUL TEHNOLOGIC IACOBENI,3.25,-,-,2.50,-,-,-,-,-,-,2.87
2946,SB12545721,2946,ŞCOALA GIMNAZIALĂ HOSMAN,3.70,-,-,2.00,-,-,-,-,-,-,2.85
2947,SB12032457,2947,ŞCOALA GIMNAZIALĂ IGHIŞU NOU,3.20,-,-,2.50,-,-,-,-,-,-,2.85
2948,SB6703651,2948,ŞCOALA GIMNAZIALĂ NR. 12 SIBIU,2.70,-,-,3.00,-,-,-,-,-,-,2.85
2949,SB8926685,2949,"LICEUL ""TIMOTEI CIPARIU"" DUMBRĂVENI",2.70,-,-,3.00,-,-,-,-,-,-,2.85
2950,SB9838703,2950,ŞCOALA GIMNAZIALĂ LOAMNEŞ,2.70,-,-,3.00,-,-,-,-,-,-,2.85
2951,SB10310286,2951,"ŞCOALA GIMNAZIALĂ ""GEORGE POPA"" MEDIAŞ",3.65,-,-,2.00,-,-,-,-,-,-,2.82
2952,SB10105117,2952,"ŞCOALA GIMNAZIALĂ ""ION ALBESCU"" BOIŢA",3.15,-,-,2.50,-,-,-,-,-,-,2.82
2953,SB10586284,2953,"ŞCOALA GIMNAZIALĂ ""ION ALBESCU"" BOIŢA",2.10,-,-,3.50,-,-,-,-,-,-,2.80
2954,SB8028513,2954,ŞCOALA GIMNAZIALĂ VALCHID,4.55,-,-,1.00,-,-,-,-,-,-,2.77
2955,SB10500221,2955,"ŞCOALA GIMNAZIALĂ ""CORNELIU PĂCURARIU"" MICĂSASA",3.05,-,-,2.50,-,-,-,-,-,-,2.77
2956,SB12001013,2956,ŞCOALA GIMNAZIALĂ NR. 1 SIBIU,2.50,-,-,3.00,-,-,-,-,-,-,2.75
2957,SB8020537,2957,ŞCOALA GIMNAZIALĂ HOGHILAG,1.50,-,-,4.00,-,-,-,-,-,-,2.75
2958,SB10271581,2958,ŞCOALA GIMNAZIALĂ ŞURA MICĂ,3.95,-,-,1.50,-,-,-,-,-,-,2.72
2959,SB9138482,2959,"ŞCOALA GIMNAZIALĂ ""OCTAVIAN GOGA"" RĂŞINARI",3.45,-,-,2.00,-,-,-,-,-,-,2.72
2960,SB10399355,2960,ŞCOALA GIMNAZIALĂ VURPĂR,2.95,-,-,2.50,-,-,-,-,-,-,2.72
2961,SB12165116,2961,"ŞCOALA GIMNAZIALĂ ""IOAN MORARU"" DÂRLOS",2.95,-,-,2.50,-,-,-,-,-,-,2.72
2962,SB13984877,2962,"LICEUL TEHNOLOGIC ""ILIE MĂCELARIU"" MIERCUREA SIBIULUI",2.95,-,-,2.50,-,-,-,-,-,-,2.72
2963,SB9847423,2963,ŞCOALA GIMNAZIALĂ NR. 11 SIBIU,2.95,-,-,2.50,-,-,-,-,-,-,2.72
2964,SB12412529,2964,ŞCOALA GIMNAZIALĂ JINA,2.45,-,-,3.00,-,-,-,-,-,-,2.72
2965,SB9878025,2965,ŞCOALA GIMNAZIALĂ TÂRNAVA,2.45,-,-,3.00,-,-,-,-,-,-,2.72
2966,SB10514670,2966,"LICEUL TEHNOLOGIC ""IOAN LUPAŞ"" SĂLIŞTE",2.35,-,-,3.05,-,-,-,-,-,-,2.70
2967,SB11159403,2967,ŞCOALA GIMNAZIALĂ CRISTIAN,4.35,-,-,1.00,-,-,-,-,-,-,2.67
2968,SB10074972,2968,ŞCOALA GIMNAZIALĂ CURCIU,2.35,-,-,3.00,-,-,-,-,-,-,2.67
2969,SB8917137,2969,ŞCOALA GIMNAZIALĂ BUZD,2.35,-,-,3.00,-,-,-,-,-,-,2.67
2970,SB10098419,2970,"ŞCOALA GIMNAZIALĂ ""IOAN MORARU"" DÂRLOS",3.30,-,-,2.00,-,-,-,-,-,-,2.65
2971,SB10399599,2971,"ŞCOALA GIMNAZIALĂ ""REGELE FERDINAND"" SIBIU",1.30,-,-,4.00,-,-,-,-,-,-,2.65
2972,SB9822338,2972,ŞCOALA GIMNAZIALĂ NR. 18 SIBIU,3.25,-,-,2.00,-,-,-,-,-,-,2.62
2973,SB10637780,2973,"LICEUL ""TIMOTEI CIPARIU"" DUMBRĂVENI",2.75,-,-,2.50,-,-,-,-,-,-,2.62
2974,SB7506301,2974,ŞCOALA GIMNAZIALĂ NR. 8 SIBIU,2.65,-,-,2.60,-,-,-,-,-,-,2.62
2975,SB10363346,2975,ŞCOALA GIMNAZIALĂ TILIŞCA,2.25,-,-,3.00,-,-,-,-,-,-,2.62
2976,SB8020464,2976,ŞCOALA GIMNAZIALĂ HOGHILAG,3.15,-,-,2.00,-,-,-,-,-,-,2.57
2977,SB9849718,2977,ŞCOALA GIMNAZIALĂ NR. 11 SIBIU,2.65,-,-,2.50,-,-,-,-,-,-,2.57
2978,SB10264890,2978,ŞCOALA GIMNAZIALĂ NR. 13 SIBIU,3.60,-,-,1.50,-,-,-,-,-,-,2.55
2979,SB10363092,2979,ŞCOALA GIMNAZIALĂ TILIŞCA,2.60,-,-,2.50,-,-,-,-,-,-,2.55
2980,SB12267091,2980,ŞCOALA GIMNAZIALĂ VURPĂR,2.60,-,-,2.50,-,-,-,-,-,-,2.55
2981,SB8185148,2981,ŞCOALA GIMNAZIALĂ TÂRNAVA,2.60,-,-,2.50,-,-,-,-,-,-,2.55
2982,SB12129127,2982,ŞCOALA GIMNAZIALĂ BRĂDENI,3.00,-,-,2.00,-,-,-,-,-,-,2.50
2983,SB12222994,2983,ŞCOALA GIMNAZIALĂ CRISTIAN,3.00,-,-,2.00,-,-,-,-,-,-,2.50
2984,SB8356039,2984,"ŞCOALA GIMNAZIALĂ ""ANDREI ȘAGUNA"" ŞURA MARE",2.50,-,-,2.50,-,-,-,-,-,-,2.50
2985,SB10400321,2985,ŞCOALA GIMNAZIALĂ NOCRICH,2.00,-,-,3.00,-,-,-,-,-,-,2.50
2986,SB12143025,2986,ŞCOALA GIMNAZIALĂ TÂRNAVA,2.00,-,-,3.00,-,-,-,-,-,-,2.50
2987,SB10399915,2987,ŞCOALA GIMNAZIALĂ NOCRICH,2.95,-,-,2.00,-,-,-,-,-,-,2.47
2988,SB12259041,2988,ŞCOALA GIMNAZIALĂ JINA,2.45,-,-,2.50,-,-,-,-,-,-,2.47
2989,SB10357156,2989,ŞCOALA GIMNAZIALĂ TILIŞCA,2.90,-,-,2.00,-,-,-,-,-,-,2.45
2990,SB12068775,2990,ŞCOALA GIMNAZIALĂ BRĂDENI,2.40,-,-,2.50,-,-,-,-,-,-,2.45
2991,SB12113643,2991,ŞCOALA GIMNAZIALĂ NR. 8 SIBIU,2.40,-,-,2.50,-,-,-,-,-,-,2.45
2992,SB9184931,2992,"ŞCOALA GIMNAZIALĂ ""NICOLAE IORGA"" SIBIU",2.40,-,-,2.50,-,-,-,-,-,-,2.45
2993,SB8184227,2993,ŞCOALA GIMNAZIALĂ TÂRNAVA,2.85,-,-,2.00,-,-,-,-,-,-,2.42
2994,SB9234189,2994,LICEUL TEHNOLOGIC CISNĂDIE,2.30,-,-,2.55,-,-,-,-,-,-,2.42
2995,SB7965533,2995,ŞCOALA GIMNAZIALĂ ȘEICA MICĂ,2.70,-,-,2.10,-,-,-,-,-,-,2.40
2996,SB8019106,2996,ŞCOALA GIMNAZIALĂ HOGHILAG,2.30,-,-,2.50,-,-,-,-,-,-,2.40
2997,SB8183211,2997,ŞCOALA GIMNAZIALĂ IGHIŞU NOU,2.70,-,-,2.00,-,-,-,-,-,-,2.35
2998,SB8548319,2998,ŞCOALA GIMNAZIALĂ MIHĂILENI,1.70,-,-,3.00,-,-,-,-,-,-,2.35
2999,SB8667446,2999,ŞCOALA GIMNAZIALĂ BRĂDENI,1.70,-,-,3.00,-,-,-,-,-,-,2.35
3000,SB12884751,3000,"LICEUL ""TIMOTEI CIPARIU"" DUMBRĂVENI",2.60,-,-,2.00,-,-,-,-,-,-,2.30
3001,SB9593884,3001,"ŞCOALA GIMNAZIALĂ ""STEPHAN LUDWIG ROTH"" MOŞNA",2.60,-,-,2.00,-,-,-,-,-,-,2.30
3002,SB10306407,3002,"CENTRUL ȘCOLAR DE EDUCAȚIE INCLUZIVĂ ""ELENA DELIA STOICESCU"" SIBIU",1.60,-,-,3.00,-,-,-,-,-,-,2.30
3003,SB11161848,3003,ŞCOALA GIMNAZIALĂ TÂRNAVA,2.05,-,-,2.50,-,-,-,-,-,-,2.27
3004,SB12235203,3004,"ŞCOALA GIMNAZIALĂ ""SAVA POPOVICI BARCIANU"" RĂŞINARI",2.05,-,-,2.50,-,-,-,-,-,-,2.27
3005,SB9978722,3005,ŞCOALA GIMNAZIALĂ MIHĂILENI,2.00,-,-,2.50,-,-,-,-,-,-,2.25
3006,SB8951574,3006,ŞCOALA GIMNAZIALĂ ALMA,1.50,-,-,3.00,-,-,-,-,-,-,2.25
3007,SB8019168,3007,ŞCOALA GIMNAZIALĂ HOGHILAG,2.40,-,-,2.00,-,-,-,-,-,-,2.20
3008,SB8186955,3008,ŞCOALA GIMNAZIALĂ TÂRNAVA,1.90,-,-,2.50,-,-,-,-,-,-,2.20
3009,SB9842330,3009,ŞCOALA GIMNAZIALĂ LOAMNEŞ,1.90,-,-,2.50,-,-,-,-,-,-,2.20
3010,SB12099059,3010,ŞCOALA GIMNAZIALĂ JINA,2.30,-,-,2.00,-,-,-,-,-,-,2.15
3011,SB10696242,3011,"ŞCOALA GIMNAZIALĂ ""ANDREI ȘAGUNA"" ŞURA MARE",1.80,-,-,2.50,-,-,-,-,-,-,2.15
3012,SB8008113,3012,"CENTRUL ȘCOLAR DE EDUCAȚIE INCLUZIVĂ ""ELENA DELIA STOICESCU"" SIBIU",1.80,-,-,2.50,-,-,-,-,-,-,2.15
3013,SB7977839,3013,ŞCOALA GIMNAZIALĂ LASLEA,2.20,-,-,2.00,-,-,-,-,-,-,2.10
3014,SB9870562,3014,ŞCOALA GIMNAZIALĂ AŢEL,1.70,-,-,2.50,-,-,-,-,-,-,2.10
3015,SB8018904,3015,ŞCOALA GIMNAZIALĂ HOGHILAG,1.65,-,-,2.50,-,-,-,-,-,-,2.07
3016,SB12839021,3016,ŞCOALA GIMNAZIALĂ TILIŞCA,2.10,-,-,2.00,-,-,-,-,-,-,2.05
3017,SB8951345,3017,ŞCOALA GIMNAZIALĂ ALMA,2.10,-,-,2.00,-,-,-,-,-,-,2.05
3018,SB8925951,3018,"LICEUL ""TIMOTEI CIPARIU"" DUMBRĂVENI",1.10,-,-,3.00,-,-,-,-,-,-,2.05
3019,SB11044081,3019,ŞCOALA GIMNAZIALĂ JINA,1.50,-,-,2.50,-,-,-,-,-,-,2.00
3020,SB9926560,3020,ŞCOALA GIMNAZIALĂ NR. 2 CISNĂDIE,1.95,-,-,2.00,-,-,-,-,-,-,1.97
3021,SB12032519,3021,ŞCOALA GIMNAZIALĂ NR. 11 SIBIU,2.35,-,-,1.50,-,-,-,-,-,-,1.92
3022,SB9843841,3022,ŞCOALA GIMNAZIALĂ LOAMNEŞ,1.80,-,-,2.00,-,-,-,-,-,-,1.90
3023,SB12100242,3023,ŞCOALA GIMNAZIALĂ JINA,2.20,-,-,1.50,-,-,-,-,-,-,1.85
3024,SB8018042,3024,ŞCOALA GIMNAZIALĂ HOGHILAG,2.20,-,-,1.50,-,-,-,-,-,-,1.85
3025,SB12039550,3025,ŞCOALA GIMNAZIALĂ JINA,2.15,-,-,1.50,-,-,-,-,-,-,1.82
3026,SB9626754,3026,"ŞCOALA GIMNAZIALĂ ""VIOREL CUCU PALTIN"" ARPAȘU DE JOS",1.10,-,-,2.50,-,-,-,-,-,-,1.80
3027,SB9869214,3027,ŞCOALA GIMNAZIALĂ AŢEL,1.45,-,-,2.00,-,-,-,-,-,-,1.72
3028,SB9663982,3028,ŞCOALA GIMNAZIALĂ ŞEICA MARE,1.90,-,-,1.50,-,-,-,-,-,-,1.70
3029,SB10592114,3029,"LICEUL ""TIMOTEI CIPARIU"" DUMBRĂVENI",1.40,-,-,2.00,-,-,-,-,-,-,1.70
3030,SB7963723,3030,ŞCOALA GIMNAZIALĂ ȘEICA MICĂ,1.80,-,-,1.50,-,-,-,-,-,-,1.65
3031,SB10744211,3031,ŞCOALA GIMNAZIALĂ VURPĂR,2.20,-,-,1.00,-,-,-,-,-,-,1.60
3032,SB9129205,3032,"ŞCOALA GIMNAZIALĂ ""OCTAVIAN GOGA"" RĂŞINARI",1.55,-,-,1.50,-,-,-,-,-,-,1.52
3033,SB10174067,3033,ŞCOALA GIMNAZIALĂ RUŞI,1.50,-,-,1.50,-,-,-,-,-,-,1.50
3034,SB8184265,3034,ŞCOALA GIMNAZIALĂ TÂRNAVA,1.40,-,-,1.50,-,-,-,-,-,-,1.45
3035,SB10384428,3035,LICEUL TEHNOLOGIC IACOBENI,4.95,-,-,Absent,-,-,-,-,-,-,Absent
3036,SB10971793,3036,"ŞCOALA GIMNAZIALĂ ""LUCIAN BOLOGA"" MARPOD",4.10,-,-,Absent,-,-,-,-,-,-,Absent
3037,SB9829049,3037,ŞCOALA GIMNAZIALĂ PRISLOP,3.55,-,-,Absent,-,-,-,-,-,-,Absent
3038,SB12024458,3038,ŞCOALA GIMNAZIALĂ NOIŞTAT,2.95,-,-,Absent,-,-,-,-,-,-,Absent
3039,SB12024477,3039,ŞCOALA GIMNAZIALĂ NOIŞTAT,2.60,-,-,Absent,-,-,-,-,-,-,Absent
3040,SB12063743,3040,ŞCOALA GIMNAZIALĂ TÂRNAVA,2.60,-,-,Absent,-,-,-,-,-,-,Absent
